,,,Struggling Index,Suffering Index,Thriving Index,Health Problems,,,,Count On to Help,,,,Experience Calmness Yesterday,,,,Feel at Peace With Life,,,,Exciting Life or Calm Life,,,,,,Various Aspects of Life in Balance,,,,Main Purpose in Life,,,,,,,Focus on Taking Care of Themselves or Taking Care of Others,,,,,,Enjoy the Work You Do Every Day,,,,Work Significantly Improves the Lives of Others Outside of Household,,,,Many Choices in Type of Work,,,
,,,Rate,Rate,Rate,Yes,No,(DK),(Refused),Yes,No,(DK),(Refused),Yes,No,(DK),(Refused),Yes,No,(DK),(Refused),An exciting life,A calm life,(Both),(Neither),(DK),(Refused),Yes,No,(DK),(Refused),Being good at what you do in your daily life,Caring for family and close friends,Helping other people who need help,(None of these),(I do not know my purpose in life),(DK),(Refused),Taking care of themselves,Taking care of others,(Both),(Neither),(DK),(Refused),Yes,No,(DK),(Refused),Yes,No,(DK),(Refused),Yes,No,(DK),(Refused)
,,,% Response Rate,% Response Rate,% Response Rate,% Response Rate,% Response Rate,% Response Rate,% Response Rate,% Response Rate,% Response Rate,% Response Rate,% Response Rate,% Response Rate,% Response Rate,% Response Rate,% Response Rate,% Response Rate,% Response Rate,% Response Rate,% Response Rate,% Response Rate,% Response Rate,% Response Rate,% Response Rate,% Response Rate,% Response Rate,% Response Rate,% Response Rate,% Response Rate,% Response Rate,% Response Rate,% Response Rate,% Response Rate,% Response Rate,% Response Rate,% Response Rate,% Response Rate,% Response Rate,% Response Rate,% Response Rate,% Response Rate,% Response Rate,% Response Rate,% Response Rate,% Response Rate,% Response Rate,% Response Rate,% Response Rate,% Response Rate,% Response Rate,% Response Rate,% Response Rate,% Response Rate,% Response Rate,% Response Rate
United States,Age,15-24,48.00%,5.20%,46.90%,11.60%,88.40%,0.00%,0.00%,98.80%,1.20%,0.00%,0.00%,69.40%,30.60%,0.00%,0.00%,76.20%,23.80%,0.00%,0.00%,42.40%,54.80%,2.70%,0.00%,0.00%,0.00%,66.90%,33.10%,0.00%,0.00%,42.60%,37.80%,19.60%,0.00%,0.00%,0.00%,0.00%,51.20%,45.90%,2.90%,0.00%,0.00%,0.00%,87.20%,12.80%,0.00%,0.00%,71.00%,29.00%,0.00%,0.00%,69.80%,30.20%,0.00%,0.00%
,,25-34,34.20%,1.70%,64.10%,13.30%,86.70%,0.00%,0.00%,89.60%,10.40%,0.00%,0.00%,75.10%,24.10%,0.00%,0.80%,92.30%,6.90%,0.00%,0.80%,33.70%,64.60%,0.90%,0.00%,0.00%,0.80%,70.60%,28.60%,0.00%,0.80%,34.20%,38.80%,26.20%,0.00%,0.00%,0.00%,0.80%,56.00%,37.20%,5.20%,0.90%,0.00%,0.80%,80.40%,18.50%,0.00%,1.10%,85.00%,14.00%,0.00%,1.10%,75.60%,23.30%,0.00%,1.10%
,,35-44,40.30%,3.20%,56.50%,12.20%,87.80%,0.00%,0.00%,81.90%,18.10%,0.00%,0.00%,73.50%,26.50%,0.00%,0.00%,86.70%,13.30%,0.00%,0.00%,15.90%,76.70%,7.40%,0.00%,0.00%,0.00%,73.50%,26.50%,0.00%,0.00%,23.80%,61.60%,13.20%,1.40%,0.00%,0.00%,0.00%,57.00%,36.00%,6.60%,0.40%,0.00%,0.00%,87.90%,12.10%,0.00%,0.00%,83.30%,16.70%,0.00%,0.00%,86.70%,13.30%,0.00%,0.00%
,,45-64,41.10%,3.10%,55.80%,21.80%,78.20%,0.00%,0.00%,96.60%,3.40%,0.00%,0.00%,82.40%,17.40%,0.20%,0.00%,88.80%,11.20%,0.00%,0.00%,15.10%,83.00%,1.50%,0.00%,0.40%,0.00%,75.40%,23.60%,1.00%,0.00%,24.30%,54.50%,20.50%,0.20%,0.00%,0.00%,0.40%,51.20%,45.00%,3.80%,0.00%,0.00%,0.00%,84.90%,15.10%,0.00%,0.00%,88.30%,11.70%,0.00%,0.00%,76.20%,23.80%,0.00%,0.00%
,,65+,43.00%,2.30%,54.70%,23.80%,75.60%,0.20%,0.50%,96.90%,2.00%,1.10%,0.00%,88.90%,11.10%,0.00%,0.00%,94.60%,5.40%,0.00%,0.00%,10.00%,87.20%,1.60%,1.20%,0.00%,0.00%,84.90%,15.10%,0.00%,0.00%,23.50%,60.80%,13.60%,1.30%,0.00%,0.80%,0.00%,45.60%,42.80%,10.90%,0.20%,0.40%,0.00%,93.70%,5.20%,0.00%,1.10%,92.00%,7.00%,1.00%,0.00%,73.70%,26.30%,0.00%,0.00%
,Gender,Male,41.70%,2.90%,55.50%,15.40%,84.60%,0.00%,0.00%,92.80%,6.80%,0.40%,0.00%,83.90%,15.70%,0.10%,0.30%,88.30%,11.40%,0.00%,0.30%,25.60%,70.40%,3.10%,0.50%,0.10%,0.30%,77.00%,22.70%,0.00%,0.30%,32.70%,49.00%,17.00%,0.80%,0.00%,0.10%,0.50%,52.30%,41.60%,5.40%,0.40%,0.10%,0.30%,87.60%,12.00%,0.00%,0.50%,84.40%,15.00%,0.10%,0.50%,80.70%,18.90%,0.00%,0.50%
,,Female,40.80%,3.20%,56.00%,19.70%,80.10%,0.10%,0.20%,94.30%,5.70%,0.00%,0.00%,74.40%,25.60%,0.00%,0.00%,88.20%,11.80%,0.00%,0.00%,17.80%,79.90%,2.10%,0.00%,0.10%,0.00%,73.00%,26.40%,0.60%,0.00%,24.90%,53.90%,20.40%,0.20%,0.00%,0.20%,0.20%,51.30%,42.40%,6.10%,0.10%,0.10%,0.00%,83.10%,16.70%,0.00%,0.20%,84.50%,15.50%,0.00%,0.00%,72.80%,27.20%,0.00%,0.00%
,Employment Status,Employed full time for an employer,35.20%,1.60%,63.20%,9.00%,91.00%,0.00%,0.00%,94.70%,5.30%,0.00%,0.00%,79.00%,20.70%,0.00%,0.30%,92.20%,7.50%,0.00%,0.30%,25.70%,72.70%,1.10%,0.10%,0.00%,0.30%,76.00%,23.70%,0.00%,0.30%,29.40%,51.40%,18.70%,0.10%,0.00%,0.00%,0.30%,52.30%,44.00%,2.70%,0.60%,0.00%,0.30%,84.60%,15.10%,0.00%,0.30%,85.00%,14.70%,0.00%,0.30%,78.20%,21.50%,0.00%,0.30%
,,Employed full time for self,37.60%,1.80%,60.60%,15.10%,84.90%,0.00%,0.00%,96.10%,3.90%,0.00%,0.00%,73.50%,26.50%,0.00%,0.00%,87.00%,13.00%,0.00%,0.00%,20.10%,70.70%,7.60%,0.00%,1.60%,0.00%,77.90%,22.10%,0.00%,0.00%,44.10%,39.90%,14.20%,0.00%,0.00%,0.00%,1.80%,51.90%,43.60%,4.50%,0.00%,0.00%,0.00%,91.00%,9.00%,0.00%,0.00%,88.10%,11.90%,0.00%,0.00%,85.70%,14.30%,0.00%,0.00%
,,Employed part time do not want full time,38.80%,0.00%,61.20%,16.10%,83.90%,0.00%,0.00%,97.50%,2.50%,0.00%,0.00%,83.00%,17.00%,0.00%,0.00%,97.80%,2.20%,0.00%,0.00%,18.20%,79.40%,2.30%,0.00%,0.00%,0.00%,80.50%,19.50%,0.00%,0.00%,23.40%,61.30%,15.30%,0.00%,0.00%,0.00%,0.00%,43.40%,49.40%,7.20%,0.00%,0.00%,0.00%,88.60%,11.40%,0.00%,0.00%,86.60%,12.60%,0.80%,0.00%,71.00%,29.00%,0.00%,0.00%
,,Unemployed,45.90%,11.50%,42.60%,19.30%,80.70%,0.00%,0.00%,74.30%,25.70%,0.00%,0.00%,54.60%,45.40%,0.00%,0.00%,66.60%,33.40%,0.00%,0.00%,42.90%,45.20%,10.90%,0.00%,1.00%,0.00%,63.60%,36.40%,0.00%,0.00%,25.50%,48.90%,21.40%,4.20%,0.00%,0.00%,0.00%,51.60%,39.80%,8.60%,0.00%,0.00%,0.00%,0.00%,0.00%,0.00%,0.00%,0.00%,0.00%,0.00%,0.00%,0.00%,0.00%,0.00%,0.00%
,,Employed part time want full time,50.10%,13.90%,36.00%,17.40%,82.60%,0.00%,0.00%,89.40%,10.60%,0.00%,0.00%,79.10%,20.90%,0.00%,0.00%,74.80%,25.20%,0.00%,0.00%,14.30%,85.70%,0.00%,0.00%,0.00%,0.00%,53.20%,41.40%,5.40%,0.00%,32.90%,27.30%,39.80%,0.00%,0.00%,0.00%,0.00%,47.30%,49.80%,2.90%,0.00%,0.00%,0.00%,84.60%,14.60%,0.00%,0.80%,75.60%,24.40%,0.00%,0.00%,66.60%,33.40%,0.00%,0.00%
,,Out of workforce,46.40%,2.40%,51.20%,26.80%,72.90%,0.10%,0.20%,94.70%,4.70%,0.50%,0.00%,82.50%,17.40%,0.10%,0.00%,88.00%,12.00%,0.00%,0.00%,16.20%,80.50%,2.90%,0.50%,0.00%,0.00%,77.40%,22.60%,0.00%,0.00%,26.60%,55.60%,16.50%,0.70%,0.00%,0.40%,0.30%,52.90%,38.00%,8.90%,0.00%,0.20%,0.00%,0.00%,0.00%,0.00%,0.00%,0.00%,0.00%,0.00%,0.00%,0.00%,0.00%,0.00%,0.00%
,Per Capita Income Quintiles,Poorest 20%,43.80%,10.10%,46.10%,33.00%,67.00%,0.00%,0.00%,86.90%,13.10%,0.00%,0.00%,77.00%,23.00%,0.00%,0.00%,78.90%,21.10%,0.00%,0.00%,20.80%,71.80%,7.40%,0.00%,0.00%,0.00%,65.10%,34.90%,0.00%,0.00%,19.60%,50.20%,28.70%,1.50%,0.00%,0.00%,0.00%,59.50%,32.80%,7.70%,0.00%,0.00%,0.00%,83.00%,17.00%,0.00%,0.00%,79.30%,20.70%,0.00%,0.00%,72.60%,27.40%,0.00%,0.00%
,,Second 20%,47.20%,3.10%,49.80%,20.50%,79.50%,0.00%,0.00%,94.20%,5.80%,0.00%,0.00%,74.30%,24.70%,0.30%,0.70%,88.10%,11.20%,0.00%,0.70%,19.50%,78.20%,1.60%,0.00%,0.00%,0.70%,74.30%,25.00%,0.00%,0.70%,31.10%,55.60%,12.70%,0.00%,0.00%,0.00%,0.70%,54.10%,38.70%,6.30%,0.30%,0.00%,0.70%,88.20%,10.20%,0.00%,1.70%,85.30%,13.40%,0.00%,1.30%,74.10%,24.60%,0.00%,1.30%
,,Middle 20%,45.60%,0.80%,53.60%,11.20%,88.30%,0.00%,0.50%,96.00%,4.00%,0.00%,0.00%,79.90%,20.10%,0.00%,0.00%,91.00%,9.00%,0.00%,0.00%,21.10%,78.10%,0.80%,0.00%,0.00%,0.00%,76.70%,21.70%,1.50%,0.00%,22.50%,54.30%,22.10%,0.00%,0.00%,0.60%,0.40%,44.10%,48.40%,7.10%,0.20%,0.20%,0.00%,82.70%,17.30%,0.00%,0.00%,87.00%,13.00%,0.00%,0.00%,75.40%,24.60%,0.00%,0.00%
,,Fourth 20%,40.40%,1.20%,58.30%,14.40%,85.60%,0.00%,0.00%,98.00%,2.00%,0.00%,0.00%,79.80%,20.20%,0.00%,0.00%,89.70%,10.30%,0.00%,0.00%,17.70%,79.20%,2.50%,0.40%,0.30%,0.00%,77.50%,22.50%,0.00%,0.00%,32.90%,50.80%,15.90%,0.20%,0.00%,0.00%,0.20%,52.00%,44.30%,3.60%,0.00%,0.20%,0.00%,89.60%,10.40%,0.00%,0.00%,86.70%,13.30%,0.00%,0.00%,82.30%,17.70%,0.00%,0.00%
,,Richest 20%,29.40%,0.00%,70.60%,8.90%,90.90%,0.20%,0.00%,92.50%,6.40%,1.10%,0.00%,84.10%,15.90%,0.00%,0.00%,93.50%,6.50%,0.00%,0.00%,29.00%,69.10%,0.70%,0.80%,0.40%,0.00%,80.90%,19.10%,0.00%,0.00%,37.10%,46.70%,14.60%,1.00%,0.00%,0.20%,0.40%,49.30%,45.80%,4.10%,0.70%,0.00%,0.00%,84.20%,15.80%,0.00%,0.00%,83.00%,16.70%,0.30%,0.00%,79.40%,20.60%,0.00%,0.00%
,Feelings About Household Income,Living comfortably on present income,33.10%,0.20%,66.70%,12.70%,87.20%,0.10%,0.00%,98.20%,1.50%,0.30%,0.00%,84.40%,15.60%,0.00%,0.00%,95.20%,4.80%,0.00%,0.00%,24.90%,73.40%,1.10%,0.40%,0.10%,0.00%,84.80%,15.20%,0.00%,0.00%,32.20%,52.10%,14.80%,0.50%,0.00%,0.10%,0.30%,49.80%,44.70%,4.90%,0.50%,0.20%,0.00%,89.00%,11.00%,0.00%,0.00%,86.70%,13.20%,0.10%,0.00%,83.60%,16.40%,0.00%,0.00%
,,Getting by on present income,45.20%,2.50%,52.20%,16.20%,83.50%,0.00%,0.30%,92.70%,7.20%,0.10%,0.00%,75.50%,24.50%,0.00%,0.00%,90.10%,9.90%,0.00%,0.00%,15.80%,82.20%,1.70%,0.10%,0.20%,0.00%,74.80%,25.20%,0.00%,0.00%,25.40%,53.10%,20.80%,0.30%,0.00%,0.40%,0.00%,55.10%,39.10%,5.80%,0.00%,0.00%,0.00%,83.30%,16.70%,0.00%,0.00%,87.50%,12.50%,0.00%,0.00%,75.70%,24.30%,0.00%,0.00%
,,Finding it difficult on present income,60.60%,10.00%,29.30%,26.70%,73.30%,0.00%,0.00%,92.10%,7.90%,0.00%,0.00%,76.30%,23.70%,0.00%,0.00%,67.50%,32.50%,0.00%,0.00%,20.80%,74.30%,4.90%,0.00%,0.00%,0.00%,48.50%,48.50%,3.00%,0.00%,32.40%,44.10%,20.90%,2.20%,0.00%,0.00%,0.40%,44.50%,51.50%,3.90%,0.00%,0.00%,0.00%,76.10%,23.10%,0.00%,0.80%,76.70%,23.30%,0.00%,0.00%,52.30%,47.70%,0.00%,0.00%
,,Finding it very difficult on present income,58.00%,18.80%,23.10%,51.20%,48.80%,0.00%,0.00%,61.20%,38.80%,0.00%,0.00%,59.00%,40.10%,0.90%,0.00%,56.90%,43.10%,0.00%,0.00%,26.00%,58.30%,15.60%,0.00%,0.00%,0.00%,37.70%,62.30%,0.00%,0.00%,9.20%,52.40%,38.40%,0.00%,0.00%,0.00%,0.00%,62.70%,21.70%,15.60%,0.00%,0.00%,0.00%,88.40%,11.60%,0.00%,0.00%,50.50%,49.50%,0.00%,0.00%,68.70%,31.30%,0.00%,0.00%
,Urban/Rural,A rural area or on a farm,40.10%,3.10%,56.90%,19.70%,79.80%,0.00%,0.50%,94.80%,5.20%,0.00%,0.00%,81.60%,18.40%,0.00%,0.00%,89.50%,10.50%,0.00%,0.00%,19.00%,77.90%,3.10%,0.00%,0.00%,0.00%,71.50%,26.80%,1.70%,0.00%,27.90%,55.00%,15.40%,0.80%,0.00%,0.70%,0.20%,50.90%,40.90%,7.80%,0.20%,0.30%,0.00%,83.80%,16.20%,0.00%,0.00%,87.90%,12.10%,0.00%,0.00%,77.30%,22.70%,0.00%,0.00%
,,A small town or villAge,39.70%,1.40%,58.90%,14.90%,84.90%,0.20%,0.00%,97.00%,3.00%,0.00%,0.00%,75.90%,23.30%,0.20%,0.60%,92.20%,7.30%,0.00%,0.60%,17.80%,80.10%,1.30%,0.00%,0.20%,0.60%,83.00%,16.50%,0.00%,0.60%,33.00%,53.90%,12.00%,0.00%,0.00%,0.20%,0.90%,56.10%,36.90%,6.10%,0.20%,0.20%,0.60%,89.00%,10.00%,0.00%,1.00%,85.50%,13.50%,0.00%,1.00%,75.80%,23.20%,0.00%,1.00%
,,A large city,44.80%,4.50%,50.70%,19.20%,80.80%,0.00%,0.00%,92.40%,7.60%,0.00%,0.00%,78.40%,21.60%,0.00%,0.00%,86.00%,14.00%,0.00%,0.00%,25.70%,69.60%,4.70%,0.00%,0.00%,0.00%,70.90%,29.10%,0.00%,0.00%,26.80%,44.80%,26.60%,1.50%,0.00%,0.00%,0.30%,58.00%,36.10%,5.20%,0.60%,0.00%,0.00%,83.70%,16.30%,0.00%,0.00%,83.60%,16.10%,0.30%,0.00%,77.30%,22.70%,0.00%,0.00%
,,A suburb of a large city,40.20%,3.20%,56.50%,17.20%,82.80%,0.00%,0.00%,90.90%,8.50%,0.70%,0.00%,80.40%,19.60%,0.00%,0.00%,86.20%,13.80%,0.00%,0.00%,22.80%,74.50%,1.70%,0.70%,0.20%,0.00%,73.60%,26.40%,0.00%,0.00%,26.50%,53.10%,20.30%,0.10%,0.00%,0.00%,0.00%,45.00%,50.10%,4.90%,0.00%,0.00%,0.00%,84.70%,15.10%,0.00%,0.20%,82.70%,17.30%,0.00%,0.00%,77.10%,22.90%,0.00%,0.00%
Egypt,Age,15-24,67.80%,14.60%,17.60%,9.90%,90.10%,0.00%,0.00%,80.60%,18.00%,1.40%,0.00%,66.30%,32.40%,1.30%,0.00%,77.90%,22.10%,0.00%,0.00%,19.90%,73.70%,5.60%,0.50%,0.20%,0.00%,62.00%,34.90%,3.10%,0.00%,33.70%,38.80%,25.00%,2.20%,0.20%,0.10%,0.00%,45.30%,31.80%,21.50%,0.00%,1.40%,0.00%,77.90%,22.10%,0.00%,0.00%,69.40%,30.40%,0.30%,0.00%,57.20%,42.80%,0.00%,0.00%
,,25-34,54.00%,30.10%,15.90%,16.40%,83.60%,0.00%,0.00%,66.90%,32.40%,0.70%,0.00%,65.20%,34.80%,0.00%,0.00%,76.60%,20.60%,2.40%,0.30%,9.60%,86.90%,1.80%,0.00%,1.60%,0.00%,57.40%,37.90%,4.70%,0.00%,22.60%,54.70%,22.40%,0.30%,0.00%,0.00%,0.00%,50.50%,22.60%,25.40%,0.00%,1.50%,0.00%,69.00%,30.50%,0.50%,0.00%,68.80%,30.20%,1.00%,0.00%,45.50%,51.20%,3.30%,0.00%
,,35-44,63.90%,21.20%,14.80%,29.40%,70.60%,0.00%,0.00%,59.30%,40.70%,0.00%,0.00%,73.30%,26.70%,0.00%,0.00%,88.40%,11.40%,0.20%,0.00%,4.60%,93.80%,1.60%,0.00%,0.00%,0.00%,69.00%,30.30%,0.70%,0.00%,14.80%,62.40%,20.70%,0.00%,2.20%,0.00%,0.00%,54.80%,31.50%,13.30%,0.00%,0.30%,0.00%,90.60%,9.10%,0.30%,0.00%,76.20%,23.50%,0.30%,0.00%,57.90%,41.70%,0.30%,0.00%
,,45-64,59.10%,19.00%,21.90%,51.10%,48.90%,0.00%,0.00%,59.40%,40.40%,0.20%,0.00%,70.80%,28.90%,0.30%,0.00%,90.30%,9.60%,0.20%,0.00%,1.30%,96.70%,2.00%,0.00%,0.00%,0.00%,76.30%,23.70%,0.00%,0.00%,11.50%,56.90%,30.00%,0.00%,1.60%,0.00%,0.00%,39.80%,34.20%,26.00%,0.00%,0.00%,0.00%,87.80%,12.20%,0.00%,0.00%,92.40%,7.60%,0.00%,0.00%,60.60%,39.40%,0.00%,0.00%
,,65+,71.50%,0.00%,28.50%,46.30%,53.70%,0.00%,0.00%,43.90%,56.10%,0.00%,0.00%,81.80%,18.20%,0.00%,0.00%,100.00%,0.00%,0.00%,0.00%,6.20%,93.80%,0.00%,0.00%,0.00%,0.00%,93.80%,6.20%,0.00%,0.00%,12.40%,46.20%,41.40%,0.00%,0.00%,0.00%,0.00%,24.60%,40.90%,34.50%,0.00%,0.00%,0.00%,100.00%,0.00%,0.00%,0.00%,100.00%,0.00%,0.00%,0.00%,100.00%,0.00%,0.00%,0.00%
,Gender,Male,58.80%,24.60%,16.50%,18.70%,81.30%,0.00%,0.00%,64.70%,34.50%,0.80%,0.00%,73.20%,26.10%,0.70%,0.00%,83.30%,16.20%,0.30%,0.10%,11.50%,84.70%,3.00%,0.00%,0.90%,0.00%,62.60%,35.10%,2.40%,0.00%,22.80%,51.20%,24.00%,1.20%,0.70%,0.10%,0.00%,47.10%,32.70%,19.40%,0.00%,0.80%,0.00%,80.70%,19.10%,0.30%,0.00%,73.90%,25.50%,0.60%,0.00%,56.00%,42.70%,1.30%,0.00%
,,Female,65.40%,15.10%,19.50%,35.10%,64.90%,0.00%,0.00%,69.50%,30.10%,0.30%,0.00%,63.60%,36.20%,0.20%,0.00%,83.00%,15.80%,1.10%,0.00%,7.00%,90.00%,2.70%,0.30%,0.00%,0.00%,71.00%,26.90%,2.00%,0.00%,19.40%,53.20%,26.20%,0.00%,1.10%,0.00%,0.00%,46.40%,27.20%,25.60%,0.00%,0.90%,0.00%,79.90%,20.10%,0.00%,0.00%,83.40%,16.60%,0.00%,0.00%,49.10%,50.90%,0.00%,0.00%
,Employment Status,Employed full time for an employer,58.70%,25.20%,16.10%,23.10%,76.90%,0.00%,0.00%,68.90%,31.10%,0.00%,0.00%,70.90%,28.90%,0.10%,0.00%,83.20%,16.10%,0.80%,0.00%,7.20%,87.60%,5.10%,0.00%,0.00%,0.00%,61.00%,37.80%,1.30%,0.00%,20.60%,59.30%,17.50%,1.10%,1.40%,0.10%,0.00%,47.20%,32.80%,20.00%,0.00%,0.00%,0.00%,79.60%,20.30%,0.10%,0.00%,76.60%,23.10%,0.30%,0.00%,49.80%,48.60%,1.60%,0.00%
,,Employed full time for self,67.60%,15.20%,17.10%,17.10%,82.90%,0.00%,0.00%,71.00%,25.50%,3.50%,0.00%,70.70%,29.30%,0.00%,0.00%,86.40%,12.20%,0.70%,0.70%,7.10%,90.10%,1.90%,0.00%,0.90%,0.00%,71.50%,20.50%,8.00%,0.00%,23.10%,50.70%,22.70%,3.50%,0.00%,0.00%,0.00%,53.50%,28.10%,18.30%,0.00%,0.00%,0.00%,87.10%,12.30%,0.60%,0.00%,73.50%,25.20%,1.30%,0.00%,66.00%,33.40%,0.60%,0.00%
,,Employed part time do not want full time,62.40%,4.10%,33.50%,13.00%,87.00%,0.00%,0.00%,70.60%,29.40%,0.00%,0.00%,74.80%,25.20%,0.00%,0.00%,81.70%,16.20%,2.20%,0.00%,1.80%,96.00%,2.20%,0.00%,0.00%,0.00%,75.70%,24.30%,0.00%,0.00%,50.40%,32.70%,13.30%,0.00%,3.60%,0.00%,0.00%,74.00%,20.40%,5.50%,0.00%,0.00%,0.00%,77.30%,22.70%,0.00%,0.00%,65.20%,34.80%,0.00%,0.00%,66.00%,34.00%,0.00%,0.00%
,,Unemployed,69.20%,24.80%,6.00%,22.10%,77.90%,0.00%,0.00%,47.50%,52.50%,0.00%,0.00%,73.90%,26.10%,0.00%,0.00%,80.60%,19.40%,0.00%,0.00%,14.90%,82.40%,2.70%,0.00%,0.00%,0.00%,49.20%,49.00%,1.80%,0.00%,20.20%,59.00%,20.80%,0.00%,0.00%,0.00%,0.00%,48.40%,32.20%,19.40%,0.00%,0.00%,0.00%,0.00%,0.00%,0.00%,0.00%,0.00%,0.00%,0.00%,0.00%,0.00%,0.00%,0.00%,0.00%
,,Employed part time want full time,57.70%,31.60%,10.60%,29.20%,70.80%,0.00%,0.00%,51.30%,47.40%,1.20%,0.00%,69.40%,24.70%,5.90%,0.00%,66.70%,33.30%,0.00%,0.00%,8.70%,89.40%,1.90%,0.00%,0.00%,0.00%,61.10%,38.90%,0.00%,0.00%,26.60%,51.30%,22.10%,0.00%,0.00%,0.00%,0.00%,27.00%,30.00%,42.90%,0.00%,0.00%,0.00%,74.10%,25.90%,0.00%,0.00%,78.70%,21.30%,0.00%,0.00%,52.20%,47.80%,0.00%,0.00%
,,Out of workforce,60.50%,16.40%,23.00%,31.80%,68.20%,0.00%,0.00%,72.60%,27.10%,0.30%,0.00%,65.20%,34.70%,0.10%,0.00%,85.70%,13.40%,0.90%,0.00%,10.30%,86.60%,1.90%,0.30%,0.90%,0.00%,74.20%,23.90%,1.80%,0.00%,19.40%,46.80%,32.70%,0.00%,1.10%,0.00%,0.00%,45.90%,29.00%,23.10%,0.00%,2.00%,0.00%,0.00%,0.00%,0.00%,0.00%,0.00%,0.00%,0.00%,0.00%,0.00%,0.00%,0.00%,0.00%
,Per Capita Income Quintiles,Poorest 20%,45.50%,45.40%,9.10%,35.20%,64.80%,0.00%,0.00%,49.60%,50.10%,0.20%,0.00%,64.10%,34.10%,1.80%,0.00%,76.80%,23.20%,0.00%,0.00%,8.00%,86.30%,3.80%,0.00%,1.90%,0.00%,60.90%,36.70%,2.50%,0.00%,15.60%,55.70%,26.80%,0.00%,1.90%,0.00%,0.00%,39.20%,40.30%,18.60%,0.00%,1.90%,0.00%,66.30%,32.90%,0.80%,0.00%,67.80%,31.40%,0.80%,0.00%,40.80%,58.40%,0.80%,0.00%
,,Second 20%,70.50%,19.20%,10.20%,27.70%,72.30%,0.00%,0.00%,61.30%,36.80%,1.90%,0.00%,65.00%,34.80%,0.20%,0.00%,77.60%,22.40%,0.00%,0.00%,6.90%,90.40%,2.00%,0.70%,0.00%,0.00%,61.00%,35.30%,3.70%,0.00%,23.10%,50.60%,23.70%,1.90%,0.60%,0.00%,0.00%,46.90%,25.20%,27.50%,0.00%,0.40%,0.00%,89.90%,9.60%,0.50%,0.00%,80.40%,19.60%,0.00%,0.00%,68.50%,31.50%,0.00%,0.00%
,,Middle 20%,62.40%,18.80%,18.80%,25.90%,74.10%,0.00%,0.00%,61.40%,37.90%,0.70%,0.00%,69.30%,30.70%,0.00%,0.00%,87.30%,12.00%,0.70%,0.00%,7.00%,90.80%,2.20%,0.00%,0.00%,0.00%,67.70%,31.20%,1.10%,0.00%,14.20%,61.60%,22.60%,0.00%,1.60%,0.00%,0.00%,48.40%,30.30%,21.40%,0.00%,0.00%,0.00%,81.10%,18.90%,0.00%,0.00%,73.30%,26.30%,0.40%,0.00%,47.50%,48.70%,3.80%,0.00%
,,Fourth 20%,65.70%,13.90%,20.30%,23.20%,76.80%,0.00%,0.00%,76.90%,23.10%,0.00%,0.00%,69.80%,30.00%,0.20%,0.00%,82.90%,15.00%,2.10%,0.00%,11.10%,86.00%,2.70%,0.00%,0.20%,0.00%,65.20%,31.90%,2.90%,0.00%,20.00%,48.30%,30.00%,1.50%,0.00%,0.10%,0.00%,50.30%,26.10%,21.70%,0.00%,1.90%,0.00%,76.60%,23.40%,0.00%,0.00%,79.40%,20.20%,0.30%,0.00%,55.80%,44.20%,0.00%,0.00%
,,Richest 20%,62.50%,8.90%,28.60%,18.70%,81.30%,0.00%,0.00%,84.90%,15.00%,0.10%,0.00%,76.20%,23.80%,0.00%,0.00%,91.30%,7.60%,0.70%,0.40%,14.10%,81.90%,3.60%,0.00%,0.30%,0.00%,77.20%,21.90%,0.90%,0.00%,33.20%,44.60%,21.90%,0.00%,0.30%,0.00%,0.00%,48.90%,29.40%,21.70%,0.00%,0.00%,0.00%,87.10%,12.90%,0.00%,0.00%,77.20%,22.10%,0.80%,0.00%,60.40%,39.20%,0.40%,0.00%
,Feelings About Household Income,Living comfortably on present income,55.40%,1.40%,43.20%,18.10%,81.90%,0.00%,0.00%,84.90%,15.10%,0.00%,0.00%,77.70%,22.30%,0.00%,0.00%,92.60%,5.20%,1.40%,0.70%,21.20%,71.80%,6.40%,0.00%,0.60%,0.00%,87.70%,11.20%,1.10%,0.00%,37.10%,37.60%,25.40%,0.00%,0.00%,0.00%,0.00%,43.80%,40.90%,15.20%,0.00%,0.00%,0.00%,90.50%,9.50%,0.00%,0.00%,74.40%,24.20%,1.40%,0.00%,67.90%,32.10%,0.00%,0.00%
,,Getting by on present income,65.10%,12.80%,22.10%,20.30%,79.70%,0.00%,0.00%,74.70%,25.30%,0.10%,0.00%,72.90%,26.90%,0.20%,0.00%,89.00%,9.70%,1.20%,0.00%,9.10%,85.80%,3.90%,0.30%,0.90%,0.00%,74.90%,22.20%,2.90%,0.00%,22.70%,49.30%,27.80%,0.00%,0.10%,0.10%,0.00%,47.30%,29.60%,21.20%,0.00%,2.00%,0.00%,85.90%,14.10%,0.00%,0.00%,75.20%,24.50%,0.30%,0.00%,59.70%,40.10%,0.20%,0.00%
,,Finding it difficult on present income,70.40%,21.30%,8.20%,32.30%,67.70%,0.00%,0.00%,64.30%,34.20%,1.50%,0.00%,63.20%,36.80%,0.00%,0.00%,80.10%,19.90%,0.00%,0.00%,8.90%,89.50%,1.60%,0.00%,0.00%,0.00%,58.10%,38.60%,3.30%,0.00%,15.10%,55.40%,25.50%,2.40%,1.50%,0.00%,0.00%,45.10%,28.60%,26.30%,0.00%,0.00%,0.00%,79.40%,20.60%,0.00%,0.00%,78.60%,21.40%,0.00%,0.00%,47.90%,52.10%,0.00%,0.00%
,,Finding it very difficult on present income,50.00%,44.10%,6.00%,34.40%,65.60%,0.00%,0.00%,45.30%,53.80%,0.90%,0.00%,62.50%,35.80%,1.70%,0.00%,70.20%,29.60%,0.20%,0.00%,5.60%,93.70%,0.60%,0.00%,0.10%,0.00%,50.10%,49.80%,0.10%,0.00%,16.90%,61.80%,18.80%,0.30%,2.10%,0.00%,0.00%,47.90%,29.00%,23.20%,0.00%,0.00%,0.00%,65.50%,33.60%,1.00%,0.00%,73.60%,25.80%,0.60%,0.00%,45.70%,53.60%,0.60%,0.00%
,Urban/Rural,A rural area or on a farm,66.60%,17.00%,16.50%,25.30%,74.70%,0.00%,0.00%,67.10%,32.90%,0.00%,0.00%,71.90%,26.00%,2.10%,0.00%,88.00%,11.50%,0.00%,0.40%,10.30%,88.40%,1.30%,0.00%,0.00%,0.00%,72.50%,26.90%,0.60%,0.00%,24.10%,46.10%,29.40%,0.00%,0.30%,0.00%,0.00%,49.60%,21.80%,28.60%,0.00%,0.00%,0.00%,88.30%,11.00%,0.70%,0.00%,77.40%,21.90%,0.70%,0.00%,46.70%,52.60%,0.70%,0.00%
,,A small town or villAge,57.10%,28.50%,14.50%,19.90%,80.10%,0.00%,0.00%,68.30%,30.50%,1.30%,0.00%,71.50%,28.40%,0.10%,0.00%,81.50%,18.00%,0.40%,0.00%,9.40%,86.50%,2.70%,0.00%,1.50%,0.00%,62.70%,35.40%,1.90%,0.00%,20.20%,56.40%,20.60%,1.30%,1.50%,0.00%,0.00%,45.40%,32.60%,20.70%,0.00%,1.30%,0.00%,73.80%,25.90%,0.30%,0.00%,75.50%,24.20%,0.30%,0.00%,55.40%,42.10%,2.60%,0.00%
,,A large city,62.60%,14.40%,23.00%,28.40%,71.60%,0.00%,0.00%,64.50%,35.10%,0.50%,0.00%,70.50%,29.40%,0.10%,0.00%,84.10%,14.50%,1.40%,0.00%,9.40%,86.80%,3.40%,0.30%,0.10%,0.00%,68.40%,28.00%,3.60%,0.00%,20.50%,51.50%,26.30%,0.70%,0.90%,0.10%,0.00%,45.10%,32.30%,21.40%,0.00%,1.10%,0.00%,85.80%,14.20%,0.00%,0.00%,71.00%,28.40%,0.60%,0.00%,57.10%,42.70%,0.20%,0.00%
,,A suburb of a large city,63.70%,25.50%,10.70%,36.00%,64.00%,0.00%,0.00%,71.60%,28.10%,0.30%,0.00%,50.50%,49.50%,0.00%,0.00%,76.70%,23.30%,0.00%,0.00%,8.50%,87.90%,3.60%,0.00%,0.00%,0.00%,59.40%,40.30%,0.30%,0.00%,22.40%,52.30%,25.40%,0.00%,0.00%,0.00%,0.00%,52.20%,29.00%,18.70%,0.00%,0.00%,0.00%,67.70%,32.30%,0.00%,0.00%,89.40%,10.60%,0.00%,0.00%,59.70%,40.30%,0.00%,0.00%
Morocco,Age,15-24,61.50%,4.50%,33.90%,9.20%,90.50%,0.30%,0.00%,72.70%,25.90%,1.40%,0.00%,74.50%,22.40%,3.20%,0.00%,63.40%,31.60%,4.90%,0.00%,13.30%,75.70%,8.60%,0.00%,2.50%,0.00%,52.20%,44.20%,3.60%,0.00%,28.20%,42.40%,27.60%,0.00%,0.50%,1.10%,0.30%,53.60%,23.10%,21.20%,0.00%,2.10%,0.00%,64.70%,31.90%,3.50%,0.00%,55.30%,38.90%,5.80%,0.00%,59.90%,37.80%,2.40%,0.00%
,,25-34,64.10%,12.70%,23.20%,15.10%,84.90%,0.00%,0.00%,56.70%,42.20%,1.10%,0.00%,68.90%,27.00%,4.10%,0.00%,54.10%,38.80%,6.40%,0.70%,4.50%,89.40%,4.90%,0.00%,1.20%,0.00%,47.10%,45.80%,7.00%,0.00%,19.10%,49.70%,26.10%,0.20%,0.80%,4.00%,0.00%,49.00%,20.90%,29.00%,0.00%,1.10%,0.00%,69.90%,27.10%,3.00%,0.00%,71.10%,22.20%,6.70%,0.00%,59.60%,39.50%,1.00%,0.00%
,,35-44,64.50%,11.20%,24.30%,18.30%,81.00%,0.60%,0.00%,41.70%,57.00%,1.30%,0.00%,73.90%,21.10%,5.00%,0.00%,62.80%,33.40%,3.80%,0.00%,2.10%,90.80%,2.80%,0.50%,3.80%,0.00%,54.90%,31.70%,13.50%,0.00%,19.10%,53.30%,23.10%,0.00%,0.00%,4.60%,0.00%,47.00%,16.60%,32.90%,0.00%,3.50%,0.00%,84.30%,12.70%,2.90%,0.00%,75.70%,19.50%,4.70%,0.00%,56.90%,38.90%,4.20%,0.00%
,,45-64,66.60%,7.90%,25.60%,42.20%,57.80%,0.00%,0.00%,46.70%,51.80%,1.40%,0.00%,74.60%,22.40%,3.00%,0.00%,73.60%,18.80%,7.60%,0.00%,1.20%,93.30%,1.30%,0.00%,4.10%,0.00%,68.30%,26.20%,5.40%,0.00%,10.10%,45.90%,37.40%,1.30%,0.00%,5.40%,0.00%,41.30%,19.50%,33.70%,0.70%,4.80%,0.00%,89.30%,6.90%,3.90%,0.00%,78.70%,13.90%,7.30%,0.00%,65.50%,31.00%,3.50%,0.00%
,,65+,69.60%,8.10%,22.30%,62.70%,37.30%,0.00%,0.00%,41.20%,58.80%,0.00%,0.00%,88.60%,5.70%,5.70%,0.00%,88.10%,11.90%,0.00%,0.00%,4.30%,90.00%,0.00%,0.00%,5.70%,0.00%,62.80%,19.40%,17.80%,0.00%,9.40%,44.30%,44.30%,0.00%,0.00%,2.00%,0.00%,30.80%,16.30%,41.50%,0.00%,11.40%,0.00%,67.80%,32.20%,0.00%,0.00%,46.80%,32.20%,20.90%,0.00%,22.80%,77.20%,0.00%,0.00%
,Gender,Male,63.90%,12.90%,23.20%,19.70%,80.20%,0.10%,0.00%,45.10%,52.90%,2.00%,0.00%,76.40%,20.50%,3.10%,0.00%,64.90%,30.60%,4.60%,0.00%,6.40%,84.90%,5.00%,0.10%,3.60%,0.00%,56.10%,38.00%,5.90%,0.00%,17.00%,48.90%,28.30%,0.80%,0.50%,4.50%,0.00%,49.30%,22.80%,25.80%,0.00%,2.20%,0.00%,77.10%,19.30%,3.70%,0.00%,70.10%,22.60%,7.30%,0.00%,61.70%,36.30%,2.00%,0.00%
,,Female,64.20%,3.90%,31.90%,27.50%,72.20%,0.30%,0.00%,64.30%,35.20%,0.50%,0.00%,70.90%,24.60%,4.50%,0.00%,64.90%,28.30%,6.50%,0.30%,4.60%,89.40%,3.50%,0.10%,2.40%,0.00%,56.30%,34.60%,9.10%,0.00%,20.30%,45.50%,31.10%,0.00%,0.10%,2.90%,0.20%,44.40%,17.50%,33.40%,0.40%,4.40%,0.00%,80.00%,18.50%,1.50%,0.00%,73.90%,22.50%,3.60%,0.00%,52.00%,42.80%,5.20%,0.00%
,Employment Status,Employed full time for an employer,56.10%,13.20%,30.70%,12.70%,86.50%,0.80%,0.00%,45.70%,53.60%,0.60%,0.00%,71.40%,26.10%,2.60%,0.00%,62.20%,33.80%,4.00%,0.00%,5.30%,85.20%,4.50%,0.30%,4.70%,0.00%,53.70%,42.90%,3.30%,0.00%,20.60%,55.00%,20.20%,0.40%,0.00%,3.80%,0.00%,47.40%,23.30%,24.90%,0.00%,4.40%,0.00%,74.40%,20.80%,4.80%,0.00%,71.20%,21.00%,7.80%,0.00%,60.40%,36.00%,3.60%,0.00%
,,Employed full time for self,73.90%,14.00%,12.10%,16.00%,84.00%,0.00%,0.00%,46.20%,51.90%,1.90%,0.00%,80.10%,16.70%,3.20%,0.00%,63.20%,32.80%,4.00%,0.00%,6.00%,89.20%,4.40%,0.50%,0.00%,0.00%,51.20%,41.00%,7.80%,0.00%,20.80%,39.60%,33.60%,0.00%,0.00%,6.00%,0.00%,50.70%,27.80%,21.60%,0.00%,0.00%,0.00%,84.10%,13.50%,2.30%,0.00%,75.30%,20.80%,4.00%,0.00%,56.80%,41.30%,1.90%,0.00%
,,Employed part time do not want full time,76.50%,1.40%,22.10%,24.90%,75.10%,0.00%,0.00%,62.30%,33.30%,4.40%,0.00%,68.00%,28.80%,3.20%,0.00%,58.80%,30.30%,10.90%,0.00%,7.80%,90.20%,2.00%,0.00%,0.00%,0.00%,54.60%,40.20%,5.20%,0.00%,17.00%,38.90%,38.10%,6.00%,0.00%,0.00%,0.00%,66.00%,11.10%,22.90%,0.00%,0.00%,0.00%,82.60%,15.40%,2.10%,0.00%,66.30%,21.90%,11.80%,0.00%,38.80%,58.00%,3.20%,0.00%
,,Unemployed,68.90%,11.10%,20.00%,17.60%,82.40%,0.00%,0.00%,51.30%,48.10%,0.60%,0.00%,64.60%,31.50%,3.80%,0.00%,52.30%,39.60%,7.00%,1.10%,11.80%,79.70%,3.10%,0.00%,5.40%,0.00%,43.80%,48.00%,8.20%,0.00%,22.50%,43.70%,30.30%,0.00%,0.40%,3.00%,0.00%,46.90%,17.70%,33.50%,0.00%,1.90%,0.00%,0.00%,0.00%,0.00%,0.00%,0.00%,0.00%,0.00%,0.00%,0.00%,0.00%,0.00%,0.00%
,,Employed part time want full time,65.40%,13.50%,21.10%,26.90%,73.10%,0.00%,0.00%,45.50%,54.50%,0.00%,0.00%,72.00%,23.20%,4.80%,0.00%,61.80%,32.60%,5.60%,0.00%,3.30%,87.80%,7.00%,0.00%,1.90%,0.00%,62.20%,31.50%,6.30%,0.00%,12.10%,49.70%,32.40%,1.30%,0.70%,3.70%,0.00%,44.20%,27.30%,26.10%,0.00%,2.40%,0.00%,75.50%,22.60%,1.90%,0.00%,68.00%,27.00%,5.00%,0.00%,68.60%,29.70%,1.70%,0.00%
,,Out of workforce,61.90%,4.30%,33.80%,29.70%,70.10%,0.20%,0.00%,61.50%,36.90%,1.60%,0.00%,76.90%,18.90%,4.20%,0.00%,71.20%,23.40%,5.40%,0.00%,3.80%,89.30%,4.10%,0.00%,2.70%,0.00%,60.70%,30.20%,9.00%,0.00%,17.70%,47.20%,30.80%,0.00%,0.40%,3.70%,0.20%,45.20%,17.50%,32.50%,0.40%,4.40%,0.00%,0.00%,0.00%,0.00%,0.00%,0.00%,0.00%,0.00%,0.00%,0.00%,0.00%,0.00%,0.00%
,Per Capita Income Quintiles,Poorest 20%,67.50%,10.10%,22.40%,28.60%,71.40%,0.00%,0.00%,43.00%,56.00%,1.00%,0.00%,69.50%,27.70%,2.80%,0.00%,58.80%,33.70%,7.60%,0.00%,5.60%,83.90%,3.10%,0.00%,7.40%,0.00%,51.80%,33.80%,14.40%,0.00%,16.30%,42.70%,32.60%,1.00%,0.00%,7.30%,0.00%,38.40%,19.70%,38.90%,0.00%,3.00%,0.00%,72.80%,21.90%,5.40%,0.00%,70.90%,21.30%,7.80%,0.00%,62.90%,31.70%,5.40%,0.00%
,,Second 20%,69.40%,8.50%,22.00%,22.00%,78.00%,0.00%,0.00%,46.60%,52.10%,1.40%,0.00%,73.60%,23.40%,3.00%,0.00%,68.00%,26.90%,5.10%,0.00%,4.80%,92.30%,2.40%,0.00%,0.50%,0.00%,56.50%,34.90%,8.60%,0.00%,19.40%,54.40%,23.40%,0.00%,0.60%,2.30%,0.00%,49.70%,21.40%,24.50%,0.00%,4.30%,0.00%,85.50%,10.60%,3.90%,0.00%,67.30%,27.30%,5.50%,0.00%,56.90%,41.80%,1.30%,0.00%
,,Middle 20%,70.90%,10.30%,18.70%,26.60%,72.80%,0.60%,0.00%,55.30%,42.40%,2.30%,0.00%,68.30%,24.80%,6.80%,0.00%,60.50%,37.00%,2.40%,0.00%,6.10%,86.50%,4.60%,0.20%,2.50%,0.00%,47.20%,46.10%,6.70%,0.00%,15.60%,45.70%,35.80%,0.30%,0.70%,1.50%,0.40%,44.40%,21.00%,31.30%,0.00%,3.30%,0.00%,72.10%,26.10%,1.70%,0.00%,70.90%,19.00%,10.10%,0.00%,64.30%,33.10%,2.60%,0.00%
,,Fourth 20%,61.70%,8.80%,29.50%,19.90%,80.10%,0.00%,0.00%,58.80%,40.10%,1.20%,0.00%,74.50%,21.40%,4.20%,0.00%,61.60%,28.90%,8.70%,0.80%,5.60%,88.40%,4.70%,0.00%,1.20%,0.00%,58.10%,38.80%,3.10%,0.00%,16.80%,49.10%,31.10%,0.00%,0.30%,2.70%,0.00%,50.90%,20.60%,27.60%,0.00%,0.80%,0.00%,77.10%,21.00%,1.90%,0.00%,71.20%,25.70%,3.10%,0.00%,62.20%,35.40%,2.40%,0.00%
,,Richest 20%,51.80%,5.40%,42.80%,20.60%,79.00%,0.40%,0.00%,69.00%,30.60%,0.40%,0.00%,82.50%,15.30%,2.30%,0.00%,75.50%,20.80%,3.70%,0.00%,5.50%,84.40%,6.40%,0.20%,3.50%,0.00%,67.30%,27.90%,4.80%,0.00%,24.90%,44.20%,25.60%,0.70%,0.00%,4.70%,0.00%,50.80%,18.00%,25.40%,0.90%,4.90%,0.00%,77.90%,18.50%,3.60%,0.00%,73.90%,18.80%,7.30%,0.00%,54.90%,42.50%,2.50%,0.00%
,Feelings About Household Income,Living comfortably on present income,49.10%,4.10%,46.80%,13.20%,86.80%,0.00%,0.00%,69.40%,28.60%,2.00%,0.00%,80.60%,15.40%,4.00%,0.00%,89.80%,7.40%,2.80%,0.00%,6.70%,84.00%,7.40%,0.00%,1.90%,0.00%,80.40%,15.70%,3.90%,0.00%,21.40%,49.50%,25.40%,0.70%,1.00%,1.90%,0.00%,51.60%,17.50%,28.00%,1.00%,1.90%,0.00%,92.20%,7.40%,0.40%,0.00%,79.20%,16.40%,4.30%,0.00%,57.80%,37.90%,4.30%,0.00%
,,Getting by on present income,68.30%,6.80%,24.90%,22.10%,77.40%,0.40%,0.00%,62.90%,36.30%,0.70%,0.00%,78.10%,18.60%,3.40%,0.00%,69.80%,25.00%,5.30%,0.00%,5.60%,86.50%,4.80%,0.10%,2.90%,0.00%,60.50%,32.20%,7.40%,0.00%,20.20%,48.80%,27.70%,0.00%,0.20%,3.10%,0.00%,48.50%,18.30%,28.50%,0.00%,4.70%,0.00%,77.30%,20.60%,2.10%,0.00%,71.80%,23.70%,4.50%,0.00%,60.00%,38.60%,1.40%,0.00%
,,Finding it difficult on present income,65.70%,8.80%,25.50%,26.40%,73.40%,0.20%,0.00%,51.70%,47.40%,0.90%,0.00%,70.40%,24.90%,4.70%,0.00%,59.00%,35.70%,5.40%,0.00%,4.20%,91.80%,2.60%,0.30%,1.20%,0.00%,46.00%,46.70%,7.30%,0.00%,15.40%,48.40%,30.80%,1.10%,0.00%,4.20%,0.00%,47.70%,21.90%,28.90%,0.00%,1.50%,0.00%,79.60%,18.40%,2.10%,0.00%,69.90%,25.10%,5.00%,0.00%,59.40%,39.00%,1.60%,0.00%
,,Finding it very difficult on present income,66.30%,16.50%,17.20%,29.50%,70.50%,0.00%,0.00%,34.70%,63.60%,1.60%,0.00%,62.80%,33.00%,4.10%,0.00%,42.80%,49.30%,7.20%,0.70%,6.00%,88.70%,2.70%,0.00%,2.60%,0.00%,39.30%,52.20%,8.50%,0.00%,16.90%,42.90%,36.30%,0.20%,0.30%,3.00%,0.40%,42.20%,26.10%,30.80%,0.00%,0.90%,0.00%,68.20%,27.60%,4.30%,0.00%,65.40%,26.10%,8.50%,0.00%,64.50%,34.30%,1.20%,0.00%
,Urban/Rural,A rural area or on a farm,64.10%,11.50%,24.40%,19.60%,80.40%,0.00%,0.00%,51.90%,45.70%,2.40%,0.00%,71.90%,24.60%,3.50%,0.00%,63.40%,29.70%,6.90%,0.00%,3.20%,88.70%,2.50%,0.00%,5.70%,0.00%,57.10%,30.80%,12.10%,0.00%,18.50%,42.30%,31.50%,0.80%,0.30%,6.60%,0.00%,46.40%,22.80%,26.40%,0.00%,4.40%,0.00%,80.70%,14.10%,5.10%,0.00%,71.70%,19.10%,9.20%,0.00%,64.30%,30.70%,5.00%,0.00%
,,A small town or villAge,61.20%,11.30%,27.50%,19.70%,80.00%,0.30%,0.00%,56.20%,43.50%,0.30%,0.00%,76.30%,19.00%,4.70%,0.00%,63.60%,32.30%,4.00%,0.00%,7.00%,83.40%,6.80%,0.40%,2.50%,0.00%,55.90%,39.70%,4.50%,0.00%,16.30%,51.00%,29.30%,0.20%,0.70%,2.50%,0.00%,44.40%,21.20%,29.20%,0.70%,4.50%,0.00%,73.30%,24.20%,2.50%,0.00%,70.20%,23.20%,6.70%,0.00%,57.80%,38.60%,3.60%,0.00%
,,A large city,64.90%,5.50%,29.60%,28.70%,71.00%,0.30%,0.00%,58.10%,41.60%,0.40%,0.00%,72.40%,23.50%,4.10%,0.00%,65.60%,28.40%,5.60%,0.40%,6.10%,89.00%,3.30%,0.00%,1.60%,0.00%,54.10%,38.70%,7.30%,0.00%,19.90%,46.40%,29.90%,0.30%,0.20%,3.10%,0.20%,47.60%,18.00%,32.80%,0.00%,1.60%,0.00%,75.60%,21.90%,2.40%,0.00%,70.30%,24.30%,5.40%,0.00%,55.10%,44.20%,0.80%,0.00%
,,A suburb of a large city,73.90%,6.50%,19.50%,26.30%,73.70%,0.00%,0.00%,39.20%,54.40%,6.40%,0.00%,82.50%,17.50%,0.00%,0.00%,68.60%,26.00%,5.40%,0.00%,6.90%,84.00%,6.10%,0.00%,3.00%,0.00%,64.00%,34.50%,1.60%,0.00%,21.70%,55.10%,23.10%,0.00%,0.00%,0.00%,0.00%,51.60%,20.20%,25.20%,0.00%,3.00%,0.00%,91.50%,7.10%,1.50%,0.00%,71.00%,29.00%,0.00%,0.00%,72.10%,27.90%,0.00%,0.00%
Saudi Arabia,Age,15-24,53.20%,4.20%,42.60%,6.40%,93.60%,0.00%,0.00%,92.40%,7.60%,0.00%,0.00%,62.90%,37.10%,0.00%,0.00%,93.20%,6.80%,0.00%,0.00%,24.90%,71.70%,3.20%,0.00%,0.20%,0.00%,83.80%,15.50%,0.70%,0.00%,32.20%,35.20%,32.50%,0.10%,0.00%,0.00%,0.00%,81.10%,12.00%,6.80%,0.10%,0.00%,0.00%,85.20%,14.80%,0.00%,0.00%,80.60%,19.40%,0.00%,0.00%,68.00%,32.00%,0.00%,0.00%
,,25-34,53.60%,1.50%,44.90%,4.10%,95.50%,0.40%,0.00%,89.90%,10.00%,0.00%,0.10%,73.50%,26.50%,0.00%,0.00%,93.20%,6.80%,0.00%,0.00%,16.40%,77.50%,6.10%,0.00%,0.00%,0.00%,80.20%,19.30%,0.60%,0.00%,23.80%,46.70%,28.80%,0.70%,0.00%,0.00%,0.00%,65.20%,24.30%,10.60%,0.00%,0.00%,0.00%,84.80%,15.20%,0.00%,0.00%,76.00%,23.80%,0.10%,0.00%,71.10%,28.90%,0.00%,0.00%
,,35-44,55.30%,3.80%,41.00%,8.80%,91.20%,0.00%,0.00%,87.70%,12.30%,0.00%,0.00%,77.70%,22.30%,0.00%,0.00%,94.20%,5.50%,0.00%,0.30%,15.20%,81.60%,3.20%,0.00%,0.00%,0.00%,78.10%,20.90%,0.00%,1.00%,30.10%,53.60%,15.80%,0.40%,0.00%,0.00%,0.00%,67.20%,17.60%,15.20%,0.00%,0.00%,0.00%,83.60%,16.40%,0.00%,0.00%,72.00%,28.00%,0.00%,0.00%,69.20%,30.80%,0.00%,0.00%
,,45-64,46.40%,0.00%,53.60%,24.90%,75.10%,0.00%,0.00%,85.90%,14.10%,0.00%,0.00%,79.90%,20.10%,0.00%,0.00%,97.20%,2.80%,0.00%,0.00%,7.40%,87.80%,4.80%,0.00%,0.00%,0.00%,84.60%,15.40%,0.00%,0.00%,25.80%,64.00%,8.00%,2.30%,0.00%,0.00%,0.00%,51.60%,20.40%,26.50%,0.00%,1.40%,0.00%,86.20%,11.00%,2.80%,0.00%,69.10%,28.10%,2.80%,0.00%,56.10%,41.30%,2.60%,0.00%
,,65+,63.20%,0.00%,36.80%,55.10%,44.90%,0.00%,0.00%,100.00%,0.00%,0.00%,0.00%,100.00%,0.00%,0.00%,0.00%,100.00%,0.00%,0.00%,0.00%,0.00%,71.00%,29.00%,0.00%,0.00%,0.00%,100.00%,0.00%,0.00%,0.00%,26.10%,44.90%,29.00%,0.00%,0.00%,0.00%,0.00%,84.10%,0.00%,15.90%,0.00%,0.00%,0.00%,100.00%,0.00%,0.00%,0.00%,100.00%,0.00%,0.00%,0.00%,64.70%,35.30%,0.00%,0.00%
,Gender,Male,56.10%,3.50%,40.50%,10.40%,89.40%,0.20%,0.00%,87.80%,12.10%,0.00%,0.10%,76.80%,23.20%,0.00%,0.00%,92.80%,7.20%,0.00%,0.00%,17.70%,77.30%,5.00%,0.00%,0.10%,0.00%,76.50%,22.60%,0.50%,0.50%,24.50%,56.70%,17.40%,1.40%,0.00%,0.00%,0.00%,66.50%,17.40%,15.60%,0.00%,0.50%,0.00%,83.40%,15.90%,0.70%,0.00%,72.80%,26.50%,0.70%,0.00%,68.10%,31.30%,0.60%,0.00%
,,Female,47.40%,0.80%,51.80%,12.40%,87.60%,0.00%,0.00%,90.70%,9.30%,0.00%,0.00%,70.50%,29.50%,0.00%,0.00%,96.90%,2.80%,0.00%,0.20%,12.50%,83.30%,4.20%,0.00%,0.00%,0.00%,89.10%,10.90%,0.00%,0.00%,32.70%,40.60%,26.50%,0.10%,0.00%,0.00%,0.00%,65.60%,20.60%,13.70%,0.10%,0.00%,0.00%,89.00%,11.00%,0.00%,0.00%,78.50%,21.50%,0.00%,0.00%,64.00%,36.00%,0.00%,0.00%
,Employment Status,Employed full time for an employer,50.10%,2.70%,47.20%,10.30%,89.50%,0.20%,0.00%,88.50%,11.40%,0.00%,0.10%,77.00%,23.00%,0.00%,0.00%,94.30%,5.70%,0.00%,0.00%,15.60%,78.30%,6.00%,0.00%,0.10%,0.00%,79.80%,19.30%,0.30%,0.60%,23.40%,54.30%,20.70%,1.70%,0.00%,0.00%,0.00%,64.10%,18.70%,17.20%,0.00%,0.00%,0.00%,84.30%,15.00%,0.60%,0.00%,74.90%,24.40%,0.70%,0.00%,68.20%,31.20%,0.60%,0.00%
,,Employed full time for self,67.10%,3.50%,29.40%,16.70%,83.30%,0.00%,0.00%,86.50%,13.50%,0.00%,0.00%,74.20%,25.80%,0.00%,0.00%,98.20%,1.80%,0.00%,0.00%,9.80%,83.90%,6.30%,0.00%,0.00%,0.00%,74.40%,25.60%,0.00%,0.00%,29.20%,51.50%,19.40%,0.00%,0.00%,0.00%,0.00%,53.40%,40.10%,5.80%,0.60%,0.00%,0.00%,86.90%,13.10%,0.00%,0.00%,78.10%,21.90%,0.00%,0.00%,70.30%,29.70%,0.00%,0.00%
,,Employed part time do not want full time,36.70%,0.00%,63.30%,13.50%,86.50%,0.00%,0.00%,90.10%,9.90%,0.00%,0.00%,72.60%,27.40%,0.00%,0.00%,87.00%,13.00%,0.00%,0.00%,21.30%,78.00%,0.70%,0.00%,0.00%,0.00%,90.80%,9.20%,0.00%,0.00%,25.50%,50.20%,24.40%,0.00%,0.00%,0.00%,0.00%,71.30%,16.40%,12.30%,0.00%,0.00%,0.00%,94.80%,5.20%,0.00%,0.00%,75.50%,24.50%,0.00%,0.00%,57.60%,42.40%,0.00%,0.00%
,,Unemployed,71.60%,5.70%,22.70%,5.20%,94.80%,0.00%,0.00%,84.80%,15.20%,0.00%,0.00%,58.90%,41.10%,0.00%,0.00%,96.20%,3.80%,0.00%,0.00%,18.90%,79.30%,1.80%,0.00%,0.00%,0.00%,72.40%,27.60%,0.00%,0.00%,32.00%,39.30%,28.70%,0.00%,0.00%,0.00%,0.00%,70.50%,24.70%,4.80%,0.00%,0.00%,0.00%,0.00%,0.00%,0.00%,0.00%,0.00%,0.00%,0.00%,0.00%,0.00%,0.00%,0.00%,0.00%
,,Employed part time want full time,74.20%,0.90%,24.90%,7.90%,92.10%,0.00%,0.00%,90.90%,9.10%,0.00%,0.00%,80.30%,19.70%,0.00%,0.00%,87.90%,12.10%,0.00%,0.00%,22.10%,67.20%,10.70%,0.00%,0.00%,0.00%,68.50%,31.50%,0.00%,0.00%,41.20%,48.70%,10.10%,0.00%,0.00%,0.00%,0.00%,77.40%,8.30%,14.20%,0.00%,0.00%,0.00%,79.30%,20.70%,0.00%,0.00%,59.70%,40.30%,0.00%,0.00%,59.20%,40.80%,0.00%,0.00%
,,Out of workforce,47.20%,1.00%,51.80%,14.10%,85.90%,0.00%,0.00%,91.10%,8.90%,0.00%,0.00%,73.70%,26.30%,0.00%,0.00%,95.60%,4.10%,0.00%,0.30%,13.80%,83.80%,2.40%,0.00%,0.00%,0.00%,89.30%,10.20%,0.50%,0.00%,32.30%,46.70%,20.90%,0.10%,0.00%,0.00%,0.00%,68.00%,15.20%,15.60%,0.00%,1.10%,0.00%,0.00%,0.00%,0.00%,0.00%,0.00%,0.00%,0.00%,0.00%,0.00%,0.00%,0.00%,0.00%
,Per Capita Income Quintiles,Poorest 20%,55.60%,1.50%,42.90%,13.80%,86.20%,0.00%,0.00%,88.00%,12.00%,0.00%,0.00%,78.60%,21.40%,0.00%,0.00%,93.50%,6.50%,0.00%,0.00%,10.70%,88.00%,1.20%,0.00%,0.00%,0.00%,74.40%,23.30%,0.90%,1.40%,18.70%,66.50%,14.80%,0.00%,0.00%,0.00%,0.00%,64.10%,16.70%,17.60%,0.00%,1.60%,0.00%,82.90%,13.60%,3.50%,0.00%,70.70%,25.80%,3.50%,0.00%,72.50%,27.50%,0.00%,0.00%
,,Second 20%,60.60%,5.10%,34.30%,16.50%,83.50%,0.00%,0.00%,82.20%,17.80%,0.00%,0.00%,74.60%,25.40%,0.00%,0.00%,95.50%,4.50%,0.00%,0.00%,13.80%,79.50%,6.80%,0.00%,0.00%,0.00%,78.60%,21.40%,0.00%,0.00%,35.50%,44.70%,18.20%,1.60%,0.00%,0.00%,0.00%,61.70%,18.30%,19.90%,0.00%,0.00%,0.00%,86.40%,13.60%,0.00%,0.00%,68.80%,31.20%,0.00%,0.00%,79.40%,20.60%,0.00%,0.00%
,,Middle 20%,45.30%,1.80%,52.90%,6.90%,93.10%,0.00%,0.00%,91.60%,8.40%,0.00%,0.00%,73.40%,26.60%,0.00%,0.00%,95.40%,4.60%,0.00%,0.00%,14.10%,81.50%,4.30%,0.00%,0.00%,0.00%,84.50%,15.50%,0.00%,0.00%,28.30%,45.20%,26.50%,0.00%,0.00%,0.00%,0.00%,65.80%,21.20%,13.00%,0.00%,0.00%,0.00%,82.50%,17.50%,0.00%,0.00%,73.40%,26.60%,0.00%,0.00%,59.00%,41.00%,0.00%,0.00%
,,Fourth 20%,56.60%,2.80%,40.60%,8.90%,90.50%,0.60%,0.00%,94.70%,5.30%,0.00%,0.00%,68.00%,32.00%,0.00%,0.00%,95.50%,4.50%,0.00%,0.00%,16.60%,76.80%,6.60%,0.00%,0.00%,0.00%,87.10%,12.90%,0.00%,0.00%,22.80%,49.00%,26.30%,1.90%,0.00%,0.00%,0.00%,65.80%,19.70%,14.50%,0.00%,0.00%,0.00%,88.90%,11.10%,0.00%,0.00%,77.30%,22.50%,0.20%,0.00%,64.80%,35.20%,0.00%,0.00%
,,Richest 20%,44.60%,0.80%,54.60%,10.00%,90.00%,0.00%,0.00%,88.60%,11.30%,0.00%,0.20%,76.70%,23.30%,0.00%,0.00%,92.60%,6.90%,0.00%,0.50%,22.60%,72.90%,4.20%,0.00%,0.20%,0.00%,83.10%,16.30%,0.60%,0.00%,33.50%,45.90%,19.80%,0.80%,0.00%,0.00%,0.00%,73.30%,17.60%,9.00%,0.10%,0.00%,0.00%,83.00%,17.00%,0.00%,0.00%,79.50%,20.50%,0.00%,0.00%,61.30%,36.60%,2.10%,0.00%
,Feelings About Household Income,Living comfortably on present income,44.50%,0.50%,54.90%,6.30%,93.40%,0.40%,0.00%,92.10%,7.80%,0.00%,0.10%,76.80%,23.20%,0.00%,0.00%,95.90%,4.10%,0.00%,0.00%,21.00%,74.00%,4.90%,0.00%,0.10%,0.00%,89.90%,8.80%,0.40%,0.90%,30.40%,49.30%,19.60%,0.80%,0.00%,0.00%,0.00%,68.50%,21.30%,10.30%,0.00%,0.00%,0.00%,87.60%,10.90%,1.50%,0.00%,82.10%,17.90%,0.00%,0.00%,71.80%,28.20%,0.00%,0.00%
,,Getting by on present income,50.10%,2.60%,47.20%,13.80%,86.20%,0.00%,0.00%,89.80%,10.20%,0.00%,0.00%,73.20%,26.80%,0.00%,0.00%,94.30%,5.50%,0.00%,0.20%,11.70%,83.10%,5.20%,0.00%,0.00%,0.00%,82.30%,17.30%,0.30%,0.00%,26.00%,51.50%,22.00%,0.40%,0.00%,0.00%,0.00%,65.60%,18.10%,15.70%,0.00%,0.70%,0.00%,86.20%,13.80%,0.00%,0.00%,72.70%,27.30%,0.00%,0.00%,66.60%,32.30%,1.10%,0.00%
,,Finding it difficult on present income,69.40%,5.70%,24.90%,16.70%,83.30%,0.00%,0.00%,81.90%,18.10%,0.00%,0.00%,73.70%,26.30%,0.00%,0.00%,95.60%,4.40%,0.00%,0.00%,12.90%,84.20%,2.90%,0.00%,0.00%,0.00%,68.70%,31.30%,0.00%,0.00%,27.60%,54.50%,15.70%,2.10%,0.00%,0.00%,0.00%,61.10%,16.00%,22.90%,0.00%,0.00%,0.00%,81.70%,18.30%,0.00%,0.00%,63.80%,33.10%,3.10%,0.00%,59.60%,40.40%,0.00%,0.00%
,,Finding it very difficult on present income,79.00%,1.80%,19.30%,1.50%,98.50%,0.00%,0.00%,87.80%,12.20%,0.00%,0.00%,64.90%,35.10%,0.00%,0.00%,80.00%,20.00%,0.00%,0.00%,26.60%,70.50%,2.90%,0.00%,0.00%,0.00%,53.70%,46.30%,0.00%,0.00%,31.80%,26.50%,41.70%,0.00%,0.00%,0.00%,0.00%,68.30%,18.00%,13.00%,0.70%,0.00%,0.00%,56.50%,43.50%,0.00%,0.00%,70.90%,29.10%,0.00%,0.00%,67.20%,32.80%,0.00%,0.00%
,Urban/Rural,A rural area or on a farm,69.20%,6.80%,24.10%,15.30%,84.70%,0.00%,0.00%,93.50%,5.60%,0.00%,0.90%,59.70%,40.30%,0.00%,0.00%,95.40%,4.60%,0.00%,0.00%,17.50%,77.20%,5.20%,0.00%,0.00%,0.00%,79.00%,21.00%,0.00%,0.00%,25.40%,47.20%,27.40%,0.00%,0.00%,0.00%,0.00%,50.80%,30.00%,19.20%,0.00%,0.00%,0.00%,95.50%,4.50%,0.00%,0.00%,78.30%,21.70%,0.00%,0.00%,64.60%,35.40%,0.00%,0.00%
,,A small town or villAge,43.40%,2.90%,53.70%,16.70%,83.30%,0.00%,0.00%,80.60%,19.40%,0.00%,0.00%,84.10%,15.90%,0.00%,0.00%,93.90%,6.10%,0.00%,0.00%,6.90%,92.60%,0.50%,0.00%,0.00%,0.00%,66.20%,24.70%,3.00%,6.10%,26.60%,66.30%,7.20%,0.00%,0.00%,0.00%,0.00%,57.70%,23.50%,11.90%,0.00%,6.90%,0.00%,91.90%,8.10%,0.00%,0.00%,77.60%,21.70%,0.70%,0.00%,48.70%,51.30%,0.00%,0.00%
,,A large city,52.60%,2.40%,44.90%,10.00%,90.00%,0.00%,0.00%,88.80%,11.20%,0.00%,0.00%,74.00%,26.00%,0.00%,0.00%,95.10%,4.80%,0.00%,0.10%,16.90%,77.90%,5.10%,0.00%,0.10%,0.00%,82.30%,17.50%,0.20%,0.00%,28.70%,47.90%,22.30%,1.00%,0.00%,0.00%,0.00%,67.40%,18.60%,14.00%,0.00%,0.00%,0.00%,83.60%,15.80%,0.60%,0.00%,73.90%,25.50%,0.60%,0.00%,69.50%,29.90%,0.60%,0.00%
,,A suburb of a large city,49.40%,0.00%,50.60%,18.40%,80.20%,1.30%,0.00%,93.70%,6.30%,0.00%,0.00%,77.70%,22.30%,0.00%,0.00%,88.70%,11.30%,0.00%,0.00%,6.70%,91.40%,1.90%,0.00%,0.00%,0.00%,83.50%,16.50%,0.00%,0.00%,20.50%,64.90%,14.40%,0.20%,0.00%,0.00%,0.00%,65.30%,12.10%,22.60%,0.00%,0.00%,0.00%,88.00%,12.00%,0.00%,0.00%,73.40%,26.60%,0.00%,0.00%,55.70%,44.30%,0.00%,0.00%
Turkey,Age,15-24,61.30%,14.00%,24.70%,8.10%,91.90%,0.00%,0.00%,88.30%,11.20%,0.50%,0.00%,72.00%,27.70%,0.20%,0.00%,58.60%,38.10%,3.30%,0.00%,41.90%,54.80%,1.70%,0.90%,0.70%,0.00%,50.90%,46.10%,3.00%,0.00%,30.20%,19.00%,31.20%,8.50%,7.40%,3.80%,0.00%,73.90%,19.20%,5.80%,0.00%,1.10%,0.00%,47.10%,49.70%,3.20%,0.00%,67.90%,30.30%,1.70%,0.00%,43.50%,56.50%,0.00%,0.00%
,,25-34,52.80%,25.60%,21.60%,7.20%,92.80%,0.00%,0.00%,83.10%,15.50%,1.30%,0.00%,69.90%,27.10%,3.00%,0.00%,62.10%,35.20%,2.60%,0.00%,29.00%,64.50%,4.60%,1.60%,0.30%,0.00%,45.20%,50.00%,4.90%,0.00%,25.40%,30.40%,34.90%,3.30%,2.70%,2.50%,0.70%,65.30%,25.00%,8.10%,1.00%,0.60%,0.00%,59.10%,36.70%,3.50%,0.70%,64.60%,26.20%,8.30%,0.90%,36.30%,63.20%,0.50%,0.00%
,,35-44,51.80%,27.10%,21.10%,13.40%,86.60%,0.00%,0.00%,86.30%,13.70%,0.00%,0.00%,64.70%,31.20%,4.10%,0.00%,59.40%,39.70%,0.80%,0.00%,15.10%,72.30%,9.20%,2.50%,0.70%,0.10%,45.70%,50.70%,3.70%,0.00%,25.60%,38.70%,28.90%,2.90%,1.00%,2.70%,0.30%,63.80%,19.70%,14.60%,0.00%,1.80%,0.00%,58.50%,35.40%,6.10%,0.00%,62.50%,31.00%,6.50%,0.00%,27.50%,72.50%,0.00%,0.00%
,,45-64,53.90%,29.00%,17.10%,27.70%,72.30%,0.00%,0.00%,79.40%,18.60%,2.00%,0.00%,75.10%,20.30%,4.70%,0.00%,60.60%,34.30%,5.10%,0.00%,12.60%,79.50%,6.60%,0.70%,0.60%,0.00%,50.60%,40.50%,7.80%,1.10%,16.80%,27.80%,47.20%,3.30%,3.00%,1.80%,0.00%,64.30%,17.60%,16.80%,1.10%,0.20%,0.00%,48.70%,37.50%,7.10%,6.60%,63.50%,24.40%,8.10%,4.00%,23.50%,76.10%,0.40%,0.00%
,,65+,57.80%,22.60%,19.70%,24.70%,75.30%,0.00%,0.00%,98.70%,0.00%,1.30%,0.00%,64.90%,35.10%,0.00%,0.00%,69.60%,30.40%,0.00%,0.00%,4.00%,79.30%,16.70%,0.00%,0.00%,0.00%,49.50%,39.40%,11.10%,0.00%,21.40%,26.10%,41.50%,0.00%,5.60%,5.40%,0.00%,50.80%,15.70%,29.50%,0.00%,4.00%,0.00%,100.00%,0.00%,0.00%,0.00%,62.10%,37.90%,0.00%,0.00%,77.80%,22.20%,0.00%,0.00%
,Gender,Male,51.90%,31.90%,16.20%,11.60%,88.40%,0.00%,0.00%,81.70%,16.20%,2.00%,0.10%,70.50%,26.60%,2.90%,0.00%,57.50%,40.30%,2.20%,0.00%,26.50%,65.20%,5.10%,2.10%,1.10%,0.10%,46.10%,49.00%,4.90%,0.00%,21.60%,28.00%,37.30%,3.80%,4.50%,4.40%,0.40%,59.80%,24.10%,13.90%,1.00%,1.10%,0.00%,54.30%,40.30%,5.20%,0.30%,60.10%,32.70%,7.00%,0.30%,34.80%,64.80%,0.40%,0.00%
,,Female,58.80%,15.40%,25.80%,19.60%,80.40%,0.00%,0.00%,87.80%,12.10%,0.10%,0.00%,70.60%,26.40%,2.90%,0.00%,64.10%,32.20%,3.80%,0.00%,19.30%,72.70%,7.30%,0.50%,0.30%,0.00%,50.80%,42.70%,5.90%,0.60%,26.00%,28.90%,36.20%,4.60%,2.80%,1.20%,0.30%,71.70%,15.70%,11.30%,0.10%,0.90%,0.30%,53.90%,35.00%,5.20%,5.90%,72.70%,17.70%,5.80%,3.80%,27.50%,72.50%,0.00%,0.00%
,Employment Status,Employed full time for an employer,56.50%,21.70%,21.90%,13.20%,86.80%,0.00%,0.00%,86.90%,11.00%,2.00%,0.00%,73.30%,26.50%,0.20%,0.00%,54.20%,44.90%,0.90%,0.00%,22.50%,69.10%,7.00%,1.00%,0.30%,0.00%,47.20%,48.60%,4.20%,0.00%,25.80%,31.10%,31.60%,4.80%,4.00%,2.10%,0.70%,59.90%,22.30%,16.50%,0.70%,0.60%,0.00%,57.80%,35.50%,4.70%,2.00%,68.00%,27.30%,4.60%,0.00%,35.90%,63.50%,0.60%,0.00%
,,Employed full time for self,55.40%,25.40%,19.30%,8.80%,91.20%,0.00%,0.00%,89.00%,10.30%,0.00%,0.70%,90.30%,5.80%,3.90%,0.00%,68.40%,23.30%,8.30%,0.00%,34.00%,53.10%,7.50%,5.50%,0.00%,0.00%,56.60%,41.70%,1.70%,0.00%,18.10%,44.00%,32.80%,0.40%,3.90%,0.80%,0.00%,54.10%,25.20%,19.90%,0.00%,0.80%,0.00%,65.00%,30.70%,4.20%,0.00%,68.40%,24.00%,7.60%,0.00%,29.30%,70.70%,0.00%,0.00%
,,Employed part time do not want full time,51.10%,20.00%,29.00%,21.50%,78.50%,0.00%,0.00%,91.60%,6.30%,2.10%,0.00%,66.20%,27.50%,6.30%,0.00%,64.80%,32.70%,2.40%,0.00%,20.60%,74.70%,2.10%,0.00%,2.60%,0.00%,52.30%,36.40%,8.60%,2.70%,24.90%,25.50%,35.70%,1.70%,6.60%,4.30%,1.40%,66.30%,21.90%,6.70%,3.10%,0.80%,1.10%,49.30%,40.80%,5.40%,4.50%,53.30%,33.00%,9.20%,4.50%,35.70%,64.30%,0.00%,0.00%
,,Unemployed,60.20%,29.00%,10.80%,8.30%,91.70%,0.00%,0.00%,81.00%,16.30%,2.70%,0.00%,66.30%,33.70%,0.00%,0.00%,44.00%,55.40%,0.70%,0.00%,30.00%,59.90%,5.50%,4.30%,0.00%,0.40%,44.40%,51.60%,3.90%,0.00%,15.40%,27.40%,46.80%,5.90%,2.90%,0.70%,0.80%,64.10%,24.00%,11.90%,0.00%,0.00%,0.00%,0.00%,0.00%,0.00%,0.00%,0.00%,0.00%,0.00%,0.00%,0.00%,0.00%,0.00%,0.00%
,,Employed part time want full time,37.90%,50.90%,11.20%,19.40%,80.60%,0.00%,0.00%,76.70%,23.30%,0.00%,0.00%,49.90%,46.20%,3.90%,0.00%,51.10%,42.80%,6.10%,0.00%,21.30%,74.10%,1.30%,1.80%,1.50%,0.00%,29.60%,64.00%,6.40%,0.00%,19.50%,20.20%,53.10%,4.00%,0.30%,2.90%,0.00%,63.50%,21.00%,15.60%,0.00%,0.00%,0.00%,45.30%,46.50%,6.50%,1.60%,67.50%,23.90%,6.70%,2.00%,23.40%,76.60%,0.00%,0.00%
,,Out of workforce,58.90%,18.20%,22.80%,16.40%,83.60%,0.00%,0.00%,83.80%,15.70%,0.50%,0.00%,73.00%,23.60%,3.30%,0.00%,66.60%,30.50%,2.90%,0.00%,21.20%,70.00%,7.90%,0.50%,0.40%,0.00%,51.80%,42.60%,5.70%,0.00%,25.90%,27.70%,34.40%,4.90%,3.60%,3.40%,0.00%,70.80%,16.60%,10.70%,0.10%,1.70%,0.00%,0.00%,0.00%,0.00%,0.00%,0.00%,0.00%,0.00%,0.00%,0.00%,0.00%,0.00%,0.00%
,Per Capita Income Quintiles,Poorest 20%,50.00%,39.10%,10.90%,17.20%,82.80%,0.00%,0.00%,68.00%,28.60%,3.40%,0.00%,60.90%,34.00%,5.00%,0.00%,47.70%,48.60%,3.70%,0.00%,21.10%,68.70%,8.40%,1.00%,0.80%,0.00%,30.80%,61.50%,7.70%,0.00%,19.60%,23.30%,41.20%,9.50%,4.50%,1.90%,0.00%,62.30%,24.70%,9.20%,1.00%,2.80%,0.00%,47.70%,44.80%,5.30%,2.10%,62.40%,28.50%,6.50%,2.50%,26.70%,73.30%,0.00%,0.00%
,,Second 20%,61.40%,25.20%,13.50%,17.20%,82.80%,0.00%,0.00%,79.50%,19.90%,0.60%,0.00%,66.80%,30.10%,3.10%,0.00%,47.40%,47.60%,5.00%,0.00%,21.00%,72.30%,4.10%,2.50%,0.00%,0.10%,38.30%,56.20%,5.50%,0.00%,22.70%,27.60%,41.10%,2.60%,2.40%,3.50%,0.10%,68.20%,20.00%,11.50%,0.20%,0.00%,0.00%,47.90%,49.60%,2.50%,0.00%,63.90%,23.30%,12.80%,0.00%,26.60%,73.40%,0.00%,0.00%
,,Middle 20%,50.50%,24.30%,25.20%,15.50%,84.50%,0.00%,0.00%,89.40%,10.30%,0.00%,0.20%,74.00%,24.30%,1.70%,0.00%,67.10%,31.50%,1.40%,0.00%,23.80%,68.50%,6.70%,0.30%,0.70%,0.00%,49.00%,44.50%,5.00%,1.50%,27.40%,28.60%,36.00%,2.70%,2.80%,2.50%,0.00%,68.70%,17.80%,11.80%,0.00%,1.60%,0.00%,47.20%,44.00%,5.80%,3.00%,64.40%,31.30%,1.30%,3.00%,24.10%,75.90%,0.00%,0.00%
,,Fourth 20%,63.10%,14.90%,21.90%,15.20%,84.80%,0.00%,0.00%,91.90%,7.50%,0.70%,0.00%,74.90%,23.60%,1.50%,0.00%,66.60%,30.70%,2.70%,0.00%,23.30%,69.30%,5.70%,1.00%,0.60%,0.00%,63.00%,36.10%,0.90%,0.00%,27.80%,27.90%,33.80%,2.60%,3.20%,3.40%,1.40%,72.30%,16.90%,9.00%,0.70%,0.40%,0.60%,60.40%,28.90%,8.80%,1.90%,67.70%,26.30%,4.20%,1.80%,41.80%,57.50%,0.60%,0.00%
,,Richest 20%,50.90%,16.60%,32.50%,12.60%,87.40%,0.00%,0.00%,94.50%,4.80%,0.70%,0.00%,76.20%,20.70%,3.10%,0.00%,74.90%,22.90%,2.20%,0.00%,25.40%,65.90%,6.00%,1.60%,1.20%,0.00%,60.80%,31.30%,7.80%,0.00%,21.50%,34.70%,31.70%,3.90%,5.40%,2.60%,0.20%,57.30%,20.20%,21.30%,0.80%,0.40%,0.00%,67.00%,25.60%,3.50%,3.80%,64.10%,27.40%,8.60%,0.00%,42.30%,57.10%,0.60%,0.00%
,Feelings About Household Income,Living comfortably on present income,40.80%,15.30%,43.80%,11.30%,88.70%,0.00%,0.00%,96.10%,3.30%,0.60%,0.00%,72.60%,22.00%,5.30%,0.00%,89.10%,9.90%,1.00%,0.00%,32.70%,59.50%,6.90%,0.30%,0.60%,0.00%,72.10%,21.40%,6.50%,0.00%,23.50%,33.90%,29.40%,1.70%,7.30%,3.50%,0.90%,59.20%,15.60%,24.80%,0.00%,0.50%,0.00%,79.30%,16.80%,0.60%,3.30%,71.20%,24.10%,3.20%,1.60%,55.30%,43.50%,1.20%,0.00%
,,Getting by on present income,61.10%,13.50%,25.40%,17.00%,83.00%,0.00%,0.00%,92.20%,7.60%,0.30%,0.00%,78.70%,20.50%,0.80%,0.00%,68.50%,29.50%,2.00%,0.00%,21.80%,71.00%,4.90%,1.90%,0.30%,0.00%,52.00%,42.70%,5.30%,0.00%,27.00%,27.50%,34.00%,3.90%,3.90%,3.70%,0.00%,67.10%,21.00%,10.10%,0.30%,1.50%,0.00%,57.60%,36.60%,4.70%,1.10%,68.20%,24.80%,5.30%,1.70%,29.20%,70.50%,0.30%,0.00%
,,Finding it difficult on present income,58.40%,27.90%,13.70%,15.50%,84.50%,0.00%,0.00%,76.10%,21.10%,2.80%,0.00%,69.10%,28.20%,2.60%,0.00%,54.90%,42.40%,2.60%,0.00%,23.10%,66.20%,9.90%,0.80%,0.00%,0.00%,47.20%,47.40%,4.10%,1.30%,18.10%,28.30%,44.70%,6.90%,0.80%,0.70%,0.50%,65.00%,18.40%,15.10%,1.00%,0.60%,0.00%,55.70%,34.00%,5.40%,4.90%,62.90%,27.20%,7.50%,2.40%,35.40%,64.60%,0.00%,0.00%
,,Finding it very difficult on present income,46.60%,46.80%,6.60%,16.20%,83.80%,0.00%,0.00%,73.10%,25.50%,1.10%,0.20%,52.80%,41.30%,5.90%,0.00%,35.20%,59.60%,5.20%,0.00%,21.40%,71.90%,4.70%,1.20%,0.80%,0.00%,30.40%,63.80%,5.80%,0.00%,23.50%,26.90%,39.60%,3.50%,4.90%,1.60%,0.00%,67.60%,21.90%,9.50%,0.80%,0.10%,0.00%,33.10%,58.10%,8.00%,0.80%,55.60%,34.60%,9.80%,0.00%,20.70%,79.30%,0.00%,0.00%
,Urban/Rural,A rural area or on a farm,40.00%,49.50%,10.50%,19.40%,80.60%,0.00%,0.00%,80.00%,20.00%,0.00%,0.00%,61.20%,35.50%,3.30%,0.00%,60.00%,36.20%,3.80%,0.00%,17.30%,62.10%,9.50%,7.10%,3.90%,0.00%,39.40%,57.90%,2.70%,0.00%,24.20%,33.80%,35.70%,1.30%,5.00%,0.00%,0.00%,56.40%,30.70%,10.80%,2.10%,0.00%,0.00%,50.10%,46.10%,3.80%,0.00%,46.60%,34.40%,18.10%,0.90%,24.50%,75.50%,0.00%,0.00%
,,A small town or villAge,57.50%,24.60%,17.90%,11.70%,88.30%,0.00%,0.00%,85.70%,13.10%,1.20%,0.00%,69.90%,27.20%,2.90%,0.00%,64.70%,33.10%,2.10%,0.00%,19.90%,71.80%,7.40%,0.80%,0.00%,0.10%,51.40%,43.40%,4.30%,1.00%,24.70%,22.60%,41.00%,6.30%,3.90%,1.30%,0.20%,63.90%,19.60%,15.90%,0.00%,0.60%,0.00%,51.60%,40.10%,4.40%,3.90%,68.30%,25.50%,2.30%,3.90%,35.40%,64.60%,0.00%,0.00%
,,A large city,56.80%,17.80%,25.40%,16.10%,83.90%,0.00%,0.00%,84.90%,13.90%,1.10%,0.00%,71.20%,27.20%,1.60%,0.00%,60.30%,37.30%,2.30%,0.00%,23.50%,70.50%,5.40%,0.10%,0.50%,0.00%,50.40%,44.10%,5.50%,0.00%,24.80%,31.20%,34.80%,3.60%,2.90%,2.50%,0.20%,68.40%,19.40%,10.80%,0.80%,0.60%,0.00%,60.10%,34.40%,3.80%,1.80%,68.60%,24.70%,6.30%,0.40%,32.80%,66.60%,0.50%,0.00%
,,A suburb of a large city,53.10%,30.90%,16.00%,21.30%,78.70%,0.00%,0.00%,84.50%,14.00%,1.10%,0.40%,76.80%,14.80%,8.40%,0.00%,52.00%,40.20%,7.80%,0.00%,33.50%,58.60%,3.30%,3.50%,1.10%,0.00%,38.00%,52.00%,10.00%,0.00%,16.50%,29.10%,33.70%,2.80%,5.40%,10.40%,2.00%,66.30%,15.40%,12.30%,0.00%,4.80%,1.10%,41.80%,43.30%,13.40%,1.50%,52.70%,37.60%,9.80%,0.00%,28.10%,71.90%,0.00%,0.00%
United Kingdom,Age,15-24,34.30%,1.50%,64.30%,5.70%,94.30%,0.00%,0.00%,93.70%,3.90%,2.40%,0.00%,71.00%,29.00%,0.00%,0.00%,68.80%,29.20%,2.00%,0.00%,30.00%,55.60%,13.40%,1.00%,0.00%,0.00%,52.60%,45.50%,1.90%,0.00%,28.20%,36.40%,18.80%,12.70%,3.20%,0.80%,0.00%,38.20%,43.10%,18.20%,0.40%,0.00%,0.00%,77.00%,23.00%,0.00%,0.00%,73.50%,26.50%,0.00%,0.00%,62.90%,37.10%,0.00%,0.00%
,,25-34,40.10%,3.50%,56.30%,9.10%,90.90%,0.00%,0.00%,92.80%,7.20%,0.00%,0.00%,62.50%,37.50%,0.00%,0.00%,80.30%,15.80%,2.60%,1.30%,34.20%,57.30%,7.70%,0.80%,0.00%,0.00%,64.70%,28.40%,6.30%,0.60%,30.80%,40.70%,21.20%,3.70%,3.60%,0.00%,0.00%,41.40%,36.50%,21.30%,0.20%,0.50%,0.00%,79.80%,16.80%,3.40%,0.00%,67.50%,32.00%,0.50%,0.00%,76.70%,21.50%,1.80%,0.00%
,,35-44,45.80%,4.80%,49.40%,10.40%,89.60%,0.00%,0.00%,91.70%,8.30%,0.00%,0.00%,69.70%,30.30%,0.00%,0.00%,85.50%,11.50%,1.90%,1.10%,30.40%,59.70%,8.60%,1.30%,0.00%,0.00%,82.50%,13.30%,2.50%,1.70%,26.30%,40.60%,27.30%,4.80%,1.00%,0.00%,0.00%,47.90%,31.00%,17.90%,1.50%,1.70%,0.00%,75.70%,22.20%,0.50%,1.60%,61.90%,37.40%,0.80%,0.00%,72.30%,26.20%,1.50%,0.00%
,,45-64,41.80%,2.80%,55.40%,15.80%,84.20%,0.00%,0.00%,94.20%,5.80%,0.00%,0.00%,68.50%,29.50%,2.00%,0.00%,88.90%,9.90%,1.30%,0.00%,22.70%,67.50%,9.10%,0.40%,0.30%,0.00%,72.60%,26.30%,0.30%,0.80%,28.70%,56.80%,8.50%,3.00%,2.10%,1.00%,0.00%,27.50%,50.40%,21.40%,0.70%,0.00%,0.00%,75.10%,24.20%,0.30%,0.40%,80.10%,17.40%,2.50%,0.00%,53.00%,44.60%,2.30%,0.00%
,,65+,53.10%,6.20%,40.70%,39.00%,61.00%,0.00%,0.00%,89.70%,9.80%,0.50%,0.00%,70.90%,29.10%,0.00%,0.00%,87.00%,11.20%,1.20%,0.60%,12.60%,74.10%,10.50%,0.90%,1.90%,0.00%,72.30%,24.20%,1.60%,1.80%,20.70%,57.10%,13.00%,5.50%,1.30%,2.40%,0.00%,39.00%,26.50%,30.70%,0.30%,3.40%,0.00%,83.70%,2.00%,14.20%,0.00%,64.50%,19.60%,15.90%,0.00%,44.30%,41.50%,14.20%,0.00%
,Gender,Male,37.90%,6.40%,55.70%,18.30%,81.70%,0.00%,0.00%,89.20%,10.20%,0.70%,0.00%,66.70%,32.50%,0.80%,0.00%,83.40%,15.70%,0.80%,0.00%,28.10%,62.10%,8.30%,1.30%,0.20%,0.00%,69.70%,27.10%,2.20%,1.00%,29.60%,47.60%,16.30%,3.50%,2.20%,0.80%,0.00%,42.50%,38.90%,16.90%,0.80%,1.00%,0.00%,78.20%,19.70%,1.30%,0.80%,72.00%,25.70%,2.30%,0.00%,59.90%,37.20%,2.90%,0.00%
,,Female,48.80%,1.30%,49.90%,16.70%,83.30%,0.00%,0.00%,95.70%,4.00%,0.30%,0.00%,70.50%,29.00%,0.50%,0.00%,83.80%,12.70%,2.50%,1.00%,21.40%,66.50%,11.00%,0.30%,0.80%,0.00%,70.20%,26.60%,2.10%,1.00%,24.10%,49.60%,16.00%,7.10%,2.00%,1.10%,0.00%,32.20%,38.50%,27.60%,0.50%,1.20%,0.00%,75.50%,22.40%,1.80%,0.20%,71.00%,27.70%,1.30%,0.00%,68.50%,30.10%,1.40%,0.00%
,Employment Status,Employed full time for an employer,39.10%,2.40%,58.60%,7.20%,92.80%,0.00%,0.00%,94.30%,5.10%,0.60%,0.00%,72.50%,27.00%,0.50%,0.00%,86.80%,11.40%,1.20%,0.60%,33.30%,57.70%,8.20%,0.20%,0.60%,0.00%,75.40%,21.50%,2.60%,0.50%,31.20%,44.20%,19.30%,2.70%,2.30%,0.30%,0.00%,39.00%,40.60%,19.00%,0.60%,0.80%,0.00%,74.50%,24.10%,1.20%,0.20%,71.50%,27.10%,1.40%,0.00%,64.20%,33.50%,2.30%,0.00%
,,Employed full time for self,36.30%,2.40%,61.40%,14.80%,85.20%,0.00%,0.00%,91.40%,8.60%,0.00%,0.00%,57.10%,38.00%,4.80%,0.00%,90.20%,3.60%,3.60%,2.60%,25.90%,64.20%,6.30%,3.00%,0.50%,0.00%,82.90%,13.50%,3.60%,0.00%,29.20%,51.80%,12.20%,3.90%,2.40%,0.50%,0.00%,24.10%,49.50%,24.60%,0.70%,1.10%,0.00%,84.00%,11.90%,1.00%,3.00%,73.00%,26.00%,1.00%,0.00%,68.30%,30.70%,1.00%,0.00%
,,Employed part time do not want full time,30.20%,3.10%,66.80%,10.10%,89.90%,0.00%,0.00%,96.70%,3.30%,0.00%,0.00%,82.60%,15.50%,2.00%,0.00%,81.60%,18.40%,0.00%,0.00%,27.70%,65.60%,4.70%,2.00%,0.00%,0.00%,69.90%,24.90%,3.50%,1.80%,19.70%,56.30%,17.80%,3.50%,2.70%,0.00%,0.00%,41.30%,26.10%,25.90%,3.00%,3.70%,0.00%,87.80%,12.20%,0.00%,0.00%,65.60%,34.40%,0.00%,0.00%,53.60%,46.40%,0.00%,0.00%
,,Unemployed,54.00%,4.70%,41.40%,13.50%,86.50%,0.00%,0.00%,88.00%,12.00%,0.00%,0.00%,59.70%,40.30%,0.00%,0.00%,76.80%,23.20%,0.00%,0.00%,24.70%,68.90%,5.10%,1.30%,0.00%,0.00%,47.70%,45.10%,2.60%,4.70%,28.40%,48.60%,15.70%,1.70%,5.60%,0.00%,0.00%,29.20%,53.60%,16.40%,0.90%,0.00%,0.00%,0.00%,0.00%,0.00%,0.00%,0.00%,0.00%,0.00%,0.00%,0.00%,0.00%,0.00%,0.00%
,,Employed part time want full time,58.70%,0.00%,41.30%,8.90%,91.10%,0.00%,0.00%,88.30%,7.70%,3.90%,0.00%,74.30%,25.70%,0.00%,0.00%,93.90%,4.40%,1.70%,0.00%,26.80%,63.40%,9.70%,0.00%,0.00%,0.00%,77.90%,22.10%,0.00%,0.00%,15.40%,46.30%,21.80%,13.00%,0.00%,3.50%,0.00%,44.10%,50.40%,4.60%,0.80%,0.00%,0.00%,70.60%,20.70%,8.70%,0.00%,79.10%,10.70%,10.20%,0.00%,71.50%,21.50%,7.00%,0.00%
,,Out of workforce,47.50%,5.60%,46.90%,30.00%,70.00%,0.00%,0.00%,91.60%,8.10%,0.30%,0.00%,66.10%,33.90%,0.00%,0.00%,80.10%,17.20%,2.40%,0.30%,15.80%,69.50%,13.10%,0.80%,0.70%,0.00%,66.00%,31.50%,1.50%,1.00%,24.20%,51.30%,13.20%,8.20%,1.40%,1.70%,0.00%,37.90%,33.20%,27.40%,0.20%,1.30%,0.00%,0.00%,0.00%,0.00%,0.00%,0.00%,0.00%,0.00%,0.00%,0.00%,0.00%,0.00%,0.00%
,Per Capita Income Quintiles,Poorest 20%,52.40%,10.50%,37.00%,22.50%,77.50%,0.00%,0.00%,90.10%,8.30%,1.60%,0.00%,58.90%,38.40%,2.70%,0.00%,75.20%,24.50%,0.30%,0.00%,20.80%,71.50%,6.20%,0.70%,0.70%,0.00%,65.40%,30.50%,3.80%,0.30%,22.10%,53.20%,13.60%,8.70%,2.20%,0.20%,0.00%,33.50%,39.60%,23.70%,1.50%,1.70%,0.00%,71.90%,25.50%,2.60%,0.00%,71.50%,24.90%,3.60%,0.00%,56.90%,40.50%,2.60%,0.00%
,,Second 20%,44.70%,2.40%,52.90%,15.40%,84.60%,0.00%,0.00%,96.10%,3.90%,0.00%,0.00%,68.70%,31.30%,0.00%,0.00%,86.80%,11.90%,1.30%,0.00%,23.50%,62.40%,13.70%,0.30%,0.00%,0.00%,70.90%,26.60%,1.60%,0.90%,28.20%,44.80%,19.10%,3.10%,3.20%,1.50%,0.00%,36.80%,42.30%,19.10%,0.90%,1.00%,0.00%,77.40%,22.30%,0.30%,0.00%,69.20%,30.10%,0.70%,0.00%,64.60%,33.60%,1.80%,0.00%
,,Middle 20%,46.70%,3.80%,49.50%,19.50%,80.50%,0.00%,0.00%,92.60%,7.40%,0.00%,0.00%,68.60%,31.40%,0.00%,0.00%,82.10%,12.50%,4.50%,0.90%,21.20%,66.20%,11.70%,0.90%,0.00%,0.00%,67.90%,28.30%,1.70%,2.00%,27.40%,47.70%,14.70%,7.00%,1.60%,1.50%,0.00%,36.10%,35.30%,26.20%,0.00%,2.40%,0.00%,84.30%,13.20%,2.00%,0.60%,72.40%,25.40%,2.20%,0.00%,64.90%,32.70%,2.30%,0.00%
,,Fourth 20%,38.00%,0.50%,61.60%,16.20%,83.80%,0.00%,0.00%,91.30%,8.00%,0.70%,0.00%,74.50%,25.50%,0.00%,0.00%,85.10%,12.40%,1.90%,0.60%,28.80%,61.10%,9.50%,0.50%,0.00%,0.00%,71.70%,25.50%,2.50%,0.30%,26.70%,51.00%,16.80%,4.30%,0.80%,0.40%,0.00%,43.80%,37.40%,18.20%,0.60%,0.00%,0.00%,73.90%,26.10%,0.00%,0.00%,73.20%,26.40%,0.40%,0.00%,65.30%,33.60%,1.00%,0.00%
,,Richest 20%,35.70%,1.50%,62.80%,13.60%,86.40%,0.00%,0.00%,92.50%,7.50%,0.00%,0.00%,72.60%,27.00%,0.40%,0.00%,88.90%,9.60%,0.40%,1.00%,29.00%,60.40%,7.30%,1.60%,1.80%,0.00%,73.70%,23.40%,1.20%,1.60%,29.60%,46.60%,16.50%,3.50%,2.70%,1.10%,0.00%,35.90%,38.90%,24.60%,0.10%,0.40%,0.00%,76.90%,18.20%,2.90%,2.00%,71.50%,26.20%,2.40%,0.00%,67.40%,29.40%,3.10%,0.00%
,Feelings About Household Income,Living comfortably on present income,36.10%,1.30%,62.60%,14.60%,85.40%,0.00%,0.00%,95.50%,4.50%,0.00%,0.00%,73.30%,26.40%,0.20%,0.00%,88.50%,9.10%,2.00%,0.40%,26.70%,64.30%,8.30%,0.40%,0.20%,0.00%,73.60%,23.60%,2.00%,0.80%,29.90%,48.70%,15.20%,3.40%,2.20%,0.70%,0.00%,41.10%,36.80%,19.90%,0.30%,1.90%,0.00%,81.20%,18.50%,0.30%,0.00%,76.30%,22.70%,0.90%,0.00%,65.90%,32.90%,1.20%,0.00%
,,Getting by on present income,48.80%,1.60%,49.60%,16.30%,83.70%,0.00%,0.00%,92.30%,7.30%,0.40%,0.00%,72.00%,26.70%,1.30%,0.00%,84.30%,14.10%,0.80%,0.80%,24.80%,62.70%,9.80%,1.60%,1.00%,0.00%,70.80%,26.70%,1.80%,0.80%,25.00%,47.30%,18.60%,6.70%,1.30%,1.10%,0.00%,34.50%,38.50%,26.30%,0.20%,0.50%,0.00%,73.80%,21.70%,3.20%,1.30%,68.20%,29.70%,2.10%,0.00%,64.70%,32.30%,3.00%,0.00%
,,Finding it difficult on present income,62.70%,10.50%,26.80%,33.60%,66.40%,0.00%,0.00%,81.00%,16.80%,2.10%,0.00%,48.60%,51.40%,0.00%,0.00%,71.20%,24.70%,4.10%,0.00%,19.30%,65.10%,15.60%,0.00%,0.00%,0.00%,67.50%,28.20%,2.90%,1.30%,19.50%,49.30%,14.00%,9.60%,6.30%,1.30%,0.00%,30.20%,40.00%,25.60%,4.20%,0.00%,0.00%,76.70%,22.50%,0.80%,0.00%,67.10%,28.80%,4.20%,0.00%,53.70%,41.50%,4.80%,0.00%
,,Finding it very difficult on present income,37.50%,42.80%,19.70%,30.00%,70.00%,0.00%,0.00%,83.50%,13.20%,3.30%,0.00%,32.90%,67.10%,0.00%,0.00%,46.00%,54.00%,0.00%,0.00%,15.60%,77.20%,7.30%,0.00%,0.00%,0.00%,17.30%,69.50%,6.90%,6.30%,27.40%,55.30%,11.40%,5.90%,0.00%,0.00%,0.00%,35.40%,60.00%,4.70%,0.00%,0.00%,0.00%,57.70%,42.30%,0.00%,0.00%,39.00%,52.00%,9.00%,0.00%,58.20%,41.80%,0.00%,0.00%
,Urban/Rural,A rural area or on a farm,49.90%,2.40%,47.70%,24.50%,75.50%,0.00%,0.00%,93.20%,6.80%,0.00%,0.00%,69.10%,30.90%,0.00%,0.00%,88.70%,11.30%,0.00%,0.00%,15.10%,68.90%,16.00%,0.00%,0.00%,0.00%,84.10%,13.80%,1.40%,0.60%,24.00%,57.70%,12.80%,4.10%,0.40%,0.90%,0.00%,40.90%,31.80%,24.70%,1.60%,1.10%,0.00%,68.80%,26.00%,5.20%,0.00%,73.30%,20.60%,6.10%,0.00%,55.50%,35.40%,9.10%,0.00%
,,A small town or villAge,44.50%,3.70%,51.80%,19.80%,80.20%,0.00%,0.00%,91.40%,7.90%,0.70%,0.00%,71.40%,27.60%,1.00%,0.00%,80.80%,16.90%,2.30%,0.00%,24.60%,65.80%,8.10%,0.90%,0.60%,0.00%,64.10%,32.50%,2.00%,1.40%,25.40%,49.00%,15.90%,5.80%,2.60%,1.30%,0.00%,37.50%,40.50%,19.90%,0.50%,1.60%,0.00%,80.70%,17.60%,1.40%,0.20%,73.10%,25.90%,1.00%,0.00%,64.50%,34.50%,1.00%,0.00%
,,A large city,43.20%,6.40%,50.40%,14.50%,85.50%,0.00%,0.00%,93.20%,6.80%,0.00%,0.00%,65.90%,33.40%,0.70%,0.00%,85.60%,12.30%,0.40%,1.70%,29.20%,58.60%,11.00%,0.10%,1.10%,0.00%,73.40%,22.20%,3.10%,1.30%,26.90%,45.20%,19.20%,5.10%,2.80%,0.70%,0.00%,37.40%,35.10%,25.50%,0.90%,1.10%,0.00%,79.90%,19.90%,0.30%,0.00%,70.50%,28.40%,1.00%,0.00%,63.00%,35.70%,1.30%,0.00%
,,A suburb of a large city,38.30%,1.70%,60.00%,11.70%,88.30%,0.00%,0.00%,93.70%,5.60%,0.70%,0.00%,65.80%,34.20%,0.00%,0.00%,84.80%,11.90%,2.70%,0.60%,25.50%,64.60%,8.20%,1.70%,0.00%,0.00%,70.90%,26.90%,1.90%,0.20%,31.70%,46.90%,14.40%,5.20%,1.20%,0.50%,0.00%,34.70%,42.10%,23.20%,0.00%,0.00%,0.00%,69.40%,26.90%,1.70%,2.00%,68.80%,28.60%,2.60%,0.00%,67.80%,29.50%,2.70%,0.00%
France,Age,15-24,56.10%,1.70%,42.20%,1.10%,98.90%,0.00%,0.00%,100.00%,0.00%,0.00%,0.00%,75.20%,21.60%,3.30%,0.00%,85.30%,14.70%,0.00%,0.00%,24.30%,67.00%,5.10%,3.60%,0.00%,0.00%,79.90%,18.70%,0.00%,1.40%,32.30%,46.50%,14.70%,5.40%,1.10%,0.00%,0.00%,21.00%,60.30%,15.10%,2.20%,1.40%,0.00%,84.90%,15.10%,0.00%,0.00%,58.60%,38.50%,3.00%,0.00%,66.60%,30.40%,3.00%,0.00%
,,25-34,47.20%,1.10%,51.70%,5.20%,94.80%,0.00%,0.00%,95.50%,4.50%,0.00%,0.00%,73.30%,26.70%,0.00%,0.00%,87.40%,11.70%,0.70%,0.30%,21.00%,70.00%,5.90%,2.90%,0.10%,0.00%,75.90%,18.30%,5.10%,0.80%,27.50%,53.60%,12.50%,4.50%,1.20%,0.70%,0.00%,26.00%,44.50%,26.10%,2.60%,0.80%,0.00%,86.90%,12.10%,0.50%,0.50%,64.00%,36.00%,0.00%,0.00%,72.50%,24.70%,2.80%,0.00%
,,35-44,63.80%,2.50%,33.70%,9.60%,90.40%,0.00%,0.00%,94.20%,5.80%,0.00%,0.00%,67.80%,31.50%,0.20%,0.50%,87.10%,11.60%,0.50%,0.90%,17.80%,75.00%,5.50%,1.20%,0.50%,0.00%,75.80%,23.10%,1.10%,0.00%,11.80%,75.80%,8.90%,2.30%,1.20%,0.00%,0.00%,37.20%,39.80%,19.60%,1.50%,1.30%,0.60%,89.00%,8.90%,2.10%,0.00%,87.90%,10.60%,1.50%,0.00%,59.30%,38.40%,2.30%,0.00%
,,45-64,66.60%,4.30%,29.10%,21.60%,78.40%,0.00%,0.00%,91.40%,7.40%,1.20%,0.00%,71.30%,26.90%,1.80%,0.00%,78.40%,19.20%,1.70%,0.70%,17.30%,75.60%,6.50%,0.00%,0.60%,0.10%,66.90%,31.10%,2.00%,0.00%,17.20%,73.70%,6.20%,2.60%,0.40%,0.00%,0.00%,41.60%,30.30%,25.60%,2.10%,0.40%,0.00%,82.30%,17.40%,0.30%,0.00%,86.10%,13.40%,0.20%,0.40%,55.10%,43.90%,1.00%,0.00%
,,65+,71.60%,4.80%,23.60%,32.30%,67.70%,0.00%,0.00%,95.60%,4.40%,0.00%,0.00%,78.20%,21.00%,0.80%,0.00%,90.50%,7.70%,1.80%,0.00%,22.00%,68.30%,8.00%,0.70%,0.90%,0.20%,82.20%,14.10%,3.80%,0.00%,20.90%,66.70%,5.40%,6.20%,0.70%,0.10%,0.00%,30.60%,40.00%,26.10%,1.70%,1.60%,0.00%,60.90%,33.40%,0.00%,5.70%,57.20%,42.80%,0.00%,0.00%,46.70%,47.30%,6.10%,0.00%
,Gender,Male,62.50%,3.80%,33.60%,16.60%,83.40%,0.00%,0.00%,92.30%,7.70%,0.00%,0.00%,73.90%,26.00%,0.20%,0.00%,81.80%,16.00%,1.50%,0.70%,21.00%,68.70%,8.30%,1.30%,0.60%,0.10%,72.50%,25.20%,2.00%,0.20%,25.40%,59.40%,10.70%,3.60%,0.50%,0.30%,0.20%,33.80%,42.20%,19.40%,2.80%,1.60%,0.20%,88.30%,10.30%,0.90%,0.50%,75.00%,24.40%,0.30%,0.30%,59.80%,38.30%,1.90%,0.00%
,,Female,63.50%,2.70%,33.80%,17.90%,81.60%,0.00%,0.50%,96.30%,3.00%,0.70%,0.00%,72.00%,25.60%,2.30%,0.20%,87.10%,11.50%,0.80%,0.60%,19.40%,73.60%,4.80%,1.30%,0.40%,0.60%,76.70%,19.50%,2.80%,0.90%,16.40%,70.50%,6.40%,5.10%,1.10%,0.00%,0.50%,32.00%,38.30%,26.90%,1.70%,0.50%,0.50%,79.60%,19.90%,0.50%,0.00%,81.50%,17.30%,1.20%,0.00%,62.40%,35.40%,2.20%,0.00%
,Employment Status,Employed full time for an employer,56.30%,2.50%,41.20%,7.70%,92.30%,0.00%,0.00%,95.00%,4.00%,1.00%,0.00%,72.90%,26.10%,1.00%,0.00%,85.70%,12.50%,1.30%,0.50%,17.50%,74.80%,6.10%,0.90%,0.70%,0.10%,75.80%,22.50%,1.70%,0.00%,25.40%,62.70%,9.50%,1.90%,0.50%,0.00%,0.00%,39.00%,35.30%,22.50%,2.60%,0.30%,0.20%,86.30%,13.00%,0.70%,0.00%,79.40%,20.10%,0.40%,0.00%,64.70%,34.30%,1.00%,0.00%
,,Employed full time for self,67.70%,4.50%,27.70%,3.60%,96.40%,0.00%,0.00%,92.80%,7.20%,0.00%,0.00%,81.40%,17.50%,0.00%,1.10%,79.70%,14.60%,2.70%,3.00%,14.60%,81.10%,4.30%,0.00%,0.00%,0.00%,80.00%,18.60%,1.40%,0.00%,17.10%,60.00%,12.60%,8.90%,1.50%,0.00%,0.00%,35.00%,34.10%,30.90%,0.00%,0.00%,0.00%,84.20%,14.40%,0.00%,1.30%,87.20%,12.80%,0.00%,0.00%,55.40%,39.30%,5.30%,0.00%
,,Employed part time do not want full time,66.80%,0.00%,33.20%,12.70%,87.30%,0.00%,0.00%,95.40%,4.60%,0.00%,0.00%,71.90%,23.00%,5.10%,0.00%,75.50%,22.80%,1.60%,0.00%,25.10%,69.10%,0.00%,4.40%,1.40%,0.00%,67.50%,29.60%,2.90%,0.00%,23.50%,59.90%,5.50%,6.70%,4.40%,0.00%,0.00%,28.30%,32.90%,37.00%,1.80%,0.00%,0.00%,80.90%,17.60%,1.50%,0.00%,63.00%,28.90%,5.90%,2.20%,52.30%,40.00%,7.70%,0.00%
,,Unemployed,63.60%,8.60%,27.70%,14.10%,85.90%,0.00%,0.00%,94.90%,5.10%,0.00%,0.00%,62.20%,37.80%,0.00%,0.00%,77.90%,22.10%,0.00%,0.00%,26.40%,55.70%,12.30%,5.70%,0.00%,0.00%,57.80%,35.70%,4.20%,2.20%,10.70%,72.90%,3.20%,10.00%,1.50%,1.80%,0.00%,36.30%,34.20%,21.10%,5.70%,2.70%,0.00%,0.00%,0.00%,0.00%,0.00%,0.00%,0.00%,0.00%,0.00%,0.00%,0.00%,0.00%,0.00%
,,Employed part time want full time,60.90%,8.90%,30.20%,15.80%,84.20%,0.00%,0.00%,96.10%,3.90%,0.00%,0.00%,52.80%,47.20%,0.00%,0.00%,65.60%,34.40%,0.00%,0.00%,13.40%,72.80%,13.80%,0.00%,0.00%,0.00%,50.20%,43.90%,5.90%,0.00%,38.50%,53.30%,8.20%,0.00%,0.00%,0.00%,0.00%,19.80%,62.00%,18.20%,0.00%,0.00%,0.00%,66.70%,29.30%,2.10%,1.80%,51.60%,48.40%,0.00%,0.00%,38.70%,61.30%,0.00%,0.00%
,,Out of workforce,67.40%,2.90%,29.70%,27.60%,71.80%,0.00%,0.60%,93.90%,6.10%,0.00%,0.00%,74.20%,24.20%,1.60%,0.00%,87.10%,11.50%,0.90%,0.60%,22.50%,68.80%,6.40%,1.10%,0.50%,0.70%,77.10%,19.20%,2.80%,1.00%,17.60%,68.10%,7.80%,5.00%,0.60%,0.10%,0.80%,28.60%,44.80%,22.30%,2.10%,1.70%,0.60%,0.00%,0.00%,0.00%,0.00%,0.00%,0.00%,0.00%,0.00%,0.00%,0.00%,0.00%,0.00%
,Per Capita Income Quintiles,Poorest 20%,67.90%,3.30%,28.80%,17.60%,81.10%,0.00%,1.30%,93.70%,6.30%,0.00%,0.00%,66.90%,33.10%,0.00%,0.00%,79.30%,18.40%,1.10%,1.30%,21.80%,68.80%,7.10%,1.00%,0.00%,1.30%,67.20%,30.10%,0.50%,2.30%,16.10%,66.40%,9.30%,5.60%,0.80%,0.50%,1.30%,25.00%,45.70%,25.10%,2.20%,0.70%,1.30%,79.20%,20.20%,0.00%,0.60%,70.70%,29.30%,0.00%,0.00%,60.90%,39.10%,0.00%,0.00%
,,Second 20%,64.50%,6.90%,28.70%,23.30%,76.70%,0.00%,0.00%,93.90%,4.60%,1.50%,0.00%,74.70%,24.10%,1.20%,0.00%,86.70%,12.40%,0.90%,0.00%,16.80%,75.80%,6.50%,0.80%,0.00%,0.00%,76.40%,20.10%,3.50%,0.00%,20.40%,61.60%,8.60%,7.80%,1.60%,0.00%,0.00%,30.70%,44.90%,20.70%,2.10%,1.60%,0.00%,81.90%,16.10%,2.00%,0.00%,76.40%,22.10%,1.50%,0.00%,59.00%,38.60%,2.40%,0.00%
,,Middle 20%,61.90%,2.20%,36.00%,16.40%,83.60%,0.00%,0.00%,98.00%,1.90%,0.10%,0.00%,67.80%,29.00%,2.70%,0.40%,84.40%,15.30%,0.00%,0.20%,23.10%,68.70%,7.10%,0.00%,0.70%,0.40%,73.10%,22.00%,4.30%,0.60%,17.20%,72.60%,7.50%,2.20%,0.50%,0.00%,0.00%,37.40%,36.90%,23.10%,2.40%,0.20%,0.00%,88.20%,10.40%,1.40%,0.00%,78.50%,19.10%,1.50%,0.90%,60.30%,38.80%,0.90%,0.00%
,,Fourth 20%,59.40%,2.70%,37.90%,13.20%,86.80%,0.00%,0.00%,94.50%,5.30%,0.20%,0.00%,72.90%,26.20%,0.90%,0.00%,85.80%,12.00%,2.20%,0.00%,17.90%,73.30%,5.70%,2.90%,0.20%,0.00%,77.60%,20.60%,1.80%,0.00%,28.20%,59.70%,7.30%,3.70%,0.70%,0.00%,0.40%,36.50%,32.30%,28.00%,2.60%,0.60%,0.00%,90.70%,9.30%,0.00%,0.00%,81.40%,18.10%,0.50%,0.00%,65.20%,30.40%,4.40%,0.00%
,,Richest 20%,61.60%,1.30%,37.10%,15.90%,84.10%,0.00%,0.00%,91.80%,8.20%,0.00%,0.00%,82.20%,16.30%,1.50%,0.00%,86.40%,10.40%,1.40%,1.70%,21.40%,69.60%,5.90%,1.70%,1.50%,0.00%,79.20%,18.60%,2.10%,0.00%,21.70%,65.70%,9.50%,2.50%,0.40%,0.20%,0.00%,34.70%,41.20%,19.50%,2.10%,2.10%,0.40%,82.30%,16.30%,0.50%,0.90%,81.30%,18.50%,0.30%,0.00%,58.80%,39.00%,2.30%,0.00%
,Feelings About Household Income,Living comfortably on present income,57.20%,1.30%,41.50%,9.50%,90.50%,0.00%,0.00%,96.30%,3.70%,0.00%,0.00%,78.40%,19.30%,2.00%,0.30%,91.80%,6.40%,1.00%,0.70%,18.80%,73.30%,5.70%,1.60%,0.40%,0.10%,84.40%,12.70%,2.90%,0.00%,25.30%,62.10%,9.00%,3.10%,0.50%,0.00%,0.00%,32.60%,40.50%,22.90%,2.30%,1.70%,0.00%,86.50%,12.80%,0.60%,0.00%,78.50%,20.00%,1.10%,0.40%,59.80%,37.70%,2.60%,0.00%
,,Getting by on present income,62.80%,1.50%,35.70%,16.20%,83.80%,0.00%,0.00%,95.30%,4.60%,0.10%,0.00%,75.70%,23.60%,0.70%,0.00%,84.50%,13.80%,1.40%,0.40%,21.60%,69.60%,7.00%,1.00%,0.70%,0.10%,74.70%,22.00%,2.60%,0.70%,20.80%,65.70%,9.00%,3.90%,0.60%,0.10%,0.00%,32.70%,41.80%,22.40%,2.40%,0.50%,0.20%,87.90%,10.60%,0.80%,0.70%,81.90%,18.00%,0.10%,0.00%,61.40%,37.10%,1.50%,0.00%
,,Finding it difficult on present income,74.50%,8.10%,17.40%,28.20%,71.80%,0.00%,0.00%,94.20%,5.80%,0.00%,0.00%,64.60%,33.60%,1.90%,0.00%,83.20%,15.70%,1.10%,0.00%,18.10%,75.90%,5.10%,0.90%,0.00%,0.00%,69.40%,28.60%,2.00%,0.00%,16.30%,71.10%,7.90%,3.50%,1.20%,0.00%,0.00%,36.40%,32.60%,29.20%,0.30%,1.40%,0.00%,77.80%,21.50%,0.70%,0.00%,68.20%,30.20%,1.60%,0.00%,63.40%,34.10%,2.50%,0.00%
,,Finding it very difficult on present income,64.60%,19.10%,16.20%,38.20%,61.80%,0.00%,0.00%,69.60%,23.10%,7.30%,0.00%,46.80%,53.20%,0.00%,0.00%,39.90%,60.10%,0.00%,0.00%,19.80%,64.80%,11.60%,3.90%,0.00%,0.00%,25.50%,74.50%,0.00%,0.00%,8.70%,59.90%,1.40%,24.00%,3.80%,2.30%,0.00%,29.30%,45.50%,16.30%,8.90%,0.00%,0.00%,50.70%,49.30%,0.00%,0.00%,65.90%,34.10%,0.00%,0.00%,54.40%,45.60%,0.00%,0.00%
,Urban/Rural,A rural area or on a farm,57.60%,8.50%,33.90%,20.00%,78.30%,0.00%,1.60%,94.70%,3.40%,1.90%,0.00%,69.60%,28.80%,1.10%,0.50%,84.00%,12.30%,2.10%,1.60%,16.30%,73.60%,5.60%,2.90%,0.00%,1.60%,71.90%,24.30%,2.10%,1.60%,15.90%,73.60%,4.10%,4.20%,0.60%,0.00%,1.60%,34.10%,38.80%,22.60%,2.40%,0.40%,1.60%,86.30%,13.00%,0.70%,0.00%,79.50%,19.20%,0.40%,0.90%,57.60%,41.50%,0.90%,0.00%
,,A small town or villAge,64.20%,3.10%,32.80%,19.70%,80.30%,0.00%,0.00%,94.70%,5.30%,0.00%,0.00%,76.50%,22.90%,0.60%,0.00%,84.60%,13.90%,1.00%,0.50%,17.70%,76.10%,5.20%,0.70%,0.10%,0.10%,75.20%,22.90%,1.90%,0.00%,18.50%,69.30%,7.10%,4.40%,0.40%,0.20%,0.00%,32.30%,41.90%,22.60%,2.10%,1.10%,0.00%,88.10%,11.90%,0.00%,0.00%,78.10%,21.10%,0.80%,0.00%,59.30%,37.90%,2.70%,0.00%
,,A large city,61.20%,2.00%,36.80%,12.20%,87.80%,0.00%,0.00%,93.00%,6.80%,0.20%,0.00%,73.90%,24.80%,1.30%,0.00%,84.70%,13.40%,1.40%,0.50%,26.40%,62.10%,9.50%,0.60%,1.10%,0.20%,75.90%,20.30%,3.30%,0.50%,24.30%,61.80%,9.90%,3.00%,1.00%,0.00%,0.00%,28.10%,41.40%,26.80%,2.10%,1.30%,0.40%,85.50%,12.00%,2.10%,0.50%,77.80%,21.00%,1.20%,0.00%,61.00%,36.60%,2.40%,0.00%
,,A suburb of a large city,67.90%,0.30%,31.80%,14.30%,85.70%,0.00%,0.00%,95.40%,4.60%,0.00%,0.00%,64.50%,32.20%,3.30%,0.00%,84.50%,15.20%,0.00%,0.30%,22.10%,68.90%,5.70%,2.30%,1.00%,0.00%,74.00%,21.70%,3.10%,1.30%,27.20%,49.20%,15.00%,6.70%,1.80%,0.20%,0.00%,41.50%,33.70%,20.80%,2.90%,1.00%,0.00%,69.80%,28.10%,0.80%,1.30%,75.20%,24.80%,0.00%,0.00%,69.00%,30.40%,0.60%,0.00%
Germany,Age,15-24,48.60%,1.40%,50.10%,20.40%,79.60%,0.00%,0.00%,99.80%,0.20%,0.00%,0.00%,66.00%,33.50%,0.50%,0.00%,76.70%,22.10%,1.20%,0.00%,27.30%,63.60%,2.90%,6.20%,0.00%,0.00%,69.10%,30.90%,0.00%,0.00%,21.30%,43.60%,17.30%,6.20%,7.70%,4.00%,0.00%,40.10%,43.30%,15.60%,1.00%,0.00%,0.00%,83.00%,13.20%,3.70%,0.00%,49.80%,46.40%,3.70%,0.00%,38.80%,61.20%,0.00%,0.00%
,,25-34,23.30%,0.00%,76.70%,9.20%,90.80%,0.00%,0.00%,87.60%,12.40%,0.00%,0.00%,85.80%,13.20%,1.00%,0.00%,90.50%,9.50%,0.00%,0.00%,33.50%,58.80%,5.60%,2.10%,0.00%,0.00%,73.60%,25.60%,0.80%,0.00%,41.90%,47.30%,5.00%,4.70%,1.10%,0.00%,0.00%,27.10%,52.10%,13.00%,6.10%,1.60%,0.00%,92.90%,7.10%,0.00%,0.00%,71.40%,26.50%,2.10%,0.00%,85.60%,14.10%,0.30%,0.00%
,,35-44,23.40%,6.10%,70.60%,19.50%,80.50%,0.00%,0.00%,93.10%,4.20%,2.70%,0.00%,79.60%,20.20%,0.10%,0.00%,95.80%,3.90%,0.30%,0.00%,33.80%,55.00%,5.90%,4.50%,0.80%,0.00%,76.50%,23.20%,0.30%,0.00%,38.60%,53.60%,2.40%,2.50%,0.00%,2.10%,0.70%,26.60%,58.40%,13.30%,1.50%,0.20%,0.00%,97.10%,2.60%,0.30%,0.00%,74.60%,24.70%,0.70%,0.00%,85.40%,10.90%,3.60%,0.00%
,,45-64,33.40%,2.90%,63.70%,19.10%,80.90%,0.00%,0.00%,86.70%,13.00%,0.20%,0.00%,77.40%,21.80%,0.70%,0.00%,87.00%,10.10%,1.90%,1.00%,19.80%,69.20%,8.40%,2.20%,0.30%,0.00%,81.90%,15.70%,1.60%,0.80%,42.40%,41.70%,11.20%,1.80%,1.40%,0.30%,1.10%,19.50%,58.30%,16.20%,3.60%,2.30%,0.10%,86.80%,12.60%,0.60%,0.00%,73.30%,23.40%,3.30%,0.00%,67.60%,31.70%,0.60%,0.00%
,,65+,49.60%,6.20%,44.20%,43.90%,56.10%,0.00%,0.00%,90.30%,9.70%,0.00%,0.00%,81.10%,18.10%,0.90%,0.00%,88.10%,9.40%,2.50%,0.00%,12.50%,73.50%,11.60%,2.40%,0.00%,0.00%,88.20%,9.60%,2.20%,0.00%,44.00%,35.30%,12.60%,4.00%,1.70%,2.20%,0.10%,14.10%,58.60%,19.60%,2.60%,5.00%,0.00%,98.50%,1.50%,0.00%,0.00%,80.70%,18.60%,0.60%,0.00%,66.40%,33.60%,0.00%,0.00%
,Gender,Male,37.90%,1.30%,60.70%,21.90%,78.10%,0.00%,0.00%,90.70%,9.10%,0.20%,0.00%,79.50%,19.30%,1.20%,0.00%,89.70%,8.90%,1.10%,0.30%,22.50%,67.50%,6.80%,3.10%,0.10%,0.00%,80.30%,17.80%,1.30%,0.60%,35.80%,46.80%,10.80%,3.40%,1.80%,1.10%,0.30%,21.90%,58.50%,15.10%,2.60%,1.90%,0.10%,89.60%,9.20%,1.20%,0.00%,76.30%,22.10%,1.60%,0.00%,72.40%,26.80%,0.80%,0.00%
,,Female,34.20%,5.80%,60.00%,26.50%,73.50%,0.00%,0.00%,89.50%,9.70%,0.80%,0.00%,78.00%,21.80%,0.30%,0.00%,86.60%,11.10%,1.80%,0.50%,22.80%,65.10%,8.90%,2.80%,0.40%,0.00%,80.20%,18.50%,1.30%,0.00%,44.00%,39.20%,9.20%,3.30%,1.90%,1.70%,0.80%,22.80%,53.70%,17.10%,3.60%,2.80%,0.00%,91.20%,8.70%,0.10%,0.00%,68.10%,28.70%,3.20%,0.00%,73.70%,24.80%,1.50%,0.00%
,Employment Status,Employed full time for an employer,29.70%,0.80%,69.40%,12.60%,87.40%,0.00%,0.00%,91.80%,8.00%,0.20%,0.00%,80.90%,18.80%,0.30%,0.00%,91.80%,7.30%,1.00%,0.00%,29.30%,59.50%,8.00%,2.90%,0.30%,0.00%,77.40%,21.60%,1.00%,0.00%,38.60%,50.30%,6.30%,2.80%,0.40%,0.10%,1.30%,27.50%,55.10%,15.10%,0.90%,1.50%,0.00%,92.30%,7.50%,0.20%,0.00%,74.70%,24.50%,0.80%,0.00%,76.50%,23.10%,0.50%,0.00%
,,Employed full time for self,29.70%,0.40%,70.00%,4.30%,95.70%,0.00%,0.00%,88.90%,11.10%,0.00%,0.00%,73.90%,26.10%,0.00%,0.00%,93.60%,1.30%,2.00%,3.10%,15.30%,70.40%,13.00%,0.60%,0.70%,0.00%,80.40%,10.80%,1.60%,7.10%,51.30%,41.70%,6.00%,0.40%,0.60%,0.00%,0.00%,13.00%,58.30%,19.50%,2.10%,7.10%,0.00%,87.60%,12.40%,0.00%,0.00%,78.80%,15.70%,5.40%,0.00%,77.10%,22.10%,0.90%,0.00%
,,Employed part time do not want full time,34.60%,1.40%,64.00%,19.40%,80.60%,0.00%,0.00%,84.70%,15.30%,0.00%,0.00%,74.80%,23.60%,1.60%,0.00%,97.20%,2.80%,0.00%,0.00%,24.20%,61.90%,10.40%,2.70%,0.90%,0.00%,88.10%,9.20%,2.60%,0.00%,47.10%,27.50%,20.20%,4.40%,0.00%,0.80%,0.00%,21.80%,54.30%,12.90%,7.70%,3.30%,0.00%,84.90%,13.50%,1.60%,0.00%,72.30%,22.40%,5.20%,0.00%,69.80%,26.10%,4.20%,0.00%
,,Unemployed,46.70%,12.50%,40.90%,39.80%,60.20%,0.00%,0.00%,81.80%,9.60%,8.60%,0.00%,64.30%,35.70%,0.00%,0.00%,56.20%,36.40%,7.30%,0.00%,20.50%,71.90%,2.80%,4.90%,0.00%,0.00%,45.20%,54.80%,0.00%,0.00%,23.70%,57.00%,16.00%,0.00%,3.30%,0.00%,0.00%,14.20%,54.60%,19.50%,10.80%,0.00%,0.90%,0.00%,0.00%,0.00%,0.00%,0.00%,0.00%,0.00%,0.00%,0.00%,0.00%,0.00%,0.00%
,,Employed part time want full time,44.70%,9.90%,45.40%,9.40%,90.60%,0.00%,0.00%,95.80%,4.20%,0.00%,0.00%,69.30%,30.70%,0.00%,0.00%,87.00%,12.50%,0.60%,0.00%,5.70%,82.10%,3.50%,8.80%,0.00%,0.00%,80.80%,19.20%,0.00%,0.00%,20.20%,44.30%,17.30%,9.50%,0.00%,8.80%,0.00%,22.50%,55.90%,20.90%,0.70%,0.00%,0.00%,88.80%,8.30%,2.90%,0.00%,43.20%,49.60%,7.20%,0.00%,47.70%,51.50%,0.70%,0.00%
,,Out of workforce,41.40%,5.70%,52.80%,39.30%,60.70%,0.00%,0.00%,90.10%,9.90%,0.00%,0.00%,80.90%,18.00%,1.10%,0.00%,85.50%,12.20%,1.70%,0.60%,18.60%,71.20%,7.80%,2.40%,0.00%,0.00%,85.40%,13.10%,1.50%,0.00%,42.90%,37.40%,9.90%,3.50%,4.00%,2.30%,0.00%,19.30%,57.40%,16.50%,3.60%,3.10%,0.00%,0.00%,0.00%,0.00%,0.00%,0.00%,0.00%,0.00%,0.00%,0.00%,0.00%,0.00%,0.00%
,Per Capita Income Quintiles,Poorest 20%,53.80%,9.30%,36.90%,30.50%,69.50%,0.00%,0.00%,88.60%,9.40%,2.00%,0.00%,72.50%,27.10%,0.40%,0.00%,76.00%,20.20%,2.70%,1.20%,23.10%,62.60%,9.20%,4.90%,0.30%,0.00%,70.10%,28.30%,1.60%,0.00%,39.40%,40.80%,9.20%,4.20%,2.40%,4.00%,0.00%,22.30%,52.00%,21.10%,4.60%,0.10%,0.00%,90.10%,8.10%,1.80%,0.00%,59.60%,37.80%,2.60%,0.00%,50.20%,45.20%,4.60%,0.00%
,,Second 20%,34.90%,2.50%,62.60%,19.90%,80.10%,0.00%,0.00%,90.50%,9.50%,0.00%,0.00%,73.60%,25.00%,1.40%,0.00%,86.50%,11.70%,1.10%,0.70%,18.40%,70.20%,6.60%,4.30%,0.60%,0.00%,79.40%,18.10%,1.00%,1.50%,36.90%,44.60%,11.00%,0.90%,3.10%,1.50%,2.00%,20.20%,58.10%,12.90%,4.40%,4.10%,0.20%,91.40%,8.30%,0.20%,0.00%,79.90%,17.10%,3.00%,0.00%,79.40%,20.30%,0.30%,0.00%
,,Middle 20%,29.20%,4.40%,66.40%,31.90%,68.10%,0.00%,0.00%,96.20%,3.80%,0.00%,0.00%,80.40%,19.10%,0.50%,0.00%,92.20%,5.30%,2.40%,0.00%,26.70%,65.00%,5.10%,3.00%,0.20%,0.00%,82.40%,17.10%,0.50%,0.00%,39.00%,45.30%,11.90%,0.90%,2.20%,0.70%,0.00%,23.20%,53.30%,16.90%,4.60%,2.00%,0.00%,92.40%,5.90%,1.70%,0.00%,72.70%,19.60%,7.70%,0.00%,73.40%,26.20%,0.40%,0.00%
,,Fourth 20%,34.00%,1.50%,64.50%,13.50%,86.50%,0.00%,0.00%,88.50%,11.50%,0.00%,0.00%,83.10%,16.80%,0.10%,0.00%,91.70%,7.70%,0.60%,0.00%,20.20%,70.50%,8.30%,0.80%,0.10%,0.00%,82.80%,15.70%,1.50%,0.00%,38.60%,42.80%,12.00%,5.00%,0.90%,0.00%,0.70%,24.20%,61.50%,11.50%,0.20%,2.60%,0.00%,91.60%,8.40%,0.00%,0.00%,73.90%,25.50%,0.60%,0.00%,74.00%,26.00%,0.00%,0.00%
,,Richest 20%,28.50%,0.60%,70.90%,25.40%,74.60%,0.00%,0.00%,86.60%,13.00%,0.40%,0.00%,83.80%,15.10%,1.10%,0.00%,93.90%,5.60%,0.50%,0.00%,24.80%,63.10%,10.20%,2.00%,0.00%,0.00%,86.60%,11.60%,1.80%,0.00%,46.30%,40.80%,5.90%,5.40%,0.70%,0.80%,0.00%,21.90%,55.40%,18.00%,1.70%,3.00%,0.00%,87.60%,12.40%,0.00%,0.00%,72.30%,27.50%,0.30%,0.00%,82.60%,16.40%,1.00%,0.00%
,Feelings About Household Income,Living comfortably on present income,22.00%,0.00%,78.00%,15.30%,84.70%,0.00%,0.00%,89.40%,10.60%,0.00%,0.00%,84.90%,14.90%,0.30%,0.00%,94.20%,4.90%,0.90%,0.00%,25.60%,63.40%,7.30%,3.50%,0.10%,0.00%,85.30%,13.50%,1.20%,0.00%,41.00%,46.60%,7.60%,3.10%,0.20%,0.60%,1.00%,23.20%,60.10%,12.10%,1.90%,2.70%,0.10%,90.10%,9.40%,0.50%,0.00%,74.50%,24.00%,1.50%,0.00%,81.50%,18.50%,0.00%,0.00%
,,Getting by on present income,40.10%,3.10%,56.70%,27.20%,72.80%,0.00%,0.00%,93.70%,6.30%,0.00%,0.00%,81.10%,17.90%,1.00%,0.00%,89.80%,8.00%,1.40%,0.90%,22.10%,68.20%,8.30%,1.00%,0.40%,0.00%,83.10%,15.20%,1.10%,0.70%,41.70%,38.90%,11.00%,2.60%,3.90%,1.70%,0.30%,23.30%,53.00%,17.60%,3.30%,2.80%,0.00%,92.80%,6.90%,0.30%,0.00%,71.80%,24.60%,3.60%,0.00%,65.90%,32.90%,1.30%,0.00%
,,Finding it difficult on present income,62.10%,11.80%,26.10%,42.80%,57.20%,0.00%,0.00%,89.20%,10.00%,0.80%,0.00%,58.80%,39.70%,1.50%,0.00%,70.30%,24.90%,4.80%,0.00%,19.50%,71.50%,6.90%,2.10%,0.00%,0.00%,60.00%,36.80%,3.20%,0.00%,30.00%,46.80%,15.70%,3.90%,2.10%,1.50%,0.00%,18.20%,60.30%,18.40%,2.60%,0.50%,0.00%,88.30%,8.90%,2.90%,0.00%,68.30%,28.90%,2.90%,0.00%,59.80%,40.20%,0.00%,0.00%
,,Finding it very difficult on present income,66.10%,24.00%,10.00%,44.60%,55.40%,0.00%,0.00%,64.70%,26.80%,8.40%,0.00%,42.50%,57.50%,0.00%,0.00%,64.10%,35.90%,0.00%,0.00%,14.50%,59.00%,8.30%,18.20%,0.00%,0.00%,50.20%,49.80%,0.00%,0.00%,29.30%,39.10%,13.70%,11.60%,0.00%,6.30%,0.00%,25.30%,41.10%,20.40%,13.20%,0.00%,0.00%,88.00%,12.00%,0.00%,0.00%,62.70%,33.70%,3.60%,0.00%,57.30%,26.80%,15.80%,0.00%
,Urban/Rural,A rural area or on a farm,46.80%,6.70%,46.50%,23.30%,76.70%,0.00%,0.00%,87.80%,12.20%,0.00%,0.00%,80.20%,19.80%,0.00%,0.00%,86.90%,10.60%,2.50%,0.00%,24.20%,70.00%,1.00%,4.70%,0.00%,0.00%,81.20%,16.60%,2.30%,0.00%,40.80%,45.00%,11.70%,1.20%,0.40%,0.00%,0.90%,15.30%,57.40%,21.40%,3.00%,2.90%,0.00%,87.00%,13.00%,0.00%,0.00%,69.40%,26.10%,4.60%,0.00%,75.80%,24.20%,0.00%,0.00%
,,A small town or villAge,36.70%,3.90%,59.30%,25.50%,74.50%,0.00%,0.00%,91.10%,7.90%,1.00%,0.00%,81.20%,17.80%,1.00%,0.00%,85.20%,13.10%,1.10%,0.60%,25.00%,61.30%,9.80%,3.60%,0.30%,0.00%,78.80%,18.80%,2.00%,0.40%,39.80%,45.50%,8.80%,2.70%,2.30%,0.90%,0.00%,23.20%,59.10%,12.70%,3.00%,1.80%,0.10%,92.30%,6.50%,1.20%,0.00%,70.50%,26.60%,2.90%,0.00%,71.80%,25.60%,2.60%,0.00%
,,A large city,30.10%,3.00%,66.90%,20.00%,80.00%,0.00%,0.00%,91.70%,8.30%,0.00%,0.00%,72.80%,26.40%,0.80%,0.00%,92.10%,7.00%,0.50%,0.40%,18.30%,71.00%,8.40%,2.00%,0.30%,0.00%,80.00%,19.40%,0.20%,0.40%,41.20%,38.80%,11.40%,4.20%,2.40%,2.00%,0.00%,20.80%,55.50%,18.20%,2.80%,2.70%,0.00%,90.80%,9.20%,0.00%,0.00%,72.20%,26.20%,1.60%,0.00%,72.00%,28.00%,0.00%,0.00%
,,A suburb of a large city,37.70%,1.40%,60.90%,35.40%,64.60%,0.00%,0.00%,83.30%,16.00%,0.80%,0.00%,86.20%,13.50%,0.20%,0.00%,86.10%,9.20%,4.70%,0.00%,26.30%,64.00%,7.40%,2.40%,0.00%,0.00%,84.20%,14.40%,1.40%,0.00%,37.30%,42.50%,8.60%,5.10%,0.40%,2.70%,3.50%,29.10%,47.20%,16.30%,4.70%,2.70%,0.00%,86.70%,12.90%,0.40%,0.00%,81.10%,18.30%,0.60%,0.00%,78.30%,20.60%,1.10%,0.00%
Netherlands,Age,15-24,15.00%,0.00%,85.00%,15.90%,84.10%,0.00%,0.00%,100.00%,0.00%,0.00%,0.00%,78.70%,21.30%,0.00%,0.00%,100.00%,0.00%,0.00%,0.00%,50.50%,42.40%,2.20%,2.40%,2.40%,0.00%,79.40%,20.60%,0.00%,0.00%,35.00%,49.90%,15.20%,0.00%,0.00%,0.00%,0.00%,31.80%,66.00%,2.20%,0.00%,0.00%,0.00%,92.80%,7.20%,0.00%,0.00%,78.20%,21.80%,0.00%,0.00%,93.60%,6.40%,0.00%,0.00%
,,25-34,13.00%,0.00%,87.00%,11.90%,88.10%,0.00%,0.00%,98.40%,1.60%,0.00%,0.00%,74.90%,25.10%,0.00%,0.00%,97.50%,1.60%,0.90%,0.00%,41.70%,51.90%,5.50%,0.00%,0.90%,0.00%,84.20%,15.80%,0.00%,0.00%,29.60%,53.10%,17.40%,0.00%,0.00%,0.00%,0.00%,26.60%,67.50%,6.00%,0.00%,0.00%,0.00%,93.20%,6.80%,0.00%,0.00%,71.90%,28.10%,0.00%,0.00%,86.70%,13.30%,0.00%,0.00%
,,35-44,23.90%,0.00%,76.10%,15.10%,83.20%,1.60%,0.00%,94.50%,3.90%,1.60%,0.00%,76.80%,23.20%,0.00%,0.00%,98.50%,1.50%,0.00%,0.00%,28.50%,69.40%,0.00%,0.00%,2.10%,0.00%,81.20%,18.80%,0.00%,0.00%,30.30%,60.80%,8.90%,0.00%,0.00%,0.00%,0.00%,29.10%,68.30%,2.70%,0.00%,0.00%,0.00%,92.70%,7.30%,0.00%,0.00%,70.90%,29.10%,0.00%,0.00%,85.50%,14.50%,0.00%,0.00%
,,45-64,31.70%,0.30%,68.00%,26.20%,73.60%,0.00%,0.10%,93.00%,6.80%,0.10%,0.00%,87.60%,12.40%,0.00%,0.00%,96.80%,3.20%,0.00%,0.00%,28.30%,66.30%,4.90%,0.00%,0.40%,0.00%,88.00%,11.30%,0.60%,0.00%,29.30%,53.20%,16.60%,0.70%,0.00%,0.20%,0.00%,23.30%,70.20%,5.60%,0.00%,0.90%,0.10%,93.90%,6.10%,0.00%,0.00%,68.30%,31.20%,0.50%,0.00%,77.10%,22.90%,0.00%,0.00%
,,65+,60.50%,1.10%,38.40%,34.10%,65.40%,0.50%,0.00%,90.00%,9.60%,0.50%,0.00%,89.80%,9.50%,0.70%,0.00%,97.00%,3.00%,0.00%,0.00%,14.80%,81.70%,3.40%,0.00%,0.10%,0.00%,92.70%,7.30%,0.00%,0.00%,25.90%,55.50%,16.00%,0.30%,0.00%,2.30%,0.00%,32.10%,60.70%,6.80%,0.00%,0.20%,0.20%,96.50%,3.50%,0.00%,0.00%,65.90%,34.10%,0.00%,0.00%,66.70%,33.30%,0.00%,0.00%
,Gender,Male,28.10%,0.10%,71.80%,17.40%,82.20%,0.50%,0.00%,95.80%,3.60%,0.60%,0.00%,86.80%,13.20%,0.00%,0.00%,97.90%,1.80%,0.30%,0.00%,33.00%,62.20%,2.80%,0.50%,1.50%,0.00%,89.40%,10.60%,0.00%,0.00%,30.70%,56.60%,11.90%,0.10%,0.00%,0.70%,0.00%,30.20%,64.60%,4.60%,0.00%,0.50%,0.20%,96.00%,4.00%,0.00%,0.00%,66.50%,33.10%,0.40%,0.00%,83.00%,17.00%,0.00%,0.00%
,,Female,37.40%,0.70%,62.00%,29.10%,70.60%,0.20%,0.10%,92.30%,7.50%,0.20%,0.00%,80.80%,18.80%,0.30%,0.00%,97.00%,3.00%,0.00%,0.00%,25.30%,69.80%,4.40%,0.00%,0.40%,0.00%,84.00%,15.60%,0.50%,0.00%,27.80%,52.60%,18.60%,0.50%,0.00%,0.50%,0.00%,25.40%,68.60%,5.70%,0.00%,0.20%,0.00%,90.40%,9.60%,0.00%,0.00%,75.70%,24.30%,0.00%,0.00%,79.80%,20.20%,0.00%,0.00%
,Employment Status,Employed full time for an employer,21.40%,0.10%,78.50%,12.30%,87.70%,0.00%,0.00%,95.60%,3.80%,0.60%,0.00%,84.90%,15.10%,0.00%,0.00%,98.80%,0.90%,0.40%,0.00%,33.00%,62.40%,2.80%,0.00%,1.80%,0.00%,88.80%,11.20%,0.00%,0.00%,35.50%,52.30%,12.10%,0.00%,0.00%,0.10%,0.00%,27.00%,67.90%,4.80%,0.00%,0.20%,0.00%,93.70%,6.30%,0.00%,0.00%,66.50%,33.30%,0.20%,0.00%,81.70%,18.30%,0.00%,0.00%
,,Employed full time for self,23.50%,0.00%,76.50%,12.80%,87.20%,0.00%,0.00%,98.00%,2.00%,0.00%,0.00%,84.60%,15.40%,0.00%,0.00%,98.20%,1.80%,0.00%,0.00%,44.20%,48.80%,3.90%,0.00%,3.00%,0.00%,84.50%,12.70%,2.90%,0.00%,33.90%,53.70%,12.40%,0.00%,0.00%,0.00%,0.00%,21.90%,70.50%,4.60%,0.00%,2.60%,0.40%,98.60%,1.40%,0.00%,0.00%,71.50%,27.70%,0.80%,0.00%,84.80%,15.20%,0.00%,0.00%
,,Employed part time do not want full time,21.10%,0.00%,78.90%,18.90%,81.10%,0.00%,0.00%,98.90%,0.90%,0.20%,0.00%,81.50%,18.50%,0.00%,0.00%,100.00%,0.00%,0.00%,0.00%,31.10%,62.00%,5.20%,1.70%,0.00%,0.00%,89.80%,10.20%,0.00%,0.00%,24.20%,61.90%,13.60%,0.20%,0.00%,0.20%,0.00%,20.30%,73.20%,6.10%,0.00%,0.20%,0.20%,91.30%,8.70%,0.00%,0.00%,75.90%,24.10%,0.00%,0.00%,81.60%,18.40%,0.00%,0.00%
,,Unemployed,36.60%,0.00%,63.40%,10.00%,90.00%,0.00%,0.00%,77.50%,20.20%,2.30%,0.00%,90.00%,10.00%,0.00%,0.00%,90.20%,9.80%,0.00%,0.00%,20.00%,80.00%,0.00%,0.00%,0.00%,0.00%,71.40%,28.60%,0.00%,0.00%,19.50%,79.60%,0.90%,0.00%,0.00%,0.00%,0.00%,34.60%,65.40%,0.00%,0.00%,0.00%,0.00%,0.00%,0.00%,0.00%,0.00%,0.00%,0.00%,0.00%,0.00%,0.00%,0.00%,0.00%,0.00%
,,Employed part time want full time,22.00%,0.00%,78.00%,15.10%,80.50%,4.50%,0.00%,91.30%,8.70%,0.00%,0.00%,67.10%,32.90%,0.00%,0.00%,94.50%,5.50%,0.00%,0.00%,46.00%,54.00%,0.00%,0.00%,0.00%,0.00%,71.90%,28.10%,0.00%,0.00%,43.50%,44.30%,12.20%,0.00%,0.00%,0.00%,0.00%,43.60%,56.40%,0.00%,0.00%,0.00%,0.00%,91.30%,8.70%,0.00%,0.00%,83.30%,16.70%,0.00%,0.00%,75.80%,24.20%,0.00%,0.00%
,,Out of workforce,56.20%,1.20%,42.70%,43.10%,56.40%,0.40%,0.20%,90.70%,9.10%,0.30%,0.00%,85.70%,13.80%,0.50%,0.00%,95.60%,4.40%,0.00%,0.00%,17.80%,77.40%,4.70%,0.00%,0.10%,0.00%,87.00%,13.00%,0.00%,0.00%,21.10%,54.30%,22.00%,1.00%,0.00%,1.70%,0.00%,30.30%,63.10%,6.50%,0.00%,0.10%,0.10%,0.00%,0.00%,0.00%,0.00%,0.00%,0.00%,0.00%,0.00%,0.00%,0.00%,0.00%,0.00%
,Per Capita Income Quintiles,Poorest 20%,40.60%,0.70%,58.70%,28.50%,70.10%,1.20%,0.20%,94.60%,5.40%,0.00%,0.00%,81.90%,18.10%,0.00%,0.00%,99.30%,0.70%,0.00%,0.00%,20.40%,73.90%,3.30%,0.00%,2.50%,0.00%,79.60%,20.40%,0.00%,0.00%,24.10%,62.80%,11.50%,1.20%,0.00%,0.40%,0.00%,26.30%,67.10%,6.00%,0.00%,0.50%,0.10%,94.90%,5.10%,0.00%,0.00%,68.50%,31.50%,0.00%,0.00%,76.50%,23.50%,0.00%,0.00%
,,Second 20%,44.20%,0.30%,55.50%,27.00%,72.30%,0.60%,0.00%,92.90%,7.10%,0.00%,0.00%,75.20%,24.00%,0.80%,0.00%,94.30%,5.70%,0.00%,0.00%,30.20%,68.20%,1.60%,0.00%,0.00%,0.00%,90.10%,9.90%,0.00%,0.00%,28.90%,50.10%,20.60%,0.20%,0.00%,0.20%,0.00%,34.40%,61.20%,4.30%,0.00%,0.00%,0.00%,90.80%,9.20%,0.00%,0.00%,73.30%,26.10%,0.60%,0.00%,78.30%,21.70%,0.00%,0.00%
,,Middle 20%,29.00%,0.60%,70.40%,22.80%,77.20%,0.00%,0.00%,92.80%,7.00%,0.20%,0.00%,84.10%,15.90%,0.00%,0.00%,97.80%,2.20%,0.00%,0.00%,21.40%,71.40%,5.70%,1.20%,0.20%,0.00%,85.80%,13.10%,1.10%,0.00%,25.90%,56.20%,17.80%,0.10%,0.00%,0.00%,0.00%,25.90%,67.60%,6.20%,0.00%,0.10%,0.20%,91.60%,8.40%,0.00%,0.00%,76.20%,23.80%,0.00%,0.00%,82.60%,17.40%,0.00%,0.00%
,,Fourth 20%,25.10%,0.10%,74.80%,22.80%,77.20%,0.00%,0.00%,94.50%,5.10%,0.50%,0.00%,87.90%,12.10%,0.00%,0.00%,99.00%,1.00%,0.00%,0.00%,30.10%,65.70%,3.80%,0.00%,0.40%,0.00%,90.10%,9.90%,0.00%,0.00%,29.70%,54.90%,13.20%,0.20%,0.00%,2.00%,0.00%,25.30%,69.20%,4.60%,0.00%,0.70%,0.10%,95.50%,4.50%,0.00%,0.00%,67.80%,31.60%,0.60%,0.00%,82.40%,17.60%,0.00%,0.00%
,,Richest 20%,24.80%,0.10%,75.10%,15.30%,84.70%,0.00%,0.00%,95.40%,3.30%,1.30%,0.00%,89.90%,10.10%,0.00%,0.00%,96.80%,2.50%,0.70%,0.00%,43.60%,50.90%,3.80%,0.00%,1.70%,0.00%,87.70%,12.30%,0.00%,0.00%,37.50%,48.90%,13.20%,0.00%,0.00%,0.40%,0.00%,27.00%,67.90%,4.60%,0.00%,0.50%,0.00%,94.20%,5.80%,0.00%,0.00%,68.10%,31.90%,0.00%,0.00%,86.20%,13.80%,0.00%,0.00%
,Feelings About Household Income,Living comfortably on present income,22.00%,0.20%,77.80%,13.70%,86.30%,0.00%,0.10%,97.10%,2.40%,0.60%,0.00%,85.80%,13.90%,0.30%,0.00%,98.50%,1.20%,0.30%,0.00%,33.50%,62.60%,2.50%,0.40%,1.00%,0.00%,90.50%,9.50%,0.00%,0.00%,35.10%,53.60%,10.80%,0.10%,0.00%,0.30%,0.00%,26.10%,67.90%,5.40%,0.00%,0.50%,0.10%,95.10%,4.90%,0.00%,0.00%,74.10%,25.50%,0.40%,0.00%,87.40%,12.60%,0.00%,0.00%
,,Getting by on present income,42.90%,0.70%,56.40%,32.20%,67.50%,0.30%,0.00%,92.20%,7.60%,0.30%,0.00%,83.90%,16.10%,0.00%,0.00%,98.10%,1.90%,0.00%,0.00%,24.60%,69.20%,5.50%,0.00%,0.70%,0.00%,85.50%,13.90%,0.60%,0.00%,23.30%,57.80%,18.30%,0.00%,0.00%,0.60%,0.00%,28.10%,67.20%,4.40%,0.00%,0.30%,0.10%,93.20%,6.80%,0.00%,0.00%,62.10%,37.90%,0.00%,0.00%,72.60%,27.40%,0.00%,0.00%
,,Finding it difficult on present income,55.00%,0.00%,45.00%,50.50%,45.40%,4.10%,0.00%,86.50%,13.50%,0.00%,0.00%,74.50%,25.50%,0.00%,0.00%,94.70%,5.30%,0.00%,0.00%,19.70%,77.70%,0.00%,0.00%,2.50%,0.00%,70.20%,29.80%,0.00%,0.00%,12.90%,41.90%,36.70%,4.40%,0.00%,4.10%,0.00%,27.90%,69.90%,2.20%,0.00%,0.00%,0.00%,85.40%,14.60%,0.00%,0.00%,76.60%,23.40%,0.00%,0.00%,77.20%,22.80%,0.00%,0.00%
,,Finding it very difficult on present income,58.00%,0.00%,42.00%,40.10%,59.90%,0.00%,0.00%,85.60%,14.40%,0.00%,0.00%,43.70%,56.30%,0.00%,0.00%,71.20%,28.80%,0.00%,0.00%,24.20%,62.20%,13.60%,0.00%,0.00%,0.00%,40.40%,59.60%,0.00%,0.00%,39.70%,39.80%,20.50%,0.00%,0.00%,0.00%,0.00%,42.80%,30.70%,26.50%,0.00%,0.00%,0.00%,65.10%,34.90%,0.00%,0.00%,100.00%,0.00%,0.00%,0.00%,41.30%,58.70%,0.00%,0.00%
,Urban/Rural,A rural area or on a farm,22.70%,0.00%,77.30%,22.00%,78.00%,0.00%,0.00%,95.50%,4.50%,0.00%,0.00%,84.30%,15.70%,0.00%,0.00%,100.00%,0.00%,0.00%,0.00%,27.70%,68.00%,4.30%,0.00%,0.00%,0.00%,89.80%,10.20%,0.00%,0.00%,35.40%,50.30%,14.40%,0.00%,0.00%,0.00%,0.00%,25.90%,70.30%,2.60%,0.00%,1.20%,0.00%,92.40%,7.60%,0.00%,0.00%,68.00%,31.00%,1.00%,0.00%,76.10%,23.90%,0.00%,0.00%
,,A small town or villAge,31.80%,0.30%,67.90%,21.50%,77.60%,0.80%,0.10%,96.20%,3.60%,0.10%,0.00%,83.50%,16.50%,0.00%,0.00%,98.20%,1.80%,0.00%,0.00%,32.60%,61.40%,4.70%,0.50%,0.80%,0.00%,86.30%,13.20%,0.50%,0.00%,31.60%,54.20%,13.40%,0.00%,0.00%,0.80%,0.00%,33.00%,61.60%,5.20%,0.00%,0.10%,0.00%,93.00%,7.00%,0.00%,0.00%,69.20%,30.50%,0.30%,0.00%,81.70%,18.30%,0.00%,0.00%
,,A large city,33.60%,0.60%,65.80%,25.30%,74.70%,0.00%,0.00%,92.60%,6.10%,1.30%,0.00%,80.90%,19.10%,0.00%,0.00%,95.60%,3.90%,0.50%,0.00%,28.30%,65.60%,3.90%,0.00%,2.20%,0.00%,84.40%,15.60%,0.00%,0.00%,24.10%,56.10%,19.00%,0.20%,0.00%,0.60%,0.00%,20.10%,73.20%,5.70%,0.00%,0.80%,0.20%,92.90%,7.10%,0.00%,0.00%,69.70%,30.30%,0.00%,0.00%,82.70%,17.30%,0.00%,0.00%
,,A suburb of a large city,38.20%,0.50%,61.30%,25.40%,74.60%,0.00%,0.00%,89.80%,10.20%,0.00%,0.00%,89.60%,9.60%,0.90%,0.00%,97.20%,2.80%,0.00%,0.00%,22.50%,77.50%,0.00%,0.00%,0.00%,0.00%,89.50%,10.50%,0.00%,0.00%,28.40%,54.80%,14.90%,1.50%,0.00%,0.40%,0.00%,25.90%,68.80%,5.30%,0.00%,0.00%,0.00%,97.40%,2.60%,0.00%,0.00%,77.00%,23.00%,0.00%,0.00%,82.30%,17.70%,0.00%,0.00%
Belgium,Age,15-24,45.90%,6.00%,48.10%,21.10%,78.90%,0.00%,0.00%,86.40%,11.80%,1.80%,0.00%,59.50%,40.50%,0.00%,0.00%,83.50%,16.50%,0.00%,0.00%,23.90%,59.60%,16.50%,0.00%,0.00%,0.00%,71.00%,27.90%,1.10%,0.00%,39.30%,48.10%,6.60%,1.70%,4.30%,0.00%,0.00%,30.10%,37.20%,32.70%,0.00%,0.00%,0.00%,81.00%,17.90%,1.10%,0.00%,65.10%,34.90%,0.00%,0.00%,71.40%,28.60%,0.00%,0.00%
,,25-34,47.40%,4.70%,47.90%,17.70%,82.30%,0.00%,0.00%,90.00%,10.00%,0.00%,0.00%,57.70%,42.30%,0.00%,0.00%,84.50%,15.50%,0.00%,0.00%,26.20%,51.30%,20.60%,1.90%,0.00%,0.00%,69.60%,28.20%,2.20%,0.00%,41.10%,51.00%,5.10%,0.00%,2.50%,0.30%,0.00%,31.80%,26.50%,41.10%,0.00%,0.60%,0.00%,78.80%,18.70%,2.50%,0.00%,69.80%,29.70%,0.50%,0.00%,68.90%,31.10%,0.00%,0.00%
,,35-44,41.80%,0.80%,57.30%,10.00%,90.00%,0.00%,0.00%,91.80%,7.80%,0.40%,0.00%,58.90%,40.70%,0.40%,0.00%,93.60%,6.40%,0.00%,0.00%,25.30%,51.80%,23.00%,0.00%,0.00%,0.00%,77.40%,22.40%,0.20%,0.00%,28.40%,57.20%,10.50%,0.20%,2.70%,1.00%,0.00%,22.00%,35.30%,41.20%,0.00%,1.50%,0.00%,88.90%,10.50%,0.60%,0.00%,71.60%,26.60%,1.90%,0.00%,64.80%,35.20%,0.00%,0.00%
,,45-64,52.20%,3.50%,44.30%,19.10%,80.40%,0.40%,0.00%,89.90%,9.50%,0.60%,0.00%,59.10%,40.40%,0.00%,0.50%,89.70%,8.30%,1.90%,0.00%,20.60%,61.10%,18.00%,0.00%,0.00%,0.30%,78.50%,21.20%,0.20%,0.00%,40.00%,53.60%,5.00%,0.00%,1.10%,0.40%,0.00%,31.90%,30.10%,37.50%,0.20%,0.30%,0.00%,89.20%,10.00%,0.80%,0.00%,70.70%,26.10%,3.10%,0.00%,62.60%,34.60%,2.70%,0.00%
,,65+,68.60%,6.20%,25.30%,35.30%,64.50%,0.20%,0.00%,90.00%,9.40%,0.60%,0.00%,71.10%,28.10%,0.80%,0.00%,92.20%,6.30%,1.50%,0.00%,9.00%,82.20%,8.80%,0.00%,0.00%,0.00%,78.90%,19.40%,1.70%,0.00%,42.20%,51.70%,5.10%,0.70%,0.30%,0.00%,0.00%,30.30%,28.40%,40.50%,0.20%,0.60%,0.00%,100.00%,0.00%,0.00%,0.00%,69.40%,20.40%,10.20%,0.00%,82.00%,18.00%,0.00%,0.00%
,Gender,Male,49.40%,5.00%,45.60%,18.80%,80.90%,0.30%,0.00%,92.20%,7.10%,0.80%,0.00%,62.70%,36.80%,0.50%,0.00%,89.60%,10.00%,0.40%,0.00%,23.70%,55.90%,19.60%,0.60%,0.00%,0.20%,75.10%,23.40%,1.50%,0.00%,40.90%,50.20%,5.10%,0.60%,2.90%,0.20%,0.00%,31.90%,31.90%,35.40%,0.10%,0.60%,0.00%,87.70%,10.90%,1.40%,0.00%,69.30%,28.10%,2.60%,0.00%,70.80%,28.00%,1.20%,0.00%
,,Female,55.80%,3.40%,40.80%,24.00%,75.90%,0.10%,0.00%,87.50%,12.00%,0.50%,0.00%,60.70%,39.00%,0.00%,0.30%,89.00%,9.50%,1.60%,0.00%,16.40%,69.40%,14.30%,0.00%,0.00%,0.00%,77.00%,22.50%,0.50%,0.00%,36.60%,54.90%,7.10%,0.20%,0.70%,0.40%,0.00%,27.60%,30.00%,41.90%,0.10%,0.50%,0.00%,84.60%,14.70%,0.70%,0.00%,70.70%,27.60%,1.70%,0.00%,60.80%,38.40%,0.90%,0.00%
,Employment Status,Employed full time for an employer,41.30%,2.90%,55.80%,7.80%,92.20%,0.00%,0.00%,91.40%,7.60%,0.90%,0.00%,59.10%,40.70%,0.20%,0.00%,94.50%,5.20%,0.30%,0.00%,28.90%,50.60%,19.50%,0.80%,0.00%,0.20%,81.90%,17.40%,0.70%,0.00%,34.80%,57.90%,6.20%,0.60%,0.60%,0.00%,0.00%,30.30%,33.60%,35.60%,0.10%,0.40%,0.00%,86.50%,12.00%,1.50%,0.00%,70.60%,27.20%,2.10%,0.00%,65.90%,32.90%,1.20%,0.00%
,,Employed full time for self,14.70%,2.70%,82.60%,19.80%,80.20%,0.00%,0.00%,100.00%,0.00%,0.00%,0.00%,72.40%,27.60%,0.00%,0.00%,90.30%,9.70%,0.00%,0.00%,31.60%,41.00%,27.40%,0.00%,0.00%,0.00%,65.90%,33.30%,0.80%,0.00%,41.60%,45.10%,13.20%,0.00%,0.00%,0.00%,0.00%,38.20%,30.30%,31.40%,0.00%,0.00%,0.00%,94.70%,5.30%,0.00%,0.00%,74.20%,25.80%,0.00%,0.00%,88.40%,11.60%,0.00%,0.00%
,,Employed part time do not want full time,45.40%,1.20%,53.40%,7.80%,92.20%,0.00%,0.00%,93.20%,6.80%,0.00%,0.00%,65.00%,35.00%,0.00%,0.00%,88.40%,7.80%,3.80%,0.00%,19.10%,67.50%,13.40%,0.00%,0.00%,0.00%,83.50%,15.50%,1.00%,0.00%,37.40%,54.80%,6.10%,0.00%,1.70%,0.00%,0.00%,21.10%,36.00%,42.90%,0.00%,0.00%,0.00%,87.50%,12.50%,0.00%,0.00%,70.60%,28.50%,0.90%,0.00%,61.50%,38.50%,0.00%,0.00%
,,Unemployed,68.30%,4.10%,27.60%,6.00%,94.00%,0.00%,0.00%,84.40%,14.40%,1.20%,0.00%,45.30%,54.70%,0.00%,0.00%,54.00%,44.90%,1.20%,0.00%,33.30%,38.80%,27.90%,0.00%,0.00%,0.00%,28.30%,70.50%,1.20%,0.00%,43.20%,34.60%,7.30%,0.00%,14.90%,0.00%,0.00%,27.40%,30.20%,38.30%,0.00%,4.10%,0.00%,0.00%,0.00%,0.00%,0.00%,0.00%,0.00%,0.00%,0.00%,0.00%,0.00%,0.00%,0.00%
,,Employed part time want full time,23.10%,0.00%,76.90%,7.10%,92.90%,0.00%,0.00%,94.00%,6.00%,0.00%,0.00%,52.30%,47.70%,0.00%,0.00%,86.70%,13.30%,0.00%,0.00%,13.50%,56.20%,30.30%,0.00%,0.00%,0.00%,77.10%,22.90%,0.00%,0.00%,48.50%,40.00%,7.10%,0.00%,4.40%,0.00%,0.00%,19.70%,47.60%,32.70%,0.00%,0.00%,0.00%,61.00%,39.00%,0.00%,0.00%,42.40%,44.50%,13.10%,0.00%,52.30%,43.80%,3.90%,0.00%
,,Out of workforce,66.20%,6.10%,27.70%,38.10%,61.50%,0.40%,0.00%,87.50%,12.00%,0.50%,0.00%,65.00%,34.30%,0.40%,0.30%,89.50%,9.20%,1.20%,0.00%,9.90%,77.80%,12.30%,0.00%,0.00%,0.00%,77.00%,21.80%,1.30%,0.00%,41.10%,51.20%,5.30%,0.40%,1.20%,0.70%,0.00%,30.60%,27.40%,41.60%,0.10%,0.40%,0.00%,0.00%,0.00%,0.00%,0.00%,0.00%,0.00%,0.00%,0.00%,0.00%,0.00%,0.00%,0.00%
,Per Capita Income Quintiles,Poorest 20%,61.20%,5.90%,32.90%,20.40%,79.60%,0.00%,0.00%,88.50%,11.50%,0.00%,0.00%,53.90%,45.40%,0.00%,0.80%,86.20%,13.80%,0.00%,0.00%,18.60%,56.50%,24.90%,0.00%,0.00%,0.00%,67.80%,31.40%,0.80%,0.00%,27.90%,57.50%,9.20%,0.70%,3.90%,0.80%,0.00%,29.30%,30.10%,40.30%,0.20%,0.00%,0.00%,84.70%,15.30%,0.00%,0.00%,59.70%,38.60%,1.70%,0.00%,70.20%,29.80%,0.00%,0.00%
,,Second 20%,59.80%,2.90%,37.30%,25.80%,73.60%,0.60%,0.00%,89.50%,9.80%,0.70%,0.00%,58.90%,40.10%,0.90%,0.00%,86.60%,12.10%,1.30%,0.00%,20.40%,62.90%,16.70%,0.00%,0.00%,0.00%,75.00%,24.30%,0.70%,0.00%,37.50%,57.00%,4.50%,0.00%,0.70%,0.40%,0.00%,33.60%,20.00%,46.40%,0.00%,0.00%,0.00%,89.00%,11.00%,0.00%,0.00%,75.70%,24.30%,0.00%,0.00%,62.10%,37.90%,0.00%,0.00%
,,Middle 20%,52.10%,3.50%,44.40%,26.40%,73.20%,0.40%,0.00%,92.90%,6.70%,0.40%,0.00%,62.20%,37.50%,0.30%,0.00%,86.10%,12.00%,1.90%,0.00%,27.50%,60.20%,10.80%,1.50%,0.00%,0.00%,73.10%,26.90%,0.00%,0.00%,49.80%,43.60%,3.90%,0.20%,2.20%,0.20%,0.00%,26.50%,35.60%,36.60%,0.00%,1.30%,0.00%,82.20%,17.80%,0.00%,0.00%,66.10%,31.10%,2.80%,0.00%,65.20%,32.60%,2.10%,0.00%
,,Fourth 20%,43.10%,3.60%,53.30%,17.00%,83.00%,0.00%,0.00%,89.60%,9.80%,0.60%,0.00%,64.80%,35.20%,0.00%,0.00%,96.20%,2.70%,1.10%,0.00%,18.00%,67.80%,13.80%,0.00%,0.00%,0.40%,85.60%,14.00%,0.40%,0.00%,42.10%,48.40%,6.90%,0.80%,1.80%,0.00%,0.00%,26.30%,35.90%,36.70%,0.30%,0.80%,0.00%,89.60%,9.10%,1.30%,0.00%,79.20%,17.80%,3.00%,0.00%,70.20%,27.80%,2.00%,0.00%
,,Richest 20%,46.80%,5.10%,48.10%,17.60%,82.40%,0.00%,0.00%,88.50%,10.10%,1.40%,0.00%,68.50%,31.50%,0.00%,0.00%,91.30%,8.10%,0.60%,0.00%,15.40%,66.40%,18.20%,0.00%,0.00%,0.00%,78.80%,18.20%,3.00%,0.00%,36.30%,56.70%,6.10%,0.30%,0.40%,0.30%,0.00%,32.90%,32.90%,33.60%,0.00%,0.60%,0.00%,85.50%,10.60%,4.00%,0.00%,66.40%,30.20%,3.40%,0.00%,64.90%,34.10%,1.10%,0.00%
,Feelings About Household Income,Living comfortably on present income,44.40%,1.80%,53.80%,16.00%,84.00%,0.00%,0.00%,94.10%,5.70%,0.20%,0.00%,78.50%,21.50%,0.00%,0.00%,97.90%,1.70%,0.40%,0.00%,26.50%,58.00%,15.30%,0.00%,0.00%,0.20%,87.30%,12.30%,0.30%,0.00%,35.40%,57.10%,6.10%,0.40%,0.60%,0.50%,0.00%,26.40%,47.40%,25.30%,0.20%,0.60%,0.00%,91.40%,8.00%,0.60%,0.00%,81.40%,16.20%,2.40%,0.00%,81.90%,17.50%,0.60%,0.00%
,,Getting by on present income,50.90%,4.60%,44.50%,16.50%,83.10%,0.40%,0.00%,89.00%,9.80%,1.10%,0.00%,64.40%,34.50%,0.70%,0.40%,93.10%,6.00%,0.90%,0.00%,17.70%,64.50%,17.00%,0.80%,0.00%,0.00%,81.00%,16.70%,2.30%,0.00%,35.30%,58.00%,6.20%,0.10%,0.40%,0.00%,0.00%,33.30%,25.70%,41.00%,0.00%,0.00%,0.00%,88.70%,9.40%,1.90%,0.00%,68.30%,29.10%,2.60%,0.00%,60.90%,37.20%,2.00%,0.00%
,,Finding it difficult on present income,62.40%,5.70%,32.00%,36.00%,64.00%,0.00%,0.00%,89.40%,9.70%,0.90%,0.00%,37.00%,63.00%,0.00%,0.00%,81.60%,16.00%,2.40%,0.00%,15.00%,65.80%,19.20%,0.00%,0.00%,0.00%,63.80%,36.20%,0.00%,0.00%,48.30%,44.20%,5.40%,1.20%,1.10%,0.00%,0.00%,26.10%,14.60%,59.00%,0.30%,0.00%,0.00%,65.50%,34.50%,0.00%,0.00%,33.80%,66.20%,0.00%,0.00%,30.00%,70.00%,0.00%,0.00%
,,Finding it very difficult on present income,75.30%,9.90%,14.90%,38.60%,61.10%,0.40%,0.00%,75.60%,24.40%,0.00%,0.00%,28.00%,72.00%,0.00%,0.00%,48.60%,50.10%,1.20%,0.00%,11.50%,70.40%,18.20%,0.00%,0.00%,0.00%,27.10%,72.90%,0.00%,0.00%,48.50%,29.50%,5.90%,0.40%,13.90%,1.80%,0.00%,34.60%,14.00%,47.50%,0.00%,3.90%,0.00%,33.30%,62.40%,4.30%,0.00%,25.60%,70.10%,4.30%,0.00%,17.40%,82.60%,0.00%,0.00%
,Urban/Rural,A rural area or on a farm,38.80%,2.00%,59.20%,21.00%,79.00%,0.00%,0.00%,97.00%,2.30%,0.60%,0.00%,82.40%,17.60%,0.00%,0.00%,98.10%,1.90%,0.00%,0.00%,25.70%,64.60%,8.90%,0.00%,0.00%,0.80%,89.20%,8.50%,2.30%,0.00%,38.80%,50.00%,9.00%,0.40%,0.60%,1.10%,0.00%,39.40%,35.10%,24.50%,0.40%,0.50%,0.00%,97.90%,1.10%,1.00%,0.00%,88.10%,10.80%,1.10%,0.00%,79.50%,18.50%,2.00%,0.00%
,,A small town or villAge,55.40%,4.00%,40.60%,20.80%,78.90%,0.30%,0.00%,90.10%,9.20%,0.70%,0.00%,57.20%,42.40%,0.40%,0.00%,92.10%,6.40%,1.50%,0.00%,17.50%,63.60%,18.30%,0.50%,0.00%,0.00%,79.70%,19.50%,0.70%,0.00%,36.70%,56.70%,4.50%,0.30%,1.50%,0.40%,0.00%,27.60%,26.90%,45.10%,0.00%,0.40%,0.00%,90.20%,8.70%,1.10%,0.00%,69.20%,27.70%,3.10%,0.00%,67.00%,32.50%,0.50%,0.00%
,,A large city,54.60%,5.40%,40.00%,20.80%,79.10%,0.10%,0.00%,85.10%,14.30%,0.60%,0.00%,58.30%,41.10%,0.00%,0.60%,79.70%,19.60%,0.70%,0.00%,21.80%,60.00%,18.30%,0.00%,0.00%,0.00%,61.90%,37.00%,1.20%,0.00%,45.30%,41.40%,8.80%,0.90%,3.60%,0.00%,0.00%,30.70%,32.20%,36.10%,0.00%,1.10%,0.00%,74.20%,25.80%,0.00%,0.00%,58.30%,41.20%,0.50%,0.00%,58.00%,42.00%,0.00%,0.00%
,,A suburb of a large city,46.10%,4.60%,49.30%,27.70%,72.30%,0.00%,0.00%,93.50%,6.10%,0.50%,0.00%,72.90%,27.10%,0.00%,0.00%,88.00%,12.00%,0.00%,0.00%,23.40%,62.60%,14.00%,0.00%,0.00%,0.00%,77.40%,22.30%,0.30%,0.00%,33.30%,61.70%,5.00%,0.00%,0.00%,0.00%,0.00%,27.40%,46.90%,25.00%,0.60%,0.00%,0.00%,79.70%,16.50%,3.80%,0.00%,75.80%,20.90%,3.30%,0.00%,66.10%,29.00%,4.90%,0.00%
Spain,Age,15-24,49.40%,2.90%,47.70%,2.10%,97.90%,0.00%,0.00%,98.10%,1.90%,0.00%,0.00%,70.50%,29.50%,0.00%,0.00%,85.50%,11.00%,3.50%,0.00%,47.00%,46.70%,4.20%,0.00%,2.10%,0.00%,80.40%,17.60%,2.00%,0.00%,62.40%,24.40%,5.30%,4.50%,3.40%,0.00%,0.00%,66.20%,20.60%,11.20%,2.10%,0.00%,0.00%,94.00%,6.00%,0.00%,0.00%,67.00%,33.00%,0.00%,0.00%,69.00%,31.00%,0.00%,0.00%
,,25-34,48.70%,4.50%,46.90%,4.70%,95.30%,0.00%,0.00%,92.30%,7.70%,0.00%,0.00%,62.90%,35.70%,0.70%,0.60%,75.70%,22.00%,2.30%,0.00%,33.60%,51.80%,12.80%,1.60%,0.20%,0.00%,77.30%,21.00%,1.40%,0.30%,62.90%,25.90%,9.90%,0.10%,0.00%,1.20%,0.00%,59.80%,29.70%,8.80%,1.60%,0.00%,0.00%,79.70%,17.40%,0.90%,2.10%,69.80%,29.60%,0.60%,0.00%,66.50%,28.80%,4.10%,0.60%
,,35-44,55.30%,5.60%,39.10%,7.80%,92.20%,0.00%,0.00%,90.50%,9.50%,0.00%,0.00%,59.30%,40.70%,0.00%,0.00%,84.20%,10.10%,5.70%,0.00%,15.10%,76.50%,5.90%,1.60%,0.90%,0.00%,88.70%,8.20%,3.20%,0.00%,44.20%,38.70%,14.60%,1.30%,1.30%,0.00%,0.00%,41.60%,53.80%,2.10%,2.50%,0.00%,0.00%,86.40%,12.70%,0.90%,0.00%,73.00%,24.60%,1.90%,0.50%,72.60%,25.40%,2.00%,0.00%
,,45-64,61.20%,7.80%,31.00%,23.10%,76.50%,0.40%,0.00%,93.80%,6.20%,0.00%,0.00%,64.60%,34.70%,0.00%,0.70%,84.30%,12.40%,2.90%,0.40%,13.30%,77.30%,6.50%,0.30%,2.50%,0.20%,80.50%,17.20%,2.30%,0.00%,37.40%,49.70%,6.30%,2.40%,3.30%,0.20%,0.60%,44.50%,42.30%,8.80%,4.20%,0.20%,0.00%,83.60%,13.20%,2.20%,1.00%,80.70%,15.80%,3.50%,0.00%,63.60%,35.80%,0.60%,0.00%
,,65+,63.30%,6.90%,29.70%,27.90%,72.10%,0.00%,0.00%,94.90%,5.10%,0.00%,0.00%,69.60%,30.40%,0.00%,0.00%,90.90%,6.10%,3.00%,0.00%,8.50%,82.30%,6.00%,0.00%,3.20%,0.00%,77.00%,20.50%,2.10%,0.40%,28.90%,53.40%,13.80%,2.70%,0.00%,0.20%,1.00%,33.90%,58.10%,2.50%,4.70%,0.80%,0.00%,87.60%,7.50%,4.90%,0.00%,41.90%,56.50%,1.70%,0.00%,75.20%,24.80%,0.00%,0.00%
,Gender,Male,54.90%,7.90%,37.20%,13.70%,86.20%,0.10%,0.00%,93.10%,6.90%,0.00%,0.00%,65.50%,33.90%,0.00%,0.70%,81.10%,15.00%,3.70%,0.20%,23.10%,67.30%,6.90%,0.50%,2.00%,0.10%,85.60%,12.40%,1.90%,0.10%,46.50%,41.50%,8.50%,2.20%,0.90%,0.20%,0.20%,48.50%,42.40%,5.90%,2.80%,0.30%,0.00%,85.30%,12.80%,1.30%,0.60%,73.20%,25.70%,1.10%,0.00%,72.10%,25.50%,2.40%,0.00%
,,Female,57.50%,4.20%,38.40%,15.10%,84.80%,0.10%,0.00%,93.80%,6.20%,0.00%,0.00%,64.00%,35.70%,0.30%,0.00%,86.40%,10.40%,3.20%,0.00%,18.80%,71.00%,7.70%,1.00%,1.50%,0.00%,76.60%,20.80%,2.50%,0.10%,44.60%,38.90%,11.40%,1.70%,2.40%,0.50%,0.50%,46.90%,42.40%,7.20%,3.40%,0.00%,0.00%,83.20%,13.90%,1.70%,1.20%,71.90%,24.80%,3.00%,0.30%,62.90%,35.60%,1.10%,0.30%
,Employment Status,Employed full time for an employer,51.60%,2.20%,46.30%,4.40%,95.60%,0.00%,0.00%,97.50%,2.50%,0.00%,0.00%,62.70%,36.20%,0.50%,0.60%,85.40%,10.20%,4.40%,0.00%,20.50%,67.90%,9.70%,0.40%,1.30%,0.20%,84.60%,13.20%,2.10%,0.20%,50.70%,38.70%,9.10%,0.00%,0.90%,0.10%,0.50%,46.00%,41.30%,8.70%,3.90%,0.10%,0.00%,83.80%,15.00%,0.50%,0.60%,75.20%,22.90%,1.70%,0.20%,68.20%,29.80%,2.10%,0.00%
,,Employed full time for self,53.70%,0.40%,45.90%,7.30%,91.50%,1.20%,0.00%,89.60%,10.40%,0.00%,0.00%,67.90%,32.10%,0.00%,0.00%,87.60%,12.40%,0.00%,0.00%,21.80%,61.80%,13.40%,0.00%,3.10%,0.00%,91.00%,4.70%,4.30%,0.00%,44.80%,46.10%,8.00%,0.30%,0.00%,0.70%,0.00%,54.70%,37.10%,8.20%,0.00%,0.00%,0.00%,89.20%,4.60%,2.20%,3.90%,69.50%,24.90%,5.50%,0.00%,73.90%,24.80%,0.00%,1.30%
,,Employed part time do not want full time,53.90%,1.30%,44.80%,5.70%,94.30%,0.00%,0.00%,99.30%,0.70%,0.00%,0.00%,61.50%,36.30%,0.00%,2.20%,88.60%,8.40%,3.00%,0.00%,30.90%,64.10%,5.10%,0.00%,0.00%,0.00%,86.20%,13.80%,0.00%,0.00%,66.40%,21.90%,10.00%,1.30%,0.00%,0.40%,0.00%,57.00%,36.90%,5.80%,0.00%,0.30%,0.00%,81.70%,13.10%,5.20%,0.00%,62.40%,37.60%,0.00%,0.00%,65.10%,33.70%,1.30%,0.00%
,,Unemployed,63.40%,11.30%,25.30%,10.40%,89.60%,0.00%,0.00%,75.50%,24.50%,0.00%,0.00%,45.90%,54.10%,0.00%,0.00%,72.60%,27.10%,0.30%,0.00%,25.20%,71.00%,3.50%,0.00%,0.30%,0.00%,77.30%,21.40%,1.30%,0.00%,38.90%,33.00%,18.60%,5.60%,3.50%,0.00%,0.30%,61.60%,35.80%,2.60%,0.00%,0.00%,0.00%,0.00%,0.00%,0.00%,0.00%,0.00%,0.00%,0.00%,0.00%,0.00%,0.00%,0.00%,0.00%
,,Employed part time want full time,58.00%,5.80%,36.20%,13.80%,86.20%,0.00%,0.00%,92.50%,7.50%,0.00%,0.00%,65.00%,35.00%,0.00%,0.00%,83.30%,14.80%,1.90%,0.00%,23.90%,67.20%,3.60%,2.90%,2.40%,0.00%,81.10%,15.30%,3.60%,0.00%,42.80%,49.10%,1.40%,1.30%,1.70%,3.60%,0.00%,48.40%,43.60%,6.00%,2.00%,0.00%,0.00%,85.40%,12.90%,1.30%,0.30%,74.00%,24.20%,1.80%,0.00%,64.90%,32.30%,2.80%,0.00%
,,Out of workforce,58.60%,9.10%,32.30%,24.90%,75.00%,0.10%,0.00%,94.20%,5.80%,0.00%,0.00%,70.20%,29.80%,0.00%,0.00%,83.90%,11.70%,4.20%,0.20%,18.20%,71.80%,6.50%,1.10%,2.40%,0.00%,77.00%,20.40%,2.40%,0.20%,40.40%,43.50%,10.30%,3.00%,2.20%,0.10%,0.40%,43.50%,46.00%,5.90%,4.30%,0.30%,0.00%,0.00%,0.00%,0.00%,0.00%,0.00%,0.00%,0.00%,0.00%,0.00%,0.00%,0.00%,0.00%
,Per Capita Income Quintiles,Poorest 20%,59.10%,19.00%,21.90%,24.90%,75.10%,0.00%,0.00%,87.70%,12.30%,0.00%,0.00%,57.10%,42.90%,0.00%,0.00%,76.10%,23.40%,0.40%,0.00%,24.30%,71.10%,3.00%,0.00%,1.60%,0.00%,69.60%,28.90%,1.50%,0.00%,40.90%,36.10%,14.50%,3.50%,4.20%,0.00%,0.90%,58.40%,33.90%,5.10%,2.50%,0.00%,0.00%,83.30%,16.20%,0.00%,0.50%,82.80%,11.70%,5.50%,0.00%,78.20%,21.80%,0.00%,0.00%
,,Second 20%,64.90%,7.50%,27.60%,13.50%,86.50%,0.00%,0.00%,92.20%,7.80%,0.00%,0.00%,64.30%,35.70%,0.00%,0.00%,84.30%,11.40%,3.80%,0.50%,20.90%,67.70%,10.10%,0.00%,1.30%,0.00%,80.70%,16.80%,2.20%,0.30%,48.80%,40.60%,9.70%,0.80%,0.00%,0.20%,0.00%,47.30%,42.60%,9.70%,0.30%,0.00%,0.00%,85.50%,13.00%,1.60%,0.00%,70.30%,28.50%,1.20%,0.00%,61.60%,38.40%,0.00%,0.00%
,,Middle 20%,49.70%,1.80%,48.50%,11.20%,88.80%,0.00%,0.00%,96.10%,3.90%,0.00%,0.00%,66.30%,32.30%,0.80%,0.70%,88.50%,8.80%,2.70%,0.00%,17.40%,72.80%,6.30%,1.90%,1.60%,0.00%,85.10%,12.70%,2.20%,0.00%,43.30%,45.40%,6.60%,1.40%,1.30%,1.20%,0.80%,49.80%,43.10%,4.70%,2.30%,0.10%,0.00%,86.90%,10.50%,0.50%,2.10%,70.60%,29.40%,0.00%,0.00%,66.30%,31.90%,1.20%,0.70%
,,Fourth 20%,50.60%,0.90%,48.40%,10.80%,89.00%,0.30%,0.00%,95.30%,4.70%,0.00%,0.00%,70.60%,28.60%,0.00%,0.70%,82.70%,11.70%,5.60%,0.00%,27.40%,64.50%,7.20%,0.50%,0.50%,0.00%,87.10%,11.40%,1.20%,0.30%,51.20%,34.10%,10.80%,3.30%,0.60%,0.00%,0.00%,48.00%,39.30%,7.20%,5.00%,0.50%,0.00%,82.40%,14.80%,2.80%,0.00%,76.10%,22.60%,0.60%,0.60%,67.00%,30.70%,2.20%,0.00%
,,Richest 20%,56.90%,1.00%,42.20%,11.90%,87.80%,0.30%,0.00%,96.20%,3.80%,0.00%,0.00%,65.10%,34.60%,0.00%,0.30%,87.40%,7.90%,4.70%,0.00%,14.60%,70.00%,9.90%,1.30%,3.80%,0.30%,82.40%,13.60%,4.00%,0.00%,43.30%,44.90%,8.50%,0.90%,2.00%,0.30%,0.20%,35.00%,53.00%,6.10%,5.50%,0.30%,0.00%,83.80%,13.10%,1.70%,1.50%,67.10%,29.20%,3.70%,0.00%,70.10%,25.40%,4.50%,0.00%
,Feelings About Household Income,Living comfortably on present income,51.50%,0.50%,48.10%,10.70%,89.00%,0.30%,0.00%,97.50%,2.50%,0.00%,0.00%,68.00%,31.50%,0.00%,0.50%,90.10%,5.80%,4.00%,0.00%,15.90%,71.20%,9.60%,1.00%,2.20%,0.20%,88.80%,8.30%,2.90%,0.00%,49.10%,38.70%,9.40%,0.30%,1.50%,0.70%,0.30%,42.20%,45.10%,9.20%,3.20%,0.40%,0.00%,86.70%,11.40%,1.10%,0.80%,77.10%,21.80%,0.80%,0.30%,65.60%,32.60%,1.80%,0.00%
,,Getting by on present income,55.30%,3.40%,41.30%,9.90%,90.10%,0.00%,0.00%,96.90%,3.10%,0.00%,0.00%,69.10%,30.10%,0.40%,0.40%,85.10%,12.80%,1.90%,0.30%,29.30%,62.70%,5.70%,0.90%,1.50%,0.00%,80.80%,16.60%,2.40%,0.10%,47.30%,40.10%,10.30%,1.60%,0.60%,0.10%,0.10%,51.40%,40.30%,5.60%,2.60%,0.00%,0.00%,86.90%,10.90%,2.20%,0.00%,72.30%,26.30%,1.30%,0.00%,71.70%,26.40%,1.90%,0.00%
,,Finding it difficult on present income,65.00%,22.00%,13.00%,22.80%,77.20%,0.00%,0.00%,89.60%,10.40%,0.00%,0.00%,46.10%,53.90%,0.00%,0.00%,62.60%,29.60%,7.80%,0.00%,6.80%,83.90%,8.60%,0.40%,0.40%,0.00%,60.60%,37.00%,1.90%,0.60%,40.10%,40.30%,10.70%,1.70%,4.50%,0.70%,1.90%,45.90%,41.40%,7.50%,4.90%,0.30%,0.00%,70.20%,28.50%,0.60%,0.60%,56.20%,30.10%,13.70%,0.00%,54.70%,39.50%,3.60%,2.20%
,,Finding it very difficult on present income,65.10%,17.00%,17.90%,33.30%,66.70%,0.00%,0.00%,72.30%,27.70%,0.00%,0.00%,58.50%,41.50%,0.00%,0.00%,79.70%,17.00%,3.30%,0.00%,21.50%,70.40%,5.40%,0.00%,2.80%,0.00%,76.70%,23.30%,0.00%,0.00%,32.20%,45.10%,10.80%,8.80%,3.00%,0.00%,0.00%,53.40%,41.70%,1.90%,3.00%,0.00%,0.00%,65.50%,27.70%,0.00%,6.80%,67.40%,32.60%,0.00%,0.00%,74.80%,25.20%,0.00%,0.00%
,Urban/Rural,A rural area or on a farm,75.30%,11.00%,13.70%,20.10%,79.90%,0.00%,0.00%,96.00%,4.00%,0.00%,0.00%,62.90%,37.10%,0.00%,0.00%,66.80%,33.20%,0.00%,0.00%,20.60%,65.00%,14.50%,0.00%,0.00%,0.00%,75.50%,24.50%,0.00%,0.00%,35.40%,45.80%,16.10%,0.00%,2.60%,0.00%,0.00%,43.60%,45.90%,4.60%,5.90%,0.00%,0.00%,75.60%,18.70%,0.00%,5.70%,67.00%,33.00%,0.00%,0.00%,73.40%,26.60%,0.00%,0.00%
,,A small town or villAge,59.80%,8.60%,31.70%,18.10%,81.70%,0.10%,0.00%,91.50%,8.50%,0.00%,0.00%,65.60%,34.10%,0.00%,0.30%,81.10%,14.00%,4.70%,0.20%,20.90%,69.20%,6.00%,0.80%,3.10%,0.00%,78.90%,18.20%,2.90%,0.00%,42.70%,39.30%,11.60%,3.90%,1.80%,0.10%,0.60%,46.30%,44.50%,5.30%,3.60%,0.20%,0.00%,83.90%,14.70%,1.30%,0.10%,69.80%,27.60%,2.20%,0.30%,68.10%,29.90%,1.60%,0.30%
,,A large city,50.10%,2.70%,47.20%,11.60%,88.40%,0.00%,0.00%,94.60%,5.40%,0.00%,0.00%,69.50%,29.50%,0.50%,0.60%,89.40%,8.00%,2.60%,0.00%,23.40%,67.30%,8.20%,0.40%,0.60%,0.20%,83.20%,14.30%,2.50%,0.00%,51.40%,38.10%,8.30%,0.40%,1.40%,0.10%,0.20%,49.60%,41.30%,6.80%,2.10%,0.20%,0.00%,86.10%,10.20%,2.20%,1.50%,76.50%,21.30%,2.30%,0.00%,69.50%,28.40%,2.00%,0.00%
,,A suburb of a large city,51.70%,3.10%,45.20%,6.70%,92.90%,0.40%,0.00%,96.20%,3.80%,0.00%,0.00%,51.80%,48.20%,0.00%,0.00%,86.40%,10.60%,3.00%,0.00%,15.60%,75.20%,6.80%,1.70%,0.70%,0.00%,84.70%,14.10%,0.30%,0.90%,45.00%,45.60%,6.40%,0.10%,1.10%,1.80%,0.00%,49.50%,36.60%,11.00%,2.90%,0.00%,0.00%,84.90%,14.10%,1.00%,0.00%,74.50%,24.60%,1.00%,0.00%,62.30%,35.30%,2.40%,0.00%
Italy,Age,15-24,46.30%,0.00%,53.70%,4.50%,95.50%,0.00%,0.00%,95.80%,4.20%,0.00%,0.00%,78.30%,21.70%,0.00%,0.00%,86.70%,8.60%,4.80%,0.00%,45.30%,49.50%,5.30%,0.00%,0.00%,0.00%,81.70%,17.30%,1.00%,0.00%,17.00%,66.60%,16.40%,0.00%,0.00%,0.00%,0.00%,24.30%,66.20%,8.80%,0.00%,0.60%,0.00%,73.80%,26.20%,0.00%,0.00%,47.40%,52.60%,0.00%,0.00%,36.00%,64.00%,0.00%,0.00%
,,25-34,50.40%,0.00%,49.60%,0.70%,99.30%,0.00%,0.00%,97.70%,2.30%,0.00%,0.00%,72.20%,26.10%,1.80%,0.00%,85.90%,12.30%,1.80%,0.00%,54.70%,43.60%,1.50%,0.00%,0.30%,0.00%,72.10%,27.60%,0.30%,0.00%,18.70%,71.40%,7.00%,2.40%,0.00%,0.50%,0.00%,37.70%,52.50%,7.30%,0.00%,2.50%,0.00%,79.70%,17.10%,1.20%,2.10%,73.60%,23.90%,2.50%,0.00%,70.80%,28.20%,1.10%,0.00%
,,35-44,56.90%,1.90%,41.20%,1.50%,98.50%,0.00%,0.00%,93.10%,6.90%,0.00%,0.00%,78.00%,21.70%,0.00%,0.30%,80.10%,18.20%,1.70%,0.00%,33.30%,59.00%,5.10%,1.90%,0.60%,0.00%,69.70%,28.10%,2.20%,0.00%,23.00%,69.10%,6.70%,0.80%,0.50%,0.00%,0.00%,34.60%,61.60%,1.50%,0.20%,2.20%,0.00%,93.30%,6.30%,0.00%,0.40%,55.30%,43.50%,0.80%,0.40%,42.20%,57.20%,0.60%,0.00%
,,45-64,62.40%,12.50%,25.10%,20.20%,79.70%,0.00%,0.10%,82.40%,17.50%,0.10%,0.00%,67.10%,32.90%,0.00%,0.00%,72.80%,26.90%,0.20%,0.10%,18.90%,77.60%,1.90%,0.20%,1.40%,0.00%,71.50%,23.70%,4.80%,0.00%,27.90%,56.70%,10.70%,2.90%,1.60%,0.20%,0.00%,31.10%,59.50%,8.30%,0.70%,0.40%,0.10%,83.30%,15.50%,0.90%,0.30%,55.60%,44.30%,0.00%,0.10%,54.60%,45.00%,0.30%,0.00%
,,65+,70.80%,6.20%,23.00%,34.90%,65.10%,0.00%,0.00%,86.10%,13.40%,0.60%,0.00%,67.00%,32.50%,0.00%,0.50%,78.50%,21.00%,0.50%,0.00%,18.40%,78.20%,2.80%,0.50%,0.00%,0.10%,75.50%,23.90%,0.70%,0.00%,33.00%,48.80%,11.40%,5.90%,0.60%,0.20%,0.00%,23.30%,63.90%,11.00%,1.30%,0.50%,0.00%,84.90%,10.50%,0.00%,4.60%,75.00%,25.00%,0.00%,0.00%,62.10%,37.90%,0.00%,0.00%
,Gender,Male,58.20%,6.10%,35.80%,13.60%,86.40%,0.00%,0.00%,91.70%,7.90%,0.30%,0.00%,68.90%,31.00%,0.00%,0.10%,80.80%,17.80%,1.40%,0.00%,30.40%,64.50%,3.70%,1.10%,0.30%,0.00%,74.50%,24.20%,1.20%,0.00%,28.70%,57.50%,12.00%,1.20%,0.40%,0.20%,0.00%,27.90%,62.70%,8.30%,0.80%,0.30%,0.00%,82.00%,15.70%,0.90%,1.40%,53.80%,44.70%,1.20%,0.30%,49.70%,49.50%,0.80%,0.00%
,,Female,61.70%,5.80%,32.50%,18.20%,81.80%,0.00%,0.00%,86.20%,13.80%,0.00%,0.00%,72.90%,26.40%,0.50%,0.20%,77.10%,21.70%,1.20%,0.00%,28.10%,68.50%,2.40%,0.00%,0.90%,0.10%,72.30%,24.60%,3.20%,0.00%,23.10%,62.50%,8.70%,4.40%,1.10%,0.20%,0.00%,31.90%,58.90%,7.00%,0.40%,1.80%,0.00%,88.20%,11.20%,0.40%,0.30%,67.30%,32.40%,0.30%,0.00%,59.30%,40.40%,0.30%,0.00%
,Employment Status,Employed full time for an employer,53.00%,4.40%,42.60%,7.50%,92.50%,0.00%,0.00%,91.10%,8.90%,0.00%,0.00%,74.00%,25.80%,0.00%,0.20%,80.70%,17.20%,2.00%,0.10%,35.40%,60.60%,2.50%,0.20%,1.40%,0.00%,79.00%,19.00%,2.00%,0.00%,23.70%,63.50%,9.60%,2.10%,0.80%,0.30%,0.00%,37.20%,57.60%,3.70%,0.80%,0.80%,0.00%,87.80%,11.60%,0.30%,0.30%,54.00%,44.80%,1.00%,0.30%,53.90%,45.90%,0.20%,0.00%
,,Employed full time for self,54.00%,0.00%,46.00%,9.70%,90.30%,0.00%,0.00%,97.10%,2.90%,0.00%,0.00%,54.30%,43.90%,0.00%,1.70%,87.20%,12.80%,0.00%,0.00%,37.60%,48.30%,8.90%,5.10%,0.00%,0.00%,72.00%,28.00%,0.00%,0.00%,33.40%,44.90%,21.00%,0.60%,0.00%,0.00%,0.00%,24.90%,69.30%,5.60%,0.00%,0.00%,0.20%,76.60%,19.60%,0.00%,3.80%,61.10%,38.40%,0.50%,0.00%,37.10%,62.10%,0.80%,0.00%
,,Employed part time do not want full time,61.10%,0.00%,38.90%,10.90%,89.10%,0.00%,0.00%,94.00%,6.00%,0.00%,0.00%,83.00%,11.60%,5.40%,0.00%,89.70%,8.90%,1.40%,0.00%,49.00%,47.80%,2.80%,0.00%,0.40%,0.00%,75.80%,21.90%,2.30%,0.00%,12.70%,69.60%,11.60%,6.10%,0.00%,0.00%,0.00%,32.50%,48.60%,13.50%,0.00%,5.40%,0.00%,83.90%,12.90%,2.20%,1.00%,67.60%,32.40%,0.00%,0.00%,58.30%,39.00%,2.60%,0.00%
,,Unemployed,59.30%,25.50%,15.20%,3.50%,96.50%,0.00%,0.00%,78.50%,21.50%,0.00%,0.00%,65.70%,34.30%,0.00%,0.00%,56.00%,44.00%,0.00%,0.00%,29.00%,68.10%,2.60%,0.00%,0.30%,0.00%,52.10%,41.20%,6.70%,0.00%,40.30%,41.60%,16.30%,1.10%,0.00%,0.60%,0.00%,35.40%,47.80%,10.10%,0.00%,6.70%,0.00%,0.00%,0.00%,0.00%,0.00%,0.00%,0.00%,0.00%,0.00%,0.00%,0.00%,0.00%,0.00%
,,Employed part time want full time,61.90%,8.30%,29.80%,5.90%,94.10%,0.00%,0.00%,82.20%,17.80%,0.00%,0.00%,74.20%,25.80%,0.00%,0.00%,81.10%,13.90%,5.00%,0.00%,23.40%,75.90%,0.80%,0.00%,0.00%,0.00%,77.20%,21.20%,1.60%,0.00%,31.70%,57.40%,3.70%,2.80%,4.40%,0.00%,0.00%,26.40%,64.00%,9.00%,0.20%,0.40%,0.00%,82.10%,15.90%,1.60%,0.40%,75.80%,23.30%,0.90%,0.00%,67.70%,32.00%,0.40%,0.00%
,,Out of workforce,64.80%,5.60%,29.70%,25.60%,74.40%,0.00%,0.00%,88.10%,11.60%,0.30%,0.00%,70.70%,29.30%,0.00%,0.00%,77.80%,21.60%,0.60%,0.00%,23.40%,73.00%,2.90%,0.20%,0.40%,0.10%,71.80%,25.90%,2.30%,0.00%,24.50%,62.20%,9.30%,3.60%,0.40%,0.10%,0.00%,26.20%,63.50%,9.20%,0.70%,0.40%,0.00%,0.00%,0.00%,0.00%,0.00%,0.00%,0.00%,0.00%,0.00%,0.00%,0.00%,0.00%,0.00%
,Per Capita Income Quintiles,Poorest 20%,63.80%,11.40%,24.80%,13.50%,86.50%,0.00%,0.00%,86.80%,13.20%,0.00%,0.00%,72.10%,26.60%,1.20%,0.00%,65.10%,34.40%,0.50%,0.00%,24.40%,72.60%,2.80%,0.00%,0.20%,0.00%,62.20%,35.30%,2.50%,0.00%,29.60%,61.50%,6.90%,0.30%,1.70%,0.00%,0.00%,31.40%,59.70%,5.70%,0.00%,3.10%,0.00%,83.50%,16.40%,0.00%,0.20%,65.90%,34.10%,0.00%,0.00%,62.80%,37.20%,0.00%,0.00%
,,Second 20%,75.40%,3.80%,20.80%,19.50%,80.50%,0.00%,0.00%,85.20%,14.80%,0.00%,0.00%,66.70%,33.30%,0.00%,0.00%,82.70%,15.50%,1.80%,0.00%,29.00%,63.10%,4.80%,1.80%,1.20%,0.00%,69.00%,30.20%,0.80%,0.00%,19.40%,72.40%,4.80%,2.50%,0.80%,0.10%,0.00%,28.00%,60.00%,11.00%,0.80%,0.30%,0.00%,82.50%,16.90%,0.60%,0.00%,58.80%,38.30%,2.90%,0.00%,44.70%,54.80%,0.50%,0.00%
,,Middle 20%,60.40%,8.30%,31.30%,21.50%,78.50%,0.00%,0.00%,86.70%,12.60%,0.80%,0.00%,72.90%,26.20%,0.00%,0.90%,74.10%,23.90%,2.00%,0.00%,33.00%,63.60%,2.40%,0.80%,0.00%,0.10%,76.30%,18.80%,4.90%,0.00%,20.70%,58.00%,17.00%,3.50%,0.70%,0.20%,0.00%,26.60%,62.20%,8.70%,1.60%,0.80%,0.00%,89.10%,10.70%,0.00%,0.20%,73.50%,25.60%,0.00%,0.90%,60.30%,38.20%,1.50%,0.00%
,,Fourth 20%,49.30%,4.40%,46.30%,13.60%,86.40%,0.00%,0.00%,92.50%,7.50%,0.00%,0.00%,67.40%,32.60%,0.00%,0.00%,86.40%,11.80%,1.70%,0.10%,30.20%,65.60%,3.40%,0.00%,0.80%,0.00%,77.70%,20.60%,1.80%,0.00%,28.10%,60.30%,6.30%,4.70%,0.20%,0.40%,0.00%,33.80%,57.40%,8.00%,0.20%,0.70%,0.00%,78.30%,17.70%,1.40%,2.60%,49.90%,49.00%,1.10%,0.00%,62.90%,36.70%,0.50%,0.00%
,,Richest 20%,51.10%,1.90%,47.00%,11.80%,88.10%,0.00%,0.10%,93.10%,6.90%,0.00%,0.00%,76.00%,24.00%,0.00%,0.00%,85.60%,13.90%,0.40%,0.00%,29.30%,68.30%,1.70%,0.00%,0.80%,0.00%,81.30%,17.50%,1.30%,0.00%,31.40%,48.50%,16.10%,3.40%,0.50%,0.20%,0.00%,30.20%,64.40%,4.60%,0.20%,0.50%,0.10%,89.50%,8.30%,1.00%,1.30%,55.20%,44.80%,0.00%,0.00%,44.60%,54.90%,0.50%,0.00%
,Feelings About Household Income,Living comfortably on present income,49.40%,1.40%,49.30%,14.30%,85.60%,0.00%,0.10%,93.40%,6.10%,0.50%,0.00%,79.90%,19.20%,0.90%,0.00%,91.20%,7.20%,1.60%,0.00%,25.80%,71.40%,1.90%,0.20%,0.70%,0.00%,87.00%,12.50%,0.50%,0.00%,28.00%,60.00%,9.60%,1.70%,0.50%,0.10%,0.00%,25.20%,61.80%,11.10%,0.60%,1.30%,0.00%,92.60%,4.60%,0.40%,2.50%,57.10%,42.70%,0.00%,0.10%,50.80%,48.60%,0.70%,0.00%
,,Getting by on present income,60.80%,3.20%,36.00%,10.70%,89.30%,0.00%,0.00%,93.70%,6.20%,0.00%,0.00%,77.90%,21.80%,0.00%,0.30%,84.20%,14.70%,1.10%,0.00%,36.00%,59.50%,3.90%,0.00%,0.50%,0.10%,76.40%,21.30%,2.30%,0.00%,22.00%,61.70%,12.90%,2.40%,0.70%,0.20%,0.00%,29.40%,64.80%,4.90%,0.10%,0.70%,0.00%,82.40%,16.40%,1.00%,0.20%,63.10%,35.50%,1.50%,0.00%,54.00%,45.30%,0.70%,0.00%
,,Finding it difficult on present income,71.00%,17.80%,11.20%,26.80%,73.20%,0.00%,0.00%,77.40%,22.60%,0.00%,0.00%,45.00%,54.70%,0.00%,0.40%,54.50%,44.30%,1.20%,0.00%,19.90%,71.60%,4.40%,3.00%,1.00%,0.00%,53.70%,40.70%,5.70%,0.00%,29.30%,58.10%,7.00%,4.70%,0.80%,0.00%,0.00%,38.50%,47.40%,10.40%,1.20%,2.40%,0.00%,75.20%,24.80%,0.00%,0.00%,42.60%,56.40%,0.00%,1.00%,49.00%,51.00%,0.00%,0.00%
,,Finding it very difficult on present income,68.30%,12.00%,19.70%,27.60%,72.40%,0.00%,0.00%,73.70%,26.30%,0.00%,0.00%,56.80%,43.20%,0.00%,0.00%,60.60%,39.10%,0.30%,0.00%,21.40%,78.10%,0.50%,0.00%,0.00%,0.00%,53.20%,45.30%,1.50%,0.00%,32.00%,55.50%,5.50%,5.20%,1.50%,0.30%,0.00%,32.90%,59.00%,6.60%,1.50%,0.00%,0.00%,85.20%,14.10%,0.80%,0.00%,79.20%,19.90%,0.90%,0.00%,76.90%,23.10%,0.00%,0.00%
,Urban/Rural,A rural area or on a farm,57.30%,13.30%,29.40%,9.40%,90.60%,0.00%,0.00%,94.40%,5.60%,0.00%,0.00%,63.80%,36.20%,0.00%,0.00%,62.40%,34.90%,2.70%,0.00%,8.40%,89.40%,2.30%,0.00%,0.00%,0.00%,64.60%,25.30%,10.10%,0.00%,17.20%,66.40%,4.90%,11.40%,0.00%,0.00%,0.00%,21.90%,77.80%,0.00%,0.30%,0.00%,0.00%,85.50%,14.50%,0.00%,0.00%,62.20%,37.80%,0.00%,0.00%,48.30%,51.70%,0.00%,0.00%
,,A small town or villAge,62.60%,4.90%,32.50%,16.90%,83.10%,0.00%,0.00%,88.70%,11.30%,0.00%,0.00%,70.90%,28.60%,0.40%,0.10%,81.30%,17.60%,1.10%,0.00%,32.80%,62.70%,3.00%,0.90%,0.70%,0.00%,73.50%,25.00%,1.50%,0.00%,23.90%,63.90%,8.60%,2.80%,0.80%,0.10%,0.00%,29.70%,60.10%,8.60%,0.00%,1.50%,0.00%,85.90%,12.60%,0.40%,1.00%,63.90%,35.50%,0.30%,0.20%,55.20%,44.50%,0.30%,0.00%
,,A large city,57.10%,0.60%,42.20%,11.40%,88.50%,0.00%,0.10%,91.60%,8.40%,0.00%,0.00%,75.50%,24.00%,0.00%,0.60%,81.60%,17.70%,0.60%,0.10%,29.40%,66.30%,4.00%,0.00%,0.20%,0.00%,71.90%,26.60%,1.50%,0.00%,26.00%,55.00%,17.80%,0.30%,0.60%,0.20%,0.00%,27.90%,65.30%,6.50%,0.20%,0.00%,0.10%,89.10%,10.00%,0.00%,0.90%,56.60%,40.90%,2.50%,0.00%,52.40%,47.20%,0.40%,0.00%
,,A suburb of a large city,52.60%,18.40%,29.00%,23.30%,76.70%,0.00%,0.00%,81.40%,17.20%,1.40%,0.00%,66.40%,33.60%,0.00%,0.00%,67.40%,29.60%,3.00%,0.00%,19.00%,77.80%,1.80%,0.00%,1.20%,0.20%,79.70%,16.10%,4.20%,0.00%,40.60%,45.60%,7.70%,4.40%,1.40%,0.30%,0.00%,39.70%,47.40%,7.30%,4.40%,1.20%,0.00%,69.80%,27.40%,2.40%,0.40%,42.50%,57.50%,0.00%,0.00%,52.80%,44.80%,2.40%,0.00%
Poland,Age,15-24,59.90%,0.20%,39.90%,11.50%,88.50%,0.00%,0.00%,98.70%,1.30%,0.00%,0.00%,81.60%,16.90%,1.50%,0.00%,71.50%,27.60%,0.90%,0.00%,40.10%,56.30%,3.50%,0.00%,0.00%,0.00%,72.80%,26.50%,0.70%,0.00%,31.80%,52.20%,11.80%,0.00%,0.00%,4.20%,0.00%,49.70%,46.30%,2.40%,1.20%,0.30%,0.00%,89.60%,9.90%,0.50%,0.00%,46.30%,53.70%,0.00%,0.00%,63.30%,36.70%,0.00%,0.00%
,,25-34,55.70%,5.40%,38.90%,10.00%,89.90%,0.10%,0.00%,98.80%,1.20%,0.00%,0.00%,79.00%,21.00%,0.00%,0.00%,70.50%,29.00%,0.50%,0.00%,26.00%,69.10%,1.00%,0.00%,3.90%,0.00%,70.60%,28.30%,1.10%,0.00%,31.60%,63.50%,4.80%,0.00%,0.00%,0.20%,0.00%,45.80%,44.90%,9.00%,0.00%,0.10%,0.10%,88.20%,10.40%,1.30%,0.00%,68.60%,31.10%,0.30%,0.00%,76.60%,22.50%,0.90%,0.00%
,,35-44,49.40%,7.40%,43.20%,14.80%,85.10%,0.10%,0.00%,94.90%,2.60%,2.50%,0.00%,77.70%,18.50%,3.90%,0.00%,72.40%,25.90%,1.80%,0.00%,15.80%,77.10%,6.00%,0.00%,1.10%,0.00%,79.20%,19.90%,0.90%,0.00%,19.90%,71.00%,7.10%,0.10%,0.00%,1.80%,0.00%,30.40%,50.30%,16.10%,0.00%,2.10%,1.10%,91.90%,6.70%,1.30%,0.00%,76.10%,22.40%,1.40%,0.00%,64.90%,33.40%,1.70%,0.00%
,,45-64,60.30%,15.40%,24.20%,31.60%,68.20%,0.10%,0.00%,90.30%,6.80%,2.90%,0.00%,80.30%,19.50%,0.10%,0.00%,73.00%,24.70%,2.30%,0.00%,12.80%,81.70%,4.70%,0.00%,0.90%,0.00%,80.00%,17.30%,2.70%,0.00%,27.50%,66.30%,4.70%,0.00%,0.00%,1.50%,0.00%,27.40%,49.20%,21.20%,0.00%,2.10%,0.10%,87.50%,11.10%,1.40%,0.00%,84.10%,15.20%,0.60%,0.00%,44.80%,53.30%,1.00%,0.80%
,,65+,58.70%,17.90%,23.30%,49.90%,50.10%,0.00%,0.00%,90.30%,9.20%,0.60%,0.00%,92.40%,7.30%,0.20%,0.00%,77.90%,20.10%,2.00%,0.00%,8.00%,90.10%,1.20%,0.00%,0.80%,0.00%,90.90%,9.10%,0.00%,0.00%,25.90%,59.40%,10.30%,0.90%,0.00%,3.50%,0.00%,21.90%,37.80%,34.90%,1.50%,3.90%,0.00%,89.60%,5.20%,0.00%,5.30%,75.70%,12.20%,12.10%,0.00%,9.90%,83.90%,6.10%,0.00%
,Gender,Male,52.10%,10.50%,37.40%,19.80%,80.10%,0.20%,0.00%,93.20%,4.10%,2.60%,0.00%,81.20%,16.40%,1.90%,0.40%,74.80%,23.50%,1.80%,0.00%,22.50%,72.50%,3.90%,0.00%,1.10%,0.00%,77.80%,20.80%,1.30%,0.00%,31.40%,58.00%,8.50%,0.00%,0.00%,2.00%,0.00%,36.80%,44.50%,15.70%,0.30%,2.20%,0.40%,87.10%,11.50%,1.40%,0.00%,74.70%,24.70%,0.60%,0.00%,64.80%,33.20%,1.60%,0.40%
,,Female,61.70%,10.60%,27.70%,31.20%,68.80%,0.00%,0.00%,94.70%,5.10%,0.20%,0.00%,82.90%,17.00%,0.00%,0.10%,71.80%,26.70%,1.40%,0.10%,13.40%,81.60%,3.50%,0.00%,1.40%,0.10%,81.00%,17.80%,1.20%,0.10%,23.00%,68.50%,5.90%,0.30%,0.00%,2.20%,0.10%,29.20%,47.30%,21.30%,0.60%,1.40%,0.10%,90.70%,7.60%,1.10%,0.60%,71.30%,26.30%,2.30%,0.00%,48.20%,50.20%,1.50%,0.10%
,Employment Status,Employed full time for an employer,56.10%,8.30%,35.60%,15.10%,84.90%,0.10%,0.00%,94.50%,3.20%,2.20%,0.00%,79.30%,20.60%,0.10%,0.00%,72.30%,26.80%,0.90%,0.00%,19.70%,73.80%,4.40%,0.00%,2.10%,0.10%,76.90%,21.30%,1.80%,0.00%,31.20%,61.80%,5.10%,0.10%,0.00%,1.70%,0.10%,35.80%,46.90%,14.60%,0.10%,1.90%,0.70%,86.80%,12.30%,0.90%,0.00%,71.10%,28.10%,0.80%,0.00%,60.20%,38.50%,0.80%,0.50%
,,Employed full time for self,37.80%,16.20%,46.00%,20.50%,79.50%,0.00%,0.00%,90.50%,7.30%,2.20%,0.00%,74.30%,20.60%,3.00%,2.20%,64.40%,30.00%,5.70%,0.00%,25.90%,70.80%,3.00%,0.00%,0.30%,0.00%,80.80%,17.70%,1.50%,0.00%,31.50%,56.60%,9.80%,0.00%,0.00%,2.10%,0.00%,28.70%,59.60%,10.50%,0.00%,1.10%,0.00%,94.20%,4.00%,0.30%,1.40%,87.20%,10.90%,1.90%,0.00%,63.40%,34.70%,1.90%,0.00%
,,Employed part time do not want full time,51.10%,0.00%,48.90%,18.20%,81.80%,0.00%,0.00%,95.10%,0.00%,4.90%,0.00%,86.40%,8.70%,4.90%,0.00%,89.50%,9.80%,0.70%,0.00%,10.60%,83.40%,6.00%,0.00%,0.00%,0.00%,91.70%,8.30%,0.00%,0.00%,32.70%,56.60%,10.70%,0.00%,0.00%,0.00%,0.00%,31.70%,57.30%,4.20%,0.00%,6.80%,0.00%,94.70%,4.90%,0.50%,0.00%,68.40%,29.40%,2.20%,0.00%,36.40%,54.60%,9.00%,0.00%
,,Unemployed,62.00%,5.60%,32.30%,15.40%,83.70%,1.00%,0.00%,100.00%,0.00%,0.00%,0.00%,80.70%,19.30%,0.00%,0.00%,75.90%,21.90%,2.20%,0.00%,23.30%,69.00%,7.70%,0.00%,0.00%,0.00%,59.50%,38.40%,2.20%,0.00%,19.50%,57.20%,5.80%,3.60%,0.00%,13.80%,0.00%,52.20%,31.00%,15.70%,0.00%,1.00%,0.00%,0.00%,0.00%,0.00%,0.00%,0.00%,0.00%,0.00%,0.00%,0.00%,0.00%,0.00%,0.00%
,,Employed part time want full time,68.70%,15.50%,15.90%,24.90%,75.10%,0.00%,0.00%,91.60%,8.40%,0.00%,0.00%,87.70%,12.30%,0.00%,0.00%,57.40%,41.60%,1.00%,0.00%,31.40%,63.70%,4.90%,0.00%,0.00%,0.00%,63.40%,36.60%,0.00%,0.00%,23.90%,70.70%,5.40%,0.00%,0.00%,0.00%,0.00%,28.90%,55.20%,15.90%,0.00%,0.00%,0.00%,86.40%,7.60%,6.00%,0.00%,70.40%,26.70%,2.90%,0.00%,55.10%,44.90%,0.00%,0.00%
,,Out of workforce,61.00%,12.40%,26.60%,39.40%,60.40%,0.10%,0.00%,93.80%,5.80%,0.30%,0.00%,85.60%,13.10%,1.20%,0.10%,76.70%,21.80%,1.40%,0.10%,12.40%,84.10%,2.30%,0.00%,1.10%,0.10%,84.80%,14.20%,0.90%,0.10%,22.60%,66.80%,8.70%,0.10%,0.00%,1.80%,0.10%,29.80%,40.40%,26.90%,1.20%,1.60%,0.10%,0.00%,0.00%,0.00%,0.00%,0.00%,0.00%,0.00%,0.00%,0.00%,0.00%,0.00%,0.00%
,Per Capita Income Quintiles,Poorest 20%,51.50%,18.20%,30.30%,23.80%,76.20%,0.00%,0.00%,95.20%,4.80%,0.00%,0.00%,79.80%,17.70%,2.50%,0.00%,70.40%,27.00%,2.60%,0.00%,16.70%,82.90%,0.20%,0.00%,0.10%,0.00%,76.90%,21.40%,1.70%,0.00%,28.70%,63.10%,8.20%,0.00%,0.00%,0.00%,0.00%,34.40%,44.40%,19.20%,0.00%,2.00%,0.00%,83.80%,14.80%,1.50%,0.00%,78.40%,21.60%,0.00%,0.00%,58.00%,40.10%,1.80%,0.00%
,,Second 20%,62.70%,13.50%,23.80%,30.90%,69.10%,0.00%,0.00%,93.00%,4.60%,2.40%,0.00%,80.90%,18.90%,0.10%,0.00%,68.20%,28.10%,3.70%,0.00%,10.40%,86.10%,2.10%,0.00%,1.50%,0.00%,80.50%,18.90%,0.60%,0.00%,16.00%,71.60%,9.60%,0.00%,0.00%,2.80%,0.00%,24.80%,53.70%,17.20%,2.40%,2.00%,0.00%,85.70%,10.80%,2.10%,1.40%,60.50%,35.90%,3.50%,0.00%,41.30%,57.30%,1.40%,0.00%
,,Middle 20%,64.00%,6.70%,29.30%,19.00%,80.90%,0.10%,0.00%,94.30%,5.70%,0.00%,0.00%,91.70%,8.10%,0.20%,0.00%,83.10%,16.70%,0.30%,0.00%,13.50%,81.70%,3.40%,0.00%,1.40%,0.00%,87.00%,13.00%,0.00%,0.00%,24.10%,68.30%,4.60%,0.70%,0.00%,2.30%,0.00%,28.60%,48.40%,20.10%,0.00%,2.70%,0.20%,92.30%,7.70%,0.00%,0.00%,74.60%,23.60%,1.90%,0.00%,62.10%,37.70%,0.20%,0.00%
,,Fourth 20%,55.40%,7.90%,36.60%,30.70%,69.10%,0.20%,0.00%,96.40%,2.60%,1.00%,0.00%,78.60%,20.20%,1.10%,0.10%,72.30%,26.70%,0.80%,0.10%,27.80%,65.10%,4.80%,0.00%,2.00%,0.30%,75.90%,21.50%,2.40%,0.10%,28.10%,63.10%,6.60%,0.10%,0.00%,1.90%,0.30%,38.90%,42.20%,16.90%,0.00%,1.80%,0.30%,90.50%,9.10%,0.40%,0.00%,80.00%,19.20%,0.70%,0.00%,66.70%,32.20%,0.80%,0.20%
,,Richest 20%,51.40%,6.00%,42.60%,23.10%,76.70%,0.20%,0.00%,90.90%,5.50%,3.70%,0.00%,79.30%,18.60%,1.10%,1.00%,72.30%,27.10%,0.60%,0.00%,21.20%,69.60%,7.90%,0.00%,1.30%,0.00%,76.70%,21.70%,1.60%,0.00%,39.00%,50.40%,7.00%,0.10%,0.00%,3.50%,0.00%,38.30%,40.80%,19.30%,0.00%,0.70%,1.00%,89.20%,8.50%,2.40%,0.00%,71.10%,28.10%,0.80%,0.00%,59.40%,36.30%,3.20%,1.10%
,Feelings About Household Income,Living comfortably on present income,42.50%,1.60%,55.90%,14.20%,85.50%,0.30%,0.00%,95.70%,3.30%,1.00%,0.00%,86.10%,12.20%,1.00%,0.70%,82.50%,17.20%,0.30%,0.00%,22.20%,69.90%,6.10%,0.00%,1.80%,0.00%,84.70%,14.80%,0.50%,0.00%,34.80%,56.20%,6.20%,0.20%,0.00%,2.70%,0.00%,42.90%,40.90%,12.80%,0.70%,1.90%,0.90%,97.50%,2.50%,0.00%,0.00%,75.20%,24.10%,0.80%,0.00%,73.70%,24.70%,1.60%,0.00%
,,Getting by on present income,64.80%,7.40%,27.80%,26.80%,73.20%,0.00%,0.00%,97.00%,1.70%,1.30%,0.00%,82.10%,17.30%,0.50%,0.10%,75.60%,22.40%,1.90%,0.10%,15.40%,80.30%,2.60%,0.00%,1.50%,0.10%,81.60%,17.20%,1.20%,0.10%,25.20%,66.80%,5.50%,0.30%,0.00%,2.10%,0.10%,29.10%,49.40%,19.00%,0.60%,1.80%,0.10%,86.40%,12.30%,1.30%,0.00%,73.10%,25.30%,1.60%,0.00%,53.00%,46.00%,0.90%,0.10%
,,Finding it difficult on present income,65.40%,22.00%,12.60%,33.50%,66.50%,0.00%,0.00%,91.10%,7.10%,1.80%,0.00%,75.80%,21.50%,2.70%,0.00%,61.60%,36.30%,2.20%,0.00%,21.20%,75.50%,3.10%,0.00%,0.20%,0.00%,70.70%,27.20%,2.10%,0.00%,22.90%,66.50%,9.10%,0.00%,0.00%,1.50%,0.00%,31.10%,42.20%,24.50%,0.00%,2.10%,0.00%,78.20%,18.00%,2.30%,1.50%,68.60%,29.80%,1.50%,0.00%,53.80%,42.10%,4.10%,0.00%
,,Finding it very difficult on present income,27.80%,58.30%,13.90%,45.50%,54.00%,0.50%,0.00%,61.80%,38.20%,0.00%,0.00%,79.50%,20.50%,0.00%,0.00%,32.00%,64.00%,4.00%,0.00%,3.50%,95.70%,0.70%,0.00%,0.00%,0.00%,57.70%,42.30%,0.00%,0.00%,17.40%,54.00%,27.40%,0.00%,0.00%,1.20%,0.00%,20.00%,52.10%,27.90%,0.00%,0.00%,0.00%,85.30%,5.00%,9.80%,0.00%,81.60%,18.40%,0.00%,0.00%,15.30%,84.70%,0.00%,0.00%
,Urban/Rural,A rural area or on a farm,54.10%,10.40%,35.60%,22.10%,77.90%,0.00%,0.00%,100.00%,0.00%,0.00%,0.00%,82.30%,17.70%,0.00%,0.00%,77.60%,17.00%,5.40%,0.00%,12.00%,82.80%,2.80%,0.00%,2.30%,0.00%,79.90%,19.10%,1.00%,0.00%,28.40%,54.60%,17.00%,0.00%,0.00%,0.00%,0.00%,23.10%,48.90%,23.70%,0.00%,4.30%,0.00%,82.10%,17.90%,0.00%,0.00%,80.00%,20.00%,0.00%,0.00%,70.00%,27.20%,2.70%,0.00%
,,A small town or villAge,61.10%,11.50%,27.30%,26.10%,73.80%,0.10%,0.00%,91.50%,6.80%,1.70%,0.00%,82.80%,15.80%,1.40%,0.00%,74.20%,24.40%,1.40%,0.00%,16.00%,78.80%,4.00%,0.00%,1.30%,0.00%,79.20%,19.60%,1.20%,0.00%,23.10%,67.60%,6.30%,0.30%,0.00%,2.80%,0.00%,31.00%,46.70%,20.50%,0.60%,1.00%,0.30%,88.30%,9.30%,1.90%,0.50%,74.60%,24.20%,1.20%,0.00%,54.20%,44.50%,1.40%,0.00%
,,A large city,53.70%,9.30%,37.00%,27.70%,72.20%,0.10%,0.00%,97.40%,1.60%,1.00%,0.00%,81.30%,18.60%,0.10%,0.10%,71.50%,27.10%,1.30%,0.10%,20.70%,75.20%,2.50%,0.00%,1.40%,0.20%,79.10%,19.40%,1.40%,0.10%,31.20%,60.20%,6.70%,0.10%,0.00%,1.70%,0.20%,38.40%,43.60%,14.30%,0.50%,2.90%,0.20%,90.80%,8.00%,1.20%,0.00%,68.10%,30.20%,1.70%,0.00%,62.20%,36.40%,0.40%,1.00%
,,A suburb of a large city,46.60%,9.50%,43.90%,18.50%,81.50%,0.00%,0.00%,93.10%,6.90%,0.00%,0.00%,85.10%,14.90%,0.00%,0.00%,65.10%,34.90%,0.00%,0.00%,26.10%,68.40%,5.60%,0.00%,0.00%,0.00%,77.20%,21.20%,1.60%,0.00%,37.90%,54.60%,5.90%,0.00%,0.00%,1.60%,0.00%,36.90%,46.10%,15.90%,0.50%,0.00%,0.60%,85.60%,14.40%,0.00%,0.00%,78.40%,19.80%,1.80%,0.00%,57.00%,41.60%,1.40%,0.00%
Sweden,Age,15-24,32.50%,0.00%,67.50%,14.10%,85.90%,0.00%,0.00%,97.90%,2.10%,0.00%,0.00%,84.80%,15.20%,0.00%,0.00%,87.70%,12.30%,0.00%,0.00%,51.50%,42.10%,4.40%,2.00%,0.00%,0.00%,70.70%,29.30%,0.00%,0.00%,37.50%,41.40%,17.90%,1.30%,0.00%,1.80%,0.00%,42.30%,53.80%,4.00%,0.00%,0.00%,0.00%,100.00%,0.00%,0.00%,0.00%,63.70%,36.30%,0.00%,0.00%,66.40%,33.60%,0.00%,0.00%
,,25-34,27.20%,2.40%,70.50%,19.30%,80.70%,0.00%,0.00%,92.00%,8.00%,0.00%,0.00%,82.70%,17.30%,0.00%,0.00%,94.30%,5.70%,0.00%,0.00%,39.90%,55.90%,3.50%,0.00%,0.00%,0.70%,80.60%,19.40%,0.00%,0.00%,29.60%,57.20%,11.60%,0.00%,0.00%,1.70%,0.00%,45.90%,49.10%,4.30%,0.00%,0.70%,0.00%,90.70%,9.30%,0.00%,0.00%,71.60%,28.40%,0.00%,0.00%,58.40%,41.60%,0.00%,0.00%
,,35-44,27.70%,1.30%,71.00%,17.90%,82.10%,0.00%,0.00%,93.90%,6.10%,0.00%,0.00%,78.60%,20.10%,1.30%,0.00%,92.20%,7.80%,0.00%,0.00%,34.30%,57.60%,8.10%,0.00%,0.00%,0.00%,77.80%,22.20%,0.00%,0.00%,33.60%,59.60%,6.20%,0.60%,0.00%,0.00%,0.00%,25.10%,63.90%,8.30%,0.00%,2.00%,0.70%,89.00%,9.50%,1.50%,0.00%,79.60%,20.40%,0.00%,0.00%,66.90%,30.80%,2.20%,0.00%
,,45-64,31.10%,0.80%,68.10%,27.30%,72.70%,0.00%,0.00%,94.00%,6.00%,0.00%,0.00%,88.00%,11.70%,0.20%,0.00%,95.20%,4.80%,0.00%,0.00%,20.40%,72.20%,6.70%,0.00%,0.60%,0.10%,84.80%,14.80%,0.40%,0.00%,31.70%,59.80%,7.10%,0.20%,0.10%,1.00%,0.10%,27.00%,64.30%,5.80%,0.80%,1.90%,0.20%,94.90%,5.10%,0.00%,0.00%,81.30%,17.90%,0.70%,0.00%,54.80%,45.20%,0.00%,0.00%
,,65+,52.80%,6.20%,41.00%,30.90%,69.00%,0.10%,0.00%,91.30%,8.60%,0.10%,0.00%,89.40%,9.90%,0.70%,0.00%,93.60%,6.20%,0.10%,0.00%,15.40%,79.20%,5.00%,0.00%,0.30%,0.00%,91.10%,8.20%,0.70%,0.00%,32.10%,57.50%,8.50%,1.40%,0.00%,0.10%,0.30%,34.30%,52.70%,9.60%,0.70%,2.20%,0.40%,99.00%,0.00%,1.00%,0.00%,81.60%,18.40%,0.00%,0.00%,53.20%,46.80%,0.00%,0.00%
,Gender,Male,35.30%,2.20%,62.50%,20.40%,79.60%,0.00%,0.00%,94.20%,5.80%,0.00%,0.00%,88.00%,11.60%,0.40%,0.00%,93.30%,6.70%,0.00%,0.00%,31.50%,61.50%,5.80%,0.50%,0.40%,0.20%,82.70%,17.10%,0.20%,0.00%,34.70%,55.10%,8.50%,1.00%,0.00%,0.60%,0.10%,38.70%,52.10%,6.50%,0.70%,1.80%,0.20%,93.80%,5.40%,0.80%,0.00%,75.10%,24.60%,0.30%,0.00%,57.60%,42.10%,0.30%,0.00%
,,Female,35.40%,2.50%,62.10%,26.90%,73.00%,0.10%,0.00%,92.90%,7.10%,0.10%,0.00%,83.30%,16.20%,0.50%,0.00%,93.10%,6.80%,0.10%,0.00%,25.90%,68.50%,5.50%,0.00%,0.10%,0.10%,82.70%,16.90%,0.40%,0.00%,30.40%,57.40%,10.50%,0.40%,0.10%,1.10%,0.20%,28.70%,62.80%,6.80%,0.10%,1.30%,0.30%,93.00%,7.00%,0.00%,0.00%,79.60%,20.10%,0.30%,0.00%,60.90%,38.40%,0.70%,0.00%
,Employment Status,Employed full time for an employer,26.00%,0.80%,73.20%,14.50%,85.50%,0.00%,0.00%,95.10%,4.90%,0.00%,0.00%,85.70%,14.20%,0.10%,0.00%,95.10%,4.90%,0.00%,0.00%,31.60%,63.80%,3.80%,0.00%,0.40%,0.30%,84.70%,15.30%,0.00%,0.00%,30.40%,62.30%,6.40%,0.60%,0.00%,0.20%,0.10%,34.00%,59.40%,4.70%,0.40%,1.30%,0.20%,92.00%,7.60%,0.40%,0.00%,78.10%,21.70%,0.20%,0.00%,58.30%,41.00%,0.60%,0.00%
,,Employed full time for self,17.50%,0.00%,82.50%,14.90%,85.10%,0.00%,0.00%,84.40%,15.60%,0.00%,0.00%,90.20%,9.80%,0.00%,0.00%,100.00%,0.00%,0.00%,0.00%,44.90%,41.10%,14.00%,0.00%,0.00%,0.00%,84.10%,15.90%,0.00%,0.00%,64.70%,30.10%,5.20%,0.00%,0.00%,0.00%,0.00%,36.20%,54.80%,6.30%,1.60%,1.10%,0.00%,100.00%,0.00%,0.00%,0.00%,81.20%,15.80%,3.00%,0.00%,71.60%,28.40%,0.00%,0.00%
,,Employed part time do not want full time,45.20%,0.60%,54.30%,23.30%,76.70%,0.00%,0.00%,98.50%,1.50%,0.00%,0.00%,94.90%,5.10%,0.00%,0.00%,99.40%,0.60%,0.00%,0.00%,20.50%,66.00%,13.50%,0.00%,0.00%,0.00%,97.00%,3.00%,0.00%,0.00%,24.90%,50.30%,20.40%,0.60%,0.00%,3.90%,0.00%,28.50%,58.80%,7.10%,1.00%,4.60%,0.00%,97.60%,1.60%,0.80%,0.00%,77.40%,22.60%,0.00%,0.00%,58.50%,41.50%,0.00%,0.00%
,,Unemployed,45.80%,3.30%,50.90%,21.50%,78.50%,0.00%,0.00%,97.60%,2.40%,0.00%,0.00%,88.30%,11.70%,0.00%,0.00%,91.90%,8.10%,0.00%,0.00%,37.40%,47.90%,14.70%,0.00%,0.00%,0.00%,63.40%,36.60%,0.00%,0.00%,36.50%,39.60%,23.90%,0.00%,0.00%,0.00%,0.00%,28.80%,52.80%,18.30%,0.00%,0.00%,0.00%,0.00%,0.00%,0.00%,0.00%,0.00%,0.00%,0.00%,0.00%,0.00%,0.00%,0.00%,0.00%
,,Employed part time want full time,35.70%,0.00%,64.30%,39.30%,60.70%,0.00%,0.00%,92.30%,7.70%,0.00%,0.00%,84.80%,15.20%,0.00%,0.00%,74.30%,25.70%,0.00%,0.00%,30.60%,61.90%,7.40%,0.00%,0.00%,0.00%,62.30%,37.70%,0.00%,0.00%,32.00%,42.50%,23.00%,2.50%,0.00%,0.00%,0.00%,26.20%,58.70%,13.70%,0.00%,0.00%,1.40%,100.00%,0.00%,0.00%,0.00%,65.20%,34.80%,0.00%,0.00%,61.70%,38.30%,0.00%,0.00%
,,Out of workforce,47.10%,5.10%,47.80%,35.20%,64.70%,0.10%,0.00%,91.10%,8.80%,0.10%,0.00%,83.60%,15.30%,1.10%,0.00%,91.80%,8.10%,0.10%,0.00%,23.50%,70.50%,5.10%,0.80%,0.20%,0.00%,82.40%,16.70%,0.90%,0.00%,33.90%,54.50%,9.20%,0.70%,0.10%,1.50%,0.20%,35.30%,55.10%,7.10%,0.30%,1.80%,0.30%,0.00%,0.00%,0.00%,0.00%,0.00%,0.00%,0.00%,0.00%,0.00%,0.00%,0.00%,0.00%
,Per Capita Income Quintiles,Poorest 20%,48.70%,3.90%,47.50%,32.80%,67.20%,0.00%,0.00%,88.60%,11.20%,0.20%,0.00%,77.20%,21.70%,1.00%,0.00%,85.50%,14.50%,0.00%,0.00%,28.00%,64.30%,7.40%,0.00%,0.30%,0.00%,71.20%,28.80%,0.00%,0.00%,26.70%,54.90%,16.00%,1.00%,0.00%,1.40%,0.00%,40.20%,50.30%,8.30%,0.00%,1.20%,0.00%,91.50%,5.80%,2.80%,0.00%,80.00%,20.00%,0.00%,0.00%,56.50%,43.50%,0.00%,0.00%
,,Second 20%,39.30%,3.20%,57.60%,28.60%,71.40%,0.00%,0.00%,91.70%,8.30%,0.00%,0.00%,88.80%,11.20%,0.00%,0.00%,93.10%,6.90%,0.00%,0.00%,26.90%,68.00%,3.70%,1.30%,0.10%,0.00%,84.80%,14.60%,0.60%,0.00%,29.00%,62.40%,7.10%,0.10%,0.10%,0.90%,0.20%,32.80%,58.70%,5.90%,0.60%,1.60%,0.30%,93.90%,6.10%,0.00%,0.00%,69.10%,30.90%,0.00%,0.00%,59.90%,39.00%,1.10%,0.00%
,,Middle 20%,32.00%,2.30%,65.70%,20.20%,79.70%,0.20%,0.00%,98.60%,1.40%,0.00%,0.00%,87.30%,12.70%,0.00%,0.00%,95.10%,4.80%,0.20%,0.00%,25.00%,69.40%,5.60%,0.00%,0.00%,0.00%,86.10%,13.80%,0.20%,0.00%,31.80%,58.40%,8.80%,0.20%,0.00%,0.60%,0.20%,32.50%,58.70%,6.60%,0.00%,1.90%,0.20%,95.10%,4.90%,0.00%,0.00%,75.60%,23.60%,0.80%,0.00%,65.40%,33.80%,0.80%,0.00%
,,Fourth 20%,35.80%,1.00%,63.20%,23.10%,76.90%,0.00%,0.00%,92.40%,7.60%,0.00%,0.00%,87.00%,12.00%,0.90%,0.00%,95.20%,4.80%,0.00%,0.00%,27.50%,65.30%,6.10%,0.00%,1.00%,0.00%,85.90%,13.40%,0.80%,0.00%,36.20%,56.60%,6.70%,0.60%,0.00%,0.00%,0.00%,34.70%,57.50%,5.90%,0.90%,1.00%,0.00%,93.30%,6.40%,0.30%,0.00%,72.20%,27.20%,0.50%,0.00%,54.50%,44.90%,0.60%,0.00%
,,Richest 20%,21.40%,1.40%,77.30%,13.80%,86.20%,0.00%,0.00%,96.30%,3.70%,0.00%,0.00%,87.70%,11.90%,0.30%,0.00%,97.10%,2.90%,0.00%,0.00%,35.90%,58.00%,5.30%,0.00%,0.00%,0.80%,85.50%,14.50%,0.00%,0.00%,39.00%,48.90%,9.00%,1.50%,0.00%,1.40%,0.20%,28.30%,61.90%,6.50%,0.50%,1.90%,0.80%,93.10%,6.90%,0.00%,0.00%,86.40%,13.60%,0.00%,0.00%,59.80%,40.20%,0.00%,0.00%
,Feelings About Household Income,Living comfortably on present income,27.80%,0.40%,71.80%,16.10%,83.80%,0.10%,0.00%,94.60%,5.30%,0.10%,0.00%,89.60%,10.00%,0.50%,0.00%,97.50%,2.50%,0.00%,0.00%,32.00%,62.70%,5.20%,0.00%,0.00%,0.10%,89.80%,10.20%,0.00%,0.00%,35.30%,55.80%,7.30%,0.80%,0.00%,0.60%,0.10%,32.10%,59.20%,6.20%,0.40%,1.70%,0.40%,95.20%,4.80%,0.00%,0.00%,78.50%,21.20%,0.20%,0.00%,61.90%,37.30%,0.80%,0.00%
,,Getting by on present income,42.90%,4.20%,52.90%,29.50%,70.50%,0.00%,0.00%,92.70%,7.30%,0.00%,0.00%,83.20%,16.20%,0.50%,0.00%,91.40%,8.60%,0.10%,0.00%,24.80%,67.40%,5.90%,0.70%,0.80%,0.30%,79.50%,20.00%,0.50%,0.00%,28.20%,57.80%,12.90%,0.10%,0.00%,1.00%,0.10%,36.40%,54.90%,7.20%,0.40%,1.00%,0.10%,90.70%,9.10%,0.20%,0.00%,75.30%,24.20%,0.40%,0.00%,55.50%,44.50%,0.00%,0.00%
,,Finding it difficult on present income,50.10%,9.60%,40.30%,42.50%,57.50%,0.00%,0.00%,92.90%,7.10%,0.00%,0.00%,74.00%,26.00%,0.00%,0.00%,71.90%,28.10%,0.00%,0.00%,26.80%,66.40%,6.80%,0.00%,0.00%,0.00%,49.40%,48.40%,2.20%,0.00%,33.90%,52.90%,6.70%,3.20%,0.50%,2.70%,0.00%,36.90%,51.80%,7.70%,0.00%,3.60%,0.00%,88.60%,2.40%,8.90%,0.00%,73.70%,26.30%,0.00%,0.00%,51.70%,48.30%,0.00%,0.00%
,,Finding it very difficult on present income,63.20%,1.70%,35.10%,73.00%,27.00%,0.00%,0.00%,78.40%,21.60%,0.00%,0.00%,47.40%,52.60%,0.00%,0.00%,62.40%,37.60%,0.00%,0.00%,11.20%,78.00%,10.80%,0.00%,0.00%,0.00%,38.60%,61.40%,0.00%,0.00%,25.10%,54.80%,18.40%,1.70%,0.00%,0.00%,0.00%,22.70%,68.40%,7.10%,0.00%,1.70%,0.00%,87.80%,12.20%,0.00%,0.00%,62.80%,37.20%,0.00%,0.00%,12.20%,87.80%,0.00%,0.00%
,Urban/Rural,A rural area or on a farm,35.00%,2.70%,62.20%,32.30%,67.70%,0.00%,0.00%,90.10%,9.90%,0.00%,0.00%,91.40%,8.60%,0.00%,0.00%,96.90%,3.10%,0.00%,0.00%,25.30%,66.60%,7.20%,0.00%,0.90%,0.00%,86.40%,12.90%,0.70%,0.00%,31.20%,60.40%,6.60%,1.00%,0.00%,0.90%,0.00%,46.10%,49.30%,3.30%,0.50%,0.70%,0.00%,92.80%,7.20%,0.00%,0.00%,79.90%,20.10%,0.00%,0.00%,56.70%,43.30%,0.00%,0.00%
,,A small town or villAge,35.10%,2.70%,62.20%,25.70%,74.20%,0.10%,0.00%,95.00%,4.90%,0.10%,0.00%,84.90%,14.40%,0.70%,0.00%,92.00%,7.90%,0.10%,0.00%,26.30%,67.70%,5.20%,0.70%,0.00%,0.10%,81.20%,18.40%,0.40%,0.00%,30.00%,57.90%,9.90%,0.50%,0.10%,1.40%,0.20%,34.20%,55.60%,7.70%,0.30%,1.80%,0.40%,94.60%,5.20%,0.20%,0.00%,77.20%,22.10%,0.80%,0.00%,59.70%,40.30%,0.00%,0.00%
,,A large city,34.80%,2.60%,62.70%,22.80%,77.20%,0.00%,0.00%,93.80%,6.20%,0.00%,0.00%,81.50%,18.50%,0.00%,0.00%,91.00%,9.00%,0.00%,0.00%,37.10%,58.80%,4.00%,0.00%,0.10%,0.00%,80.30%,19.60%,0.10%,0.00%,38.10%,48.90%,11.70%,0.80%,0.00%,0.50%,0.00%,26.80%,64.10%,5.70%,0.20%,2.80%,0.30%,92.70%,6.00%,1.40%,0.00%,82.20%,17.80%,0.00%,0.00%,59.90%,38.10%,2.00%,0.00%
,,A suburb of a large city,37.30%,0.90%,61.80%,12.60%,87.40%,0.00%,0.00%,93.30%,6.70%,0.00%,0.00%,86.60%,12.40%,1.00%,0.00%,94.80%,5.20%,0.00%,0.00%,26.20%,65.50%,7.30%,0.00%,0.40%,0.60%,85.30%,14.70%,0.00%,0.00%,31.80%,58.60%,8.60%,0.60%,0.00%,0.20%,0.20%,29.20%,60.70%,8.90%,0.70%,0.20%,0.30%,92.90%,7.10%,0.00%,0.00%,69.10%,30.90%,0.00%,0.00%,59.60%,40.40%,0.00%,0.00%
Denmark,Age,15-24,24.60%,0.00%,75.40%,15.60%,84.40%,0.00%,0.00%,98.80%,1.20%,0.00%,0.00%,79.30%,20.10%,0.60%,0.00%,94.70%,5.30%,0.00%,0.00%,75.20%,20.60%,3.60%,0.00%,0.00%,0.60%,89.50%,9.90%,0.60%,0.00%,35.40%,40.50%,24.10%,0.00%,0.00%,0.00%,0.00%,36.90%,58.70%,3.70%,0.00%,0.70%,0.00%,91.10%,8.90%,0.00%,0.00%,72.40%,26.60%,0.00%,1.00%,86.40%,12.70%,0.80%,0.00%
,,25-34,22.60%,2.70%,74.70%,26.20%,73.80%,0.00%,0.00%,98.30%,0.80%,0.90%,0.00%,83.90%,16.10%,0.00%,0.00%,95.10%,4.90%,0.00%,0.00%,42.00%,55.00%,3.00%,0.00%,0.00%,0.00%,85.20%,14.80%,0.00%,0.00%,27.90%,57.40%,14.70%,0.00%,0.00%,0.00%,0.00%,38.40%,56.20%,5.40%,0.00%,0.00%,0.00%,91.00%,9.00%,0.00%,0.00%,81.60%,18.40%,0.00%,0.00%,90.60%,9.40%,0.00%,0.00%
,,35-44,34.50%,3.10%,62.40%,33.20%,66.80%,0.00%,0.00%,92.90%,7.10%,0.00%,0.00%,71.80%,26.50%,1.70%,0.00%,88.30%,10.50%,0.90%,0.40%,31.10%,62.80%,6.10%,0.00%,0.00%,0.00%,78.60%,21.40%,0.00%,0.00%,20.50%,64.90%,10.60%,0.00%,0.00%,1.00%,3.10%,31.90%,57.60%,7.80%,0.00%,1.00%,1.70%,88.50%,11.00%,0.50%,0.00%,79.90%,20.10%,0.00%,0.00%,75.00%,23.60%,1.50%,0.00%
,,45-64,31.90%,3.80%,64.30%,37.80%,62.20%,0.00%,0.00%,90.30%,9.50%,0.10%,0.00%,83.50%,16.50%,0.00%,0.00%,90.80%,8.10%,0.50%,0.60%,32.10%,61.40%,6.10%,0.00%,0.40%,0.00%,83.80%,16.20%,0.00%,0.00%,22.40%,65.00%,10.90%,0.80%,0.10%,0.70%,0.00%,31.70%,63.70%,3.50%,0.20%,0.80%,0.10%,93.00%,6.50%,0.40%,0.00%,82.90%,15.80%,1.30%,0.00%,68.50%,31.20%,0.30%,0.00%
,,65+,32.00%,2.60%,65.40%,37.60%,61.70%,0.70%,0.00%,96.00%,4.00%,0.00%,0.00%,93.00%,7.00%,0.00%,0.00%,99.10%,0.90%,0.00%,0.00%,29.20%,62.30%,8.30%,0.00%,0.00%,0.20%,95.80%,4.00%,0.20%,0.00%,19.20%,67.60%,12.10%,0.00%,0.20%,0.80%,0.00%,33.40%,60.60%,3.10%,0.00%,2.50%,0.50%,93.00%,7.00%,0.00%,0.00%,75.70%,22.10%,2.20%,0.00%,71.40%,28.60%,0.00%,0.00%
,Gender,Male,30.50%,4.20%,65.30%,28.90%,70.90%,0.20%,0.00%,92.60%,7.10%,0.40%,0.00%,83.40%,15.90%,0.70%,0.00%,91.80%,7.10%,0.60%,0.50%,43.00%,51.10%,5.40%,0.00%,0.20%,0.30%,84.50%,15.30%,0.30%,0.00%,28.80%,55.30%,13.90%,0.40%,0.20%,0.90%,0.50%,31.60%,61.80%,3.90%,0.00%,2.00%,0.70%,90.10%,9.40%,0.50%,0.00%,77.70%,21.30%,1.00%,0.00%,78.50%,21.30%,0.30%,0.00%
,,Female,29.00%,1.10%,69.80%,35.00%,64.90%,0.10%,0.00%,96.50%,3.50%,0.00%,0.00%,83.40%,16.60%,0.00%,0.00%,95.40%,4.60%,0.00%,0.00%,35.80%,58.10%,6.10%,0.00%,0.00%,0.00%,89.40%,10.60%,0.00%,0.00%,19.60%,66.10%,13.50%,0.10%,0.00%,0.30%,0.40%,36.20%,58.60%,4.80%,0.10%,0.20%,0.10%,93.00%,7.00%,0.00%,0.00%,82.30%,17.10%,0.20%,0.30%,75.20%,23.90%,0.80%,0.00%
,Employment Status,Employed full time for an employer,24.20%,1.80%,74.00%,20.00%,80.00%,0.00%,0.00%,96.00%,3.60%,0.30%,0.00%,78.60%,20.80%,0.60%,0.00%,96.30%,3.40%,0.30%,0.00%,40.40%,53.30%,5.80%,0.00%,0.30%,0.20%,88.00%,11.80%,0.20%,0.00%,28.50%,59.60%,11.10%,0.20%,0.10%,0.00%,0.50%,30.40%,62.30%,5.70%,0.20%,1.30%,0.10%,91.30%,8.40%,0.30%,0.00%,83.70%,15.60%,0.70%,0.00%,78.70%,20.60%,0.70%,0.00%
,,Employed full time for self,18.40%,0.00%,81.60%,23.20%,76.80%,0.00%,0.00%,91.30%,8.70%,0.00%,0.00%,74.30%,25.70%,0.00%,0.00%,95.80%,4.20%,0.00%,0.00%,47.60%,46.90%,5.50%,0.00%,0.00%,0.00%,89.00%,11.00%,0.00%,0.00%,22.90%,69.60%,7.50%,0.00%,0.00%,0.00%,0.00%,39.70%,55.10%,5.20%,0.00%,0.00%,0.00%,90.60%,9.40%,0.00%,0.00%,72.60%,26.20%,1.20%,0.00%,83.00%,17.00%,0.00%,0.00%
,,Employed part time do not want full time,32.60%,2.40%,64.90%,38.60%,61.40%,0.00%,0.00%,96.00%,4.00%,0.00%,0.00%,88.20%,11.80%,0.00%,0.00%,95.80%,4.20%,0.00%,0.00%,40.30%,56.60%,3.10%,0.00%,0.00%,0.00%,92.10%,7.40%,0.50%,0.00%,22.60%,56.60%,18.30%,0.00%,0.00%,0.00%,2.50%,30.40%,61.90%,4.60%,0.00%,0.00%,3.10%,96.00%,4.00%,0.00%,0.00%,77.50%,21.00%,0.40%,1.00%,64.40%,35.00%,0.70%,0.00%
,,Unemployed,29.50%,4.70%,65.90%,19.70%,80.30%,0.00%,0.00%,92.00%,8.00%,0.00%,0.00%,87.90%,12.10%,0.00%,0.00%,83.50%,16.50%,0.00%,0.00%,51.30%,40.40%,8.30%,0.00%,0.00%,0.00%,83.60%,16.40%,0.00%,0.00%,10.40%,71.90%,17.70%,0.00%,0.00%,0.00%,0.00%,32.80%,58.80%,8.40%,0.00%,0.00%,0.00%,0.00%,0.00%,0.00%,0.00%,0.00%,0.00%,0.00%,0.00%,0.00%,0.00%,0.00%,0.00%
,,Employed part time want full time,22.80%,0.80%,76.30%,10.50%,89.50%,0.00%,0.00%,98.40%,1.60%,0.00%,0.00%,76.80%,21.80%,1.40%,0.00%,97.00%,2.10%,0.00%,0.80%,51.80%,44.90%,3.40%,0.00%,0.00%,0.00%,90.00%,10.00%,0.00%,0.00%,40.70%,43.30%,16.00%,0.00%,0.00%,0.00%,0.00%,37.80%,59.20%,2.90%,0.00%,0.00%,0.00%,86.30%,12.90%,0.80%,0.00%,65.80%,34.20%,0.00%,0.00%,81.00%,19.00%,0.00%,0.00%
,,Out of workforce,37.90%,4.10%,57.90%,50.00%,49.50%,0.50%,0.00%,92.60%,7.30%,0.10%,0.00%,89.10%,10.90%,0.00%,0.00%,90.70%,8.30%,0.50%,0.50%,33.00%,60.30%,6.60%,0.00%,0.00%,0.10%,84.20%,15.80%,0.00%,0.00%,18.70%,64.00%,15.00%,0.50%,0.10%,1.60%,0.00%,37.40%,58.40%,2.30%,0.00%,1.60%,0.20%,0.00%,0.00%,0.00%,0.00%,0.00%,0.00%,0.00%,0.00%,0.00%,0.00%,0.00%,0.00%
,Per Capita Income Quintiles,Poorest 20%,39.80%,4.40%,55.80%,39.30%,60.70%,0.00%,0.00%,89.50%,10.50%,0.00%,0.00%,80.00%,18.80%,1.20%,0.00%,87.10%,11.90%,0.00%,1.00%,35.20%,60.30%,4.60%,0.00%,0.00%,0.00%,79.90%,20.10%,0.00%,0.00%,21.80%,55.80%,20.70%,1.00%,0.00%,0.80%,0.00%,37.60%,56.00%,5.00%,0.00%,1.40%,0.00%,93.30%,6.70%,0.00%,0.00%,71.00%,25.90%,2.00%,1.10%,68.10%,31.90%,0.00%,0.00%
,,Second 20%,29.80%,3.60%,66.50%,41.10%,58.60%,0.30%,0.00%,95.20%,3.90%,0.90%,0.00%,87.90%,11.60%,0.50%,0.00%,91.70%,8.00%,0.00%,0.30%,33.30%,60.70%,6.00%,0.00%,0.00%,0.00%,84.80%,15.00%,0.20%,0.00%,23.10%,61.90%,12.30%,0.00%,0.00%,1.50%,1.20%,34.10%,59.60%,3.50%,0.30%,1.30%,1.20%,87.80%,11.60%,0.60%,0.00%,74.80%,24.60%,0.70%,0.00%,78.50%,21.50%,0.00%,0.00%
,,Middle 20%,30.60%,1.50%,67.90%,31.70%,68.30%,0.00%,0.00%,95.70%,4.30%,0.00%,0.00%,87.00%,13.00%,0.00%,0.00%,96.40%,2.70%,0.80%,0.00%,37.20%,58.60%,4.20%,0.00%,0.00%,0.00%,89.30%,10.70%,0.00%,0.00%,21.80%,62.60%,14.70%,0.00%,0.00%,0.00%,1.00%,34.20%,60.10%,4.90%,0.00%,0.00%,0.80%,94.70%,5.30%,0.00%,0.00%,80.70%,18.90%,0.40%,0.00%,76.60%,21.90%,1.50%,0.00%
,,Fourth 20%,24.30%,1.00%,74.70%,23.50%,76.30%,0.20%,0.00%,97.50%,2.50%,0.00%,0.00%,84.10%,15.90%,0.00%,0.00%,96.60%,2.80%,0.60%,0.00%,39.80%,53.30%,6.90%,0.00%,0.00%,0.00%,93.50%,6.50%,0.00%,0.00%,25.10%,64.70%,9.30%,0.00%,0.20%,0.60%,0.00%,35.40%,60.90%,2.90%,0.00%,0.70%,0.00%,96.30%,3.70%,0.00%,0.00%,87.10%,12.60%,0.30%,0.00%,77.60%,21.90%,0.50%,0.00%
,,Richest 20%,24.60%,2.80%,72.60%,24.30%,75.50%,0.30%,0.00%,94.90%,5.10%,0.00%,0.00%,77.90%,22.10%,0.00%,0.00%,96.20%,3.80%,0.00%,0.00%,51.30%,40.40%,7.10%,0.00%,0.60%,0.60%,87.40%,12.20%,0.40%,0.00%,29.00%,59.00%,11.50%,0.30%,0.20%,0.00%,0.00%,28.30%,64.40%,5.40%,0.00%,2.00%,0.00%,86.00%,13.40%,0.60%,0.00%,81.00%,18.70%,0.30%,0.00%,80.50%,19.00%,0.50%,0.00%
,Feelings About Household Income,Living comfortably on present income,18.40%,2.60%,79.00%,22.70%,77.00%,0.30%,0.00%,97.30%,2.40%,0.30%,0.00%,83.30%,16.30%,0.50%,0.00%,97.40%,2.60%,0.00%,0.00%,46.50%,47.40%,5.70%,0.00%,0.20%,0.20%,92.60%,7.20%,0.20%,0.00%,26.90%,59.90%,12.00%,0.10%,0.10%,0.60%,0.40%,33.50%,59.70%,5.60%,0.00%,1.00%,0.20%,94.30%,5.70%,0.00%,0.00%,82.00%,17.30%,0.70%,0.00%,83.80%,15.30%,0.80%,0.00%
,,Getting by on present income,39.30%,1.80%,58.90%,39.00%,61.00%,0.00%,0.00%,94.20%,5.80%,0.00%,0.00%,86.70%,13.10%,0.20%,0.00%,91.90%,7.20%,0.70%,0.10%,30.50%,62.50%,6.90%,0.00%,0.00%,0.00%,85.70%,14.20%,0.10%,0.00%,20.60%,64.00%,14.30%,0.00%,0.10%,0.30%,0.60%,34.40%,61.60%,2.30%,0.20%,0.70%,0.80%,86.10%,13.10%,0.80%,0.00%,75.80%,23.00%,0.60%,0.50%,66.80%,33.20%,0.00%,0.00%
,,Finding it difficult on present income,69.70%,2.20%,28.10%,59.90%,40.10%,0.00%,0.00%,79.00%,21.00%,0.00%,0.00%,67.10%,32.90%,0.00%,0.00%,79.50%,16.50%,0.00%,3.90%,15.40%,84.60%,0.00%,0.00%,0.00%,0.00%,53.20%,46.80%,0.00%,0.00%,28.10%,46.30%,21.70%,3.90%,0.00%,0.00%,0.00%,39.30%,51.00%,6.80%,0.00%,2.90%,0.00%,88.70%,11.30%,0.00%,0.00%,83.60%,16.40%,0.00%,0.00%,55.00%,45.00%,0.00%,0.00%
,,Finding it very difficult on present income,47.70%,27.00%,25.30%,79.20%,20.80%,0.00%,0.00%,62.30%,37.70%,0.00%,0.00%,67.90%,32.10%,0.00%,0.00%,52.90%,47.10%,0.00%,0.00%,60.60%,39.40%,0.00%,0.00%,0.00%,0.00%,36.00%,64.00%,0.00%,0.00%,9.20%,58.60%,23.70%,0.00%,0.00%,8.40%,0.00%,26.40%,71.00%,2.60%,0.00%,0.00%,0.00%,86.30%,13.70%,0.00%,0.00%,86.30%,13.70%,0.00%,0.00%,0.00%,100.00%,0.00%,0.00%
,Urban/Rural,A rural area or on a farm,26.80%,5.30%,67.90%,33.20%,66.80%,0.00%,0.00%,92.90%,7.10%,0.00%,0.00%,83.70%,16.30%,0.00%,0.00%,93.90%,5.10%,1.00%,0.00%,37.80%,57.10%,4.40%,0.00%,0.00%,0.70%,87.00%,12.30%,0.70%,0.00%,16.30%,70.10%,12.70%,0.00%,0.00%,0.90%,0.00%,34.10%,60.40%,4.60%,0.00%,0.80%,0.00%,93.30%,6.70%,0.00%,0.00%,80.70%,19.30%,0.00%,0.00%,74.00%,25.10%,0.90%,0.00%
,,A small town or villAge,31.10%,2.50%,66.40%,37.70%,62.10%,0.30%,0.00%,94.50%,5.10%,0.30%,0.00%,83.00%,17.00%,0.00%,0.00%,92.20%,7.40%,0.40%,0.00%,34.20%,60.90%,4.80%,0.00%,0.00%,0.00%,87.20%,12.70%,0.10%,0.00%,22.00%,63.00%,14.40%,0.00%,0.10%,0.50%,0.00%,35.70%,59.10%,3.80%,0.00%,1.10%,0.30%,92.50%,7.10%,0.40%,0.00%,76.80%,22.00%,1.20%,0.00%,79.50%,19.70%,0.80%,0.00%
,,A large city,31.80%,2.20%,66.00%,23.30%,76.40%,0.20%,0.00%,96.00%,4.00%,0.00%,0.00%,82.70%,16.00%,1.30%,0.00%,94.20%,4.90%,0.00%,0.90%,47.20%,44.70%,8.00%,0.00%,0.00%,0.00%,85.10%,14.90%,0.00%,0.00%,28.60%,57.80%,12.10%,1.00%,0.20%,0.50%,0.00%,36.20%,57.70%,5.10%,0.00%,0.90%,0.20%,90.60%,9.00%,0.40%,0.00%,83.00%,15.90%,0.40%,0.60%,79.10%,20.40%,0.40%,0.00%
,,A suburb of a large city,26.20%,2.10%,71.70%,32.20%,67.80%,0.00%,0.00%,93.80%,6.00%,0.20%,0.00%,84.60%,15.40%,0.00%,0.00%,95.30%,4.70%,0.00%,0.00%,39.60%,54.70%,4.90%,0.00%,0.50%,0.20%,88.80%,11.20%,0.00%,0.00%,26.70%,56.00%,14.50%,0.00%,0.00%,0.70%,2.10%,27.60%,65.50%,3.90%,0.30%,1.60%,1.20%,89.40%,10.60%,0.00%,0.00%,80.90%,18.70%,0.40%,0.00%,71.90%,28.10%,0.00%,0.00%
Iran,Age,15-24,68.30%,10.30%,21.50%,6.50%,93.50%,0.00%,0.00%,90.00%,10.00%,0.00%,0.00%,71.30%,27.40%,0.80%,0.50%,66.90%,33.10%,0.00%,0.00%,39.00%,60.50%,0.50%,0.00%,0.00%,0.00%,54.20%,44.80%,1.00%,0.00%,35.10%,34.70%,29.20%,0.00%,0.00%,1.00%,0.00%,53.90%,34.70%,11.40%,0.00%,0.00%,0.00%,64.60%,35.40%,0.00%,0.00%,64.60%,35.40%,0.00%,0.00%,42.00%,58.00%,0.00%,0.00%
,,25-34,59.10%,22.50%,18.40%,12.20%,87.80%,0.00%,0.00%,78.40%,21.20%,0.40%,0.00%,51.30%,46.90%,1.30%,0.50%,62.00%,37.10%,0.00%,0.90%,22.00%,74.50%,3.50%,0.00%,0.00%,0.00%,49.80%,50.10%,0.10%,0.00%,28.70%,49.20%,21.70%,0.40%,0.00%,0.00%,0.00%,58.10%,30.60%,11.20%,0.00%,0.10%,0.00%,57.30%,42.70%,0.00%,0.00%,59.70%,39.90%,0.40%,0.00%,41.00%,59.00%,0.00%,0.00%
,,35-44,59.20%,23.10%,17.70%,21.10%,78.60%,0.30%,0.00%,75.90%,22.90%,1.20%,0.00%,59.00%,40.90%,0.10%,0.00%,59.50%,40.40%,0.00%,0.10%,8.70%,88.50%,2.10%,0.00%,0.70%,0.00%,48.20%,50.70%,1.10%,0.00%,18.80%,63.70%,16.30%,1.20%,0.00%,0.00%,0.00%,49.40%,31.80%,18.80%,0.00%,0.00%,0.00%,65.90%,34.10%,0.00%,0.00%,57.70%,42.30%,0.00%,0.00%,46.60%,53.40%,0.00%,0.00%
,,45-64,48.10%,37.90%,14.00%,39.30%,60.20%,0.50%,0.00%,58.10%,41.30%,0.00%,0.60%,54.00%,46.00%,0.00%,0.00%,66.50%,33.20%,0.10%,0.20%,4.60%,95.20%,0.20%,0.00%,0.00%,0.00%,52.30%,43.10%,3.70%,0.90%,8.50%,56.50%,34.70%,0.10%,0.00%,0.00%,0.20%,40.50%,39.70%,19.70%,0.00%,0.00%,0.10%,64.20%,35.80%,0.00%,0.00%,73.70%,22.60%,1.60%,2.10%,38.40%,60.40%,1.30%,0.00%
,,65+,63.00%,34.80%,2.20%,64.70%,34.90%,0.40%,0.00%,75.40%,24.60%,0.00%,0.00%,66.70%,31.40%,0.00%,1.80%,60.10%,35.20%,0.00%,4.70%,1.10%,98.50%,0.40%,0.00%,0.00%,0.00%,61.20%,37.40%,1.40%,0.00%,4.80%,31.30%,59.00%,2.10%,0.00%,0.00%,2.80%,34.80%,39.60%,24.30%,0.00%,1.20%,0.00%,53.50%,46.50%,0.00%,0.00%,58.30%,41.70%,0.00%,0.00%,36.50%,63.50%,0.00%,0.00%
,Gender,Male,55.50%,33.00%,11.50%,25.60%,74.10%,0.30%,0.00%,71.50%,28.50%,0.00%,0.00%,59.60%,39.40%,0.50%,0.50%,61.50%,38.10%,0.00%,0.40%,17.60%,81.50%,0.80%,0.00%,0.10%,0.00%,49.60%,48.70%,1.30%,0.40%,19.70%,50.70%,28.50%,0.70%,0.00%,0.00%,0.40%,48.00%,39.10%,12.90%,0.00%,0.00%,0.10%,57.20%,42.80%,0.00%,0.00%,65.00%,34.20%,0.20%,0.60%,42.90%,57.10%,0.00%,0.00%
,,Female,62.70%,15.30%,22.00%,22.50%,77.30%,0.10%,0.00%,79.30%,19.70%,0.70%,0.30%,60.20%,39.10%,0.40%,0.30%,65.90%,33.10%,0.10%,1.00%,16.60%,81.30%,1.90%,0.00%,0.30%,0.00%,54.80%,43.30%,1.90%,0.10%,22.30%,47.20%,29.40%,0.40%,0.00%,0.50%,0.20%,49.50%,30.70%,19.60%,0.00%,0.30%,0.00%,75.30%,24.70%,0.00%,0.00%,58.10%,40.60%,1.30%,0.00%,38.60%,60.40%,1.00%,0.00%
,Employment Status,Employed full time for an employer,59.40%,27.30%,13.30%,18.80%,81.20%,0.00%,0.00%,76.90%,23.10%,0.00%,0.00%,65.00%,35.00%,0.00%,0.00%,64.60%,35.40%,0.00%,0.00%,21.90%,76.40%,1.50%,0.00%,0.20%,0.00%,46.40%,52.50%,1.10%,0.00%,21.00%,59.80%,19.30%,0.00%,0.00%,0.00%,0.00%,55.20%,35.60%,9.10%,0.00%,0.00%,0.20%,62.60%,37.40%,0.00%,0.00%,67.70%,31.60%,0.70%,0.00%,38.30%,61.70%,0.00%,0.00%
,,Employed full time for self,54.50%,28.90%,16.60%,23.50%,75.60%,0.90%,0.00%,66.70%,33.30%,0.00%,0.00%,53.90%,44.30%,1.80%,0.00%,61.10%,38.90%,0.00%,0.00%,11.80%,88.20%,0.00%,0.00%,0.00%,0.00%,50.30%,49.70%,0.00%,0.00%,17.90%,51.00%,31.10%,0.00%,0.00%,0.00%,0.00%,45.40%,40.00%,14.60%,0.00%,0.00%,0.00%,61.00%,39.00%,0.00%,0.00%,63.60%,36.40%,0.00%,0.00%,47.50%,51.70%,0.80%,0.00%
,,Employed part time do not want full time,52.10%,20.40%,27.50%,19.90%,80.10%,0.00%,0.00%,87.80%,12.20%,0.00%,0.00%,60.70%,36.70%,0.00%,2.60%,74.90%,22.50%,0.00%,2.60%,14.90%,77.20%,7.90%,0.00%,0.00%,0.00%,61.10%,31.10%,7.80%,0.00%,13.90%,55.20%,29.20%,1.70%,0.00%,0.00%,0.00%,56.30%,33.30%,10.40%,0.00%,0.00%,0.00%,79.10%,20.90%,0.00%,0.00%,65.30%,33.90%,0.80%,0.00%,41.90%,58.10%,0.00%,0.00%
,,Unemployed,54.30%,32.40%,13.30%,19.10%,80.90%,0.00%,0.00%,72.40%,27.60%,0.00%,0.00%,55.70%,44.30%,0.00%,0.00%,52.60%,47.40%,0.00%,0.00%,21.20%,77.30%,1.60%,0.00%,0.00%,0.00%,41.50%,57.90%,0.60%,0.00%,30.70%,43.00%,22.10%,2.10%,0.00%,2.10%,0.00%,50.60%,31.10%,18.30%,0.00%,0.00%,0.00%,0.00%,0.00%,0.00%,0.00%,0.00%,0.00%,0.00%,0.00%,0.00%,0.00%,0.00%,0.00%
,,Employed part time want full time,57.40%,30.00%,12.60%,19.00%,81.00%,0.00%,0.00%,79.20%,20.80%,0.00%,0.00%,65.00%,35.00%,0.00%,0.00%,54.20%,45.10%,0.00%,0.60%,16.10%,83.90%,0.00%,0.00%,0.00%,0.00%,45.80%,54.20%,0.00%,0.00%,27.90%,39.10%,33.10%,0.00%,0.00%,0.00%,0.00%,49.50%,42.20%,8.20%,0.00%,0.00%,0.00%,53.50%,46.50%,0.00%,0.00%,52.20%,44.70%,0.60%,2.40%,38.10%,61.90%,0.00%,0.00%
,,Out of workforce,62.90%,18.30%,18.70%,28.90%,70.90%,0.20%,0.00%,76.30%,22.60%,0.80%,0.30%,60.10%,38.80%,0.50%,0.60%,67.60%,31.20%,0.10%,1.10%,16.50%,82.00%,1.20%,0.00%,0.30%,0.00%,57.90%,39.40%,2.10%,0.50%,18.90%,47.20%,32.80%,0.50%,0.00%,0.00%,0.70%,46.00%,33.00%,20.80%,0.00%,0.30%,0.00%,0.00%,0.00%,0.00%,0.00%,0.00%,0.00%,0.00%,0.00%,0.00%,0.00%,0.00%,0.00%
,Per Capita Income Quintiles,Poorest 20%,59.30%,31.70%,9.00%,31.50%,68.20%,0.40%,0.00%,62.70%,37.30%,0.00%,0.00%,58.20%,40.50%,1.30%,0.00%,56.60%,43.40%,0.00%,0.00%,13.20%,86.70%,0.10%,0.00%,0.00%,0.00%,51.20%,45.20%,3.60%,0.00%,16.70%,54.80%,26.50%,0.40%,0.00%,1.30%,0.30%,40.30%,43.30%,16.30%,0.00%,0.00%,0.00%,50.70%,49.30%,0.00%,0.00%,54.10%,45.20%,0.70%,0.00%,36.50%,63.50%,0.00%,0.00%
,,Second 20%,57.50%,28.50%,14.00%,28.10%,71.90%,0.00%,0.00%,65.90%,32.80%,1.30%,0.00%,56.30%,43.50%,0.10%,0.00%,59.40%,39.50%,0.00%,1.10%,17.10%,80.00%,2.90%,0.00%,0.00%,0.00%,41.00%,56.70%,1.40%,0.80%,18.00%,52.20%,29.10%,0.00%,0.00%,0.00%,0.60%,44.90%,39.10%,15.90%,0.00%,0.10%,0.00%,50.90%,49.10%,0.00%,0.00%,70.40%,29.60%,0.00%,0.00%,48.20%,51.80%,0.00%,0.00%
,,Middle 20%,52.00%,28.40%,19.70%,20.50%,79.50%,0.00%,0.00%,78.30%,21.70%,0.00%,0.00%,58.70%,40.80%,0.00%,0.50%,65.50%,34.50%,0.00%,0.00%,20.00%,78.00%,1.30%,0.00%,0.80%,0.00%,50.90%,47.40%,1.60%,0.00%,21.20%,47.90%,30.50%,0.40%,0.00%,0.00%,0.00%,55.60%,27.20%,17.10%,0.00%,0.00%,0.10%,65.00%,35.00%,0.00%,0.00%,60.50%,39.50%,0.00%,0.00%,46.30%,53.70%,0.00%,0.00%
,,Fourth 20%,63.90%,17.40%,18.70%,21.10%,78.90%,0.00%,0.00%,80.00%,19.20%,0.00%,0.80%,59.80%,40.20%,0.00%,0.00%,66.30%,32.40%,0.00%,1.30%,20.60%,78.90%,0.50%,0.00%,0.00%,0.00%,58.30%,41.10%,0.40%,0.20%,24.90%,44.70%,28.20%,1.90%,0.00%,0.00%,0.30%,49.70%,36.10%,14.30%,0.00%,0.00%,0.00%,65.50%,34.50%,0.00%,0.00%,62.30%,35.10%,0.40%,2.20%,40.20%,58.50%,1.30%,0.00%
,,Richest 20%,62.90%,15.20%,21.90%,19.30%,79.80%,0.80%,0.00%,89.70%,9.90%,0.40%,0.00%,66.50%,31.20%,0.90%,1.40%,70.40%,28.40%,0.10%,1.00%,14.70%,83.40%,1.90%,0.00%,0.00%,0.00%,59.40%,39.60%,0.90%,0.20%,23.90%,45.30%,30.50%,0.00%,0.00%,0.00%,0.30%,53.10%,29.10%,17.30%,0.00%,0.50%,0.00%,75.20%,24.80%,0.00%,0.00%,66.00%,32.90%,1.10%,0.00%,37.40%,62.60%,0.00%,0.00%
,Feelings About Household Income,Living comfortably on present income,60.80%,2.10%,37.10%,13.00%,84.80%,2.20%,0.00%,96.50%,3.50%,0.00%,0.00%,70.10%,24.60%,3.20%,2.10%,84.60%,14.00%,0.00%,1.40%,13.10%,86.90%,0.00%,0.00%,0.00%,0.00%,73.70%,26.30%,0.00%,0.00%,25.30%,43.00%,30.00%,0.00%,0.00%,0.00%,1.60%,43.10%,35.50%,21.40%,0.00%,0.00%,0.00%,93.20%,6.80%,0.00%,0.00%,65.00%,35.00%,0.00%,0.00%,48.80%,51.20%,0.00%,0.00%
,,Getting by on present income,63.60%,11.80%,24.60%,15.50%,84.50%,0.00%,0.00%,81.60%,18.40%,0.00%,0.00%,68.80%,31.10%,0.10%,0.00%,71.90%,27.50%,0.00%,0.60%,20.80%,77.80%,1.40%,0.00%,0.00%,0.00%,57.90%,40.90%,1.00%,0.20%,23.90%,48.00%,28.10%,0.10%,0.00%,0.00%,0.00%,48.80%,36.10%,14.70%,0.00%,0.40%,0.10%,69.00%,31.00%,0.00%,0.00%,64.30%,34.20%,0.20%,1.30%,38.50%,61.50%,0.00%,0.00%
,,Finding it difficult on present income,62.60%,27.00%,10.30%,27.20%,72.60%,0.10%,0.00%,76.40%,22.70%,0.30%,0.50%,54.40%,45.00%,0.00%,0.60%,56.80%,42.70%,0.00%,0.40%,18.70%,79.10%,1.80%,0.00%,0.50%,0.00%,47.00%,50.90%,2.10%,0.00%,22.10%,42.00%,34.90%,0.00%,0.00%,0.90%,0.20%,49.30%,34.00%,16.70%,0.00%,0.00%,0.00%,61.40%,38.60%,0.00%,0.00%,62.90%,36.10%,1.00%,0.00%,37.60%,61.40%,1.00%,0.00%
,,Finding it very difficult on present income,49.50%,41.10%,9.30%,33.60%,66.20%,0.20%,0.00%,64.10%,35.10%,0.80%,0.00%,53.50%,45.30%,0.80%,0.30%,57.60%,42.30%,0.10%,0.00%,12.70%,86.10%,1.10%,0.00%,0.10%,0.00%,46.80%,51.20%,2.10%,0.00%,16.30%,58.10%,24.30%,0.90%,0.00%,0.00%,0.50%,50.20%,33.60%,16.30%,0.00%,0.00%,0.00%,46.50%,53.50%,0.00%,0.00%,61.50%,38.10%,0.40%,0.00%,47.50%,52.50%,0.00%,0.00%
,Urban/Rural,A rural area or on a farm,55.70%,31.00%,13.30%,27.90%,71.60%,0.40%,0.00%,66.50%,32.50%,1.00%,0.00%,59.00%,40.10%,0.00%,0.90%,60.40%,38.10%,0.00%,1.50%,10.30%,89.60%,0.10%,0.00%,0.00%,0.00%,50.90%,44.00%,4.30%,0.80%,15.50%,51.50%,32.40%,0.00%,0.00%,0.00%,0.60%,39.40%,41.00%,19.70%,0.00%,0.00%,0.00%,58.70%,41.30%,0.00%,0.00%,58.40%,41.20%,0.40%,0.00%,47.00%,52.00%,1.00%,0.00%
,,A small town or villAge,57.00%,25.90%,17.00%,23.00%,77.00%,0.00%,0.00%,76.70%,22.60%,0.00%,0.70%,59.30%,39.50%,1.10%,0.00%,65.00%,35.00%,0.00%,0.00%,18.70%,80.30%,1.00%,0.00%,0.00%,0.00%,54.10%,45.00%,0.90%,0.00%,21.30%,46.20%,30.40%,1.90%,0.00%,0.00%,0.20%,46.30%,36.30%,17.40%,0.00%,0.00%,0.00%,59.30%,40.70%,0.00%,0.00%,74.80%,24.80%,0.40%,0.00%,45.40%,54.60%,0.00%,0.00%
,,A large city,61.70%,20.00%,18.30%,22.60%,77.10%,0.20%,0.00%,79.20%,20.70%,0.20%,0.00%,60.60%,38.70%,0.40%,0.30%,64.70%,34.70%,0.00%,0.60%,19.90%,77.70%,2.10%,0.00%,0.30%,0.00%,52.00%,47.50%,0.50%,0.10%,23.50%,49.00%,26.60%,0.20%,0.00%,0.50%,0.20%,54.50%,31.30%,13.90%,0.00%,0.30%,0.00%,65.30%,34.70%,0.00%,0.00%,60.60%,37.90%,0.50%,0.90%,37.20%,62.80%,0.00%,0.00%
,,A suburb of a large city,0.00%,0.00%,0.00%,0.00%,0.00%,0.00%,0.00%,0.00%,0.00%,0.00%,0.00%,0.00%,0.00%,0.00%,0.00%,0.00%,0.00%,0.00%,0.00%,0.00%,0.00%,0.00%,0.00%,0.00%,0.00%,0.00%,0.00%,0.00%,0.00%,0.00%,0.00%,0.00%,0.00%,0.00%,0.00%,0.00%,0.00%,0.00%,0.00%,0.00%,0.00%,0.00%,0.00%,0.00%,0.00%,0.00%,0.00%,0.00%,0.00%,0.00%,0.00%,0.00%,0.00%,0.00%
Japan,Age,15-24,69.20%,6.30%,24.50%,17.70%,82.30%,0.00%,0.00%,91.10%,8.90%,0.00%,0.00%,77.60%,22.40%,0.00%,0.00%,71.20%,28.80%,0.00%,0.00%,28.50%,69.00%,1.30%,1.30%,0.00%,0.00%,67.80%,29.20%,3.00%,0.00%,37.50%,34.40%,23.90%,4.10%,0.00%,0.00%,0.00%,49.50%,49.20%,0.00%,1.30%,0.00%,0.00%,66.40%,31.50%,2.00%,0.00%,78.20%,17.80%,4.00%,0.00%,72.30%,27.70%,0.00%,0.00%
,,25-34,63.90%,7.00%,29.00%,18.30%,81.70%,0.00%,0.00%,93.60%,6.40%,0.00%,0.00%,76.20%,23.80%,0.00%,0.00%,67.00%,30.60%,2.40%,0.00%,13.30%,85.80%,0.00%,0.00%,0.80%,0.00%,51.50%,46.40%,2.00%,0.00%,17.60%,68.30%,12.50%,0.70%,0.00%,0.80%,0.00%,44.80%,52.50%,0.70%,1.20%,0.80%,0.00%,72.70%,27.30%,0.00%,0.00%,89.00%,11.00%,0.00%,0.00%,78.00%,22.00%,0.00%,0.00%
,,35-44,55.90%,9.30%,34.80%,15.90%,84.10%,0.00%,0.00%,90.50%,9.50%,0.00%,0.00%,79.80%,18.40%,1.70%,0.00%,68.70%,30.60%,0.70%,0.00%,15.60%,81.60%,1.80%,0.90%,0.00%,0.00%,63.20%,35.30%,1.50%,0.00%,15.70%,68.60%,12.70%,2.20%,0.00%,0.80%,0.00%,43.40%,51.10%,1.60%,3.20%,0.00%,0.70%,76.20%,21.30%,2.50%,0.00%,90.20%,9.10%,0.70%,0.00%,77.30%,21.20%,1.50%,0.00%
,,45-64,62.40%,7.70%,29.90%,19.10%,80.90%,0.00%,0.00%,87.10%,12.60%,0.30%,0.00%,83.80%,15.30%,0.90%,0.00%,71.70%,25.90%,2.50%,0.00%,10.00%,86.60%,2.00%,0.30%,1.00%,0.00%,66.70%,30.00%,3.30%,0.00%,20.40%,58.40%,19.90%,1.10%,0.00%,0.00%,0.30%,51.60%,39.50%,7.80%,0.00%,0.90%,0.30%,79.50%,18.80%,1.60%,0.00%,87.70%,10.10%,2.20%,0.00%,70.30%,26.60%,3.00%,0.00%
,,65+,63.80%,17.30%,18.80%,35.20%,63.20%,1.60%,0.00%,86.50%,13.50%,0.00%,0.00%,85.10%,13.90%,0.90%,0.00%,81.80%,16.10%,2.10%,0.00%,5.40%,91.80%,2.20%,0.10%,0.40%,0.00%,75.50%,20.10%,4.30%,0.10%,16.50%,49.60%,28.00%,1.50%,0.30%,4.00%,0.10%,59.30%,28.40%,9.20%,1.40%,1.70%,0.00%,84.30%,14.70%,1.00%,0.00%,85.50%,13.10%,1.40%,0.00%,72.40%,24.30%,3.30%,0.00%
,Gender,Male,66.50%,10.40%,23.10%,21.60%,77.70%,0.60%,0.00%,84.40%,15.40%,0.20%,0.00%,81.70%,17.90%,0.40%,0.00%,72.50%,26.00%,1.50%,0.00%,16.50%,80.50%,1.80%,0.60%,0.60%,0.00%,63.00%,34.40%,2.50%,0.10%,25.10%,49.30%,21.50%,2.50%,0.00%,1.30%,0.20%,52.10%,42.40%,3.80%,0.90%,0.40%,0.40%,72.30%,25.70%,2.00%,0.00%,85.70%,12.60%,1.70%,0.00%,70.50%,27.30%,2.20%,0.00%
,,Female,58.80%,10.60%,30.60%,25.00%,74.70%,0.30%,0.00%,93.00%,7.00%,0.00%,0.00%,82.10%,16.60%,1.30%,0.00%,74.90%,23.00%,2.10%,0.00%,7.30%,90.30%,1.70%,0.30%,0.40%,0.00%,71.20%,25.10%,3.70%,0.00%,14.70%,62.60%,20.00%,0.80%,0.20%,1.60%,0.00%,51.00%,38.70%,7.30%,1.60%,1.30%,0.00%,83.80%,15.50%,0.80%,0.00%,89.00%,9.60%,1.40%,0.00%,77.50%,20.80%,1.60%,0.00%
,Employment Status,Employed full time for an employer,62.80%,9.50%,27.70%,16.80%,83.10%,0.10%,0.00%,89.10%,10.90%,0.00%,0.00%,78.80%,20.60%,0.60%,0.00%,65.70%,32.70%,1.60%,0.00%,15.60%,82.00%,1.50%,0.20%,0.60%,0.00%,59.00%,38.10%,2.80%,0.00%,22.30%,60.90%,15.50%,0.90%,0.00%,0.30%,0.00%,46.50%,46.70%,4.60%,1.50%,0.70%,0.00%,73.10%,25.00%,1.90%,0.00%,87.80%,10.30%,1.80%,0.00%,71.10%,26.90%,2.00%,0.00%
,,Employed full time for self,59.90%,4.00%,36.10%,24.20%,74.30%,1.50%,0.00%,92.20%,7.80%,0.00%,0.00%,80.60%,18.20%,1.20%,0.00%,87.40%,11.00%,1.60%,0.00%,24.90%,64.50%,8.10%,0.00%,2.50%,0.00%,77.70%,15.40%,6.90%,0.00%,19.30%,44.20%,28.40%,1.20%,0.00%,5.10%,1.70%,52.10%,33.60%,9.00%,1.50%,0.00%,3.80%,92.60%,7.40%,0.00%,0.00%,92.10%,7.90%,0.00%,0.00%,79.40%,16.40%,4.20%,0.00%
,,Employed part time do not want full time,65.70%,7.10%,27.20%,23.10%,75.20%,1.60%,0.00%,88.80%,10.60%,0.70%,0.00%,92.00%,8.00%,0.00%,0.00%,76.90%,23.10%,0.00%,0.00%,8.60%,88.50%,2.90%,0.00%,0.00%,0.00%,70.70%,26.90%,2.40%,0.00%,18.20%,55.50%,22.60%,2.50%,0.00%,1.10%,0.00%,59.00%,37.10%,3.90%,0.00%,0.00%,0.00%,81.40%,17.40%,1.20%,0.00%,82.90%,15.20%,1.90%,0.00%,80.80%,17.60%,1.60%,0.00%
,,Unemployed,72.80%,3.50%,23.70%,12.40%,87.60%,0.00%,0.00%,100.00%,0.00%,0.00%,0.00%,77.60%,22.40%,0.00%,0.00%,80.50%,19.50%,0.00%,0.00%,12.40%,87.60%,0.00%,0.00%,0.00%,0.00%,59.50%,40.50%,0.00%,0.00%,25.40%,64.60%,10.00%,0.00%,0.00%,0.00%,0.00%,79.10%,20.90%,0.00%,0.00%,0.00%,0.00%,0.00%,0.00%,0.00%,0.00%,0.00%,0.00%,0.00%,0.00%,0.00%,0.00%,0.00%,0.00%
,,Employed part time want full time,49.60%,20.40%,30.00%,28.70%,71.30%,0.00%,0.00%,80.70%,19.30%,0.00%,0.00%,72.90%,27.10%,0.00%,0.00%,73.30%,26.70%,0.00%,0.00%,12.10%,87.00%,0.00%,0.90%,0.00%,0.00%,61.80%,35.30%,2.80%,0.00%,21.30%,41.40%,37.20%,0.00%,0.00%,0.00%,0.00%,57.10%,36.90%,5.90%,0.00%,0.00%,0.00%,88.70%,11.30%,0.00%,0.00%,85.40%,14.60%,0.00%,0.00%,71.00%,29.00%,0.00%,0.00%
,,Out of workforce,63.30%,13.40%,23.30%,32.50%,66.90%,0.60%,0.00%,88.00%,12.00%,0.00%,0.00%,84.20%,14.20%,1.60%,0.00%,81.70%,15.20%,3.20%,0.00%,5.80%,92.00%,0.90%,0.90%,0.40%,0.00%,76.70%,19.70%,3.40%,0.10%,17.00%,52.30%,24.60%,2.80%,0.30%,2.90%,0.10%,53.80%,35.60%,7.30%,1.50%,1.80%,0.00%,0.00%,0.00%,0.00%,0.00%,0.00%,0.00%,0.00%,0.00%,0.00%,0.00%,0.00%,0.00%
,Per Capita Income Quintiles,Poorest 20%,67.00%,14.50%,18.50%,28.50%,70.40%,1.10%,0.00%,86.80%,13.20%,0.00%,0.00%,84.10%,14.20%,1.70%,0.00%,71.60%,24.30%,4.10%,0.00%,9.20%,88.50%,2.10%,0.00%,0.20%,0.00%,67.00%,32.10%,0.90%,0.00%,16.80%,56.70%,23.00%,1.90%,0.00%,1.60%,0.00%,45.60%,46.50%,4.90%,1.60%,1.50%,0.00%,77.40%,22.60%,0.00%,0.00%,91.10%,8.90%,0.00%,0.00%,76.40%,21.40%,2.20%,0.00%
,,Second 20%,58.50%,13.30%,28.20%,27.70%,72.10%,0.20%,0.00%,90.30%,9.70%,0.00%,0.00%,83.70%,15.60%,0.70%,0.00%,77.80%,21.50%,0.70%,0.00%,5.70%,92.70%,1.20%,0.00%,0.30%,0.00%,71.50%,24.20%,4.30%,0.00%,18.50%,62.90%,16.60%,0.90%,0.00%,1.10%,0.00%,52.30%,36.90%,7.80%,2.00%,1.00%,0.00%,76.90%,22.00%,1.10%,0.00%,85.80%,12.20%,2.00%,0.00%,69.90%,28.10%,2.00%,0.00%
,,Middle 20%,65.50%,10.00%,24.50%,21.20%,78.50%,0.30%,0.00%,86.50%,13.10%,0.40%,0.00%,78.90%,20.40%,0.70%,0.00%,72.60%,25.60%,1.80%,0.00%,10.40%,88.20%,0.70%,0.70%,0.00%,0.00%,65.30%,31.40%,3.30%,0.00%,20.70%,54.00%,22.30%,0.60%,0.00%,2.40%,0.00%,51.10%,43.10%,5.00%,0.40%,0.40%,0.00%,78.70%,19.50%,1.80%,0.00%,89.80%,10.20%,0.00%,0.00%,73.00%,26.00%,0.90%,0.00%
,,Fourth 20%,61.30%,9.00%,29.80%,19.00%,80.80%,0.30%,0.00%,90.10%,9.90%,0.00%,0.00%,85.00%,14.20%,0.80%,0.00%,73.00%,25.90%,1.10%,0.00%,18.20%,76.90%,2.60%,1.50%,0.80%,0.00%,64.50%,30.40%,5.00%,0.20%,20.10%,53.80%,20.90%,2.90%,0.50%,1.30%,0.60%,51.50%,42.20%,4.50%,1.00%,0.40%,0.40%,78.70%,20.50%,0.80%,0.00%,88.30%,10.30%,1.40%,0.00%,68.40%,29.60%,2.00%,0.00%
,,Richest 20%,61.30%,5.80%,32.90%,20.10%,79.30%,0.60%,0.00%,89.60%,10.40%,0.00%,0.00%,77.80%,21.90%,0.30%,0.00%,73.40%,25.50%,1.20%,0.00%,16.30%,80.40%,2.00%,0.00%,1.30%,0.00%,66.90%,30.90%,2.20%,0.00%,23.90%,52.20%,21.00%,2.00%,0.00%,0.90%,0.00%,57.50%,34.20%,5.50%,1.10%,1.10%,0.50%,74.50%,22.20%,3.30%,0.00%,81.90%,14.20%,3.90%,0.00%,79.30%,18.20%,2.50%,0.00%
,Feelings About Household Income,Living comfortably on present income,53.20%,2.70%,44.00%,17.10%,82.70%,0.10%,0.00%,92.30%,7.70%,0.00%,0.00%,84.50%,14.70%,0.90%,0.00%,82.90%,15.80%,1.30%,0.00%,15.40%,80.90%,2.90%,0.40%,0.30%,0.00%,76.50%,20.80%,2.70%,0.00%,22.80%,52.80%,21.60%,1.80%,0.00%,0.80%,0.30%,52.80%,37.60%,6.90%,1.50%,0.70%,0.60%,81.60%,16.60%,1.80%,0.00%,89.20%,9.50%,1.40%,0.00%,79.60%,18.80%,1.70%,0.00%
,,Getting by on present income,67.50%,11.70%,20.70%,24.80%,74.70%,0.50%,0.00%,89.10%,10.80%,0.10%,0.00%,82.10%,16.90%,0.90%,0.00%,72.40%,25.40%,2.20%,0.00%,10.20%,87.40%,1.40%,0.30%,0.70%,0.00%,66.20%,29.90%,3.90%,0.00%,19.80%,57.40%,19.30%,1.40%,0.20%,2.00%,0.00%,54.00%,39.10%,4.90%,0.90%,1.10%,0.00%,77.50%,21.00%,1.50%,0.00%,85.60%,12.60%,1.80%,0.00%,72.90%,25.00%,2.10%,0.00%
,,Finding it difficult on present income,70.30%,23.40%,6.30%,37.20%,62.80%,0.00%,0.00%,72.50%,27.50%,0.00%,0.00%,73.90%,26.10%,0.00%,0.00%,57.10%,41.90%,1.00%,0.00%,10.30%,87.60%,0.00%,2.00%,0.00%,0.00%,43.90%,56.10%,0.00%,0.00%,14.20%,58.10%,27.70%,0.00%,0.00%,0.00%,0.00%,30.60%,63.20%,6.20%,0.00%,0.00%,0.00%,61.80%,38.20%,0.00%,0.00%,88.60%,9.60%,1.80%,0.00%,52.90%,45.90%,1.20%,0.00%
,,Finding it very difficult on present income,35.30%,55.10%,9.60%,30.30%,67.50%,2.20%,0.00%,71.30%,28.70%,0.00%,0.00%,66.60%,33.40%,0.00%,0.00%,19.30%,80.70%,0.00%,0.00%,19.30%,80.70%,0.00%,0.00%,0.00%,0.00%,23.10%,76.90%,0.00%,0.00%,9.30%,50.50%,24.80%,15.40%,0.00%,0.00%,0.00%,47.20%,42.80%,0.00%,9.90%,0.00%,0.00%,39.90%,60.10%,0.00%,0.00%,88.50%,11.50%,0.00%,0.00%,50.30%,49.70%,0.00%,0.00%
,Urban/Rural,A rural area or on a farm,70.40%,12.70%,16.90%,27.50%,71.90%,0.60%,0.00%,90.80%,9.20%,0.00%,0.00%,79.40%,18.10%,2.50%,0.00%,80.60%,15.80%,3.60%,0.00%,11.40%,87.00%,0.00%,0.00%,1.60%,0.00%,69.70%,26.70%,3.70%,0.00%,20.10%,49.10%,25.40%,1.70%,0.00%,3.60%,0.00%,50.70%,39.50%,5.50%,1.90%,2.50%,0.00%,80.60%,19.40%,0.00%,0.00%,87.30%,8.00%,4.70%,0.00%,72.80%,21.60%,5.60%,0.00%
,,A small town or villAge,63.80%,9.80%,26.50%,22.70%,76.90%,0.50%,0.00%,88.70%,11.10%,0.20%,0.00%,79.70%,19.80%,0.60%,0.00%,71.80%,26.60%,1.60%,0.00%,10.00%,85.80%,2.80%,0.90%,0.50%,0.00%,65.80%,31.30%,2.90%,0.00%,18.40%,57.50%,20.40%,2.00%,0.20%,1.30%,0.20%,48.90%,42.70%,6.20%,1.30%,0.70%,0.20%,70.00%,27.80%,2.30%,0.00%,85.10%,13.70%,1.30%,0.00%,71.00%,27.90%,1.20%,0.00%
,,A large city,55.40%,11.20%,33.40%,22.70%,76.50%,0.80%,0.00%,90.10%,9.90%,0.00%,0.00%,84.20%,15.50%,0.30%,0.00%,72.20%,27.50%,0.30%,0.00%,13.10%,85.80%,0.60%,0.20%,0.20%,0.00%,64.60%,33.30%,1.90%,0.20%,22.10%,51.20%,22.50%,2.70%,0.00%,1.30%,0.20%,62.00%,35.60%,2.40%,0.00%,0.00%,0.00%,83.20%,15.50%,1.40%,0.00%,85.80%,11.80%,2.40%,0.00%,75.70%,22.90%,1.40%,0.00%
,,A suburb of a large city,62.60%,10.30%,27.20%,22.70%,77.10%,0.20%,0.00%,86.50%,13.50%,0.00%,0.00%,85.50%,13.60%,0.80%,0.00%,74.70%,23.00%,2.40%,0.00%,15.20%,83.10%,1.40%,0.00%,0.30%,0.00%,69.70%,26.00%,4.30%,0.00%,21.40%,59.90%,17.90%,0.20%,0.00%,0.70%,0.00%,49.00%,40.90%,6.90%,1.70%,1.00%,0.40%,85.20%,14.10%,0.70%,0.00%,92.40%,7.20%,0.30%,0.00%,77.80%,20.60%,1.60%,0.00%
China,Age,15-24,63.00%,5.00%,32.00%,3.10%,96.80%,0.10%,0.00%,87.80%,9.90%,2.30%,0.00%,76.20%,23.10%,0.20%,0.50%,90.20%,9.50%,0.30%,0.00%,17.40%,73.50%,8.00%,0.20%,0.80%,0.10%,88.80%,10.90%,0.30%,0.00%,32.00%,47.80%,13.30%,4.20%,0.60%,2.10%,0.00%,60.40%,20.60%,18.70%,0.00%,0.10%,0.10%,71.00%,25.30%,3.70%,0.10%,73.30%,25.80%,0.90%,0.00%,72.10%,26.60%,1.30%,0.00%
,,25-34,66.40%,8.20%,25.40%,5.30%,94.30%,0.40%,0.00%,83.80%,13.70%,2.30%,0.20%,75.80%,23.10%,0.60%,0.40%,88.00%,11.20%,0.70%,0.10%,14.10%,80.20%,3.40%,0.70%,0.90%,0.60%,75.70%,23.40%,0.80%,0.00%,32.80%,54.40%,8.40%,3.20%,0.00%,1.20%,0.00%,57.40%,21.40%,20.00%,0.00%,0.80%,0.40%,75.20%,20.70%,4.10%,0.00%,74.20%,24.20%,1.50%,0.00%,61.70%,37.80%,0.50%,0.00%
,,35-44,59.60%,10.90%,29.50%,14.60%,84.90%,0.40%,0.00%,82.50%,15.00%,2.50%,0.00%,79.60%,20.00%,0.40%,0.00%,92.10%,7.10%,0.90%,0.00%,8.10%,89.30%,2.10%,0.00%,0.30%,0.20%,84.80%,14.00%,0.40%,0.80%,25.80%,59.70%,9.60%,3.00%,0.90%,0.80%,0.20%,49.40%,27.00%,23.10%,0.00%,0.10%,0.40%,80.20%,14.30%,5.50%,0.00%,80.20%,18.40%,1.30%,0.00%,67.40%,32.10%,0.50%,0.00%
,,45-64,58.20%,14.50%,27.20%,24.20%,74.20%,1.60%,0.00%,71.00%,23.90%,5.00%,0.10%,80.50%,18.20%,1.00%,0.30%,88.50%,9.10%,2.50%,0.00%,4.30%,91.90%,0.90%,2.10%,0.80%,0.00%,83.30%,14.20%,2.00%,0.50%,15.10%,49.00%,18.10%,10.50%,2.00%,4.60%,0.70%,45.10%,25.60%,27.60%,0.00%,0.60%,1.00%,84.90%,11.30%,3.60%,0.20%,74.00%,21.40%,4.60%,0.00%,51.80%,45.20%,2.50%,0.50%
,,65+,43.20%,4.20%,52.60%,35.00%,62.10%,2.90%,0.00%,67.90%,28.80%,3.30%,0.00%,81.10%,16.80%,1.80%,0.30%,95.00%,2.40%,2.70%,0.00%,1.50%,94.80%,0.00%,0.60%,2.90%,0.20%,89.90%,7.70%,2.10%,0.30%,11.30%,31.90%,28.30%,18.40%,1.50%,8.00%,0.60%,48.10%,20.50%,29.10%,0.00%,2.30%,0.00%,92.30%,5.10%,2.50%,0.00%,81.00%,12.90%,6.10%,0.00%,46.70%,48.30%,4.90%,0.00%
,Gender,Male,58.70%,11.90%,29.40%,16.30%,82.70%,1.00%,0.00%,75.40%,20.40%,4.10%,0.10%,78.20%,20.40%,1.10%,0.40%,87.50%,11.10%,1.30%,0.10%,12.00%,82.70%,2.60%,1.10%,1.40%,0.20%,81.10%,17.00%,1.50%,0.40%,20.90%,47.20%,18.80%,8.40%,0.80%,3.20%,0.70%,49.50%,23.80%,25.30%,0.00%,0.80%,0.70%,79.10%,16.70%,4.10%,0.10%,76.20%,21.30%,2.50%,0.00%,62.90%,35.30%,1.50%,0.30%
,,Female,60.70%,6.90%,32.50%,17.00%,81.80%,1.20%,0.00%,81.10%,16.30%,2.60%,0.00%,79.00%,20.40%,0.40%,0.20%,92.90%,5.40%,1.70%,0.00%,5.60%,89.70%,3.20%,0.80%,0.60%,0.10%,86.90%,11.70%,0.90%,0.40%,25.20%,51.80%,10.90%,6.80%,1.60%,3.60%,0.00%,52.90%,23.00%,23.10%,0.00%,0.70%,0.40%,79.70%,15.90%,4.40%,0.00%,74.40%,22.30%,3.30%,0.00%,56.40%,41.60%,2.00%,0.00%
,Employment Status,Employed full time for an employer,62.50%,8.80%,28.60%,8.80%,90.70%,0.50%,0.00%,80.60%,15.40%,3.90%,0.10%,79.60%,19.70%,0.50%,0.20%,90.20%,8.90%,1.00%,0.00%,10.00%,85.40%,2.70%,0.60%,0.90%,0.30%,83.40%,15.20%,1.10%,0.30%,27.20%,53.20%,10.80%,5.50%,0.50%,2.60%,0.20%,51.60%,22.60%,25.30%,0.00%,0.30%,0.30%,77.90%,17.50%,4.60%,0.00%,76.20%,21.50%,2.40%,0.00%,63.10%,35.40%,1.40%,0.10%
,,Employed full time for self,65.80%,9.60%,24.60%,17.30%,82.00%,0.70%,0.00%,74.50%,21.90%,3.50%,0.10%,74.80%,24.30%,1.00%,0.00%,87.60%,11.40%,1.00%,0.00%,11.60%,83.50%,1.30%,2.10%,1.50%,0.00%,83.00%,15.90%,0.60%,0.50%,21.10%,52.90%,20.20%,3.60%,1.10%,1.00%,0.10%,53.10%,21.30%,25.00%,0.00%,0.40%,0.20%,81.80%,15.40%,2.80%,0.00%,76.20%,21.40%,2.40%,0.00%,56.50%,42.80%,0.40%,0.30%
,,Employed part time do not want full time,50.00%,16.90%,33.20%,20.10%,74.80%,5.10%,0.00%,80.20%,16.80%,2.90%,0.20%,78.30%,16.50%,5.30%,0.00%,91.10%,2.70%,3.40%,2.80%,9.90%,87.80%,2.40%,0.00%,0.00%,0.00%,92.10%,5.10%,0.00%,2.80%,21.30%,38.10%,18.00%,8.50%,4.90%,6.50%,2.80%,44.60%,29.80%,21.90%,0.00%,0.90%,2.80%,81.20%,8.50%,9.60%,0.70%,75.60%,16.40%,8.00%,0.00%,52.80%,41.90%,5.30%,0.00%
,,Unemployed,78.10%,13.60%,8.30%,24.80%,75.20%,0.00%,0.00%,67.40%,26.30%,6.30%,0.00%,72.40%,26.20%,1.30%,0.00%,84.60%,15.40%,0.00%,0.00%,5.20%,90.00%,3.40%,1.50%,0.00%,0.00%,76.80%,22.10%,1.10%,0.00%,19.80%,49.80%,17.30%,6.80%,1.20%,4.40%,0.70%,40.20%,29.60%,28.30%,0.00%,1.50%,0.40%,0.00%,0.00%,0.00%,0.00%,0.00%,0.00%,0.00%,0.00%,0.00%,0.00%,0.00%,0.00%
,,Employed part time want full time,60.80%,12.00%,27.20%,17.70%,82.30%,0.00%,0.00%,77.00%,20.80%,2.00%,0.20%,76.10%,22.80%,0.90%,0.10%,91.20%,6.90%,1.90%,0.00%,12.10%,83.50%,2.20%,1.40%,0.80%,0.00%,82.60%,14.90%,2.40%,0.00%,26.60%,46.10%,17.10%,6.70%,0.80%,2.60%,0.00%,50.60%,16.90%,28.30%,0.00%,3.50%,0.70%,83.20%,14.60%,2.20%,0.10%,69.30%,26.10%,4.50%,0.10%,52.10%,42.70%,4.80%,0.30%
,,Out of workforce,50.60%,9.10%,40.30%,24.60%,73.30%,2.00%,0.00%,77.70%,19.70%,2.60%,0.00%,80.00%,18.70%,0.60%,0.60%,91.10%,6.50%,2.30%,0.10%,6.70%,87.30%,3.90%,0.80%,1.20%,0.10%,85.10%,12.80%,1.60%,0.40%,17.90%,44.60%,17.90%,12.20%,1.80%,5.00%,0.60%,51.80%,25.00%,21.50%,0.00%,0.80%,0.90%,0.00%,0.00%,0.00%,0.00%,0.00%,0.00%,0.00%,0.00%,0.00%,0.00%,0.00%,0.00%
,Per Capita Income Quintiles,Poorest 20%,59.50%,17.20%,23.30%,26.50%,70.50%,3.00%,0.00%,61.60%,33.30%,5.10%,0.00%,75.00%,23.60%,1.40%,0.00%,82.70%,13.60%,3.60%,0.10%,7.70%,86.50%,1.80%,1.60%,2.20%,0.30%,73.80%,22.30%,2.70%,1.20%,15.60%,42.90%,19.40%,13.50%,2.40%,5.80%,0.50%,47.70%,24.20%,26.10%,0.00%,0.50%,1.60%,78.10%,19.00%,2.90%,0.00%,68.10%,27.20%,4.80%,0.00%,54.30%,42.20%,3.00%,0.50%
,,Second 20%,63.30%,14.10%,22.50%,24.70%,74.50%,0.80%,0.00%,78.90%,18.60%,2.40%,0.10%,79.80%,19.20%,1.00%,0.00%,91.80%,7.50%,0.30%,0.40%,6.50%,90.30%,2.00%,0.00%,1.20%,0.10%,84.80%,13.50%,0.90%,0.80%,16.20%,52.40%,17.10%,7.90%,1.00%,4.50%,1.00%,43.70%,28.90%,25.40%,0.00%,1.50%,0.60%,80.60%,15.30%,4.10%,0.00%,79.10%,19.00%,2.00%,0.00%,55.60%,43.50%,1.00%,0.00%
,,Middle 20%,60.20%,7.90%,31.90%,15.50%,83.90%,0.60%,0.00%,80.80%,17.60%,1.50%,0.00%,78.90%,20.40%,0.40%,0.20%,91.70%,6.50%,1.80%,0.00%,7.00%,88.50%,3.20%,1.10%,0.20%,0.00%,86.10%,12.40%,1.30%,0.20%,26.00%,50.60%,13.80%,6.50%,0.30%,2.40%,0.50%,50.30%,24.00%,24.80%,0.00%,0.60%,0.30%,77.30%,13.80%,8.80%,0.10%,76.90%,20.50%,2.60%,0.00%,59.00%,39.20%,1.80%,0.00%
,,Fourth 20%,58.00%,5.90%,36.10%,7.60%,92.20%,0.20%,0.00%,84.50%,11.80%,3.60%,0.10%,80.10%,19.20%,0.30%,0.40%,91.10%,7.90%,1.10%,0.00%,10.70%,84.60%,3.30%,0.50%,0.50%,0.40%,88.40%,11.10%,0.50%,0.00%,24.60%,54.60%,12.40%,4.60%,2.00%,1.90%,0.00%,54.90%,21.10%,23.50%,0.00%,0.50%,0.10%,82.30%,15.60%,2.10%,0.00%,74.90%,21.40%,3.70%,0.00%,61.40%,37.90%,0.70%,0.00%
,,Richest 20%,57.20%,5.40%,37.40%,8.90%,90.30%,0.80%,0.00%,84.30%,11.30%,4.40%,0.10%,78.90%,19.40%,0.90%,0.80%,92.50%,6.70%,0.80%,0.00%,13.20%,80.10%,4.10%,1.50%,0.90%,0.10%,85.80%,13.30%,0.90%,0.00%,32.10%,46.20%,12.90%,6.00%,0.30%,2.50%,0.00%,58.50%,18.90%,21.50%,0.00%,0.80%,0.40%,78.10%,18.60%,3.20%,0.10%,77.60%,21.10%,1.40%,0.00%,68.70%,28.50%,2.30%,0.40%
,Feelings About Household Income,Living comfortably on present income,35.20%,3.10%,61.70%,8.30%,90.50%,1.20%,0.00%,89.80%,7.70%,2.30%,0.20%,83.60%,15.80%,0.60%,0.00%,96.20%,1.90%,1.80%,0.00%,5.90%,87.30%,5.20%,1.10%,0.50%,0.00%,94.50%,4.70%,0.70%,0.00%,25.60%,40.70%,17.70%,9.30%,1.50%,4.70%,0.50%,47.50%,23.60%,27.60%,0.00%,1.00%,0.20%,95.20%,2.60%,2.10%,0.00%,88.00%,9.80%,2.10%,0.00%,65.90%,32.60%,1.50%,0.00%
,,Getting by on present income,61.90%,4.60%,33.60%,13.90%,85.60%,0.50%,0.00%,83.80%,13.20%,3.00%,0.00%,80.90%,18.30%,0.60%,0.30%,94.40%,4.80%,0.80%,0.00%,9.00%,86.80%,2.80%,0.60%,0.80%,0.00%,90.70%,8.00%,0.90%,0.40%,24.70%,50.30%,15.10%,5.80%,1.30%,2.50%,0.40%,51.90%,22.60%,24.50%,0.00%,0.80%,0.20%,82.20%,14.50%,3.20%,0.10%,76.80%,20.90%,2.20%,0.00%,61.70%,36.80%,1.30%,0.30%
,,Finding it difficult on present income,71.00%,17.60%,11.40%,24.10%,74.90%,1.00%,0.00%,65.30%,30.90%,3.70%,0.10%,74.00%,24.40%,1.20%,0.40%,83.00%,14.60%,2.30%,0.00%,9.30%,85.30%,2.40%,1.60%,1.00%,0.40%,70.30%,27.90%,1.80%,0.00%,20.00%,53.40%,14.50%,8.60%,0.70%,2.70%,0.00%,52.10%,25.40%,22.10%,0.00%,0.00%,0.40%,71.50%,22.20%,6.10%,0.10%,71.10%,25.70%,3.20%,0.00%,57.90%,41.40%,0.50%,0.10%
,,Finding it very difficult on present income,52.80%,39.60%,7.60%,29.10%,70.90%,0.00%,0.00%,58.20%,33.30%,8.40%,0.00%,67.60%,31.90%,0.00%,0.50%,70.20%,27.50%,2.00%,0.30%,16.10%,79.30%,2.00%,1.60%,0.20%,0.80%,54.10%,41.80%,1.90%,2.30%,18.80%,43.90%,13.60%,15.30%,2.10%,6.00%,0.40%,47.70%,25.70%,24.60%,0.00%,0.30%,1.70%,59.60%,37.80%,2.50%,0.00%,69.60%,28.00%,2.40%,0.00%,53.50%,42.80%,3.60%,0.00%
,Urban/Rural,A rural area or on a farm,59.30%,14.00%,26.70%,22.90%,75.20%,1.90%,0.00%,68.90%,26.70%,4.30%,0.10%,76.70%,21.00%,2.00%,0.30%,87.40%,9.90%,2.70%,0.10%,6.90%,88.00%,2.40%,0.90%,1.50%,0.30%,79.60%,17.60%,2.30%,0.50%,15.10%,49.90%,19.20%,8.30%,1.70%,5.10%,0.60%,47.70%,25.90%,24.80%,0.00%,0.70%,1.00%,83.00%,12.90%,4.10%,0.00%,72.10%,24.70%,3.10%,0.00%,57.90%,39.70%,2.00%,0.40%
,,A small town or villAge,64.00%,7.20%,28.80%,12.30%,87.10%,0.60%,0.00%,82.20%,14.70%,3.10%,0.10%,81.70%,17.90%,0.20%,0.20%,91.50%,7.50%,1.00%,0.00%,9.00%,86.70%,3.50%,0.40%,0.40%,0.00%,86.00%,13.00%,1.10%,0.00%,22.50%,52.30%,12.20%,6.20%,1.80%,4.80%,0.10%,50.30%,21.60%,26.60%,0.00%,1.10%,0.40%,79.30%,16.70%,3.90%,0.20%,77.50%,20.20%,2.30%,0.00%,58.20%,40.00%,1.40%,0.30%
,,A large city,59.10%,6.10%,34.80%,13.00%,86.10%,0.90%,0.00%,84.50%,13.40%,2.10%,0.00%,79.50%,20.20%,0.30%,0.00%,91.90%,7.40%,0.60%,0.00%,10.90%,84.80%,3.30%,0.60%,0.40%,0.00%,87.20%,12.50%,0.10%,0.20%,29.20%,47.70%,13.10%,6.70%,0.70%,2.20%,0.30%,53.00%,21.10%,24.90%,0.00%,0.70%,0.30%,78.90%,17.00%,4.00%,0.10%,75.40%,21.70%,2.80%,0.00%,62.00%,35.80%,2.10%,0.00%
,,A suburb of a large city,56.80%,13.70%,29.50%,18.60%,80.70%,0.60%,0.00%,74.90%,19.80%,5.30%,0.00%,76.70%,21.90%,0.40%,0.90%,88.70%,9.00%,1.90%,0.50%,8.60%,84.50%,2.20%,2.40%,1.90%,0.50%,81.30%,15.50%,2.10%,1.20%,22.30%,49.00%,15.50%,10.40%,0.70%,1.60%,0.50%,52.90%,26.10%,19.80%,0.00%,0.60%,0.60%,74.30%,20.50%,5.10%,0.00%,79.40%,17.90%,2.60%,0.00%,62.40%,37.10%,0.60%,0.00%
Brazil,Age,15-24,48.10%,1.00%,51.00%,6.20%,93.80%,0.00%,0.00%,94.30%,5.70%,0.00%,0.00%,77.90%,22.10%,0.00%,0.00%,87.70%,12.30%,0.00%,0.00%,24.00%,75.30%,0.50%,0.00%,0.30%,0.00%,71.30%,28.70%,0.00%,0.00%,32.20%,43.30%,23.70%,0.40%,0.00%,0.40%,0.00%,74.80%,17.40%,7.80%,0.00%,0.00%,0.00%,87.50%,11.80%,0.40%,0.30%,80.40%,19.60%,0.00%,0.00%,63.60%,35.60%,0.80%,0.00%
,,25-34,56.00%,2.70%,41.20%,10.10%,89.90%,0.00%,0.00%,76.30%,22.00%,1.70%,0.00%,72.80%,27.20%,0.00%,0.00%,79.90%,19.50%,0.30%,0.20%,18.20%,77.60%,4.10%,0.00%,0.10%,0.00%,67.30%,32.70%,0.00%,0.00%,30.10%,55.20%,14.70%,0.00%,0.00%,0.00%,0.00%,64.80%,29.40%,5.60%,0.00%,0.20%,0.00%,89.30%,10.20%,0.50%,0.00%,85.50%,14.50%,0.00%,0.00%,71.60%,28.20%,0.20%,0.00%
,,35-44,55.90%,5.10%,39.00%,16.40%,83.10%,0.50%,0.00%,77.80%,22.00%,0.20%,0.00%,76.30%,23.10%,0.60%,0.00%,82.40%,17.60%,0.00%,0.00%,13.50%,84.70%,1.80%,0.00%,0.00%,0.00%,72.00%,28.00%,0.00%,0.00%,16.00%,61.60%,19.70%,0.00%,0.00%,2.70%,0.00%,66.40%,21.50%,11.70%,0.00%,0.40%,0.00%,89.50%,9.20%,0.00%,1.30%,92.40%,7.60%,0.00%,0.00%,67.00%,33.00%,0.00%,0.00%
,,45-64,51.30%,13.50%,35.20%,30.00%,70.00%,0.00%,0.00%,80.20%,19.50%,0.30%,0.00%,79.50%,20.50%,0.00%,0.00%,87.50%,12.50%,0.00%,0.00%,9.60%,89.90%,0.50%,0.00%,0.00%,0.00%,75.50%,24.50%,0.00%,0.00%,14.20%,52.00%,32.20%,0.80%,0.10%,0.60%,0.00%,61.60%,25.00%,13.20%,0.00%,0.20%,0.00%,91.90%,7.90%,0.30%,0.00%,92.50%,7.20%,0.30%,0.00%,68.90%,30.80%,0.40%,0.00%
,,65+,45.50%,12.80%,41.70%,44.70%,55.30%,0.00%,0.00%,89.60%,10.40%,0.00%,0.00%,81.90%,16.10%,2.00%,0.00%,97.80%,1.80%,0.30%,0.00%,4.00%,95.30%,0.30%,0.40%,0.00%,0.00%,84.30%,15.70%,0.00%,0.00%,13.70%,39.90%,45.70%,0.00%,0.00%,0.60%,0.00%,51.30%,34.00%,8.90%,0.00%,5.80%,0.00%,98.40%,1.60%,0.00%,0.00%,92.80%,7.20%,0.00%,0.00%,75.30%,24.70%,0.00%,0.00%
,Gender,Male,55.00%,3.40%,41.50%,14.60%,85.20%,0.20%,0.00%,85.80%,14.00%,0.20%,0.00%,78.80%,20.80%,0.30%,0.00%,86.30%,13.60%,0.00%,0.10%,15.40%,83.40%,1.20%,0.00%,0.10%,0.00%,76.00%,24.00%,0.00%,0.00%,29.80%,51.70%,17.70%,0.20%,0.00%,0.60%,0.00%,67.80%,24.10%,7.90%,0.00%,0.20%,0.00%,92.40%,7.00%,0.20%,0.50%,87.10%,12.80%,0.10%,0.00%,71.00%,28.90%,0.10%,0.00%
,,Female,49.40%,8.80%,41.80%,21.50%,78.50%,0.00%,0.00%,79.60%,19.60%,0.80%,0.00%,75.30%,24.50%,0.20%,0.00%,84.50%,15.30%,0.20%,0.00%,15.20%,82.70%,2.00%,0.10%,0.10%,0.00%,69.10%,30.90%,0.00%,0.00%,15.10%,52.20%,31.20%,0.40%,0.10%,1.10%,0.00%,63.50%,24.10%,11.40%,0.00%,1.00%,0.00%,85.50%,13.90%,0.50%,0.20%,88.70%,11.30%,0.00%,0.00%,63.60%,35.80%,0.70%,0.00%
,Employment Status,Employed full time for an employer,53.30%,1.30%,45.40%,9.90%,90.10%,0.00%,0.00%,83.10%,16.80%,0.10%,0.00%,77.90%,22.10%,0.00%,0.00%,87.60%,12.20%,0.00%,0.20%,17.70%,80.10%,2.00%,0.00%,0.20%,0.00%,76.90%,23.10%,0.00%,0.00%,27.70%,54.50%,17.50%,0.00%,0.10%,0.10%,0.00%,67.30%,25.70%,6.70%,0.00%,0.30%,0.00%,90.00%,9.70%,0.30%,0.00%,88.30%,11.70%,0.00%,0.00%,63.90%,35.80%,0.20%,0.00%
,,Employed full time for self,56.70%,3.80%,39.50%,15.30%,83.90%,0.80%,0.00%,88.10%,11.60%,0.30%,0.00%,75.80%,23.30%,1.00%,0.00%,87.90%,12.10%,0.00%,0.00%,17.30%,80.90%,1.80%,0.00%,0.00%,0.00%,77.60%,22.40%,0.00%,0.00%,26.10%,52.10%,20.70%,0.00%,0.00%,1.20%,0.00%,69.10%,23.90%,6.40%,0.00%,0.60%,0.00%,90.70%,9.30%,0.00%,0.00%,90.70%,9.00%,0.30%,0.00%,72.80%,27.20%,0.00%,0.00%
,,Employed part time do not want full time,45.30%,0.00%,54.70%,14.80%,85.20%,0.00%,0.00%,92.50%,7.10%,0.40%,0.00%,73.10%,26.90%,0.00%,0.00%,95.60%,4.40%,0.00%,0.00%,4.90%,94.40%,0.30%,0.00%,0.50%,0.00%,68.70%,31.30%,0.00%,0.00%,12.80%,44.90%,37.70%,0.00%,0.00%,4.60%,0.00%,73.30%,15.30%,11.40%,0.00%,0.00%,0.00%,92.00%,7.40%,0.00%,0.50%,87.70%,12.30%,0.00%,0.00%,76.60%,21.70%,1.60%,0.00%
,,Unemployed,59.50%,1.00%,39.50%,16.00%,84.00%,0.00%,0.00%,82.20%,17.80%,0.00%,0.00%,72.60%,27.40%,0.00%,0.00%,67.40%,32.60%,0.00%,0.00%,22.30%,76.60%,1.00%,0.00%,0.00%,0.00%,56.60%,43.40%,0.00%,0.00%,21.50%,49.60%,28.90%,0.00%,0.00%,0.00%,0.00%,64.20%,20.50%,15.30%,0.00%,0.00%,0.00%,0.00%,0.00%,0.00%,0.00%,0.00%,0.00%,0.00%,0.00%,0.00%,0.00%,0.00%,0.00%
,,Employed part time want full time,53.50%,3.10%,43.40%,18.60%,81.40%,0.00%,0.00%,78.80%,21.20%,0.00%,0.00%,75.80%,24.20%,0.00%,0.00%,75.90%,23.30%,0.80%,0.00%,18.20%,79.30%,2.50%,0.00%,0.00%,0.00%,70.80%,29.20%,0.00%,0.00%,22.90%,47.60%,26.30%,0.00%,0.00%,3.20%,0.00%,65.60%,23.90%,10.50%,0.00%,0.00%,0.00%,85.10%,11.80%,1.00%,2.10%,81.30%,18.70%,0.00%,0.00%,68.70%,31.30%,0.00%,0.00%
,,Out of workforce,47.70%,17.00%,35.30%,29.60%,70.40%,0.00%,0.00%,78.70%,20.00%,1.30%,0.00%,79.60%,19.90%,0.50%,0.00%,88.30%,11.60%,0.10%,0.00%,11.00%,87.70%,1.20%,0.10%,0.00%,0.00%,72.00%,28.00%,0.00%,0.00%,17.40%,52.90%,28.50%,1.00%,0.00%,0.10%,0.00%,60.80%,25.90%,11.90%,0.00%,1.40%,0.00%,0.00%,0.00%,0.00%,0.00%,0.00%,0.00%,0.00%,0.00%,0.00%,0.00%,0.00%,0.00%
,Per Capita Income Quintiles,Poorest 20%,52.60%,9.90%,37.50%,21.50%,78.50%,0.00%,0.00%,73.80%,24.30%,1.90%,0.00%,76.80%,23.20%,0.00%,0.00%,82.40%,17.60%,0.00%,0.00%,6.00%,92.50%,1.30%,0.00%,0.30%,0.00%,67.40%,32.60%,0.00%,0.00%,15.60%,48.70%,32.20%,1.00%,0.00%,2.50%,0.00%,66.50%,17.90%,15.60%,0.00%,0.00%,0.00%,85.30%,12.80%,0.00%,1.90%,86.30%,13.70%,0.00%,0.00%,64.60%,35.40%,0.00%,0.00%
,,Second 20%,59.50%,9.40%,31.10%,19.40%,80.60%,0.00%,0.00%,84.10%,15.90%,0.00%,0.00%,71.80%,27.70%,0.50%,0.00%,79.80%,20.20%,0.00%,0.00%,11.50%,87.20%,1.30%,0.00%,0.00%,0.00%,67.70%,32.30%,0.00%,0.00%,14.00%,51.80%,33.80%,0.50%,0.00%,0.00%,0.00%,60.20%,27.00%,10.90%,0.00%,1.90%,0.00%,86.60%,12.80%,0.50%,0.00%,81.30%,18.70%,0.00%,0.00%,63.20%,36.80%,0.00%,0.00%
,,Middle 20%,53.90%,7.00%,39.10%,19.60%,80.40%,0.00%,0.00%,80.20%,19.80%,0.00%,0.00%,75.50%,24.30%,0.20%,0.00%,85.20%,14.40%,0.40%,0.00%,20.10%,78.60%,1.30%,0.00%,0.00%,0.00%,72.60%,27.40%,0.00%,0.00%,14.90%,61.20%,23.20%,0.00%,0.00%,0.70%,0.00%,71.10%,21.90%,6.80%,0.00%,0.20%,0.00%,90.60%,8.30%,1.10%,0.00%,89.00%,10.70%,0.30%,0.00%,71.50%,28.50%,0.00%,0.00%
,,Fourth 20%,57.00%,0.90%,42.10%,16.90%,82.50%,0.50%,0.00%,83.40%,16.20%,0.40%,0.00%,78.90%,20.40%,0.70%,0.00%,87.20%,12.80%,0.00%,0.00%,20.90%,77.70%,1.30%,0.00%,0.00%,0.00%,75.20%,24.80%,0.00%,0.00%,30.10%,54.40%,15.20%,0.00%,0.00%,0.30%,0.00%,71.70%,22.30%,5.80%,0.00%,0.20%,0.00%,93.90%,6.10%,0.00%,0.00%,94.10%,5.90%,0.00%,0.00%,70.70%,29.00%,0.30%,0.00%
,,Richest 20%,38.30%,3.60%,58.10%,12.90%,87.10%,0.00%,0.00%,91.70%,8.10%,0.20%,0.00%,82.30%,17.70%,0.00%,0.00%,92.50%,7.10%,0.10%,0.30%,17.80%,79.20%,2.70%,0.10%,0.20%,0.00%,79.60%,20.40%,0.00%,0.00%,37.40%,43.50%,18.00%,0.00%,0.20%,0.90%,0.00%,58.80%,31.20%,9.40%,0.00%,0.50%,0.00%,90.20%,9.60%,0.00%,0.30%,86.60%,13.40%,0.00%,0.00%,69.20%,29.70%,1.00%,0.00%
,Feelings About Household Income,Living comfortably on present income,29.40%,2.20%,68.30%,14.20%,85.80%,0.00%,0.00%,95.60%,4.40%,0.00%,0.00%,87.00%,13.00%,0.00%,0.00%,94.90%,5.10%,0.00%,0.00%,13.70%,82.90%,3.20%,0.00%,0.20%,0.00%,82.40%,17.60%,0.00%,0.00%,34.00%,46.90%,18.50%,0.00%,0.00%,0.60%,0.00%,65.20%,22.60%,11.90%,0.00%,0.30%,0.00%,96.10%,3.60%,0.00%,0.30%,87.40%,12.60%,0.00%,0.00%,75.10%,24.00%,0.90%,0.00%
,,Getting by on present income,54.40%,3.70%,41.90%,12.40%,87.30%,0.20%,0.00%,85.20%,14.60%,0.20%,0.00%,79.30%,20.30%,0.30%,0.00%,91.20%,8.60%,0.00%,0.10%,17.90%,80.40%,1.70%,0.10%,0.00%,0.00%,77.50%,22.50%,0.00%,0.00%,24.80%,55.10%,19.70%,0.00%,0.00%,0.30%,0.00%,68.30%,24.00%,7.40%,0.00%,0.20%,0.00%,89.90%,10.10%,0.00%,0.00%,89.50%,10.50%,0.00%,0.00%,66.60%,33.10%,0.30%,0.00%
,,Finding it difficult on present income,65.50%,6.30%,28.20%,19.10%,80.90%,0.00%,0.00%,78.90%,21.00%,0.10%,0.00%,72.40%,27.20%,0.40%,0.00%,78.70%,21.30%,0.00%,0.00%,13.90%,85.40%,0.40%,0.00%,0.20%,0.00%,66.60%,33.40%,0.00%,0.00%,17.30%,55.80%,24.40%,0.40%,0.20%,2.00%,0.00%,69.40%,20.90%,9.60%,0.00%,0.00%,0.00%,87.70%,11.10%,1.20%,0.00%,85.80%,14.20%,0.00%,0.00%,66.30%,33.70%,0.00%,0.00%
,,Finding it very difficult on present income,53.80%,18.10%,28.10%,38.50%,61.50%,0.00%,0.00%,65.00%,32.40%,2.60%,0.00%,66.10%,33.70%,0.20%,0.00%,68.30%,31.20%,0.50%,0.00%,12.30%,86.40%,1.30%,0.00%,0.00%,0.00%,55.50%,44.50%,0.00%,0.00%,10.60%,43.10%,43.90%,1.40%,0.00%,1.00%,0.00%,54.50%,31.20%,14.10%,0.00%,0.20%,0.00%,80.30%,16.00%,0.00%,3.70%,84.30%,15.10%,0.70%,0.00%,66.50%,33.50%,0.00%,0.00%
,Urban/Rural,A rural area or on a farm,44.70%,11.70%,43.60%,15.50%,84.50%,0.00%,0.00%,81.90%,18.10%,0.00%,0.00%,81.30%,18.70%,0.00%,0.00%,89.30%,10.70%,0.00%,0.00%,7.80%,92.20%,0.00%,0.00%,0.00%,0.00%,79.00%,21.00%,0.00%,0.00%,13.60%,55.90%,29.40%,0.00%,0.00%,1.10%,0.00%,71.40%,14.20%,14.40%,0.00%,0.00%,0.00%,92.70%,7.30%,0.00%,0.00%,70.90%,29.10%,0.00%,0.00%,91.40%,8.60%,0.00%,0.00%
,,A small town or villAge,62.00%,3.70%,34.30%,21.50%,78.20%,0.30%,0.00%,82.40%,17.50%,0.10%,0.00%,73.10%,26.70%,0.30%,0.00%,86.00%,13.80%,0.20%,0.00%,10.80%,88.00%,1.00%,0.00%,0.20%,0.00%,74.80%,25.20%,0.00%,0.00%,21.40%,50.40%,26.10%,0.50%,0.00%,1.50%,0.00%,63.60%,24.50%,10.80%,0.00%,1.10%,0.00%,86.80%,12.30%,0.00%,0.90%,93.30%,6.70%,0.00%,0.00%,58.90%,40.90%,0.20%,0.00%
,,A large city,45.20%,2.40%,52.40%,14.00%,86.00%,0.00%,0.00%,84.40%,14.50%,1.10%,0.00%,80.90%,18.70%,0.40%,0.00%,85.30%,14.70%,0.10%,0.00%,21.10%,76.20%,2.60%,0.10%,0.00%,0.00%,75.00%,25.00%,0.00%,0.00%,25.50%,50.30%,23.50%,0.20%,0.10%,0.40%,0.00%,67.50%,25.00%,7.20%,0.00%,0.30%,0.00%,92.60%,7.00%,0.20%,0.20%,86.40%,13.60%,0.00%,0.00%,70.70%,28.90%,0.50%,0.00%
,,A suburb of a large city,49.90%,20.50%,29.60%,21.80%,78.20%,0.00%,0.00%,79.20%,20.40%,0.40%,0.00%,72.60%,27.40%,0.00%,0.00%,81.70%,17.80%,0.00%,0.50%,18.20%,80.30%,1.60%,0.00%,0.00%,0.00%,49.10%,50.90%,0.00%,0.00%,25.30%,54.90%,19.60%,0.00%,0.00%,0.20%,0.00%,62.20%,26.90%,10.50%,0.00%,0.30%,0.00%,84.50%,13.60%,1.80%,0.00%,91.10%,8.30%,0.50%,0.00%,72.70%,27.30%,0.00%,0.00%
Canada,Age,15-24,31.60%,2.40%,66.00%,12.80%,87.20%,0.00%,0.00%,100.00%,0.00%,0.00%,0.00%,83.40%,16.60%,0.00%,0.00%,80.30%,19.70%,0.00%,0.00%,57.20%,41.70%,1.10%,0.00%,0.00%,0.00%,67.50%,32.50%,0.00%,0.00%,38.60%,34.00%,26.10%,1.30%,0.00%,0.00%,0.00%,49.80%,45.30%,5.00%,0.00%,0.00%,0.00%,74.70%,25.30%,0.00%,0.00%,61.10%,38.90%,0.00%,0.00%,78.00%,22.00%,0.00%,0.00%
,,25-34,36.10%,2.20%,61.70%,15.80%,84.20%,0.00%,0.00%,96.40%,3.60%,0.00%,0.00%,84.30%,15.70%,0.00%,0.00%,86.60%,13.40%,0.00%,0.00%,38.10%,58.50%,3.40%,0.00%,0.00%,0.00%,79.60%,20.40%,0.00%,0.00%,37.10%,42.20%,18.40%,0.80%,0.00%,1.60%,0.00%,53.60%,38.90%,5.60%,0.00%,0.00%,1.90%,82.10%,17.90%,0.00%,0.00%,75.90%,24.10%,0.00%,0.00%,84.30%,15.70%,0.00%,0.00%
,,35-44,36.10%,1.60%,62.30%,16.80%,83.20%,0.00%,0.00%,93.70%,6.30%,0.00%,0.00%,75.80%,24.20%,0.00%,0.00%,86.40%,12.30%,1.30%,0.00%,26.10%,71.40%,1.80%,0.00%,0.40%,0.30%,67.20%,32.80%,0.00%,0.00%,21.90%,66.50%,11.60%,0.00%,0.00%,0.00%,0.00%,52.20%,43.70%,4.10%,0.00%,0.00%,0.00%,83.10%,16.90%,0.00%,0.00%,75.80%,24.20%,0.00%,0.00%,71.50%,28.50%,0.00%,0.00%
,,45-64,41.90%,3.20%,54.90%,23.20%,76.80%,0.00%,0.00%,89.90%,10.10%,0.00%,0.00%,83.00%,17.00%,0.00%,0.00%,85.60%,14.40%,0.00%,0.00%,18.80%,78.90%,2.10%,0.00%,0.10%,0.00%,77.10%,22.90%,0.00%,0.00%,24.10%,63.10%,12.20%,0.10%,0.00%,0.00%,0.50%,51.40%,41.90%,6.20%,0.00%,0.40%,0.10%,85.50%,14.50%,0.00%,0.00%,82.00%,17.50%,0.50%,0.00%,65.90%,34.10%,0.00%,0.00%
,,65+,48.30%,2.80%,49.00%,28.30%,71.70%,0.00%,0.00%,92.80%,7.20%,0.00%,0.00%,88.10%,11.70%,0.20%,0.00%,94.20%,5.60%,0.20%,0.00%,12.70%,84.50%,2.80%,0.00%,0.00%,0.00%,85.00%,14.70%,0.00%,0.20%,24.70%,60.00%,14.40%,0.80%,0.00%,0.20%,0.00%,51.80%,39.50%,7.80%,0.00%,0.60%,0.20%,87.70%,11.20%,1.10%,0.00%,80.10%,19.90%,0.00%,0.00%,72.80%,27.20%,0.00%,0.00%
,Gender,Male,42.10%,2.40%,55.50%,18.10%,81.90%,0.00%,0.00%,92.70%,7.30%,0.00%,0.00%,88.00%,11.90%,0.10%,0.00%,89.40%,10.50%,0.10%,0.00%,30.60%,66.50%,2.70%,0.00%,0.10%,0.10%,80.40%,19.60%,0.00%,0.10%,31.10%,51.90%,15.70%,0.50%,0.00%,0.50%,0.30%,47.40%,45.00%,6.60%,0.00%,0.40%,0.60%,81.10%,18.80%,0.10%,0.00%,72.00%,27.70%,0.30%,0.00%,74.40%,25.60%,0.00%,0.00%
,,Female,37.90%,4.10%,58.10%,23.40%,76.60%,0.00%,0.00%,93.30%,6.60%,0.10%,0.00%,78.50%,21.50%,0.00%,0.00%,84.00%,15.00%,0.60%,0.40%,22.80%,74.70%,2.50%,0.00%,0.10%,0.00%,72.00%,28.00%,0.00%,0.00%,25.60%,58.30%,14.90%,0.50%,0.00%,0.10%,0.60%,54.30%,39.70%,5.30%,0.00%,0.50%,0.20%,84.00%,16.00%,0.00%,0.00%,81.10%,18.90%,0.00%,0.00%,72.30%,27.70%,0.00%,0.00%
,Employment Status,Employed full time for an employer,34.20%,1.00%,64.80%,11.80%,88.20%,0.00%,0.00%,93.40%,6.60%,0.00%,0.00%,81.90%,18.10%,0.00%,0.00%,87.50%,12.50%,0.00%,0.00%,29.30%,67.50%,3.00%,0.00%,0.30%,0.00%,74.60%,25.40%,0.00%,0.00%,29.70%,54.90%,14.70%,0.30%,0.00%,0.00%,0.40%,51.20%,43.10%,4.90%,0.00%,0.00%,0.80%,82.80%,17.20%,0.00%,0.00%,76.90%,22.90%,0.20%,0.00%,74.60%,25.40%,0.00%,0.00%
,,Employed full time for self,50.20%,0.00%,49.80%,12.70%,87.30%,0.00%,0.00%,94.50%,5.50%,0.00%,0.00%,91.10%,8.90%,0.00%,0.00%,90.70%,9.30%,0.00%,0.00%,35.90%,64.10%,0.00%,0.00%,0.00%,0.00%,78.90%,21.10%,0.00%,0.00%,29.90%,47.90%,14.30%,0.90%,0.00%,5.50%,1.50%,53.50%,34.70%,11.80%,0.00%,0.00%,0.00%,86.30%,13.70%,0.00%,0.00%,91.30%,8.70%,0.00%,0.00%,72.20%,27.80%,0.00%,0.00%
,,Employed part time do not want full time,33.30%,0.00%,66.70%,16.10%,83.90%,0.00%,0.00%,97.90%,2.10%,0.00%,0.00%,82.00%,18.00%,0.00%,0.00%,91.70%,8.30%,0.00%,0.00%,25.70%,69.40%,4.30%,0.00%,0.00%,0.60%,90.80%,9.20%,0.00%,0.00%,24.30%,57.80%,16.20%,1.60%,0.00%,0.00%,0.00%,49.50%,42.80%,7.10%,0.00%,0.70%,0.00%,86.00%,13.50%,0.50%,0.00%,75.90%,24.10%,0.00%,0.00%,74.60%,25.40%,0.00%,0.00%
,,Unemployed,53.00%,4.30%,42.60%,25.40%,74.60%,0.00%,0.00%,86.50%,13.50%,0.00%,0.00%,72.20%,27.80%,0.00%,0.00%,78.40%,21.60%,0.00%,0.00%,36.60%,63.40%,0.00%,0.00%,0.00%,0.00%,57.20%,42.80%,0.00%,0.00%,29.30%,42.50%,28.20%,0.00%,0.00%,0.00%,0.00%,62.90%,35.60%,1.50%,0.00%,0.00%,0.00%,0.00%,0.00%,0.00%,0.00%,0.00%,0.00%,0.00%,0.00%,0.00%,0.00%,0.00%,0.00%
,,Employed part time want full time,33.90%,7.60%,58.50%,17.20%,82.80%,0.00%,0.00%,98.10%,1.90%,0.00%,0.00%,83.90%,16.10%,0.00%,0.00%,79.50%,20.50%,0.00%,0.00%,50.50%,49.00%,0.50%,0.00%,0.00%,0.00%,69.40%,30.60%,0.00%,0.00%,40.00%,42.70%,14.60%,2.70%,0.00%,0.00%,0.00%,39.80%,49.20%,10.50%,0.00%,0.00%,0.60%,74.60%,25.40%,0.00%,0.00%,64.70%,35.30%,0.00%,0.00%,66.30%,33.70%,0.00%,0.00%
,,Out of workforce,45.30%,6.00%,48.70%,33.50%,66.50%,0.00%,0.00%,91.70%,8.10%,0.10%,0.00%,86.40%,13.50%,0.10%,0.00%,87.40%,11.00%,1.00%,0.70%,15.00%,81.90%,3.10%,0.00%,0.00%,0.00%,80.20%,19.70%,0.00%,0.10%,24.60%,61.40%,13.10%,0.10%,0.00%,0.10%,0.70%,50.20%,42.30%,6.30%,0.00%,1.20%,0.00%,0.00%,0.00%,0.00%,0.00%,0.00%,0.00%,0.00%,0.00%,0.00%,0.00%,0.00%,0.00%
,Per Capita Income Quintiles,Poorest 20%,42.90%,3.30%,53.80%,24.80%,75.20%,0.00%,0.00%,89.90%,10.10%,0.00%,0.00%,78.40%,21.60%,0.00%,0.00%,82.10%,17.90%,0.00%,0.00%,31.40%,65.20%,3.40%,0.00%,0.00%,0.00%,70.90%,29.10%,0.00%,0.00%,21.70%,55.90%,21.10%,0.90%,0.00%,0.00%,0.30%,46.70%,46.30%,6.90%,0.00%,0.00%,0.00%,73.10%,26.90%,0.00%,0.00%,75.30%,24.70%,0.00%,0.00%,70.60%,29.40%,0.00%,0.00%
,,Second 20%,50.10%,4.20%,45.70%,24.90%,75.10%,0.00%,0.00%,91.20%,8.80%,0.00%,0.00%,81.60%,18.40%,0.00%,0.00%,81.60%,18.20%,0.20%,0.00%,12.90%,85.50%,1.40%,0.00%,0.00%,0.20%,72.80%,27.20%,0.00%,0.00%,23.90%,64.10%,10.80%,0.60%,0.00%,0.20%,0.40%,50.40%,44.80%,4.50%,0.00%,0.20%,0.00%,87.40%,12.60%,0.00%,0.00%,79.50%,20.50%,0.00%,0.00%,77.80%,22.20%,0.00%,0.00%
,,Middle 20%,43.60%,2.40%,54.00%,22.80%,77.20%,0.00%,0.00%,95.80%,4.20%,0.00%,0.00%,88.10%,11.90%,0.00%,0.00%,89.10%,9.90%,1.00%,0.00%,32.10%,67.10%,0.90%,0.00%,0.00%,0.00%,72.90%,27.10%,0.00%,0.00%,26.00%,59.00%,14.70%,0.20%,0.00%,0.00%,0.00%,55.00%,38.70%,6.30%,0.00%,0.00%,0.00%,81.20%,18.80%,0.00%,0.00%,71.50%,27.70%,0.80%,0.00%,74.40%,25.60%,0.00%,0.00%
,,Fourth 20%,30.50%,3.50%,66.00%,14.00%,86.00%,0.00%,0.00%,93.60%,6.40%,0.00%,0.00%,82.10%,17.90%,0.00%,0.00%,88.00%,10.70%,0.20%,1.10%,26.40%,70.00%,3.40%,0.00%,0.20%,0.00%,79.50%,20.50%,0.00%,0.00%,31.50%,51.20%,15.80%,0.00%,0.00%,0.00%,1.50%,50.10%,39.70%,6.70%,0.00%,1.70%,1.90%,88.90%,11.10%,0.00%,0.00%,71.60%,28.40%,0.00%,0.00%,69.70%,30.30%,0.00%,0.00%
,,Richest 20%,32.50%,2.90%,64.50%,17.30%,82.70%,0.00%,0.00%,94.60%,5.20%,0.20%,0.00%,85.70%,14.00%,0.20%,0.00%,92.20%,7.50%,0.20%,0.00%,30.20%,65.60%,3.80%,0.00%,0.30%,0.00%,84.50%,15.30%,0.00%,0.20%,38.40%,45.70%,14.00%,0.70%,0.00%,1.20%,0.00%,52.30%,42.10%,5.20%,0.00%,0.40%,0.00%,81.20%,18.50%,0.30%,0.00%,83.40%,16.60%,0.00%,0.00%,74.70%,25.30%,0.00%,0.00%
,Feelings About Household Income,Living comfortably on present income,24.50%,0.60%,74.90%,11.90%,88.10%,0.00%,0.00%,95.60%,4.30%,0.10%,0.00%,89.10%,10.90%,0.00%,0.00%,95.30%,4.60%,0.10%,0.00%,26.90%,70.40%,2.50%,0.00%,0.10%,0.10%,84.70%,15.30%,0.00%,0.00%,27.60%,56.90%,13.90%,0.90%,0.00%,0.50%,0.20%,51.10%,43.20%,5.30%,0.00%,0.40%,0.00%,86.80%,13.20%,0.00%,0.00%,79.50%,20.50%,0.00%,0.00%,83.40%,16.60%,0.00%,0.00%
,,Getting by on present income,45.50%,4.40%,50.10%,26.70%,73.30%,0.00%,0.00%,94.80%,5.20%,0.00%,0.00%,81.80%,18.00%,0.10%,0.00%,86.00%,12.60%,0.80%,0.60%,26.20%,70.10%,3.60%,0.00%,0.10%,0.00%,73.90%,26.00%,0.00%,0.10%,30.10%,55.20%,13.80%,0.00%,0.00%,0.10%,0.90%,45.50%,45.80%,7.00%,0.00%,0.60%,1.10%,82.50%,17.40%,0.20%,0.00%,75.60%,24.00%,0.50%,0.00%,65.80%,34.20%,0.00%,0.00%
,,Finding it difficult on present income,65.30%,11.10%,23.60%,30.20%,69.80%,0.00%,0.00%,88.90%,11.10%,0.00%,0.00%,75.00%,25.00%,0.00%,0.00%,64.60%,35.40%,0.00%,0.00%,30.30%,68.70%,1.00%,0.00%,0.00%,0.00%,60.60%,39.40%,0.00%,0.00%,31.70%,51.30%,17.00%,0.00%,0.00%,0.00%,0.00%,58.40%,36.40%,4.70%,0.00%,0.50%,0.00%,62.50%,37.50%,0.00%,0.00%,65.10%,34.90%,0.00%,0.00%,49.50%,50.50%,0.00%,0.00%
,,Finding it very difficult on present income,85.30%,4.40%,10.30%,44.30%,55.70%,0.00%,0.00%,66.40%,33.60%,0.00%,0.00%,56.20%,43.80%,0.00%,0.00%,60.20%,39.80%,0.00%,0.00%,16.70%,83.30%,0.00%,0.00%,0.00%,0.00%,48.90%,51.10%,0.00%,0.00%,19.80%,51.80%,27.70%,0.70%,0.00%,0.00%,0.00%,66.30%,26.00%,7.60%,0.00%,0.00%,0.00%,72.20%,27.80%,0.00%,0.00%,64.30%,35.70%,0.00%,0.00%,63.70%,36.30%,0.00%,0.00%
,Urban/Rural,A rural area or on a farm,31.90%,4.60%,63.50%,23.60%,76.40%,0.00%,0.00%,92.60%,7.40%,0.00%,0.00%,83.60%,16.40%,0.00%,0.00%,86.60%,13.40%,0.00%,0.00%,18.80%,78.90%,2.20%,0.00%,0.00%,0.00%,75.70%,24.30%,0.00%,0.00%,22.30%,62.30%,12.60%,0.00%,0.00%,2.10%,0.70%,44.00%,49.20%,6.80%,0.00%,0.00%,0.00%,85.10%,14.90%,0.00%,0.00%,86.00%,14.00%,0.00%,0.00%,73.60%,26.40%,0.00%,0.00%
,,A small town or villAge,43.30%,2.50%,54.20%,28.00%,72.00%,0.00%,0.00%,91.60%,8.40%,0.00%,0.00%,84.80%,15.20%,0.00%,0.00%,86.20%,12.80%,0.20%,0.90%,22.10%,74.90%,3.00%,0.00%,0.00%,0.00%,77.10%,22.90%,0.00%,0.00%,27.40%,57.80%,13.80%,0.20%,0.00%,0.00%,0.90%,50.40%,41.50%,7.20%,0.00%,0.90%,0.00%,89.10%,10.90%,0.00%,0.00%,83.80%,16.20%,0.00%,0.00%,71.40%,28.60%,0.00%,0.00%
,,A large city,40.80%,1.60%,57.60%,16.30%,83.70%,0.00%,0.00%,92.20%,7.60%,0.10%,0.00%,84.10%,15.90%,0.00%,0.00%,86.30%,12.80%,0.90%,0.00%,28.10%,69.20%,2.60%,0.00%,0.20%,0.00%,79.60%,20.40%,0.00%,0.00%,33.00%,50.60%,15.70%,0.20%,0.00%,0.10%,0.40%,53.70%,40.10%,5.40%,0.00%,0.70%,0.10%,86.30%,13.70%,0.00%,0.00%,71.20%,28.30%,0.50%,0.00%,74.40%,25.60%,0.00%,0.00%
,,A suburb of a large city,38.40%,5.30%,56.30%,19.30%,80.70%,0.00%,0.00%,95.00%,5.00%,0.00%,0.00%,80.40%,19.60%,0.00%,0.00%,87.00%,13.00%,0.00%,0.00%,31.70%,65.90%,2.20%,0.00%,0.00%,0.20%,71.80%,28.20%,0.00%,0.00%,26.50%,55.00%,17.20%,1.30%,0.00%,0.00%,0.00%,50.40%,43.30%,5.30%,0.00%,0.00%,1.00%,73.10%,26.70%,0.20%,0.00%,73.60%,26.40%,0.00%,0.00%,73.30%,26.70%,0.00%,0.00%
Australia,Age,15-24,47.60%,2.30%,50.10%,14.40%,85.60%,0.00%,0.00%,94.90%,5.10%,0.00%,0.00%,67.30%,32.70%,0.00%,0.00%,66.30%,33.30%,0.40%,0.00%,45.20%,51.80%,3.00%,0.00%,0.00%,0.00%,54.80%,45.20%,0.00%,0.00%,36.70%,39.00%,24.30%,0.00%,0.00%,0.00%,0.00%,51.40%,38.90%,9.30%,0.00%,0.40%,0.00%,61.30%,38.70%,0.00%,0.00%,57.50%,42.50%,0.00%,0.00%,82.30%,17.70%,0.00%,0.00%
,,25-34,39.00%,3.90%,57.10%,10.20%,89.80%,0.00%,0.00%,91.60%,8.40%,0.00%,0.00%,74.40%,25.60%,0.00%,0.00%,85.40%,14.60%,0.00%,0.00%,38.80%,58.00%,1.40%,0.00%,1.70%,0.00%,64.40%,35.60%,0.00%,0.00%,33.30%,51.40%,14.00%,0.00%,0.00%,1.20%,0.00%,52.60%,38.90%,7.40%,1.10%,0.00%,0.00%,72.10%,27.90%,0.00%,0.00%,62.40%,37.60%,0.00%,0.00%,72.20%,26.00%,1.80%,0.00%
,,35-44,46.20%,0.50%,53.30%,20.10%,79.90%,0.00%,0.00%,96.00%,4.00%,0.00%,0.00%,69.80%,30.20%,0.00%,0.00%,83.80%,16.20%,0.00%,0.00%,19.40%,73.50%,5.40%,1.70%,0.00%,0.00%,69.40%,30.60%,0.00%,0.00%,25.50%,62.90%,9.20%,0.70%,0.00%,1.70%,0.00%,43.10%,52.10%,3.00%,0.00%,0.70%,1.00%,86.10%,13.90%,0.00%,0.00%,65.30%,34.70%,0.00%,0.00%,64.20%,33.80%,2.00%,0.00%
,,45-64,42.40%,6.40%,51.20%,21.80%,77.90%,0.30%,0.00%,92.00%,8.00%,0.00%,0.00%,78.60%,20.60%,0.90%,0.00%,90.20%,9.80%,0.00%,0.00%,11.70%,80.50%,7.40%,0.00%,0.30%,0.00%,78.30%,21.70%,0.00%,0.00%,23.30%,62.10%,12.20%,0.00%,1.00%,1.40%,0.00%,45.60%,41.10%,9.80%,0.40%,2.90%,0.10%,80.00%,19.70%,0.30%,0.00%,80.60%,19.40%,0.00%,0.00%,65.40%,34.60%,0.00%,0.00%
,,65+,51.70%,3.00%,45.30%,28.30%,71.40%,0.10%,0.20%,94.10%,4.90%,1.00%,0.00%,84.10%,15.60%,0.00%,0.30%,92.20%,7.80%,0.00%,0.00%,10.90%,85.00%,2.90%,0.40%,0.80%,0.00%,85.70%,13.50%,0.50%,0.30%,22.50%,62.90%,10.20%,0.50%,0.40%,3.50%,0.00%,46.70%,39.40%,12.10%,0.40%,1.40%,0.10%,82.10%,16.90%,0.90%,0.00%,80.10%,16.30%,3.50%,0.00%,67.00%,33.00%,0.00%,0.00%
,Gender,Male,42.60%,5.10%,52.40%,17.00%,82.70%,0.20%,0.10%,93.20%,6.40%,0.40%,0.00%,76.90%,23.00%,0.00%,0.10%,86.50%,13.40%,0.10%,0.00%,25.90%,67.50%,5.30%,0.60%,0.80%,0.00%,72.80%,27.10%,0.10%,0.00%,31.70%,52.60%,13.60%,0.30%,0.80%,1.00%,0.00%,46.90%,43.60%,7.80%,0.30%,1.30%,0.10%,76.70%,23.00%,0.30%,0.00%,67.60%,31.90%,0.50%,0.00%,72.30%,26.90%,0.80%,0.00%
,,Female,46.80%,2.40%,50.80%,24.00%,75.90%,0.00%,0.00%,93.70%,6.30%,0.10%,0.00%,75.60%,23.60%,0.70%,0.00%,85.30%,14.70%,0.00%,0.00%,17.40%,78.20%,3.90%,0.20%,0.30%,0.00%,74.40%,25.30%,0.10%,0.10%,22.10%,62.40%,13.00%,0.20%,0.10%,2.20%,0.00%,47.70%,40.40%,9.60%,0.50%,1.40%,0.30%,78.50%,21.50%,0.00%,0.00%,72.50%,27.50%,0.00%,0.00%,65.40%,33.80%,0.80%,0.00%
,Employment Status,Employed full time for an employer,39.40%,0.90%,59.70%,12.80%,87.20%,0.00%,0.00%,93.90%,6.10%,0.00%,0.00%,77.00%,23.00%,0.00%,0.00%,90.60%,9.40%,0.00%,0.00%,28.90%,64.40%,6.00%,0.70%,0.00%,0.00%,73.70%,26.30%,0.00%,0.00%,29.30%,57.70%,10.90%,0.30%,0.80%,1.00%,0.00%,46.10%,43.80%,8.50%,0.30%,0.70%,0.50%,74.80%,25.20%,0.00%,0.00%,69.60%,30.00%,0.40%,0.00%,69.30%,30.10%,0.70%,0.00%
,,Employed full time for self,30.20%,0.00%,69.80%,11.40%,88.60%,0.00%,0.00%,98.00%,2.00%,0.00%,0.00%,71.90%,28.10%,0.00%,0.00%,93.60%,6.40%,0.00%,0.00%,22.30%,64.90%,12.70%,0.00%,0.00%,0.00%,77.80%,22.20%,0.00%,0.00%,36.40%,54.90%,8.70%,0.00%,0.00%,0.00%,0.00%,55.30%,42.00%,2.70%,0.00%,0.00%,0.00%,85.90%,13.00%,1.10%,0.00%,76.70%,23.30%,0.00%,0.00%,81.50%,18.50%,0.00%,0.00%
,,Employed part time do not want full time,43.40%,4.40%,52.20%,23.60%,76.40%,0.00%,0.00%,94.30%,5.70%,0.00%,0.00%,69.30%,28.20%,2.50%,0.00%,85.90%,14.10%,0.00%,0.00%,19.80%,70.80%,6.00%,0.00%,3.40%,0.00%,76.20%,23.80%,0.00%,0.00%,27.20%,55.90%,16.90%,0.00%,0.00%,0.00%,0.00%,46.00%,45.60%,6.90%,0.00%,1.50%,0.00%,82.90%,16.70%,0.40%,0.00%,70.00%,30.00%,0.00%,0.00%,73.60%,26.40%,0.00%,0.00%
,,Unemployed,49.10%,5.80%,45.10%,24.60%,75.40%,0.00%,0.00%,93.20%,6.80%,0.00%,0.00%,77.20%,22.80%,0.00%,0.00%,52.40%,47.60%,0.00%,0.00%,15.10%,78.80%,6.10%,0.00%,0.00%,0.00%,36.40%,63.60%,0.00%,0.00%,31.20%,50.00%,13.10%,0.00%,0.00%,5.80%,0.00%,39.40%,51.20%,6.80%,0.00%,2.60%,0.00%,0.00%,0.00%,0.00%,0.00%,0.00%,0.00%,0.00%,0.00%,0.00%,0.00%,0.00%,0.00%
,,Employed part time want full time,57.60%,1.10%,41.20%,22.20%,77.80%,0.00%,0.00%,91.10%,8.90%,0.00%,0.00%,64.50%,35.50%,0.00%,0.00%,65.70%,34.30%,0.00%,0.00%,29.40%,70.60%,0.00%,0.00%,0.00%,0.00%,56.90%,43.10%,0.00%,0.00%,31.10%,47.20%,20.90%,0.00%,0.00%,0.80%,0.00%,47.40%,46.80%,4.40%,0.00%,1.40%,0.00%,78.20%,21.80%,0.00%,0.00%,67.50%,32.50%,0.00%,0.00%,49.40%,47.20%,3.40%,0.00%
,,Out of workforce,50.60%,7.50%,41.90%,29.20%,70.40%,0.30%,0.10%,92.50%,6.90%,0.60%,0.00%,80.50%,19.00%,0.30%,0.20%,87.90%,11.90%,0.10%,0.00%,12.90%,84.50%,1.80%,0.30%,0.50%,0.00%,80.50%,19.00%,0.30%,0.20%,20.70%,61.90%,14.00%,0.30%,0.30%,2.80%,0.00%,49.00%,36.50%,11.70%,0.70%,2.10%,0.10%,0.00%,0.00%,0.00%,0.00%,0.00%,0.00%,0.00%,0.00%,0.00%,0.00%,0.00%,0.00%
,Per Capita Income Quintiles,Poorest 20%,54.60%,8.40%,37.00%,26.70%,73.20%,0.10%,0.00%,87.40%,12.60%,0.00%,0.00%,72.30%,26.00%,1.40%,0.30%,76.00%,24.00%,0.00%,0.00%,21.70%,75.60%,1.30%,0.00%,1.40%,0.00%,69.90%,29.50%,0.20%,0.40%,21.60%,61.20%,14.20%,0.00%,0.00%,3.00%,0.00%,49.40%,38.30%,12.00%,0.10%,0.20%,0.00%,86.50%,13.50%,0.00%,0.00%,78.40%,21.60%,0.00%,0.00%,68.80%,31.20%,0.00%,0.00%
,,Second 20%,55.70%,6.80%,37.50%,23.10%,76.40%,0.50%,0.10%,93.70%,5.30%,1.00%,0.00%,77.50%,22.50%,0.00%,0.00%,85.50%,14.20%,0.20%,0.00%,21.60%,71.80%,6.00%,0.40%,0.30%,0.00%,73.80%,26.00%,0.20%,0.00%,23.20%,53.90%,18.80%,0.10%,1.40%,2.70%,0.00%,48.50%,37.70%,9.80%,1.00%,2.90%,0.10%,88.20%,11.30%,0.50%,0.00%,89.30%,10.70%,0.00%,0.00%,57.40%,42.60%,0.00%,0.00%
,,Middle 20%,42.70%,1.30%,56.00%,21.80%,78.10%,0.00%,0.10%,94.00%,6.00%,0.00%,0.00%,79.90%,19.60%,0.50%,0.00%,91.20%,8.80%,0.00%,0.00%,21.20%,76.50%,1.20%,0.00%,1.10%,0.00%,69.40%,30.40%,0.20%,0.00%,22.30%,66.40%,10.80%,0.20%,0.00%,0.30%,0.00%,46.80%,44.10%,7.80%,0.20%,1.10%,0.00%,73.40%,26.60%,0.00%,0.00%,59.10%,40.90%,0.00%,0.00%,68.70%,29.30%,1.90%,0.00%
,,Fourth 20%,37.90%,1.50%,60.50%,15.10%,84.90%,0.00%,0.00%,97.50%,2.40%,0.10%,0.00%,77.10%,22.90%,0.00%,0.00%,80.80%,19.20%,0.00%,0.00%,24.40%,67.30%,8.20%,0.00%,0.00%,0.00%,70.30%,29.70%,0.00%,0.00%,34.10%,53.90%,11.30%,0.20%,0.30%,0.20%,0.00%,44.80%,44.40%,7.60%,0.00%,2.20%,1.00%,71.60%,28.00%,0.40%,0.00%,60.40%,38.50%,1.10%,0.00%,62.20%,36.10%,1.70%,0.00%
,,Richest 20%,33.50%,0.50%,66.00%,16.60%,83.40%,0.00%,0.00%,94.60%,5.40%,0.00%,0.00%,74.40%,25.60%,0.00%,0.00%,95.90%,4.10%,0.00%,0.00%,18.60%,74.00%,6.00%,1.40%,0.00%,0.00%,84.80%,15.20%,0.00%,0.00%,32.40%,53.30%,11.30%,0.60%,0.30%,2.00%,0.00%,47.10%,45.20%,6.70%,0.70%,0.40%,0.00%,75.00%,25.00%,0.00%,0.00%,71.20%,28.80%,0.00%,0.00%,81.90%,18.10%,0.00%,0.00%
,Feelings About Household Income,Living comfortably on present income,34.30%,0.30%,65.50%,12.90%,87.10%,0.00%,0.00%,97.50%,2.50%,0.00%,0.00%,82.00%,18.00%,0.00%,0.00%,93.40%,6.50%,0.10%,0.00%,22.10%,71.40%,5.90%,0.60%,0.00%,0.00%,80.30%,19.60%,0.10%,0.00%,28.20%,58.50%,11.30%,0.40%,0.30%,1.30%,0.00%,45.10%,45.20%,7.60%,0.40%,1.40%,0.40%,85.40%,14.50%,0.10%,0.00%,68.90%,30.50%,0.50%,0.00%,76.60%,22.60%,0.80%,0.00%
,,Getting by on present income,52.40%,2.70%,45.00%,21.00%,78.60%,0.30%,0.10%,90.40%,9.10%,0.50%,0.00%,75.40%,23.50%,1.00%,0.10%,85.70%,14.30%,0.00%,0.00%,22.30%,72.40%,4.40%,0.20%,0.70%,0.00%,74.00%,25.60%,0.20%,0.20%,24.20%,60.10%,13.60%,0.10%,0.70%,1.20%,0.00%,49.10%,40.10%,8.80%,0.10%,1.80%,0.10%,69.60%,30.10%,0.30%,0.00%,72.70%,27.30%,0.00%,0.00%,60.50%,39.50%,0.00%,0.00%
,,Finding it difficult on present income,60.70%,12.60%,26.80%,44.00%,56.00%,0.00%,0.00%,96.50%,3.20%,0.20%,0.00%,59.70%,40.30%,0.00%,0.00%,64.90%,35.10%,0.00%,0.00%,19.10%,79.70%,1.20%,0.00%,0.00%,0.00%,56.70%,43.30%,0.00%,0.00%,28.00%,51.30%,17.60%,0.00%,0.00%,3.20%,0.00%,58.90%,30.40%,10.40%,0.30%,0.00%,0.00%,61.00%,39.00%,0.00%,0.00%,60.60%,39.40%,0.00%,0.00%,57.90%,38.30%,3.80%,0.00%
,,Finding it very difficult on present income,56.40%,24.00%,19.60%,44.80%,55.20%,0.00%,0.00%,72.40%,27.60%,0.00%,0.00%,64.50%,35.50%,0.00%,0.00%,58.80%,41.20%,0.00%,0.00%,16.20%,83.80%,0.00%,0.00%,0.00%,0.00%,39.80%,60.20%,0.00%,0.00%,34.60%,41.20%,23.50%,0.00%,0.00%,0.70%,0.00%,34.00%,53.10%,12.40%,0.00%,0.00%,0.50%,100.00%,0.00%,0.00%,0.00%,93.50%,6.50%,0.00%,0.00%,93.50%,6.50%,0.00%,0.00%
,Urban/Rural,A rural area or on a farm,40.20%,0.00%,59.80%,23.00%,77.00%,0.00%,0.00%,97.00%,3.00%,0.00%,0.00%,78.00%,22.00%,0.00%,0.00%,90.90%,9.10%,0.00%,0.00%,17.30%,80.40%,2.30%,0.00%,0.00%,0.00%,75.50%,24.50%,0.00%,0.00%,29.10%,56.70%,13.30%,0.00%,0.00%,0.90%,0.00%,38.50%,48.10%,11.00%,0.00%,2.40%,0.00%,75.20%,23.40%,1.40%,0.00%,72.80%,27.20%,0.00%,0.00%,65.60%,34.40%,0.00%,0.00%
,,A small town or villAge,47.20%,6.50%,46.20%,25.20%,74.70%,0.00%,0.10%,89.30%,9.50%,1.20%,0.00%,79.40%,20.30%,0.00%,0.30%,88.30%,11.70%,0.00%,0.00%,17.30%,79.30%,2.90%,0.50%,0.00%,0.00%,77.40%,22.60%,0.00%,0.00%,29.80%,60.00%,8.90%,0.30%,0.00%,1.10%,0.00%,50.90%,42.80%,3.80%,0.00%,2.50%,0.00%,78.40%,21.60%,0.00%,0.00%,75.20%,24.80%,0.00%,0.00%,66.90%,33.10%,0.00%,0.00%
,,A large city,46.70%,5.40%,47.90%,13.00%,87.00%,0.00%,0.00%,88.50%,11.50%,0.00%,0.00%,78.80%,21.20%,0.00%,0.00%,91.00%,8.50%,0.40%,0.00%,37.40%,60.00%,2.70%,0.00%,0.00%,0.00%,61.90%,38.10%,0.00%,0.00%,31.20%,49.00%,19.80%,0.00%,0.00%,0.00%,0.00%,48.70%,37.80%,9.90%,1.60%,2.10%,0.00%,74.60%,25.40%,0.00%,0.00%,56.30%,43.70%,0.00%,0.00%,73.00%,23.90%,3.10%,0.00%
,,A suburb of a large city,44.80%,3.20%,51.90%,20.10%,79.70%,0.20%,0.00%,94.80%,5.10%,0.00%,0.00%,74.50%,24.90%,0.60%,0.00%,83.30%,16.70%,0.00%,0.00%,20.40%,72.40%,5.80%,0.50%,0.90%,0.00%,74.40%,25.40%,0.20%,0.00%,24.90%,58.60%,13.40%,0.30%,0.70%,2.20%,0.00%,47.80%,41.20%,9.50%,0.30%,0.70%,0.40%,78.40%,21.60%,0.00%,0.00%,70.90%,28.60%,0.40%,0.00%,69.20%,30.10%,0.70%,0.00%
New Zealand,Age,15-24,43.10%,0.00%,56.90%,17.20%,82.80%,0.00%,0.00%,100.00%,0.00%,0.00%,0.00%,74.40%,25.60%,0.00%,0.00%,86.70%,12.80%,0.60%,0.00%,50.30%,46.40%,3.30%,0.00%,0.00%,0.00%,73.00%,27.00%,0.00%,0.00%,39.50%,30.20%,28.60%,1.60%,0.00%,0.00%,0.00%,50.80%,42.60%,3.30%,3.30%,0.00%,0.00%,72.90%,27.10%,0.00%,0.00%,53.30%,44.20%,2.40%,0.00%,75.40%,24.60%,0.00%,0.00%
,,25-34,29.20%,1.10%,69.70%,9.80%,90.20%,0.00%,0.00%,95.70%,4.30%,0.00%,0.00%,82.60%,17.40%,0.00%,0.00%,88.30%,11.70%,0.00%,0.00%,28.80%,60.80%,8.90%,1.60%,0.00%,0.00%,80.50%,18.10%,1.40%,0.00%,19.40%,52.90%,27.70%,0.00%,0.00%,0.00%,0.00%,40.30%,47.10%,12.60%,0.00%,0.00%,0.00%,86.60%,13.40%,0.00%,0.00%,78.10%,21.90%,0.00%,0.00%,82.30%,16.10%,0.00%,1.60%
,,35-44,39.30%,2.30%,58.40%,12.10%,87.90%,0.00%,0.00%,95.00%,5.00%,0.00%,0.00%,85.80%,14.20%,0.00%,0.00%,89.60%,9.60%,0.00%,0.90%,21.00%,71.70%,7.30%,0.00%,0.00%,0.00%,75.10%,24.90%,0.00%,0.00%,19.50%,67.20%,7.50%,0.00%,0.00%,5.80%,0.00%,53.90%,32.10%,12.60%,0.00%,1.40%,0.00%,84.10%,15.90%,0.00%,0.00%,85.60%,13.50%,1.00%,0.00%,81.70%,18.30%,0.00%,0.00%
,,45-64,43.80%,1.60%,54.60%,21.20%,78.80%,0.00%,0.00%,91.80%,8.20%,0.00%,0.00%,77.60%,22.40%,0.00%,0.00%,87.10%,11.80%,1.10%,0.00%,17.10%,78.30%,3.60%,0.00%,0.70%,0.40%,78.00%,22.00%,0.00%,0.00%,30.90%,56.10%,11.20%,0.00%,0.00%,1.60%,0.20%,53.70%,34.00%,11.40%,0.00%,0.90%,0.00%,87.70%,12.30%,0.00%,0.00%,77.40%,21.90%,0.20%,0.40%,76.20%,22.90%,0.80%,0.00%
,,65+,39.90%,1.60%,58.50%,28.70%,70.90%,0.30%,0.20%,96.90%,3.10%,0.00%,0.00%,90.10%,9.80%,0.20%,0.00%,96.70%,2.90%,0.40%,0.00%,13.10%,82.80%,3.40%,0.60%,0.00%,0.00%,93.70%,6.30%,0.00%,0.00%,27.40%,57.30%,12.40%,1.30%,0.10%,1.00%,0.40%,57.30%,25.80%,14.40%,0.90%,0.60%,1.00%,98.50%,1.50%,0.00%,0.00%,86.30%,12.90%,0.80%,0.00%,68.10%,31.90%,0.00%,0.00%
,Gender,Male,41.90%,2.70%,55.30%,19.20%,80.60%,0.10%,0.10%,95.00%,5.00%,0.00%,0.00%,85.10%,14.90%,0.10%,0.00%,90.90%,8.40%,0.70%,0.00%,30.30%,64.40%,5.00%,0.00%,0.00%,0.20%,82.70%,16.90%,0.40%,0.00%,30.30%,49.80%,17.30%,0.80%,0.00%,1.70%,0.20%,50.10%,37.10%,11.20%,1.20%,0.40%,0.00%,84.40%,15.60%,0.00%,0.00%,78.00%,20.90%,1.00%,0.00%,78.00%,21.80%,0.20%,0.00%
,,Female,38.00%,0.10%,61.90%,19.20%,80.80%,0.00%,0.00%,95.40%,4.60%,0.00%,0.00%,78.60%,21.40%,0.00%,0.00%,88.80%,10.60%,0.40%,0.20%,17.00%,77.10%,4.80%,0.70%,0.40%,0.00%,78.70%,21.30%,0.00%,0.00%,25.30%,57.40%,14.90%,0.30%,0.10%,1.90%,0.20%,53.60%,33.00%,11.90%,0.20%,0.80%,0.50%,87.70%,12.30%,0.00%,0.00%,75.30%,23.60%,0.80%,0.30%,77.50%,21.50%,0.40%,0.60%
,Employment Status,Employed full time for an employer,38.60%,0.80%,60.60%,12.80%,87.20%,0.10%,0.00%,95.10%,4.90%,0.00%,0.00%,83.50%,16.50%,0.00%,0.00%,89.80%,9.70%,0.20%,0.30%,27.20%,66.20%,6.60%,0.00%,0.00%,0.00%,81.70%,18.30%,0.00%,0.00%,26.60%,55.60%,15.60%,0.00%,0.00%,1.90%,0.20%,49.30%,40.10%,10.00%,0.00%,0.40%,0.20%,85.40%,14.60%,0.00%,0.00%,79.40%,20.60%,0.10%,0.00%,82.60%,16.50%,0.30%,0.50%
,,Employed full time for self,41.10%,2.90%,55.90%,19.10%,80.70%,0.20%,0.00%,92.40%,7.60%,0.00%,0.00%,79.00%,20.60%,0.40%,0.00%,91.20%,7.70%,1.10%,0.00%,26.20%,67.20%,3.20%,2.30%,1.10%,0.00%,81.50%,18.50%,0.00%,0.00%,35.20%,53.70%,6.00%,0.00%,0.00%,5.10%,0.00%,51.70%,29.30%,18.10%,0.00%,0.90%,0.00%,86.80%,13.20%,0.00%,0.00%,85.20%,12.30%,1.40%,1.10%,74.80%,25.00%,0.20%,0.00%
,,Employed part time do not want full time,30.20%,0.00%,69.80%,15.10%,84.60%,0.00%,0.20%,100.00%,0.00%,0.00%,0.00%,78.60%,21.40%,0.00%,0.00%,95.00%,5.00%,0.00%,0.00%,18.50%,75.00%,5.70%,0.00%,0.80%,0.00%,81.30%,18.70%,0.00%,0.00%,35.30%,51.10%,12.90%,0.50%,0.00%,0.20%,0.00%,51.60%,32.90%,11.70%,2.00%,1.80%,0.00%,90.70%,9.30%,0.00%,0.00%,63.20%,33.60%,3.10%,0.00%,65.50%,34.10%,0.40%,0.00%
,,Unemployed,74.20%,6.80%,19.00%,15.90%,84.10%,0.00%,0.00%,93.20%,6.80%,0.00%,0.00%,62.50%,37.50%,0.00%,0.00%,66.00%,31.10%,2.90%,0.00%,23.20%,75.70%,1.10%,0.00%,0.00%,0.00%,71.30%,28.70%,0.00%,0.00%,9.10%,56.30%,34.60%,0.00%,0.00%,0.00%,0.00%,57.70%,33.60%,8.60%,0.00%,0.00%,0.00%,0.00%,0.00%,0.00%,0.00%,0.00%,0.00%,0.00%,0.00%,0.00%,0.00%,0.00%,0.00%
,,Employed part time want full time,50.40%,0.80%,48.80%,23.10%,76.90%,0.00%,0.00%,94.50%,5.50%,0.00%,0.00%,76.60%,23.40%,0.00%,0.00%,89.40%,6.20%,4.30%,0.00%,28.30%,65.60%,6.10%,0.00%,0.00%,0.00%,84.20%,12.00%,3.80%,0.00%,22.40%,58.80%,16.60%,0.40%,0.00%,0.00%,1.70%,56.90%,37.50%,3.90%,1.70%,0.00%,0.00%,77.40%,22.60%,0.00%,0.00%,75.10%,24.40%,0.40%,0.00%,78.30%,21.70%,0.00%,0.00%
,,Out of workforce,41.00%,2.00%,57.00%,31.70%,68.30%,0.00%,0.00%,94.20%,5.80%,0.00%,0.00%,84.90%,15.10%,0.00%,0.00%,89.00%,11.00%,0.00%,0.00%,18.00%,78.50%,2.60%,0.50%,0.00%,0.50%,78.50%,21.50%,0.00%,0.00%,25.40%,50.70%,20.30%,1.70%,0.10%,1.80%,0.00%,54.70%,29.70%,13.30%,1.20%,0.30%,0.80%,0.00%,0.00%,0.00%,0.00%,0.00%,0.00%,0.00%,0.00%,0.00%,0.00%,0.00%,0.00%
,Per Capita Income Quintiles,Poorest 20%,46.60%,2.60%,50.80%,25.20%,74.80%,0.00%,0.00%,94.30%,5.70%,0.00%,0.00%,83.70%,16.30%,0.00%,0.00%,87.00%,11.40%,1.60%,0.00%,20.90%,72.90%,4.60%,1.60%,0.00%,0.00%,82.30%,17.70%,0.00%,0.00%,20.20%,60.20%,15.50%,1.40%,0.00%,2.30%,0.40%,59.00%,25.20%,13.20%,2.40%,0.10%,0.00%,74.90%,25.10%,0.00%,0.00%,73.80%,24.30%,1.90%,0.00%,72.50%,27.50%,0.00%,0.00%
,,Second 20%,49.00%,1.80%,49.20%,27.20%,72.80%,0.00%,0.00%,92.50%,7.50%,0.00%,0.00%,78.50%,21.50%,0.00%,0.00%,89.40%,10.60%,0.00%,0.00%,19.10%,77.40%,3.50%,0.00%,0.00%,0.00%,78.90%,20.00%,1.00%,0.00%,19.60%,56.10%,21.30%,0.20%,0.00%,2.30%,0.50%,45.60%,38.00%,14.20%,0.50%,0.70%,1.00%,87.40%,12.60%,0.00%,0.00%,76.70%,21.80%,1.50%,0.00%,73.50%,25.30%,1.20%,0.00%
,,Middle 20%,45.10%,0.70%,54.20%,17.10%,82.90%,0.00%,0.00%,96.10%,3.90%,0.00%,0.00%,77.20%,22.80%,0.00%,0.00%,85.50%,13.50%,0.40%,0.60%,27.10%,69.20%,2.90%,0.30%,0.00%,0.60%,73.00%,27.00%,0.00%,0.00%,32.20%,47.90%,16.00%,0.40%,0.20%,3.30%,0.00%,49.90%,37.20%,12.30%,0.30%,0.20%,0.00%,89.20%,10.80%,0.00%,0.00%,85.50%,14.30%,0.20%,0.00%,78.40%,20.00%,0.00%,1.60%
,,Fourth 20%,35.00%,0.80%,64.20%,15.50%,84.50%,0.00%,0.00%,97.20%,2.80%,0.00%,0.00%,86.10%,13.80%,0.20%,0.00%,95.10%,4.30%,0.60%,0.00%,16.20%,77.10%,6.10%,0.00%,0.60%,0.00%,83.40%,16.60%,0.00%,0.00%,30.60%,56.00%,12.40%,0.50%,0.00%,0.50%,0.00%,50.00%,41.40%,7.70%,0.20%,0.40%,0.30%,89.00%,11.00%,0.00%,0.00%,75.60%,23.20%,0.50%,0.70%,76.50%,23.30%,0.10%,0.00%
,,Richest 20%,24.40%,1.00%,74.60%,11.20%,88.30%,0.30%,0.20%,95.90%,4.10%,0.00%,0.00%,83.20%,16.80%,0.00%,0.00%,91.90%,8.10%,0.00%,0.00%,34.00%,58.00%,7.50%,0.00%,0.60%,0.00%,85.50%,14.50%,0.00%,0.00%,35.90%,48.40%,14.90%,0.10%,0.00%,0.70%,0.00%,55.10%,33.00%,10.40%,0.00%,1.50%,0.00%,88.20%,11.80%,0.00%,0.00%,72.10%,27.10%,0.80%,0.00%,85.70%,14.00%,0.40%,0.00%
,Feelings About Household Income,Living comfortably on present income,28.40%,0.90%,70.80%,11.40%,88.40%,0.10%,0.10%,97.40%,2.60%,0.00%,0.00%,84.80%,15.20%,0.10%,0.00%,95.60%,4.00%,0.40%,0.00%,25.40%,68.70%,5.10%,0.00%,0.50%,0.20%,86.50%,13.50%,0.00%,0.00%,31.90%,51.40%,15.70%,0.30%,0.00%,0.50%,0.20%,52.30%,36.70%,9.90%,0.20%,0.70%,0.10%,90.20%,9.80%,0.00%,0.00%,74.70%,24.60%,0.50%,0.30%,81.70%,18.10%,0.20%,0.00%
,,Getting by on present income,46.20%,0.80%,52.90%,26.40%,73.60%,0.00%,0.00%,94.90%,5.10%,0.00%,0.00%,80.90%,19.10%,0.00%,0.00%,89.50%,9.70%,0.90%,0.00%,20.40%,73.90%,5.00%,0.70%,0.00%,0.00%,81.50%,18.00%,0.60%,0.00%,24.20%,58.50%,14.10%,0.20%,0.10%,2.70%,0.20%,48.70%,36.20%,13.70%,0.10%,0.70%,0.60%,84.70%,15.30%,0.00%,0.00%,78.40%,21.30%,0.30%,0.00%,78.80%,20.70%,0.50%,0.00%
,,Finding it difficult on present income,71.30%,2.10%,26.60%,26.90%,73.10%,0.00%,0.00%,88.10%,11.90%,0.00%,0.00%,72.60%,27.40%,0.00%,0.00%,68.90%,29.60%,0.00%,1.50%,29.90%,66.50%,2.80%,0.80%,0.00%,0.00%,52.40%,47.60%,0.00%,0.00%,24.20%,48.10%,24.10%,0.40%,0.00%,3.10%,0.00%,63.70%,23.90%,11.90%,0.50%,0.00%,0.00%,71.50%,28.50%,0.00%,0.00%,86.90%,12.50%,0.50%,0.00%,50.70%,45.20%,0.00%,4.10%
,,Finding it very difficult on present income,78.00%,16.20%,5.80%,42.10%,57.90%,0.00%,0.00%,83.00%,17.00%,0.00%,0.00%,63.70%,36.30%,0.00%,0.00%,56.40%,43.60%,0.00%,0.00%,5.00%,86.70%,8.30%,0.00%,0.00%,0.00%,50.70%,49.30%,0.00%,0.00%,11.70%,62.50%,22.70%,0.00%,0.00%,3.10%,0.00%,60.80%,31.80%,7.40%,0.00%,0.00%,0.00%,76.90%,23.10%,0.00%,0.00%,71.20%,28.80%,0.00%,0.00%,61.10%,38.90%,0.00%,0.00%
,Urban/Rural,A rural area or on a farm,34.10%,0.80%,65.10%,19.50%,80.20%,0.10%,0.20%,96.30%,3.70%,0.00%,0.00%,83.00%,17.00%,0.00%,0.00%,94.30%,5.20%,0.50%,0.00%,25.20%,70.10%,4.30%,0.00%,0.50%,0.00%,84.80%,15.20%,0.00%,0.00%,30.90%,56.00%,10.50%,0.10%,0.00%,2.40%,0.00%,52.50%,32.80%,13.90%,0.00%,0.80%,0.00%,92.90%,7.10%,0.00%,0.00%,76.00%,22.50%,0.90%,0.60%,80.40%,19.40%,0.10%,0.00%
,,A small town or villAge,41.30%,3.80%,54.90%,25.70%,74.30%,0.00%,0.00%,94.00%,6.00%,0.00%,0.00%,80.60%,19.20%,0.20%,0.00%,88.30%,11.70%,0.00%,0.00%,16.80%,75.50%,5.80%,1.40%,0.70%,0.00%,79.80%,20.20%,0.00%,0.00%,21.40%,55.20%,20.10%,0.30%,0.20%,2.80%,0.00%,53.10%,36.20%,10.50%,0.00%,0.00%,0.20%,84.00%,16.00%,0.00%,0.00%,77.90%,21.10%,1.00%,0.00%,79.40%,20.60%,0.00%,0.00%
,,A large city,40.10%,0.00%,59.90%,21.70%,78.30%,0.00%,0.00%,93.60%,6.40%,0.00%,0.00%,77.10%,22.90%,0.00%,0.00%,92.30%,6.90%,0.70%,0.00%,28.40%,69.30%,2.40%,0.00%,0.00%,0.00%,75.40%,24.60%,0.00%,0.00%,26.40%,47.20%,25.20%,0.40%,0.00%,0.00%,0.80%,50.10%,42.20%,4.90%,1.20%,1.60%,0.00%,82.80%,17.20%,0.00%,0.00%,85.10%,14.90%,0.00%,0.00%,70.30%,28.00%,1.70%,0.00%
,,A suburb of a large city,41.90%,1.10%,57.00%,16.30%,83.60%,0.10%,0.00%,95.40%,4.60%,0.00%,0.00%,82.50%,17.50%,0.00%,0.00%,88.10%,11.50%,0.20%,0.30%,24.00%,70.00%,5.50%,0.20%,0.00%,0.20%,80.00%,19.60%,0.40%,0.00%,29.00%,53.30%,15.10%,0.80%,0.00%,1.60%,0.20%,51.70%,33.70%,12.50%,1.10%,0.50%,0.50%,83.80%,16.20%,0.00%,0.00%,74.30%,24.60%,1.10%,0.00%,77.40%,21.80%,0.20%,0.70%
Zambia,Age,15-24,74.50%,6.90%,18.50%,13.70%,86.30%,0.00%,0.00%,77.30%,22.70%,0.00%,0.00%,71.90%,28.10%,0.00%,0.00%,68.50%,31.50%,0.00%,0.00%,33.60%,62.50%,3.40%,0.50%,0.00%,0.00%,41.70%,58.20%,0.10%,0.00%,16.80%,37.70%,45.50%,0.00%,0.00%,0.00%,0.00%,30.70%,55.30%,12.90%,0.00%,1.20%,0.00%,64.90%,34.10%,1.00%,0.00%,75.90%,23.80%,0.20%,0.00%,81.40%,18.60%,0.00%,0.00%
,,25-34,74.10%,5.20%,20.70%,11.70%,88.30%,0.00%,0.00%,79.40%,20.50%,0.10%,0.00%,71.70%,28.30%,0.00%,0.00%,68.90%,30.70%,0.40%,0.00%,31.20%,65.70%,1.90%,0.00%,1.20%,0.00%,45.10%,54.10%,0.90%,0.00%,25.50%,39.80%,33.90%,0.70%,0.00%,0.10%,0.00%,34.40%,46.10%,19.50%,0.00%,0.00%,0.00%,75.30%,24.60%,0.20%,0.00%,86.30%,13.20%,0.50%,0.00%,81.20%,18.70%,0.20%,0.00%
,,35-44,74.90%,5.40%,19.70%,10.00%,89.50%,0.50%,0.00%,78.50%,21.50%,0.00%,0.00%,79.70%,20.30%,0.00%,0.00%,71.50%,28.00%,0.40%,0.00%,32.80%,63.10%,4.10%,0.00%,0.00%,0.00%,46.80%,51.50%,1.70%,0.00%,17.30%,47.30%,35.40%,0.00%,0.00%,0.00%,0.00%,30.10%,49.00%,20.90%,0.00%,0.00%,0.00%,76.40%,23.60%,0.00%,0.00%,80.80%,17.90%,1.30%,0.00%,73.90%,25.80%,0.30%,0.00%
,,45-64,71.40%,12.60%,16.00%,31.10%,68.90%,0.00%,0.00%,65.00%,35.00%,0.00%,0.00%,73.40%,26.60%,0.00%,0.00%,63.60%,36.40%,0.00%,0.00%,39.80%,51.00%,9.20%,0.00%,0.00%,0.00%,37.40%,61.00%,1.60%,0.00%,16.70%,50.30%,31.60%,0.00%,0.00%,1.40%,0.00%,33.30%,44.50%,22.30%,0.00%,0.00%,0.00%,88.30%,11.70%,0.00%,0.00%,89.40%,10.60%,0.00%,0.00%,73.80%,26.20%,0.00%,0.00%
,,65+,78.60%,4.60%,16.70%,41.70%,58.30%,0.00%,0.00%,95.60%,4.40%,0.00%,0.00%,84.50%,15.50%,0.00%,0.00%,100.00%,0.00%,0.00%,0.00%,42.20%,57.80%,0.00%,0.00%,0.00%,0.00%,75.50%,21.40%,3.00%,0.00%,3.00%,34.90%,46.50%,0.00%,0.00%,0.00%,15.50%,2.00%,71.10%,26.80%,0.00%,0.00%,0.00%,54.40%,45.60%,0.00%,0.00%,100.00%,0.00%,0.00%,0.00%,14.80%,85.20%,0.00%,0.00%
,Gender,Male,77.30%,5.40%,17.20%,13.50%,86.30%,0.20%,0.00%,78.00%,22.00%,0.00%,0.00%,74.40%,25.60%,0.00%,0.00%,76.10%,23.60%,0.30%,0.00%,39.30%,57.70%,2.30%,0.00%,0.70%,0.00%,44.20%,54.70%,1.10%,0.00%,23.30%,41.20%,34.30%,0.40%,0.00%,0.10%,0.70%,32.60%,50.70%,16.10%,0.00%,0.70%,0.00%,75.10%,24.40%,0.40%,0.00%,85.40%,14.50%,0.10%,0.00%,79.60%,20.40%,0.00%,0.00%
,,Female,71.10%,8.30%,20.60%,17.30%,82.70%,0.00%,0.00%,75.40%,24.50%,0.00%,0.00%,72.90%,27.10%,0.00%,0.00%,62.40%,37.50%,0.10%,0.00%,28.80%,65.50%,5.40%,0.40%,0.00%,0.00%,43.00%,56.30%,0.70%,0.00%,14.90%,42.00%,42.80%,0.00%,0.00%,0.40%,0.00%,30.00%,50.40%,19.30%,0.00%,0.20%,0.00%,73.20%,26.60%,0.20%,0.00%,78.70%,20.30%,1.00%,0.00%,74.70%,25.10%,0.20%,0.00%
,Employment Status,Employed full time for an employer,80.40%,7.30%,12.30%,12.30%,87.70%,0.00%,0.00%,89.00%,11.00%,0.00%,0.00%,80.20%,19.80%,0.00%,0.00%,79.90%,20.10%,0.00%,0.00%,31.60%,64.60%,3.80%,0.00%,0.00%,0.00%,49.20%,48.50%,2.30%,0.00%,25.50%,40.30%,34.20%,0.00%,0.00%,0.00%,0.00%,30.90%,57.40%,11.80%,0.00%,0.00%,0.00%,83.90%,16.10%,0.00%,0.00%,91.80%,8.20%,0.00%,0.00%,75.50%,24.50%,0.00%,0.00%
,,Employed full time for self,74.50%,7.30%,18.20%,14.40%,85.60%,0.00%,0.00%,78.60%,21.40%,0.00%,0.00%,67.00%,33.00%,0.00%,0.00%,68.30%,31.10%,0.60%,0.00%,21.90%,72.90%,5.20%,0.00%,0.00%,0.00%,45.90%,53.10%,1.10%,0.00%,17.80%,43.80%,37.30%,0.00%,0.00%,1.10%,0.00%,29.10%,47.10%,22.30%,0.00%,1.50%,0.00%,71.50%,28.50%,0.00%,0.00%,76.20%,22.70%,1.10%,0.00%,72.70%,27.30%,0.00%,0.00%
,,Employed part time do not want full time,70.80%,7.20%,22.00%,22.80%,77.20%,0.00%,0.00%,94.70%,5.30%,0.00%,0.00%,83.50%,16.50%,0.00%,0.00%,68.40%,31.60%,0.00%,0.00%,42.60%,56.40%,1.00%,0.00%,0.00%,0.00%,35.60%,61.30%,3.10%,0.00%,31.50%,32.40%,36.20%,0.00%,0.00%,0.00%,0.00%,52.60%,39.80%,7.60%,0.00%,0.00%,0.00%,71.30%,27.60%,1.10%,0.00%,82.50%,17.50%,0.00%,0.00%,82.60%,16.40%,1.00%,0.00%
,,Unemployed,68.00%,10.30%,21.70%,13.00%,87.00%,0.00%,0.00%,67.40%,32.60%,0.00%,0.00%,67.90%,32.10%,0.00%,0.00%,58.60%,41.40%,0.00%,0.00%,35.10%,60.40%,2.70%,0.00%,1.80%,0.00%,42.90%,56.90%,0.20%,0.00%,18.50%,44.60%,36.90%,0.00%,0.00%,0.00%,0.00%,25.50%,49.70%,24.10%,0.00%,0.70%,0.00%,0.00%,0.00%,0.00%,0.00%,0.00%,0.00%,0.00%,0.00%,0.00%,0.00%,0.00%,0.00%
,,Employed part time want full time,73.90%,8.90%,17.20%,17.30%,82.70%,0.00%,0.00%,73.20%,26.80%,0.00%,0.00%,78.60%,21.40%,0.00%,0.00%,73.20%,26.60%,0.20%,0.00%,40.60%,54.30%,5.00%,0.00%,0.00%,0.00%,45.00%,55.00%,0.00%,0.00%,14.10%,43.00%,41.70%,1.10%,0.00%,0.00%,0.00%,34.60%,47.70%,17.70%,0.00%,0.00%,0.00%,70.90%,28.20%,1.00%,0.00%,83.30%,16.40%,0.30%,0.00%,84.10%,15.80%,0.10%,0.00%
,,Out of workforce,75.50%,2.60%,21.90%,17.60%,82.00%,0.30%,0.00%,75.50%,24.40%,0.10%,0.00%,75.10%,24.90%,0.00%,0.00%,68.90%,31.00%,0.10%,0.00%,38.70%,57.50%,3.20%,0.70%,0.00%,0.00%,39.40%,59.80%,0.80%,0.00%,18.60%,38.60%,41.60%,0.00%,0.00%,0.00%,1.30%,32.70%,53.60%,13.80%,0.00%,0.00%,0.00%,0.00%,0.00%,0.00%,0.00%,0.00%,0.00%,0.00%,0.00%,0.00%,0.00%,0.00%,0.00%
,Per Capita Income Quintiles,Poorest 20%,67.20%,17.20%,15.60%,22.20%,77.80%,0.00%,0.00%,60.90%,39.10%,0.00%,0.00%,69.50%,30.50%,0.00%,0.00%,64.20%,35.80%,0.00%,0.00%,39.00%,54.20%,5.10%,0.00%,1.70%,0.00%,35.70%,64.10%,0.20%,0.00%,20.80%,40.80%,38.40%,0.00%,0.00%,0.00%,0.00%,28.40%,53.80%,17.70%,0.00%,0.00%,0.00%,59.60%,40.40%,0.00%,0.00%,76.80%,23.20%,0.00%,0.00%,68.40%,31.60%,0.00%,0.00%
,,Second 20%,77.70%,5.20%,17.00%,16.00%,84.00%,0.00%,0.00%,66.80%,33.20%,0.00%,0.00%,62.60%,37.40%,0.00%,0.00%,60.20%,39.40%,0.40%,0.00%,40.70%,53.80%,4.80%,0.70%,0.00%,0.00%,39.40%,59.00%,1.70%,0.00%,20.40%,39.10%,40.50%,0.00%,0.00%,0.00%,0.00%,31.90%,52.50%,15.00%,0.00%,0.60%,0.00%,68.30%,31.50%,0.20%,0.00%,76.40%,22.10%,1.60%,0.00%,81.90%,17.90%,0.20%,0.00%
,,Middle 20%,78.30%,3.60%,18.10%,20.30%,79.70%,0.00%,0.00%,83.60%,16.40%,0.00%,0.00%,75.90%,24.10%,0.00%,0.00%,68.10%,31.90%,0.00%,0.00%,27.50%,69.70%,2.60%,0.20%,0.00%,0.00%,46.80%,53.10%,0.20%,0.00%,12.40%,47.60%,38.10%,1.00%,0.00%,1.00%,0.00%,27.80%,51.30%,20.90%,0.00%,0.00%,0.00%,72.10%,26.60%,1.30%,0.00%,82.30%,17.70%,0.00%,0.00%,82.50%,17.20%,0.30%,0.00%
,,Fourth 20%,70.00%,4.10%,25.80%,11.70%,87.90%,0.50%,0.00%,88.50%,11.50%,0.00%,0.00%,81.10%,18.90%,0.00%,0.00%,73.50%,26.40%,0.10%,0.00%,31.30%,64.80%,3.90%,0.00%,0.00%,0.00%,42.10%,56.10%,1.70%,0.00%,20.70%,40.90%,38.30%,0.00%,0.00%,0.10%,0.00%,35.20%,46.70%,18.10%,0.00%,0.00%,0.00%,82.00%,18.00%,0.00%,0.00%,84.40%,15.60%,0.00%,0.00%,72.60%,27.40%,0.00%,0.00%
,,Richest 20%,77.40%,4.50%,18.10%,7.40%,92.60%,0.00%,0.00%,83.60%,16.30%,0.10%,0.00%,78.90%,21.10%,0.00%,0.00%,79.20%,20.30%,0.40%,0.00%,31.20%,65.90%,2.90%,0.00%,0.00%,0.00%,54.00%,45.40%,0.60%,0.00%,20.60%,39.60%,38.10%,0.00%,0.00%,0.00%,1.60%,33.00%,48.30%,17.10%,0.00%,1.60%,0.00%,82.90%,16.80%,0.30%,0.00%,90.70%,8.50%,0.70%,0.00%,80.00%,20.00%,0.00%,0.00%
,Feelings About Household Income,Living comfortably on present income,60.20%,0.60%,39.20%,8.20%,91.80%,0.00%,0.00%,86.10%,13.90%,0.00%,0.00%,78.60%,21.40%,0.00%,0.00%,92.80%,7.20%,0.00%,0.00%,32.20%,64.90%,2.90%,0.00%,0.00%,0.00%,71.40%,28.60%,0.00%,0.00%,19.90%,29.80%,50.30%,0.00%,0.00%,0.00%,0.00%,40.70%,41.30%,18.10%,0.00%,0.00%,0.00%,85.40%,10.90%,3.70%,0.00%,93.80%,5.70%,0.50%,0.00%,89.20%,10.20%,0.70%,0.00%
,,Getting by on present income,74.80%,4.20%,21.00%,12.70%,87.30%,0.00%,0.00%,82.90%,17.00%,0.10%,0.00%,82.30%,17.70%,0.00%,0.00%,83.00%,16.80%,0.20%,0.00%,36.60%,59.00%,4.40%,0.00%,0.00%,0.00%,53.40%,45.40%,1.10%,0.00%,18.90%,52.40%,27.50%,1.00%,0.00%,0.10%,0.00%,34.60%,46.50%,19.00%,0.00%,0.00%,0.00%,85.70%,14.30%,0.00%,0.00%,89.30%,10.70%,0.00%,0.00%,81.90%,18.10%,0.00%,0.00%
,,Finding it difficult on present income,79.90%,6.60%,13.50%,20.80%,78.90%,0.20%,0.00%,76.00%,24.00%,0.00%,0.00%,71.30%,28.70%,0.00%,0.00%,67.10%,32.70%,0.20%,0.00%,33.20%,63.10%,2.80%,0.00%,0.90%,0.00%,36.30%,63.00%,0.70%,0.00%,20.60%,42.80%,36.20%,0.00%,0.00%,0.50%,0.00%,34.20%,49.00%,15.60%,0.00%,1.20%,0.00%,77.10%,22.90%,0.00%,0.00%,79.90%,19.00%,1.00%,0.00%,71.80%,28.20%,0.00%,0.00%
,,Finding it very difficult on present income,70.20%,11.10%,18.70%,11.70%,88.30%,0.00%,0.00%,72.60%,27.40%,0.00%,0.00%,71.70%,28.30%,0.00%,0.00%,56.90%,42.90%,0.20%,0.00%,32.70%,61.30%,5.40%,0.60%,0.00%,0.00%,37.60%,61.10%,1.30%,0.00%,17.30%,36.70%,44.90%,0.00%,0.00%,0.00%,1.00%,24.20%,55.20%,20.60%,0.00%,0.00%,0.00%,60.00%,40.00%,0.00%,0.00%,78.60%,21.40%,0.00%,0.00%,78.70%,21.30%,0.00%,0.00%
,Urban/Rural,A rural area or on a farm,75.00%,12.80%,12.30%,18.20%,81.80%,0.00%,0.00%,70.50%,29.50%,0.00%,0.00%,65.70%,34.30%,0.00%,0.00%,68.40%,31.60%,0.00%,0.00%,37.90%,58.40%,2.40%,0.00%,1.30%,0.00%,40.00%,59.20%,0.90%,0.00%,22.80%,36.00%,39.90%,0.00%,0.00%,0.00%,1.30%,30.90%,53.10%,16.00%,0.00%,0.00%,0.00%,76.20%,23.80%,0.00%,0.00%,78.60%,20.20%,1.20%,0.00%,81.70%,18.30%,0.00%,0.00%
,,A small town or villAge,72.90%,5.90%,21.20%,12.80%,87.20%,0.00%,0.00%,82.30%,17.70%,0.10%,0.00%,71.80%,28.20%,0.00%,0.00%,69.10%,30.60%,0.30%,0.00%,34.70%,62.90%,2.40%,0.00%,0.00%,0.00%,47.80%,51.50%,0.70%,0.00%,15.90%,44.10%,39.50%,0.50%,0.00%,0.10%,0.00%,32.30%,48.80%,18.60%,0.00%,0.30%,0.00%,68.20%,31.20%,0.60%,0.00%,81.80%,18.00%,0.20%,0.00%,74.20%,25.80%,0.00%,0.00%
,,A large city,76.20%,3.60%,20.20%,16.10%,83.90%,0.00%,0.00%,76.20%,23.80%,0.00%,0.00%,80.30%,19.70%,0.00%,0.00%,72.50%,27.30%,0.20%,0.00%,30.60%,61.80%,6.80%,0.70%,0.00%,0.00%,44.40%,54.10%,1.50%,0.00%,22.20%,42.50%,34.50%,0.00%,0.00%,0.80%,0.00%,32.00%,47.10%,19.60%,0.00%,1.30%,0.00%,84.20%,15.40%,0.40%,0.00%,89.50%,10.10%,0.50%,0.00%,79.20%,20.40%,0.40%,0.00%
,,A suburb of a large city,71.70%,4.10%,24.30%,18.80%,80.10%,1.10%,0.00%,69.60%,30.40%,0.00%,0.00%,88.00%,12.00%,0.00%,0.00%,61.10%,38.90%,0.00%,0.00%,27.70%,65.20%,7.10%,0.00%,0.00%,0.00%,30.60%,69.40%,0.00%,0.00%,12.70%,44.90%,42.40%,0.00%,0.00%,0.00%,0.00%,25.50%,61.90%,12.60%,0.00%,0.00%,0.00%,71.30%,28.70%,0.00%,0.00%,79.80%,20.20%,0.00%,0.00%,77.50%,22.50%,0.00%,0.00%
South Korea,Age,15-24,62.90%,5.00%,32.10%,12.30%,87.70%,0.00%,0.00%,92.40%,6.50%,1.10%,0.00%,76.10%,22.60%,1.20%,0.00%,77.80%,22.20%,0.00%,0.00%,45.80%,54.20%,0.00%,0.00%,0.00%,0.00%,63.00%,37.00%,0.00%,0.00%,54.20%,31.30%,12.20%,1.30%,0.00%,1.10%,0.00%,75.20%,23.60%,1.20%,0.00%,0.00%,0.00%,48.90%,45.70%,5.40%,0.00%,49.80%,50.20%,0.00%,0.00%,64.90%,35.10%,0.00%,0.00%
,,25-34,67.00%,7.30%,25.70%,14.60%,85.40%,0.00%,0.00%,89.60%,9.20%,1.10%,0.00%,69.60%,28.10%,2.30%,0.00%,82.00%,15.80%,2.30%,0.00%,36.90%,60.60%,1.80%,0.00%,0.70%,0.00%,70.10%,29.00%,0.90%,0.00%,62.20%,29.30%,8.60%,0.00%,0.00%,0.00%,0.00%,81.40%,14.40%,4.30%,0.00%,0.00%,0.00%,52.00%,48.00%,0.00%,0.00%,68.80%,31.20%,0.00%,0.00%,52.80%,47.20%,0.00%,0.00%
,,35-44,51.60%,7.00%,41.40%,12.90%,87.10%,0.00%,0.00%,87.60%,11.10%,1.30%,0.00%,63.60%,36.40%,0.00%,0.00%,77.10%,22.90%,0.00%,0.00%,27.10%,71.20%,1.70%,0.00%,0.00%,0.00%,65.00%,35.00%,0.00%,0.00%,61.60%,34.10%,3.50%,0.80%,0.00%,0.00%,0.00%,87.20%,10.90%,2.00%,0.00%,0.00%,0.00%,69.50%,28.50%,1.90%,0.00%,77.20%,22.80%,0.00%,0.00%,65.00%,35.00%,0.00%,0.00%
,,45-64,59.30%,19.00%,21.70%,27.90%,71.20%,0.90%,0.00%,72.70%,26.30%,1.00%,0.00%,74.30%,25.00%,0.70%,0.00%,75.90%,23.50%,0.60%,0.00%,20.10%,77.90%,1.80%,0.20%,0.00%,0.00%,55.00%,43.70%,1.30%,0.00%,56.60%,27.90%,14.90%,0.00%,0.20%,0.40%,0.00%,72.80%,21.80%,4.30%,0.40%,0.60%,0.00%,79.40%,20.00%,0.60%,0.00%,74.70%,23.50%,1.80%,0.00%,59.50%,40.30%,0.20%,0.00%
,,65+,59.00%,29.10%,11.90%,44.20%,54.50%,1.20%,0.00%,62.60%,36.80%,0.70%,0.00%,70.00%,28.40%,1.60%,0.00%,73.10%,24.90%,2.00%,0.00%,11.80%,85.10%,1.70%,0.50%,1.00%,0.00%,46.80%,43.80%,9.40%,0.00%,42.40%,34.40%,16.00%,3.30%,0.20%,3.60%,0.00%,68.00%,24.30%,3.50%,1.00%,3.10%,0.00%,81.80%,17.30%,1.00%,0.00%,61.20%,32.40%,6.40%,0.00%,67.90%,30.40%,1.70%,0.00%
,Gender,Male,62.80%,16.40%,20.80%,22.90%,76.90%,0.20%,0.00%,74.10%,24.30%,1.60%,0.00%,69.30%,29.10%,1.70%,0.00%,74.50%,24.50%,1.00%,0.00%,33.00%,65.50%,1.00%,0.30%,0.30%,0.00%,58.90%,40.10%,1.10%,0.00%,52.60%,33.50%,12.10%,1.10%,0.00%,0.70%,0.00%,74.70%,20.20%,3.90%,0.30%,0.90%,0.00%,67.80%,30.80%,1.40%,0.00%,70.10%,28.20%,1.80%,0.00%,57.60%,42.20%,0.20%,0.00%
,,Female,55.60%,10.60%,33.80%,22.20%,77.00%,0.80%,0.00%,86.10%,13.50%,0.40%,0.00%,73.20%,26.50%,0.30%,0.00%,79.70%,19.70%,0.70%,0.00%,20.60%,77.20%,2.00%,0.00%,0.20%,0.00%,60.20%,37.20%,2.60%,0.00%,60.00%,27.80%,10.70%,0.50%,0.20%,0.80%,0.00%,78.90%,17.90%,2.70%,0.30%,0.30%,0.00%,72.80%,26.30%,0.80%,0.00%,74.20%,25.20%,0.70%,0.00%,64.30%,35.40%,0.30%,0.00%
,Employment Status,Employed full time for an employer,57.00%,9.70%,33.30%,14.10%,85.90%,0.00%,0.00%,80.80%,18.30%,0.90%,0.00%,73.90%,24.50%,1.60%,0.00%,79.30%,20.70%,0.00%,0.00%,29.70%,68.90%,1.30%,0.00%,0.00%,0.00%,64.30%,35.10%,0.50%,0.00%,59.80%,31.50%,7.80%,0.40%,0.00%,0.50%,0.00%,81.40%,14.10%,3.70%,0.20%,0.60%,0.00%,65.90%,32.70%,1.40%,0.00%,70.80%,28.20%,1.00%,0.00%,56.90%,43.10%,0.00%,0.00%
,,Employed full time for self,68.60%,15.30%,16.10%,21.60%,77.00%,1.40%,0.00%,78.90%,21.10%,0.00%,0.00%,65.20%,34.00%,0.70%,0.00%,69.10%,30.40%,0.50%,0.00%,20.70%,78.00%,0.60%,0.70%,0.00%,0.00%,56.60%,41.90%,1.50%,0.00%,52.10%,31.70%,16.30%,0.00%,0.00%,0.00%,0.00%,74.70%,24.00%,1.30%,0.00%,0.00%,0.00%,75.40%,24.10%,0.50%,0.00%,79.20%,17.80%,3.10%,0.00%,65.70%,33.70%,0.60%,0.00%
,,Employed part time do not want full time,67.20%,14.80%,18.00%,30.30%,69.70%,0.00%,0.00%,82.50%,17.00%,0.50%,0.00%,80.10%,19.00%,0.90%,0.00%,71.20%,28.80%,0.00%,0.00%,25.90%,72.50%,1.60%,0.00%,0.00%,0.00%,60.80%,36.90%,2.30%,0.00%,59.10%,23.20%,13.50%,2.90%,0.40%,0.90%,0.00%,79.60%,13.60%,4.80%,0.00%,2.00%,0.00%,79.30%,20.70%,0.00%,0.00%,64.70%,34.40%,0.90%,0.00%,80.40%,18.40%,1.20%,0.00%
,,Unemployed,61.60%,21.60%,16.80%,35.20%,64.80%,0.00%,0.00%,69.50%,27.50%,3.00%,0.00%,65.00%,30.70%,4.30%,0.00%,68.80%,22.60%,8.60%,0.00%,24.00%,70.50%,3.50%,0.00%,2.00%,0.00%,46.30%,50.70%,3.10%,0.00%,49.80%,23.10%,23.40%,1.60%,0.00%,2.00%,0.00%,70.90%,14.80%,14.30%,0.00%,0.00%,0.00%,0.00%,0.00%,0.00%,0.00%,0.00%,0.00%,0.00%,0.00%,0.00%,0.00%,0.00%,0.00%
,,Employed part time want full time,66.50%,18.50%,14.90%,20.20%,79.80%,0.00%,0.00%,78.50%,19.10%,2.40%,0.00%,63.40%,36.60%,0.00%,0.00%,81.20%,16.90%,1.90%,0.00%,24.80%,71.80%,2.50%,0.90%,0.00%,0.00%,51.00%,47.00%,2.00%,0.00%,58.80%,27.70%,13.50%,0.00%,0.00%,0.00%,0.00%,79.60%,17.20%,2.00%,1.30%,0.00%,0.00%,77.20%,21.20%,1.60%,0.00%,75.20%,23.90%,0.90%,0.00%,55.20%,44.80%,0.00%,0.00%
,,Out of workforce,56.00%,15.80%,28.20%,30.40%,68.50%,1.10%,0.00%,80.30%,18.70%,1.00%,0.00%,70.10%,29.60%,0.30%,0.00%,77.90%,21.20%,0.90%,0.00%,26.30%,71.80%,1.50%,0.00%,0.40%,0.00%,57.70%,39.10%,3.20%,0.00%,52.80%,32.50%,12.10%,1.10%,0.20%,1.30%,0.00%,71.30%,25.50%,2.00%,0.40%,0.80%,0.00%,0.00%,0.00%,0.00%,0.00%,0.00%,0.00%,0.00%,0.00%,0.00%,0.00%,0.00%,0.00%
,Per Capita Income Quintiles,Poorest 20%,59.40%,29.90%,10.80%,40.30%,58.40%,1.30%,0.00%,66.60%,31.30%,2.10%,0.00%,62.10%,36.20%,1.70%,0.00%,68.60%,29.80%,1.60%,0.00%,17.70%,79.70%,1.70%,0.30%,0.60%,0.00%,43.60%,52.30%,4.10%,0.00%,50.30%,26.80%,18.90%,1.50%,0.00%,2.50%,0.00%,69.70%,23.00%,4.40%,0.40%,2.50%,0.00%,72.90%,27.10%,0.00%,0.00%,67.90%,29.00%,3.00%,0.00%,60.00%,38.20%,1.80%,0.00%
,,Second 20%,63.20%,18.90%,17.90%,25.30%,74.20%,0.50%,0.00%,75.70%,24.30%,0.00%,0.00%,67.10%,30.50%,2.40%,0.00%,68.20%,30.40%,1.30%,0.00%,26.50%,70.70%,2.50%,0.30%,0.00%,0.00%,49.00%,48.70%,2.30%,0.00%,58.30%,26.20%,13.60%,1.30%,0.00%,0.70%,0.00%,77.70%,18.40%,3.70%,0.20%,0.00%,0.00%,64.70%,33.40%,2.00%,0.00%,67.80%,31.10%,1.20%,0.00%,54.70%,45.30%,0.00%,0.00%
,,Middle 20%,59.90%,9.20%,30.90%,16.90%,83.10%,0.00%,0.00%,83.20%,14.20%,2.60%,0.00%,75.80%,23.90%,0.30%,0.00%,81.10%,17.70%,1.20%,0.00%,23.70%,74.50%,1.30%,0.00%,0.50%,0.00%,59.50%,40.30%,0.20%,0.00%,51.90%,38.60%,9.40%,0.00%,0.10%,0.00%,0.00%,79.90%,18.80%,1.30%,0.00%,0.00%,0.00%,73.80%,25.10%,1.00%,0.00%,70.10%,28.10%,1.80%,0.00%,50.10%,49.90%,0.00%,0.00%
,,Fourth 20%,61.60%,7.70%,30.70%,18.00%,81.30%,0.70%,0.00%,85.40%,14.40%,0.20%,0.00%,73.80%,26.20%,0.00%,0.00%,82.20%,17.80%,0.00%,0.00%,36.80%,61.90%,1.30%,0.00%,0.00%,0.00%,69.20%,29.10%,1.70%,0.00%,61.10%,29.30%,8.10%,1.10%,0.30%,0.00%,0.00%,79.20%,15.50%,5.00%,0.40%,0.00%,0.00%,70.00%,28.80%,1.20%,0.00%,78.10%,21.30%,0.60%,0.00%,63.80%,36.20%,0.00%,0.00%
,,Richest 20%,52.80%,4.40%,42.80%,12.30%,87.70%,0.00%,0.00%,88.90%,10.80%,0.20%,0.00%,77.10%,22.30%,0.60%,0.00%,85.00%,15.00%,0.00%,0.00%,29.80%,69.50%,0.70%,0.00%,0.00%,0.00%,76.20%,23.00%,0.80%,0.00%,59.50%,32.60%,7.20%,0.00%,0.00%,0.70%,0.00%,77.20%,19.80%,2.00%,0.40%,0.60%,0.00%,69.90%,29.10%,1.10%,0.00%,72.50%,26.70%,0.80%,0.00%,70.20%,29.80%,0.00%,0.00%
,Feelings About Household Income,Living comfortably on present income,45.80%,1.70%,52.50%,7.20%,92.80%,0.00%,0.00%,95.10%,3.20%,1.70%,0.00%,87.70%,12.30%,0.00%,0.00%,95.00%,4.30%,0.70%,0.00%,34.20%,62.60%,2.50%,0.00%,0.70%,0.00%,83.30%,15.90%,0.80%,0.00%,57.90%,31.50%,8.30%,1.30%,0.60%,0.30%,0.00%,77.50%,19.80%,2.80%,0.00%,0.00%,0.00%,83.40%,14.70%,2.00%,0.00%,79.60%,20.10%,0.30%,0.00%,83.60%,16.40%,0.00%,0.00%
,,Getting by on present income,63.50%,8.90%,27.60%,19.60%,79.60%,0.80%,0.00%,83.40%,16.50%,0.10%,0.00%,73.30%,25.90%,0.80%,0.00%,81.90%,17.70%,0.40%,0.00%,26.90%,71.80%,1.10%,0.20%,0.00%,0.00%,63.10%,35.10%,1.80%,0.00%,57.50%,31.30%,10.30%,0.30%,0.00%,0.60%,0.00%,78.10%,18.00%,3.20%,0.10%,0.50%,0.00%,69.80%,29.60%,0.50%,0.00%,70.70%,27.90%,1.40%,0.00%,58.90%,40.90%,0.20%,0.00%
,,Finding it difficult on present income,62.00%,27.70%,10.40%,37.80%,62.20%,0.00%,0.00%,68.30%,28.70%,3.00%,0.00%,61.70%,36.10%,2.20%,0.00%,57.50%,40.70%,1.80%,0.00%,23.00%,74.80%,2.00%,0.00%,0.20%,0.00%,38.40%,60.10%,1.60%,0.00%,50.90%,31.60%,15.50%,1.20%,0.00%,0.70%,0.00%,72.60%,22.10%,3.90%,0.60%,0.70%,0.00%,64.40%,33.80%,1.90%,0.00%,68.00%,30.90%,1.10%,0.00%,53.10%,46.90%,0.00%,0.00%
,,Finding it very difficult on present income,40.00%,52.00%,8.00%,39.60%,60.40%,0.00%,0.00%,43.90%,53.90%,2.20%,0.00%,41.10%,57.70%,1.20%,0.00%,47.00%,52.50%,0.50%,0.00%,19.00%,79.70%,0.00%,0.00%,1.40%,0.00%,35.10%,59.10%,5.90%,0.00%,61.70%,19.20%,15.30%,2.40%,0.00%,1.40%,0.00%,75.10%,18.70%,1.80%,1.40%,3.00%,0.00%,56.20%,39.90%,3.80%,0.00%,79.80%,17.20%,3.00%,0.00%,44.00%,56.00%,0.00%,0.00%
,Urban/Rural,A rural area or on a farm,61.90%,16.60%,21.50%,36.70%,63.30%,0.00%,0.00%,78.50%,20.90%,0.60%,0.00%,75.10%,23.30%,1.60%,0.00%,86.90%,12.10%,1.00%,0.00%,20.40%,78.10%,0.50%,0.00%,1.00%,0.00%,58.70%,36.10%,5.10%,0.00%,48.80%,26.30%,18.10%,2.50%,0.00%,4.30%,0.00%,71.10%,24.10%,2.40%,1.00%,1.40%,0.00%,74.80%,25.20%,0.00%,0.00%,59.80%,34.00%,6.20%,0.00%,52.80%,47.20%,0.00%,0.00%
,,A small town or villAge,70.20%,9.90%,19.90%,18.50%,81.50%,0.00%,0.00%,87.20%,12.20%,0.60%,0.00%,71.00%,29.00%,0.00%,0.00%,81.50%,18.50%,0.00%,0.00%,21.50%,77.00%,0.50%,1.00%,0.00%,0.00%,54.40%,45.60%,0.00%,0.00%,57.80%,25.80%,16.00%,0.00%,0.50%,0.00%,0.00%,78.20%,14.00%,6.40%,1.50%,0.00%,0.00%,62.10%,37.90%,0.00%,0.00%,51.10%,48.30%,0.60%,0.00%,49.90%,48.30%,1.90%,0.00%
,,A large city,59.10%,12.30%,28.60%,20.00%,79.70%,0.30%,0.00%,80.20%,18.70%,1.10%,0.00%,70.70%,28.30%,1.00%,0.00%,78.30%,20.40%,1.30%,0.00%,28.70%,69.40%,1.80%,0.00%,0.10%,0.00%,59.50%,39.10%,1.40%,0.00%,56.00%,33.10%,9.80%,0.70%,0.00%,0.30%,0.00%,76.60%,18.90%,3.60%,0.10%,0.80%,0.00%,76.10%,22.20%,1.70%,0.00%,77.60%,21.90%,0.50%,0.00%,62.80%,37.20%,0.00%,0.00%
,,A suburb of a large city,57.50%,15.10%,27.40%,23.40%,75.70%,0.90%,0.00%,79.00%,20.00%,1.10%,0.00%,71.30%,27.60%,1.10%,0.00%,73.00%,26.70%,0.30%,0.00%,27.00%,71.30%,1.30%,0.20%,0.30%,0.00%,60.60%,37.40%,2.00%,0.00%,57.90%,29.40%,11.20%,0.60%,0.20%,0.80%,0.00%,78.00%,18.80%,2.60%,0.20%,0.30%,0.00%,63.60%,35.50%,0.90%,0.00%,71.40%,27.20%,1.40%,0.00%,61.80%,38.20%,0.00%,0.00%
Taiwan,Age,15-24,53.30%,0.00%,46.70%,0.30%,99.70%,0.00%,0.00%,96.50%,3.10%,0.40%,0.00%,78.90%,21.10%,0.00%,0.00%,98.50%,1.50%,0.00%,0.00%,31.30%,62.70%,4.20%,0.00%,1.90%,0.00%,82.40%,17.30%,0.20%,0.00%,42.60%,37.60%,18.40%,1.40%,0.00%,0.00%,0.00%,75.70%,14.80%,9.50%,0.00%,0.00%,0.00%,69.20%,30.80%,0.00%,0.00%,47.20%,52.80%,0.00%,0.00%,77.20%,22.80%,0.00%,0.00%
,,25-34,55.60%,5.40%,38.90%,5.60%,94.40%,0.00%,0.00%,95.00%,4.60%,0.40%,0.00%,67.50%,28.60%,3.90%,0.00%,94.90%,5.10%,0.00%,0.00%,28.00%,61.20%,10.90%,0.00%,0.00%,0.00%,78.30%,21.70%,0.00%,0.00%,50.40%,41.40%,7.20%,0.40%,0.50%,0.00%,0.00%,68.80%,12.80%,18.30%,0.00%,0.00%,0.00%,52.90%,45.70%,1.40%,0.00%,62.50%,36.10%,1.50%,0.00%,69.30%,30.70%,0.00%,0.00%
,,35-44,44.20%,3.60%,52.20%,5.30%,94.70%,0.00%,0.00%,92.00%,7.30%,0.70%,0.00%,76.10%,23.90%,0.00%,0.00%,92.30%,7.70%,0.00%,0.00%,11.70%,78.60%,9.40%,0.00%,0.30%,0.00%,81.80%,18.00%,0.20%,0.00%,45.30%,43.80%,10.90%,0.00%,0.00%,0.00%,0.00%,74.50%,8.40%,17.10%,0.00%,0.00%,0.00%,57.30%,40.80%,0.20%,1.70%,64.90%,34.10%,1.00%,0.00%,57.70%,41.30%,1.10%,0.00%
,,45-64,63.00%,3.60%,33.40%,13.80%,85.40%,0.80%,0.00%,82.10%,15.60%,2.30%,0.00%,80.60%,18.50%,0.90%,0.00%,94.50%,5.50%,0.00%,0.00%,5.60%,90.70%,2.50%,0.00%,1.20%,0.00%,82.90%,16.60%,0.60%,0.00%,43.80%,43.00%,9.80%,0.60%,1.30%,1.50%,0.00%,70.20%,7.40%,22.00%,0.00%,0.30%,0.10%,57.50%,41.80%,0.70%,0.00%,62.50%,35.30%,1.90%,0.40%,39.80%,59.00%,1.20%,0.00%
,,65+,55.90%,5.90%,38.20%,20.40%,79.60%,0.00%,0.00%,83.70%,10.60%,5.70%,0.00%,91.60%,8.40%,0.00%,0.00%,99.80%,0.20%,0.00%,0.00%,2.20%,97.10%,0.70%,0.00%,0.00%,0.00%,95.30%,4.70%,0.00%,0.00%,46.90%,33.80%,16.00%,0.00%,0.70%,0.90%,1.70%,69.50%,6.00%,24.30%,0.00%,0.30%,0.00%,87.30%,10.30%,2.40%,0.00%,33.20%,59.40%,7.40%,0.00%,46.00%,50.20%,3.80%,0.00%
,Gender,Male,57.80%,5.10%,37.00%,7.90%,91.50%,0.60%,0.00%,88.10%,9.30%,2.60%,0.00%,75.30%,22.80%,1.90%,0.00%,93.00%,7.00%,0.00%,0.00%,16.00%,76.10%,7.20%,0.00%,0.60%,0.00%,79.00%,20.60%,0.40%,0.00%,43.70%,42.70%,11.10%,0.60%,1.20%,0.70%,0.00%,69.20%,11.80%,18.60%,0.00%,0.30%,0.10%,55.00%,44.40%,0.60%,0.00%,59.80%,38.40%,1.60%,0.30%,58.60%,41.10%,0.30%,0.00%
,,Female,53.60%,2.30%,44.10%,12.30%,87.70%,0.00%,0.00%,88.40%,10.10%,1.50%,0.00%,82.90%,17.00%,0.10%,0.00%,98.00%,2.00%,0.00%,0.00%,10.80%,85.30%,3.10%,0.00%,0.80%,0.00%,88.60%,11.30%,0.10%,0.00%,47.30%,38.60%,12.40%,0.40%,0.20%,0.60%,0.60%,73.40%,6.90%,19.70%,0.00%,0.00%,0.00%,63.10%,35.00%,0.90%,1.00%,61.50%,36.80%,1.70%,0.00%,50.10%,48.20%,1.60%,0.00%
,Employment Status,Employed full time for an employer,52.20%,3.60%,44.20%,4.40%,95.60%,0.00%,0.00%,92.70%,6.30%,0.90%,0.00%,75.70%,24.00%,0.20%,0.00%,94.50%,5.50%,0.00%,0.00%,13.80%,78.50%,7.00%,0.00%,0.70%,0.00%,80.60%,19.10%,0.30%,0.00%,45.70%,43.10%,9.90%,0.50%,0.50%,0.20%,0.00%,72.90%,10.60%,16.50%,0.00%,0.10%,0.00%,55.20%,43.50%,0.70%,0.60%,62.70%,36.30%,0.80%,0.20%,57.60%,42.00%,0.40%,0.00%
,,Employed full time for self,53.00%,3.30%,43.70%,13.00%,84.10%,2.90%,0.00%,81.10%,17.30%,1.70%,0.00%,68.60%,25.50%,5.90%,0.00%,91.70%,8.30%,0.00%,0.00%,15.90%,76.90%,7.20%,0.00%,0.00%,0.00%,91.80%,7.70%,0.40%,0.00%,42.20%,42.90%,13.40%,0.00%,0.00%,1.50%,0.00%,66.70%,6.10%,26.80%,0.00%,0.00%,0.30%,70.90%,28.00%,1.10%,0.00%,67.00%,29.00%,4.10%,0.00%,49.10%,50.90%,0.00%,0.00%
,,Employed part time do not want full time,68.50%,2.50%,29.00%,9.60%,90.40%,0.00%,0.00%,81.70%,18.30%,0.00%,0.00%,94.60%,5.40%,0.00%,0.00%,92.40%,7.60%,0.00%,0.00%,20.60%,74.00%,3.00%,0.00%,2.40%,0.00%,83.40%,16.60%,0.00%,0.00%,41.80%,45.60%,11.30%,1.30%,0.00%,0.00%,0.00%,68.20%,1.90%,29.80%,0.00%,0.00%,0.00%,65.10%,34.90%,0.00%,0.00%,42.40%,53.70%,3.90%,0.00%,48.30%,44.20%,7.40%,0.00%
,,Unemployed,83.30%,0.00%,16.70%,11.60%,88.40%,0.00%,0.00%,88.40%,11.60%,0.00%,0.00%,100.00%,0.00%,0.00%,0.00%,96.60%,3.40%,0.00%,0.00%,7.20%,76.30%,16.50%,0.00%,0.00%,0.00%,77.90%,22.10%,0.00%,0.00%,23.00%,41.80%,35.30%,0.00%,0.00%,0.00%,0.00%,46.40%,39.40%,14.20%,0.00%,0.00%,0.00%,0.00%,0.00%,0.00%,0.00%,0.00%,0.00%,0.00%,0.00%,0.00%,0.00%,0.00%,0.00%
,,Employed part time want full time,51.10%,14.80%,34.10%,18.60%,81.40%,0.00%,0.00%,79.50%,13.00%,7.50%,0.00%,70.80%,19.70%,9.40%,0.00%,95.30%,4.70%,0.00%,0.00%,15.90%,81.90%,2.10%,0.00%,0.00%,0.00%,75.50%,24.50%,0.00%,0.00%,37.50%,35.60%,18.50%,0.00%,8.40%,0.00%,0.00%,66.70%,24.60%,8.70%,0.00%,0.00%,0.00%,60.60%,37.20%,2.10%,0.00%,39.00%,58.00%,3.00%,0.00%,41.60%,58.40%,0.00%,0.00%
,,Out of workforce,59.00%,3.30%,37.80%,16.10%,83.90%,0.00%,0.00%,86.20%,10.40%,3.40%,0.00%,84.50%,15.50%,0.00%,0.00%,98.60%,1.40%,0.00%,0.00%,10.80%,86.10%,2.20%,0.00%,0.80%,0.00%,87.10%,12.70%,0.20%,0.00%,48.00%,36.40%,12.50%,0.50%,0.50%,1.20%,0.80%,72.30%,7.40%,20.10%,0.00%,0.30%,0.00%,0.00%,0.00%,0.00%,0.00%,0.00%,0.00%,0.00%,0.00%,0.00%,0.00%,0.00%,0.00%
,Per Capita Income Quintiles,Poorest 20%,71.90%,3.50%,24.60%,15.20%,83.70%,1.10%,0.00%,80.80%,14.40%,4.80%,0.00%,80.90%,16.60%,2.50%,0.00%,94.80%,5.20%,0.00%,0.00%,6.70%,86.40%,4.90%,0.00%,2.10%,0.00%,77.60%,22.40%,0.00%,0.00%,44.50%,40.30%,12.00%,0.80%,0.00%,2.30%,0.00%,76.20%,4.70%,19.00%,0.00%,0.00%,0.20%,57.70%,41.80%,0.60%,0.00%,49.90%,46.80%,3.30%,0.00%,29.70%,67.60%,2.70%,0.00%
,,Second 20%,55.70%,4.10%,40.20%,11.30%,88.70%,0.00%,0.00%,89.20%,8.30%,2.50%,0.00%,82.20%,16.40%,1.40%,0.00%,96.80%,3.20%,0.00%,0.00%,11.90%,84.40%,3.60%,0.00%,0.00%,0.00%,84.80%,14.20%,1.00%,0.00%,42.60%,42.90%,12.50%,0.70%,0.30%,1.00%,0.00%,65.60%,9.70%,24.40%,0.00%,0.30%,0.00%,58.60%,40.80%,0.70%,0.00%,64.00%,35.20%,0.00%,0.80%,48.20%,49.70%,2.10%,0.00%
,,Middle 20%,52.10%,2.80%,45.10%,8.60%,91.40%,0.00%,0.00%,89.60%,8.90%,1.40%,0.00%,74.10%,25.90%,0.00%,0.00%,97.20%,2.80%,0.00%,0.00%,10.50%,83.30%,5.90%,0.00%,0.30%,0.00%,86.30%,13.30%,0.40%,0.00%,48.00%,41.10%,10.00%,0.20%,0.60%,0.00%,0.00%,75.10%,6.80%,18.10%,0.00%,0.00%,0.00%,61.10%,37.60%,1.30%,0.00%,71.20%,27.00%,1.80%,0.00%,58.00%,42.00%,0.00%,0.00%
,,Fourth 20%,47.60%,5.00%,47.40%,8.00%,92.00%,0.00%,0.00%,91.40%,7.50%,1.10%,0.00%,85.60%,13.80%,0.60%,0.00%,92.90%,7.10%,0.00%,0.00%,16.30%,79.30%,4.40%,0.00%,0.00%,0.00%,85.30%,14.70%,0.00%,0.00%,46.50%,36.40%,15.40%,0.60%,1.10%,0.00%,0.00%,69.90%,13.90%,16.00%,0.00%,0.20%,0.00%,55.80%,40.70%,1.30%,2.20%,61.50%,36.20%,2.30%,0.00%,59.90%,39.70%,0.50%,0.00%
,,Richest 20%,53.30%,3.00%,43.80%,7.80%,91.90%,0.30%,0.00%,90.30%,9.50%,0.30%,0.00%,73.40%,26.30%,0.30%,0.00%,96.30%,3.70%,0.00%,0.00%,21.10%,71.10%,6.60%,0.00%,1.30%,0.00%,85.60%,14.40%,0.00%,0.00%,46.10%,42.30%,8.90%,0.00%,1.30%,0.00%,1.40%,70.20%,11.20%,18.40%,0.00%,0.20%,0.00%,59.60%,40.40%,0.00%,0.00%,55.10%,44.00%,0.90%,0.00%,69.40%,30.60%,0.00%,0.00%
,Feelings About Household Income,Living comfortably on present income,28.10%,0.00%,71.90%,1.70%,98.30%,0.00%,0.00%,90.70%,7.40%,1.90%,0.00%,83.60%,16.40%,0.00%,0.00%,96.80%,3.20%,0.00%,0.00%,14.10%,81.80%,1.90%,0.00%,2.10%,0.00%,94.90%,5.10%,0.00%,0.00%,42.60%,42.70%,14.50%,0.00%,0.00%,0.00%,0.20%,72.20%,15.50%,12.30%,0.00%,0.00%,0.00%,72.10%,27.90%,0.00%,0.00%,65.60%,34.40%,0.00%,0.00%,72.70%,27.30%,0.00%,0.00%
,,Getting by on present income,56.50%,2.60%,40.90%,8.20%,91.40%,0.40%,0.00%,90.00%,8.40%,1.60%,0.00%,80.00%,18.80%,1.30%,0.00%,97.30%,2.70%,0.00%,0.00%,12.80%,81.90%,4.80%,0.00%,0.40%,0.00%,87.70%,12.10%,0.30%,0.00%,46.50%,39.30%,12.10%,0.60%,0.60%,0.60%,0.30%,71.50%,8.40%,19.90%,0.00%,0.10%,0.00%,60.50%,37.90%,1.00%,0.60%,62.10%,36.10%,1.70%,0.20%,54.30%,44.60%,1.20%,0.00%
,,Finding it difficult on present income,81.20%,10.50%,8.30%,32.10%,67.90%,0.00%,0.00%,78.30%,17.00%,4.70%,0.00%,67.30%,32.70%,0.00%,0.00%,84.80%,15.20%,0.00%,0.00%,14.20%,73.80%,10.80%,0.00%,1.30%,0.00%,49.30%,50.70%,0.00%,0.00%,46.10%,45.30%,5.60%,0.00%,1.20%,1.70%,0.00%,68.30%,9.50%,22.20%,0.00%,0.00%,0.00%,33.80%,66.20%,0.00%,0.00%,43.40%,53.50%,3.20%,0.00%,37.10%,62.90%,0.00%,0.00%
,,Finding it very difficult on present income,77.00%,23.00%,0.00%,31.00%,69.00%,0.00%,0.00%,83.80%,16.20%,0.00%,0.00%,76.00%,24.00%,0.00%,0.00%,84.30%,15.70%,0.00%,0.00%,40.40%,49.00%,10.50%,0.00%,0.00%,0.00%,33.70%,60.90%,5.40%,0.00%,18.60%,52.20%,16.80%,0.00%,7.00%,5.40%,0.00%,78.80%,5.30%,10.50%,0.00%,5.40%,0.00%,34.20%,65.80%,0.00%,0.00%,34.20%,65.80%,0.00%,0.00%,54.50%,45.50%,0.00%,0.00%
,Urban/Rural,A rural area or on a farm,57.70%,5.70%,36.60%,15.80%,82.90%,1.30%,0.00%,83.50%,14.00%,2.50%,0.00%,83.80%,16.20%,0.00%,0.00%,96.50%,3.50%,0.00%,0.00%,6.50%,92.50%,1.10%,0.00%,0.00%,0.00%,80.00%,20.00%,0.00%,0.00%,40.10%,45.90%,8.70%,2.40%,0.00%,2.90%,0.00%,79.00%,6.20%,14.80%,0.00%,0.00%,0.00%,67.30%,32.70%,0.00%,0.00%,63.80%,36.20%,0.00%,0.00%,56.50%,43.50%,0.00%,0.00%
,,A small town or villAge,55.40%,2.90%,41.70%,10.40%,88.90%,0.60%,0.00%,88.80%,8.00%,3.20%,0.00%,79.70%,18.80%,1.50%,0.00%,97.80%,2.20%,0.00%,0.00%,10.70%,84.20%,3.50%,0.00%,1.60%,0.00%,86.10%,13.90%,0.00%,0.00%,44.90%,40.80%,12.40%,0.30%,1.50%,0.10%,0.00%,71.80%,11.00%,17.10%,0.00%,0.10%,0.00%,55.50%,44.00%,0.50%,0.00%,61.50%,36.00%,2.50%,0.00%,49.20%,48.40%,2.40%,0.00%
,,A large city,54.20%,4.00%,41.70%,10.00%,90.00%,0.00%,0.00%,87.50%,11.70%,0.80%,0.00%,78.10%,21.50%,0.40%,0.00%,92.40%,7.60%,0.00%,0.00%,15.50%,78.70%,5.30%,0.00%,0.50%,0.00%,86.60%,12.90%,0.50%,0.00%,43.50%,40.10%,14.10%,0.50%,0.40%,0.50%,0.90%,67.80%,9.40%,22.60%,0.00%,0.10%,0.10%,58.80%,40.70%,0.50%,0.00%,60.30%,38.20%,1.50%,0.00%,60.60%,39.40%,0.00%,0.00%
,,A suburb of a large city,57.50%,3.70%,38.90%,9.00%,91.00%,0.00%,0.00%,89.60%,8.60%,1.90%,0.00%,79.20%,19.60%,1.20%,0.00%,96.70%,3.30%,0.00%,0.00%,15.30%,77.10%,7.60%,0.00%,0.00%,0.00%,78.70%,21.00%,0.30%,0.00%,50.00%,40.00%,8.60%,0.30%,0.00%,1.20%,0.00%,74.00%,7.40%,18.40%,0.00%,0.20%,0.00%,60.50%,36.10%,1.60%,1.70%,59.00%,39.50%,1.00%,0.60%,54.00%,45.60%,0.40%,0.00%
Moldova,Age,15-24,39.00%,0.00%,61.00%,4.70%,95.30%,0.00%,0.00%,96.30%,3.50%,0.30%,0.00%,83.20%,16.80%,0.00%,0.00%,86.70%,13.30%,0.00%,0.00%,43.00%,53.60%,2.20%,0.00%,1.30%,0.00%,79.00%,20.60%,0.30%,0.00%,34.50%,55.70%,7.80%,0.00%,0.00%,2.10%,0.00%,55.20%,25.60%,18.70%,0.00%,0.50%,0.00%,91.30%,5.80%,2.40%,0.60%,79.20%,17.10%,2.40%,1.40%,64.60%,33.80%,0.20%,1.40%
,,25-34,54.70%,2.60%,42.70%,15.20%,84.50%,0.30%,0.00%,85.70%,13.80%,0.50%,0.00%,88.20%,11.20%,0.60%,0.00%,80.10%,17.20%,2.70%,0.00%,16.90%,78.70%,4.30%,0.00%,0.10%,0.00%,68.40%,28.60%,3.00%,0.00%,20.10%,70.10%,8.40%,0.80%,0.00%,0.60%,0.00%,39.40%,39.00%,17.10%,0.60%,3.90%,0.00%,89.80%,8.80%,1.40%,0.00%,83.70%,14.40%,1.90%,0.00%,54.00%,42.30%,3.60%,0.00%
,,35-44,60.90%,8.30%,30.80%,21.50%,78.50%,0.00%,0.00%,78.50%,20.20%,1.10%,0.20%,89.20%,10.30%,0.50%,0.00%,68.90%,26.70%,4.20%,0.10%,8.30%,88.00%,3.10%,0.30%,0.20%,0.00%,71.20%,23.50%,5.30%,0.00%,21.30%,66.30%,12.00%,0.00%,0.00%,0.20%,0.10%,37.40%,28.50%,32.50%,0.00%,1.60%,0.00%,88.50%,10.60%,0.90%,0.00%,80.20%,16.00%,3.60%,0.20%,60.90%,39.10%,0.00%,0.00%
,,45-64,59.80%,16.10%,24.10%,37.60%,61.40%,1.00%,0.00%,87.20%,12.10%,0.20%,0.50%,86.10%,13.00%,0.90%,0.00%,74.70%,22.10%,3.30%,0.00%,9.90%,88.90%,1.30%,0.00%,0.00%,0.00%,70.60%,23.80%,5.50%,0.10%,13.00%,71.70%,14.80%,0.10%,0.00%,0.50%,0.00%,36.60%,32.80%,29.10%,0.20%,1.30%,0.00%,86.80%,11.90%,0.20%,1.10%,81.70%,14.50%,3.80%,0.00%,44.60%,52.60%,2.80%,0.00%
,,65+,63.30%,23.60%,13.10%,61.90%,35.30%,2.80%,0.00%,86.70%,13.30%,0.00%,0.00%,80.30%,13.10%,6.70%,0.00%,80.50%,14.60%,4.90%,0.00%,17.10%,78.60%,1.20%,0.00%,3.00%,0.00%,59.80%,29.50%,9.90%,0.90%,10.70%,57.50%,23.70%,1.70%,1.00%,5.40%,0.00%,22.50%,35.20%,41.90%,0.00%,0.40%,0.00%,83.90%,6.80%,9.30%,0.00%,62.80%,26.50%,10.70%,0.00%,48.60%,51.40%,0.00%,0.00%
,Gender,Male,57.40%,8.10%,34.60%,25.80%,73.70%,0.60%,0.00%,86.30%,13.30%,0.30%,0.00%,87.40%,11.60%,0.90%,0.00%,82.80%,16.00%,1.20%,0.00%,19.60%,76.70%,3.00%,0.10%,0.60%,0.00%,75.30%,21.00%,3.70%,0.00%,17.70%,69.10%,11.10%,0.80%,0.20%,1.00%,0.10%,42.70%,30.20%,24.80%,0.00%,2.30%,0.00%,88.90%,10.10%,1.00%,0.00%,80.20%,17.40%,2.10%,0.30%,59.90%,39.00%,0.90%,0.30%
,,Female,53.50%,10.10%,36.30%,26.80%,72.50%,0.70%,0.00%,87.30%,11.80%,0.50%,0.40%,84.90%,13.80%,1.30%,0.00%,73.10%,22.60%,4.30%,0.00%,15.90%,81.60%,1.90%,0.00%,0.50%,0.00%,66.90%,28.00%,5.00%,0.20%,21.00%,64.00%,13.60%,0.00%,0.00%,1.40%,0.00%,36.40%,34.20%,27.80%,0.40%,1.30%,0.00%,87.80%,8.90%,2.20%,1.00%,80.20%,14.30%,5.20%,0.30%,46.30%,50.60%,2.90%,0.20%
,Employment Status,Employed full time for an employer,58.10%,7.70%,34.20%,17.20%,81.80%,1.00%,0.00%,90.80%,8.60%,0.50%,0.00%,87.40%,12.50%,0.10%,0.00%,85.10%,13.50%,1.30%,0.10%,20.10%,76.10%,3.40%,0.10%,0.40%,0.00%,75.80%,21.80%,2.30%,0.10%,17.20%,68.90%,11.60%,0.70%,0.30%,1.40%,0.00%,43.90%,32.40%,22.60%,0.00%,1.10%,0.00%,90.70%,8.30%,1.00%,0.00%,85.00%,11.60%,3.40%,0.10%,55.80%,42.20%,2.10%,0.00%
,,Employed full time for self,60.40%,2.40%,37.20%,18.20%,81.80%,0.00%,0.00%,88.60%,11.40%,0.00%,0.00%,87.50%,10.10%,2.40%,0.00%,85.60%,12.20%,2.20%,0.00%,16.50%,81.10%,2.40%,0.00%,0.00%,0.00%,78.40%,19.80%,1.80%,0.00%,22.00%,67.20%,10.50%,0.10%,0.00%,0.20%,0.00%,38.90%,28.20%,29.80%,0.80%,2.30%,0.00%,88.70%,9.50%,0.30%,1.50%,84.60%,14.30%,0.80%,0.30%,52.90%,46.00%,0.80%,0.30%
,,Employed part time do not want full time,50.70%,17.30%,32.00%,27.00%,73.00%,0.00%,0.00%,83.70%,15.50%,0.00%,0.80%,91.80%,8.20%,0.00%,0.00%,70.50%,25.90%,3.60%,0.00%,19.90%,72.40%,7.70%,0.00%,0.00%,0.00%,69.00%,20.20%,9.00%,1.70%,18.20%,54.30%,27.50%,0.00%,0.00%,0.00%,0.00%,30.60%,38.30%,31.10%,0.00%,0.00%,0.00%,93.30%,6.10%,0.50%,0.00%,74.90%,21.00%,4.10%,0.00%,45.40%,52.40%,2.20%,0.00%
,,Unemployed,76.00%,3.90%,20.10%,34.70%,65.30%,0.00%,0.00%,74.20%,23.20%,2.60%,0.00%,76.50%,23.50%,0.00%,0.00%,46.70%,49.20%,4.10%,0.00%,24.00%,72.90%,0.00%,0.00%,3.10%,0.00%,58.70%,39.20%,2.10%,0.00%,20.60%,71.90%,7.50%,0.00%,0.00%,0.00%,0.00%,36.50%,40.70%,17.80%,0.00%,5.00%,0.00%,0.00%,0.00%,0.00%,0.00%,0.00%,0.00%,0.00%,0.00%,0.00%,0.00%,0.00%,0.00%
,,Employed part time want full time,49.00%,14.10%,36.90%,36.20%,62.80%,1.00%,0.00%,83.00%,17.00%,0.00%,0.00%,80.90%,12.50%,6.70%,0.00%,76.00%,23.10%,0.90%,0.00%,21.30%,75.50%,2.70%,0.50%,0.00%,0.00%,61.10%,27.20%,11.70%,0.00%,23.80%,64.70%,10.00%,0.00%,0.00%,1.40%,0.00%,40.50%,30.00%,28.00%,0.00%,1.50%,0.00%,76.20%,16.70%,7.10%,0.00%,55.30%,33.40%,10.20%,1.10%,53.70%,42.20%,2.90%,1.10%
,,Out of workforce,48.00%,12.80%,39.20%,32.80%,66.40%,0.90%,0.00%,86.80%,12.50%,0.20%,0.50%,86.60%,12.80%,0.70%,0.00%,75.60%,20.10%,4.30%,0.00%,14.20%,83.70%,1.50%,0.00%,0.60%,0.00%,68.00%,26.50%,5.50%,0.00%,19.30%,64.90%,13.50%,0.40%,0.00%,1.90%,0.10%,37.70%,32.30%,28.30%,0.20%,1.50%,0.00%,0.00%,0.00%,0.00%,0.00%,0.00%,0.00%,0.00%,0.00%,0.00%,0.00%,0.00%,0.00%
,Per Capita Income Quintiles,Poorest 20%,62.90%,13.30%,23.80%,43.40%,56.50%,0.20%,0.00%,71.10%,26.30%,1.70%,0.90%,82.30%,16.20%,1.50%,0.00%,65.20%,26.90%,7.70%,0.10%,9.10%,89.70%,1.00%,0.20%,0.00%,0.00%,64.70%,30.30%,4.90%,0.10%,13.40%,70.10%,14.60%,0.20%,0.50%,1.20%,0.00%,46.70%,26.00%,26.90%,0.40%,0.00%,0.00%,80.60%,11.70%,5.40%,2.40%,62.20%,34.50%,3.00%,0.30%,58.40%,41.60%,0.00%,0.00%
,,Second 20%,65.30%,8.10%,26.60%,30.40%,67.90%,1.70%,0.00%,84.80%,15.20%,0.00%,0.00%,87.80%,9.50%,2.70%,0.00%,75.70%,20.00%,4.30%,0.00%,11.50%,86.40%,0.70%,0.00%,1.40%,0.00%,73.50%,17.20%,8.80%,0.40%,8.50%,78.20%,11.50%,0.00%,0.00%,1.70%,0.00%,39.50%,30.30%,30.10%,0.00%,0.20%,0.00%,85.20%,12.50%,1.80%,0.50%,79.70%,14.70%,5.00%,0.50%,40.50%,55.50%,3.50%,0.50%
,,Middle 20%,52.70%,11.30%,36.00%,27.50%,72.40%,0.20%,0.00%,88.10%,11.80%,0.10%,0.00%,88.80%,9.70%,1.40%,0.00%,80.00%,20.00%,0.00%,0.00%,20.80%,75.80%,3.10%,0.10%,0.10%,0.00%,67.30%,27.00%,5.70%,0.00%,20.60%,62.60%,15.60%,0.90%,0.00%,0.30%,0.00%,34.50%,31.10%,29.30%,0.00%,5.10%,0.00%,85.40%,14.60%,0.00%,0.00%,79.10%,17.00%,3.10%,0.80%,51.40%,47.50%,0.40%,0.80%
,,Fourth 20%,57.70%,6.80%,35.50%,17.10%,81.70%,1.20%,0.00%,96.50%,3.50%,0.00%,0.00%,87.80%,12.20%,0.00%,0.00%,82.80%,15.60%,1.60%,0.00%,16.40%,80.50%,1.80%,0.00%,1.30%,0.00%,69.30%,29.80%,0.90%,0.00%,23.80%,62.30%,12.80%,0.00%,0.00%,1.00%,0.10%,37.60%,35.90%,23.80%,0.70%,2.10%,0.00%,93.60%,6.20%,0.20%,0.00%,87.20%,9.30%,3.60%,0.00%,53.70%,44.30%,2.00%,0.00%
,,Richest 20%,39.40%,7.20%,53.40%,13.20%,86.70%,0.10%,0.00%,93.80%,5.80%,0.20%,0.20%,83.50%,16.40%,0.10%,0.00%,83.70%,15.50%,0.80%,0.00%,30.10%,64.50%,5.40%,0.00%,0.00%,0.00%,78.60%,19.70%,1.70%,0.00%,31.30%,58.40%,7.80%,0.70%,0.00%,1.80%,0.00%,38.30%,38.70%,21.90%,0.00%,1.10%,0.00%,93.60%,5.10%,1.30%,0.00%,86.50%,10.60%,2.90%,0.00%,63.20%,34.40%,2.40%,0.00%
,Feelings About Household Income,Living comfortably on present income,33.10%,2.20%,64.70%,12.70%,87.20%,0.10%,0.00%,96.40%,3.60%,0.00%,0.00%,84.20%,15.70%,0.10%,0.00%,90.00%,10.00%,0.00%,0.00%,31.30%,63.60%,4.10%,0.00%,1.00%,0.00%,79.20%,18.70%,2.10%,0.00%,28.20%,57.20%,13.70%,0.60%,0.00%,0.30%,0.00%,42.30%,38.90%,18.40%,0.00%,0.40%,0.00%,90.70%,8.90%,0.00%,0.40%,85.70%,11.40%,2.50%,0.40%,61.30%,37.60%,0.70%,0.40%
,,Getting by on present income,63.20%,8.30%,28.50%,23.20%,76.20%,0.50%,0.00%,89.60%,9.60%,0.70%,0.10%,88.80%,10.90%,0.30%,0.00%,81.20%,15.20%,3.60%,0.00%,16.30%,81.40%,1.90%,0.10%,0.30%,0.00%,72.20%,24.60%,3.20%,0.00%,21.70%,67.70%,9.10%,0.10%,0.00%,1.40%,0.10%,35.00%,34.40%,28.40%,0.30%,2.00%,0.00%,90.60%,6.50%,2.10%,0.80%,80.90%,14.30%,4.40%,0.30%,50.90%,45.90%,2.90%,0.30%
,,Finding it difficult on present income,59.00%,18.20%,22.80%,39.50%,59.10%,1.40%,0.00%,77.00%,22.20%,0.00%,0.90%,84.70%,11.80%,3.50%,0.00%,66.00%,29.90%,4.00%,0.10%,9.50%,86.50%,2.90%,0.00%,1.10%,0.00%,63.80%,28.80%,6.90%,0.50%,9.50%,75.50%,13.00%,0.80%,0.00%,1.30%,0.00%,42.70%,24.90%,29.40%,0.00%,3.10%,0.00%,81.70%,15.40%,2.90%,0.00%,76.10%,20.50%,3.20%,0.20%,52.40%,46.10%,1.50%,0.00%
,,Finding it very difficult on present income,72.30%,13.80%,13.90%,41.50%,57.30%,1.20%,0.00%,72.10%,26.90%,1.00%,0.00%,81.20%,16.20%,2.60%,0.00%,56.80%,39.40%,3.80%,0.00%,8.50%,91.50%,0.00%,0.00%,0.00%,0.00%,55.30%,33.10%,11.60%,0.00%,11.80%,59.60%,24.70%,0.50%,1.00%,2.50%,0.00%,45.30%,27.40%,25.70%,0.80%,0.70%,0.00%,80.90%,19.10%,0.00%,0.00%,63.60%,34.70%,1.60%,0.00%,52.90%,47.10%,0.00%,0.00%
,Urban/Rural,A rural area or on a farm,55.40%,10.90%,33.80%,30.40%,68.40%,1.20%,0.00%,85.80%,13.30%,0.00%,0.90%,91.40%,8.60%,0.00%,0.00%,71.40%,23.80%,4.70%,0.00%,18.50%,80.70%,0.80%,0.00%,0.00%,0.00%,63.10%,31.00%,5.50%,0.40%,12.50%,70.00%,16.10%,0.00%,0.00%,1.30%,0.00%,37.30%,36.60%,24.80%,0.00%,1.30%,0.00%,87.70%,12.30%,0.00%,0.00%,84.50%,13.60%,1.90%,0.00%,44.20%,55.20%,0.60%,0.00%
,,A small town or villAge,58.40%,9.50%,32.10%,28.30%,71.20%,0.50%,0.00%,87.50%,11.80%,0.60%,0.00%,86.10%,12.30%,1.70%,0.00%,78.80%,18.40%,2.70%,0.00%,12.70%,84.00%,2.30%,0.00%,1.00%,0.00%,72.10%,23.00%,4.90%,0.10%,17.00%,70.30%,10.60%,0.60%,0.20%,1.40%,0.00%,41.90%,26.60%,28.90%,0.30%,2.30%,0.00%,88.20%,8.20%,2.90%,0.70%,77.10%,17.80%,5.10%,0.00%,50.50%,46.70%,2.80%,0.00%
,,A large city,50.70%,7.00%,42.30%,21.50%,78.20%,0.30%,0.00%,90.80%,8.60%,0.50%,0.20%,81.80%,17.30%,0.90%,0.00%,80.10%,19.10%,0.70%,0.10%,29.50%,65.90%,4.00%,0.30%,0.40%,0.00%,70.50%,26.90%,2.60%,0.00%,27.10%,60.60%,10.80%,0.30%,0.00%,1.20%,0.00%,38.30%,42.40%,17.70%,0.40%,1.20%,0.00%,90.10%,9.10%,0.30%,0.50%,83.00%,13.80%,1.80%,1.40%,65.70%,31.70%,1.40%,1.20%
,,A suburb of a large city,48.40%,9.60%,42.00%,17.40%,81.40%,1.20%,0.00%,76.00%,24.00%,0.00%,0.00%,84.10%,14.50%,1.40%,0.00%,77.60%,17.90%,4.60%,0.00%,14.90%,82.20%,2.90%,0.00%,0.00%,0.00%,80.20%,16.10%,3.70%,0.00%,31.80%,49.10%,18.80%,0.00%,0.00%,0.00%,0.30%,31.50%,31.80%,36.40%,0.00%,0.30%,0.00%,87.80%,11.50%,0.80%,0.00%,80.90%,16.70%,2.30%,0.00%,66.40%,33.60%,0.00%,0.00%
Russia,Age,15-24,53.80%,4.10%,42.00%,14.00%,86.00%,0.00%,0.00%,91.80%,8.20%,0.00%,0.00%,75.40%,24.60%,0.00%,0.00%,76.30%,23.70%,0.00%,0.00%,33.90%,64.40%,1.00%,0.70%,0.00%,0.00%,68.80%,31.20%,0.00%,0.00%,26.10%,64.40%,8.60%,0.80%,0.00%,0.00%,0.00%,47.50%,45.90%,4.80%,0.90%,0.90%,0.00%,75.50%,24.50%,0.00%,0.00%,59.10%,40.90%,0.00%,0.00%,69.10%,29.50%,1.50%,0.00%
,,25-34,57.30%,8.20%,34.50%,15.70%,84.30%,0.00%,0.00%,87.30%,12.60%,0.00%,0.10%,75.80%,24.20%,0.00%,0.00%,64.70%,35.30%,0.00%,0.00%,24.10%,73.60%,2.20%,0.00%,0.10%,0.00%,63.50%,35.70%,0.60%,0.20%,20.20%,73.30%,5.40%,0.90%,0.00%,0.10%,0.00%,49.50%,44.70%,5.30%,0.20%,0.20%,0.00%,76.70%,23.20%,0.10%,0.00%,67.80%,31.40%,0.80%,0.00%,59.00%,40.90%,0.00%,0.10%
,,35-44,60.90%,12.90%,26.20%,23.30%,76.70%,0.00%,0.00%,83.90%,15.90%,0.20%,0.00%,78.10%,21.90%,0.00%,0.00%,69.80%,30.00%,0.20%,0.00%,14.50%,82.30%,2.60%,0.20%,0.40%,0.00%,59.90%,37.00%,3.10%,0.00%,14.80%,79.00%,5.50%,0.60%,0.00%,0.10%,0.00%,41.60%,44.90%,12.70%,0.20%,0.40%,0.20%,81.80%,18.00%,0.10%,0.00%,80.00%,19.90%,0.20%,0.00%,56.70%,42.50%,0.80%,0.00%
,,45-64,56.70%,25.50%,17.70%,33.60%,66.30%,0.10%,0.00%,89.30%,10.30%,0.30%,0.00%,80.20%,19.80%,0.00%,0.00%,71.10%,28.60%,0.20%,0.00%,17.70%,80.00%,1.40%,0.80%,0.10%,0.00%,62.30%,35.10%,1.90%,0.70%,16.10%,75.70%,7.10%,0.10%,0.00%,1.00%,0.10%,39.60%,44.30%,16.00%,0.00%,0.10%,0.00%,79.70%,19.00%,0.90%,0.40%,75.60%,24.40%,0.00%,0.00%,48.50%,50.30%,1.20%,0.00%
,,65+,52.00%,27.20%,20.90%,59.10%,40.00%,0.90%,0.00%,89.60%,10.40%,0.00%,0.00%,81.40%,18.60%,0.00%,0.00%,71.00%,28.40%,0.60%,0.00%,11.90%,86.20%,1.90%,0.00%,0.00%,0.00%,59.30%,32.60%,8.20%,0.00%,12.80%,73.60%,13.10%,0.00%,0.00%,0.50%,0.00%,42.10%,41.30%,15.80%,0.00%,0.90%,0.00%,80.70%,19.30%,0.00%,0.00%,70.90%,29.10%,0.00%,0.00%,50.80%,49.20%,0.00%,0.00%
,Gender,Male,58.60%,17.00%,24.40%,22.50%,77.50%,0.00%,0.00%,87.90%,11.70%,0.30%,0.10%,81.30%,18.70%,0.00%,0.00%,70.30%,29.50%,0.20%,0.00%,23.40%,74.00%,1.80%,0.60%,0.20%,0.00%,61.80%,35.50%,2.10%,0.60%,22.00%,67.90%,8.70%,0.90%,0.00%,0.40%,0.00%,44.60%,43.40%,10.80%,0.50%,0.60%,0.10%,79.30%,20.10%,0.40%,0.20%,71.00%,28.60%,0.40%,0.00%,61.20%,37.70%,1.20%,0.00%
,,Female,54.60%,15.70%,29.60%,33.50%,66.20%,0.30%,0.00%,89.10%,10.90%,0.00%,0.00%,75.90%,24.10%,0.00%,0.00%,70.70%,29.10%,0.20%,0.00%,17.90%,80.10%,1.70%,0.30%,0.10%,0.00%,63.90%,33.50%,2.60%,0.00%,14.60%,78.20%,6.70%,0.00%,0.00%,0.50%,0.00%,42.60%,45.10%,12.00%,0.00%,0.20%,0.00%,78.20%,21.50%,0.30%,0.00%,73.60%,26.40%,0.00%,0.00%,47.90%,51.70%,0.30%,0.10%
,Employment Status,Employed full time for an employer,55.10%,16.50%,28.30%,17.30%,82.70%,0.00%,0.00%,89.90%,9.70%,0.30%,0.10%,78.20%,21.80%,0.00%,0.00%,70.40%,29.40%,0.20%,0.00%,24.80%,72.70%,1.70%,0.70%,0.10%,0.00%,62.80%,35.70%,1.40%,0.10%,18.10%,73.20%,7.50%,0.70%,0.00%,0.40%,0.00%,43.80%,44.40%,10.50%,0.60%,0.70%,0.10%,77.80%,21.90%,0.30%,0.00%,75.00%,24.90%,0.10%,0.00%,53.90%,45.70%,0.30%,0.00%
,,Employed full time for self,59.60%,14.90%,25.40%,28.80%,71.20%,0.00%,0.00%,91.20%,8.30%,0.50%,0.00%,79.10%,20.90%,0.00%,0.00%,70.10%,29.90%,0.00%,0.00%,24.00%,74.50%,1.30%,0.20%,0.00%,0.00%,67.40%,30.70%,1.90%,0.00%,20.60%,71.20%,7.50%,0.20%,0.00%,0.20%,0.20%,44.40%,45.50%,10.10%,0.00%,0.00%,0.00%,85.90%,13.10%,1.10%,0.00%,67.60%,31.70%,0.70%,0.00%,65.20%,34.80%,0.00%,0.00%
,,Employed part time do not want full time,50.70%,8.10%,41.20%,27.10%,71.70%,1.20%,0.00%,93.90%,6.10%,0.00%,0.00%,75.30%,24.70%,0.00%,0.00%,75.70%,24.30%,0.00%,0.00%,18.30%,74.10%,5.20%,1.60%,0.70%,0.00%,66.90%,28.30%,4.70%,0.00%,17.30%,64.90%,15.00%,2.30%,0.00%,0.40%,0.00%,47.30%,40.30%,11.50%,0.00%,0.90%,0.00%,79.70%,18.70%,0.00%,1.60%,70.60%,29.40%,0.00%,0.00%,47.10%,47.60%,5.20%,0.00%
,,Unemployed,63.30%,17.00%,19.70%,29.30%,70.70%,0.00%,0.00%,77.60%,22.40%,0.00%,0.00%,78.80%,21.20%,0.00%,0.00%,59.20%,40.80%,0.00%,0.00%,28.20%,71.80%,0.00%,0.00%,0.00%,0.00%,55.70%,43.90%,0.50%,0.00%,18.20%,77.60%,4.20%,0.00%,0.00%,0.00%,0.00%,43.50%,48.10%,8.40%,0.00%,0.00%,0.00%,0.00%,0.00%,0.00%,0.00%,0.00%,0.00%,0.00%,0.00%,0.00%,0.00%,0.00%,0.00%
,,Employed part time want full time,57.00%,16.30%,26.70%,23.90%,76.10%,0.00%,0.00%,82.00%,18.00%,0.00%,0.00%,76.00%,24.00%,0.00%,0.00%,65.90%,34.10%,0.00%,0.00%,18.80%,76.80%,4.40%,0.00%,0.00%,0.00%,53.10%,41.20%,1.90%,3.80%,16.90%,68.60%,14.50%,0.00%,0.00%,0.00%,0.00%,43.50%,45.60%,10.90%,0.00%,0.00%,0.00%,72.90%,26.80%,0.40%,0.00%,56.90%,43.10%,0.00%,0.00%,60.20%,37.60%,1.90%,0.40%
,,Out of workforce,56.00%,17.40%,26.60%,41.20%,58.50%,0.30%,0.00%,89.30%,10.70%,0.00%,0.00%,79.00%,21.00%,0.00%,0.00%,73.70%,26.00%,0.30%,0.00%,13.10%,85.00%,1.40%,0.20%,0.20%,0.00%,64.50%,31.50%,3.80%,0.20%,17.50%,75.00%,6.70%,0.10%,0.00%,0.70%,0.00%,42.60%,43.50%,13.60%,0.00%,0.30%,0.00%,0.00%,0.00%,0.00%,0.00%,0.00%,0.00%,0.00%,0.00%,0.00%,0.00%,0.00%,0.00%
,Per Capita Income Quintiles,Poorest 20%,61.70%,20.40%,17.90%,35.60%,64.40%,0.00%,0.00%,82.60%,17.40%,0.00%,0.00%,73.30%,26.70%,0.00%,0.00%,60.10%,39.80%,0.10%,0.00%,17.80%,81.00%,1.00%,0.10%,0.00%,0.00%,55.40%,41.20%,2.50%,0.80%,9.40%,81.40%,8.40%,0.00%,0.00%,0.90%,0.00%,37.20%,47.30%,14.70%,0.00%,0.80%,0.00%,69.20%,29.60%,1.20%,0.00%,68.80%,30.10%,1.10%,0.00%,50.10%,49.90%,0.00%,0.00%
,,Second 20%,57.80%,18.70%,23.50%,27.90%,72.00%,0.20%,0.00%,86.60%,13.10%,0.30%,0.00%,81.30%,18.70%,0.00%,0.00%,72.00%,27.80%,0.20%,0.00%,16.60%,81.00%,1.50%,0.70%,0.20%,0.00%,62.00%,34.00%,3.90%,0.00%,15.90%,78.70%,4.80%,0.30%,0.00%,0.20%,0.00%,42.40%,43.70%,13.50%,0.20%,0.20%,0.00%,76.30%,23.50%,0.10%,0.00%,72.30%,27.70%,0.00%,0.00%,59.10%,38.80%,2.10%,0.00%
,,Middle 20%,53.70%,20.10%,26.20%,31.20%,68.80%,0.00%,0.00%,87.50%,12.50%,0.00%,0.00%,76.80%,23.20%,0.00%,0.00%,66.60%,33.00%,0.40%,0.00%,15.60%,82.20%,1.50%,0.40%,0.30%,0.00%,57.70%,38.70%,3.20%,0.40%,15.40%,75.90%,7.70%,0.10%,0.00%,0.70%,0.10%,44.10%,44.30%,11.60%,0.00%,0.00%,0.00%,74.20%,24.10%,0.90%,0.70%,69.90%,30.10%,0.00%,0.00%,50.90%,48.80%,0.30%,0.00%
,,Fourth 20%,53.60%,14.00%,32.40%,27.70%,72.00%,0.30%,0.00%,92.70%,6.70%,0.40%,0.10%,81.10%,18.90%,0.00%,0.00%,78.60%,21.10%,0.20%,0.00%,19.30%,76.60%,3.50%,0.60%,0.00%,0.00%,70.80%,28.10%,1.00%,0.20%,21.80%,70.20%,6.40%,1.10%,0.00%,0.50%,0.00%,46.20%,42.60%,9.70%,0.80%,0.60%,0.10%,84.80%,15.20%,0.00%,0.00%,72.80%,27.20%,0.00%,0.00%,52.10%,46.90%,0.90%,0.00%
,,Richest 20%,55.30%,8.40%,36.30%,19.70%,79.90%,0.30%,0.00%,93.30%,6.70%,0.00%,0.00%,79.40%,20.60%,0.00%,0.00%,75.40%,24.50%,0.10%,0.00%,32.80%,65.50%,1.20%,0.40%,0.20%,0.00%,68.70%,30.20%,1.20%,0.00%,27.60%,60.90%,10.70%,0.80%,0.00%,0.00%,0.00%,47.80%,43.90%,7.60%,0.20%,0.60%,0.00%,84.90%,15.10%,0.00%,0.00%,74.80%,25.10%,0.10%,0.00%,62.60%,36.70%,0.60%,0.10%
,Feelings About Household Income,Living comfortably on present income,44.00%,2.60%,53.40%,16.30%,83.20%,0.50%,0.00%,92.60%,7.10%,0.30%,0.00%,83.70%,16.30%,0.00%,0.00%,88.20%,11.70%,0.10%,0.00%,21.60%,74.90%,3.00%,0.40%,0.10%,0.00%,78.20%,19.80%,2.00%,0.00%,22.40%,68.70%,8.40%,0.30%,0.00%,0.10%,0.10%,44.10%,45.60%,9.10%,0.40%,0.80%,0.00%,92.70%,7.30%,0.00%,0.00%,82.80%,17.10%,0.10%,0.00%,71.40%,27.70%,0.90%,0.00%
,,Getting by on present income,64.60%,13.40%,22.00%,28.20%,71.70%,0.10%,0.00%,92.80%,7.20%,0.10%,0.00%,80.40%,19.60%,0.00%,0.00%,71.00%,28.70%,0.30%,0.00%,21.00%,77.90%,1.00%,0.00%,0.10%,0.00%,61.90%,36.60%,1.30%,0.20%,16.90%,76.30%,5.30%,0.70%,0.00%,0.80%,0.00%,43.50%,44.00%,11.90%,0.20%,0.40%,0.10%,79.60%,20.40%,0.10%,0.00%,68.90%,30.80%,0.30%,0.00%,48.80%,50.50%,0.60%,0.10%
,,Finding it difficult on present income,57.10%,32.60%,10.20%,38.70%,61.30%,0.00%,0.00%,81.50%,18.20%,0.20%,0.10%,71.30%,28.70%,0.00%,0.00%,56.10%,43.60%,0.30%,0.00%,19.20%,77.80%,1.70%,1.20%,0.20%,0.00%,51.30%,43.80%,4.30%,0.60%,17.00%,73.20%,9.60%,0.20%,0.00%,0.00%,0.00%,39.60%,47.20%,13.00%,0.10%,0.00%,0.00%,62.90%,35.30%,1.20%,0.60%,65.30%,34.70%,0.00%,0.00%,48.80%,50.00%,1.30%,0.00%
,,Finding it very difficult on present income,53.30%,35.40%,11.30%,43.70%,56.30%,0.00%,0.00%,68.90%,31.10%,0.00%,0.00%,66.80%,33.20%,0.00%,0.00%,44.70%,55.30%,0.00%,0.00%,16.50%,82.70%,0.70%,0.00%,0.00%,0.00%,46.60%,49.50%,3.30%,0.60%,9.90%,76.80%,11.30%,0.40%,0.00%,1.70%,0.00%,56.00%,31.20%,11.70%,0.00%,1.10%,0.00%,65.30%,33.20%,1.50%,0.00%,69.90%,28.70%,1.50%,0.00%,52.90%,47.10%,0.00%,0.00%
,Urban/Rural,A rural area or on a farm,64.20%,18.80%,17.00%,30.70%,69.30%,0.00%,0.00%,89.20%,10.80%,0.00%,0.00%,79.80%,20.20%,0.00%,0.00%,67.40%,32.60%,0.00%,0.00%,13.80%,85.80%,0.00%,0.40%,0.00%,0.00%,62.40%,31.50%,5.30%,0.80%,11.30%,79.00%,8.60%,0.00%,0.00%,1.10%,0.00%,38.10%,48.60%,13.30%,0.00%,0.00%,0.00%,76.80%,22.50%,0.00%,0.70%,65.20%,34.80%,0.00%,0.00%,49.90%,48.90%,1.30%,0.00%
,,A small town or villAge,54.20%,17.10%,28.60%,29.90%,70.00%,0.10%,0.00%,87.00%,12.70%,0.20%,0.10%,78.70%,21.30%,0.00%,0.00%,72.30%,27.30%,0.50%,0.00%,17.10%,81.40%,1.30%,0.30%,0.00%,0.00%,60.40%,37.80%,1.70%,0.00%,18.90%,74.70%,6.00%,0.20%,0.00%,0.20%,0.10%,46.30%,41.60%,11.50%,0.10%,0.40%,0.10%,78.10%,21.50%,0.30%,0.00%,72.30%,27.70%,0.00%,0.00%,55.60%,44.00%,0.40%,0.00%
,,A large city,54.90%,13.90%,31.20%,25.70%,74.00%,0.30%,0.00%,89.90%,9.90%,0.20%,0.00%,78.10%,21.90%,0.00%,0.00%,70.40%,29.60%,0.10%,0.00%,26.00%,70.70%,2.60%,0.40%,0.30%,0.00%,65.80%,33.00%,0.90%,0.30%,20.70%,70.10%,8.30%,0.90%,0.00%,0.00%,0.00%,44.00%,44.80%,10.30%,0.50%,0.30%,0.00%,80.60%,18.70%,0.70%,0.00%,74.70%,24.70%,0.60%,0.00%,59.60%,39.70%,0.70%,0.10%
,,A suburb of a large city,55.40%,17.00%,27.60%,27.50%,72.50%,0.00%,0.00%,87.60%,12.40%,0.00%,0.00%,74.20%,25.80%,0.00%,0.00%,70.90%,29.10%,0.00%,0.00%,25.00%,68.90%,4.40%,1.10%,0.50%,0.00%,63.90%,33.90%,2.20%,0.00%,18.20%,69.00%,9.80%,0.50%,0.00%,2.50%,0.00%,39.90%,46.10%,11.70%,0.00%,2.30%,0.00%,77.80%,22.20%,0.00%,0.00%,74.90%,25.10%,0.00%,0.00%,51.00%,49.00%,0.00%,0.00%
Ukraine,Age,15-24,50.40%,4.10%,45.50%,14.60%,85.40%,0.00%,0.00%,96.90%,3.10%,0.00%,0.00%,82.30%,17.70%,0.00%,0.00%,77.00%,20.70%,2.40%,0.00%,45.00%,51.70%,3.20%,0.00%,0.00%,0.00%,72.20%,24.40%,1.90%,1.50%,24.10%,59.00%,10.60%,1.70%,0.00%,4.60%,0.00%,32.00%,50.90%,16.80%,0.00%,0.30%,0.00%,85.80%,14.20%,0.00%,0.00%,70.00%,28.70%,0.80%,0.50%,78.80%,17.90%,3.30%,0.00%
,,25-34,50.40%,4.90%,44.80%,17.90%,81.80%,0.10%,0.20%,82.70%,14.30%,3.00%,0.00%,76.80%,23.10%,0.20%,0.00%,69.60%,29.10%,1.30%,0.00%,38.90%,50.50%,10.00%,0.30%,0.20%,0.10%,67.50%,30.20%,2.30%,0.00%,23.40%,65.20%,4.50%,2.30%,1.00%,3.30%,0.30%,37.00%,41.80%,17.10%,0.20%,3.90%,0.00%,70.60%,23.60%,5.80%,0.00%,69.90%,29.30%,0.90%,0.00%,62.90%,36.60%,0.30%,0.20%
,,35-44,56.10%,12.40%,31.50%,27.70%,71.40%,0.90%,0.00%,90.30%,8.10%,1.30%,0.30%,74.30%,25.50%,0.10%,0.00%,63.80%,32.70%,3.40%,0.10%,32.30%,57.80%,7.10%,0.20%,2.70%,0.00%,60.30%,32.80%,6.10%,0.90%,18.10%,70.20%,6.10%,0.60%,0.40%,3.50%,1.00%,36.30%,41.00%,18.80%,1.20%,1.90%,0.90%,77.90%,19.50%,2.60%,0.00%,73.40%,19.20%,7.40%,0.00%,57.00%,40.80%,2.10%,0.00%
,,45-64,56.80%,26.50%,16.60%,41.60%,56.70%,1.20%,0.50%,82.60%,14.80%,2.60%,0.00%,80.00%,18.60%,1.40%,0.00%,62.90%,30.60%,6.50%,0.00%,22.50%,72.60%,3.30%,1.10%,0.50%,0.00%,61.20%,28.80%,10.00%,0.00%,12.10%,74.60%,6.90%,0.20%,1.50%,4.70%,0.00%,30.90%,38.90%,28.50%,0.00%,1.70%,0.00%,78.40%,19.30%,2.30%,0.00%,75.50%,20.40%,4.10%,0.00%,46.60%,50.00%,3.50%,0.00%
,,65+,47.00%,39.40%,13.60%,69.30%,28.30%,2.40%,0.00%,89.40%,10.60%,0.00%,0.00%,71.40%,28.60%,0.00%,0.00%,67.70%,27.20%,5.00%,0.00%,21.30%,70.60%,5.80%,0.00%,2.20%,0.00%,51.30%,35.30%,13.20%,0.20%,5.40%,66.80%,13.40%,2.10%,2.50%,9.80%,0.00%,29.40%,33.20%,34.20%,0.20%,3.10%,0.00%,74.70%,23.90%,1.40%,0.00%,73.10%,18.60%,8.30%,0.00%,45.00%,55.00%,0.00%,0.00%
,Gender,Male,51.20%,17.20%,31.60%,26.20%,72.80%,1.00%,0.10%,88.80%,9.60%,1.50%,0.10%,80.10%,19.70%,0.20%,0.00%,65.80%,30.00%,4.10%,0.00%,31.80%,58.20%,7.50%,0.60%,1.90%,0.00%,61.50%,32.70%,5.50%,0.40%,19.40%,65.10%,5.70%,1.20%,0.90%,7.20%,0.60%,36.60%,39.00%,20.20%,0.60%,3.20%,0.40%,76.30%,19.20%,4.50%,0.00%,73.40%,22.10%,4.40%,0.10%,65.20%,33.40%,1.40%,0.10%
,,Female,54.30%,18.90%,26.80%,42.70%,56.00%,1.10%,0.30%,85.50%,12.60%,1.80%,0.00%,75.00%,24.30%,0.70%,0.00%,67.70%,28.10%,4.20%,0.00%,29.00%,65.80%,4.30%,0.40%,0.50%,0.00%,62.40%,28.50%,8.70%,0.40%,13.30%,71.30%,9.40%,1.20%,1.40%,3.40%,0.00%,30.40%,41.20%,26.80%,0.00%,1.50%,0.00%,78.10%,20.90%,1.00%,0.00%,72.20%,24.00%,3.80%,0.00%,47.60%,49.40%,3.00%,0.00%
,Employment Status,Employed full time for an employer,52.40%,13.50%,34.10%,25.00%,73.80%,1.20%,0.00%,90.20%,8.60%,1.20%,0.00%,77.20%,22.70%,0.10%,0.00%,70.90%,25.40%,3.60%,0.10%,27.30%,62.40%,7.90%,0.50%,1.90%,0.10%,66.10%,27.80%,5.60%,0.50%,19.00%,69.10%,5.00%,1.60%,0.20%,5.10%,0.10%,32.60%,39.00%,24.20%,0.70%,2.90%,0.50%,77.20%,20.30%,2.50%,0.00%,75.70%,20.40%,3.80%,0.10%,56.50%,40.90%,2.50%,0.10%
,,Employed full time for self,49.80%,12.90%,37.30%,35.20%,64.80%,0.00%,0.00%,92.30%,3.10%,4.10%,0.60%,78.90%,21.10%,0.00%,0.00%,60.10%,36.90%,3.10%,0.00%,47.00%,49.00%,2.20%,1.80%,0.00%,0.00%,67.30%,27.10%,5.60%,0.00%,17.20%,68.60%,9.90%,0.00%,0.80%,3.40%,0.00%,45.30%,34.60%,17.20%,0.00%,2.90%,0.00%,73.70%,21.00%,5.40%,0.00%,68.30%,26.40%,5.30%,0.00%,69.90%,29.50%,0.60%,0.00%
,,Employed part time do not want full time,49.40%,14.80%,35.80%,20.60%,79.40%,0.00%,0.00%,91.50%,8.50%,0.00%,0.00%,87.10%,12.90%,0.00%,0.00%,82.80%,16.80%,0.40%,0.00%,36.60%,52.30%,7.10%,1.00%,3.00%,0.00%,78.10%,17.10%,4.90%,0.00%,9.00%,66.20%,9.60%,3.80%,2.90%,5.10%,3.50%,30.90%,48.60%,20.40%,0.00%,0.00%,0.00%,83.70%,15.00%,1.30%,0.00%,70.20%,28.80%,0.90%,0.00%,46.00%,50.20%,3.80%,0.00%
,,Unemployed,55.20%,21.40%,23.50%,30.30%,69.40%,0.40%,0.00%,81.40%,18.60%,0.00%,0.00%,83.60%,16.40%,0.00%,0.00%,65.60%,33.90%,0.50%,0.00%,30.40%,63.30%,3.90%,0.00%,2.40%,0.00%,71.60%,25.60%,2.70%,0.00%,19.50%,67.50%,8.40%,1.30%,0.00%,3.30%,0.00%,29.10%,48.60%,22.30%,0.00%,0.00%,0.00%,0.00%,0.00%,0.00%,0.00%,0.00%,0.00%,0.00%,0.00%,0.00%,0.00%,0.00%,0.00%
,,Employed part time want full time,63.10%,11.30%,25.50%,39.90%,60.10%,0.00%,0.00%,90.50%,9.50%,0.00%,0.00%,76.60%,23.40%,0.00%,0.00%,64.30%,35.70%,0.00%,0.00%,44.40%,54.10%,1.50%,0.00%,0.00%,0.00%,68.10%,28.00%,3.90%,0.00%,21.30%,64.70%,12.50%,0.00%,0.00%,1.50%,0.00%,33.50%,48.90%,17.50%,0.00%,0.00%,0.00%,75.60%,21.30%,3.10%,0.00%,64.70%,27.60%,7.70%,0.00%,49.10%,50.20%,0.70%,0.00%
,,Out of workforce,52.90%,25.40%,21.70%,48.30%,49.70%,1.50%,0.50%,82.20%,15.60%,2.20%,0.00%,74.30%,24.40%,1.30%,0.00%,63.00%,30.30%,6.70%,0.00%,25.50%,68.90%,5.20%,0.10%,0.30%,0.00%,52.00%,36.50%,10.90%,0.60%,12.30%,69.40%,8.90%,0.80%,2.30%,6.10%,0.10%,31.30%,39.10%,27.20%,0.10%,2.40%,0.00%,0.00%,0.00%,0.00%,0.00%,0.00%,0.00%,0.00%,0.00%,0.00%,0.00%,0.00%,0.00%
,Per Capita Income Quintiles,Poorest 20%,66.30%,19.00%,14.70%,37.60%,60.80%,1.50%,0.20%,86.50%,13.30%,0.00%,0.20%,76.30%,23.50%,0.20%,0.00%,58.30%,38.80%,2.90%,0.00%,25.10%,67.60%,6.00%,0.50%,0.90%,0.00%,61.20%,32.90%,5.90%,0.00%,18.20%,62.50%,12.50%,0.50%,0.00%,6.10%,0.20%,34.80%,46.90%,17.30%,0.10%,0.80%,0.00%,70.30%,27.50%,2.20%,0.00%,69.50%,23.20%,7.30%,0.00%,61.90%,36.10%,2.00%,0.00%
,,Second 20%,57.20%,24.70%,18.10%,50.80%,47.00%,1.40%,0.80%,87.50%,11.10%,1.40%,0.00%,72.10%,25.80%,2.10%,0.00%,64.70%,28.20%,7.10%,0.00%,25.70%,63.30%,8.40%,0.10%,2.40%,0.00%,62.40%,26.50%,10.00%,1.10%,8.00%,72.60%,8.30%,0.90%,2.30%,8.00%,0.00%,27.00%,41.10%,31.70%,0.00%,0.10%,0.00%,86.70%,12.80%,0.40%,0.00%,80.80%,13.60%,5.60%,0.00%,57.30%,41.20%,1.60%,0.00%
,,Middle 20%,45.60%,21.90%,32.50%,32.80%,65.70%,1.50%,0.00%,85.10%,12.90%,2.00%,0.00%,79.60%,20.40%,0.00%,0.00%,66.60%,27.30%,6.10%,0.00%,20.20%,73.70%,4.30%,0.90%,0.70%,0.10%,60.90%,28.80%,10.30%,0.00%,12.00%,73.40%,5.20%,1.60%,0.80%,6.90%,0.10%,30.10%,36.40%,28.60%,0.10%,4.80%,0.00%,77.50%,16.90%,5.50%,0.00%,72.90%,25.50%,1.60%,0.00%,57.30%,38.00%,4.70%,0.00%
,,Fourth 20%,50.80%,15.30%,33.80%,36.70%,63.30%,0.00%,0.00%,89.50%,8.50%,1.90%,0.10%,81.30%,18.60%,0.10%,0.00%,69.50%,28.20%,2.20%,0.10%,36.10%,58.10%,3.60%,0.80%,1.50%,0.00%,61.90%,33.90%,3.30%,0.80%,15.00%,71.30%,7.10%,0.70%,2.10%,3.80%,0.00%,33.90%,41.70%,19.60%,1.10%,3.00%,0.80%,74.60%,22.30%,3.10%,0.00%,63.10%,30.60%,6.30%,0.00%,52.00%,45.90%,1.90%,0.20%
,,Richest 20%,45.70%,11.40%,42.90%,20.30%,78.90%,0.80%,0.00%,86.00%,10.90%,3.00%,0.00%,76.60%,23.30%,0.10%,0.00%,75.40%,22.20%,2.40%,0.00%,43.50%,50.30%,6.20%,0.00%,0.00%,0.00%,63.70%,29.40%,7.00%,0.00%,26.40%,63.50%,5.80%,2.20%,0.80%,0.30%,1.00%,39.70%,35.20%,22.70%,0.00%,2.50%,0.00%,77.70%,19.30%,2.90%,0.00%,78.50%,20.40%,0.80%,0.20%,57.60%,41.50%,0.90%,0.00%
,Feelings About Household Income,Living comfortably on present income,42.50%,4.00%,53.50%,12.20%,87.60%,0.10%,0.00%,98.00%,1.90%,0.00%,0.20%,83.60%,16.30%,0.10%,0.00%,86.50%,11.10%,2.40%,0.00%,43.30%,49.30%,6.30%,1.10%,0.00%,0.00%,76.30%,21.00%,2.70%,0.00%,23.60%,64.90%,6.00%,1.90%,0.80%,2.80%,0.00%,38.80%,36.00%,24.30%,0.00%,0.90%,0.00%,89.10%,9.00%,1.90%,0.00%,79.10%,17.90%,3.10%,0.00%,67.10%,31.70%,1.20%,0.00%
,,Getting by on present income,55.10%,12.50%,32.40%,32.60%,65.70%,1.70%,0.00%,89.40%,8.00%,2.60%,0.00%,79.80%,20.10%,0.10%,0.00%,71.60%,25.00%,3.40%,0.00%,30.60%,63.90%,4.20%,0.20%,1.20%,0.00%,64.10%,28.50%,6.60%,0.80%,15.40%,70.10%,8.00%,0.30%,0.90%,4.80%,0.50%,32.40%,41.00%,22.70%,0.60%,3.00%,0.40%,79.10%,18.10%,2.80%,0.00%,71.70%,24.20%,4.00%,0.10%,54.10%,43.40%,2.50%,0.10%
,,Finding it difficult on present income,55.90%,33.60%,10.50%,53.50%,44.70%,1.20%,0.60%,77.60%,20.10%,2.20%,0.00%,71.10%,27.20%,1.60%,0.00%,52.00%,42.60%,5.40%,0.00%,20.50%,70.60%,6.60%,0.60%,1.70%,0.10%,48.50%,39.10%,12.40%,0.00%,9.60%,75.80%,7.20%,2.00%,1.40%,4.00%,0.00%,33.30%,36.50%,27.00%,0.10%,3.10%,0.00%,68.10%,28.30%,3.60%,0.00%,64.70%,29.70%,5.60%,0.00%,58.00%,40.20%,1.80%,0.00%
,,Finding it very difficult on present income,58.30%,36.00%,5.70%,51.20%,48.40%,0.00%,0.30%,76.60%,23.20%,0.00%,0.20%,71.40%,28.60%,0.00%,0.00%,51.50%,44.60%,3.90%,0.00%,27.20%,65.70%,7.10%,0.00%,0.00%,0.00%,54.60%,37.10%,7.90%,0.30%,17.30%,57.60%,11.20%,1.50%,2.70%,9.40%,0.30%,24.00%,53.20%,22.80%,0.00%,0.00%,0.00%,44.90%,49.40%,5.70%,0.00%,73.60%,20.80%,5.70%,0.00%,41.80%,58.20%,0.00%,0.00%
,Urban/Rural,A rural area or on a farm,47.10%,21.40%,31.50%,39.50%,58.80%,1.70%,0.00%,84.80%,12.70%,2.50%,0.00%,73.40%,25.30%,1.30%,0.00%,65.90%,29.90%,4.10%,0.00%,26.70%,65.50%,5.50%,0.60%,1.50%,0.10%,60.60%,28.70%,9.90%,0.70%,14.10%,74.60%,4.40%,0.30%,0.90%,5.70%,0.00%,30.60%,42.30%,24.40%,0.00%,2.00%,0.70%,72.60%,24.10%,3.30%,0.00%,74.10%,22.30%,3.60%,0.00%,49.10%,47.20%,3.60%,0.00%
,,A small town or villAge,51.70%,19.20%,29.10%,40.60%,57.90%,1.50%,0.00%,86.30%,12.50%,1.20%,0.10%,81.20%,18.80%,0.00%,0.00%,64.10%,28.80%,7.10%,0.00%,25.30%,65.90%,6.80%,0.80%,1.30%,0.00%,62.20%,30.80%,6.80%,0.10%,11.60%,68.60%,8.10%,2.60%,3.30%,5.70%,0.10%,34.60%,35.00%,29.90%,0.00%,0.50%,0.00%,84.10%,13.50%,2.40%,0.00%,69.20%,23.90%,6.70%,0.30%,67.50%,30.80%,1.80%,0.00%
,,A large city,54.70%,16.30%,29.00%,29.70%,69.40%,0.40%,0.50%,88.30%,10.40%,1.20%,0.10%,77.00%,22.60%,0.40%,0.00%,68.10%,29.20%,2.60%,0.10%,35.30%,58.40%,5.30%,0.20%,0.80%,0.00%,61.70%,31.90%,6.00%,0.40%,18.90%,65.50%,9.40%,0.80%,0.10%,4.70%,0.50%,33.70%,40.50%,21.60%,0.60%,3.60%,0.00%,74.80%,21.90%,3.20%,0.00%,72.70%,23.90%,3.40%,0.00%,55.60%,43.30%,1.00%,0.10%
,,A suburb of a large city,73.90%,16.90%,9.20%,45.90%,54.10%,0.00%,0.00%,87.50%,5.80%,6.70%,0.00%,75.10%,24.90%,0.00%,0.00%,76.90%,22.10%,1.00%,0.00%,28.90%,66.00%,5.10%,0.00%,0.00%,0.00%,73.80%,19.50%,6.70%,0.00%,25.60%,66.20%,8.10%,0.00%,0.00%,0.00%,0.00%,34.30%,57.90%,6.90%,0.00%,0.80%,0.00%,88.70%,11.30%,0.00%,0.00%,89.80%,10.20%,0.00%,0.00%,60.20%,31.70%,8.10%,0.00%
Zimbabwe,Age,15-24,72.50%,17.80%,9.70%,15.10%,84.90%,0.00%,0.00%,80.70%,19.20%,0.10%,0.00%,72.60%,26.70%,0.70%,0.00%,67.80%,31.80%,0.20%,0.20%,27.70%,60.70%,11.50%,0.00%,0.00%,0.00%,27.20%,72.80%,0.00%,0.00%,28.00%,31.10%,40.60%,0.20%,0.00%,0.00%,0.20%,36.20%,33.10%,30.50%,0.00%,0.20%,0.00%,51.90%,46.00%,2.10%,0.00%,52.50%,45.10%,1.40%,1.00%,76.00%,22.90%,1.10%,0.00%
,,25-34,62.30%,30.80%,6.90%,23.60%,76.40%,0.00%,0.00%,68.90%,31.10%,0.00%,0.00%,75.30%,24.20%,0.40%,0.00%,63.00%,37.00%,0.00%,0.00%,28.70%,61.00%,9.50%,0.80%,0.00%,0.00%,16.90%,82.00%,1.00%,0.00%,13.00%,50.40%,35.20%,0.00%,0.20%,1.20%,0.00%,38.60%,28.80%,32.60%,0.00%,0.00%,0.00%,53.20%,45.80%,1.00%,0.00%,47.70%,47.30%,4.30%,0.70%,71.80%,27.60%,0.60%,0.00%
,,35-44,60.30%,37.70%,2.00%,22.70%,77.30%,0.00%,0.00%,60.60%,39.40%,0.00%,0.00%,67.70%,29.70%,2.70%,0.00%,57.30%,40.50%,1.80%,0.40%,29.70%,64.50%,5.80%,0.00%,0.00%,0.00%,14.60%,83.20%,2.30%,0.00%,14.00%,53.70%,30.50%,1.80%,0.00%,0.00%,0.00%,37.10%,33.80%,29.10%,0.00%,0.00%,0.00%,50.00%,47.50%,2.60%,0.00%,57.60%,41.10%,1.40%,0.00%,70.80%,29.20%,0.00%,0.00%
,,45-64,53.50%,42.80%,3.70%,49.90%,50.10%,0.00%,0.00%,67.70%,32.30%,0.00%,0.00%,81.80%,18.20%,0.00%,0.00%,62.00%,38.00%,0.00%,0.00%,23.00%,67.70%,9.40%,0.00%,0.00%,0.00%,15.00%,85.00%,0.00%,0.00%,5.30%,51.80%,40.40%,2.00%,0.50%,0.00%,0.00%,27.30%,31.00%,41.10%,0.00%,0.50%,0.00%,77.70%,22.30%,0.00%,0.00%,78.80%,21.20%,0.00%,0.00%,60.70%,39.30%,0.00%,0.00%
,,65+,58.60%,36.50%,5.00%,77.70%,22.30%,0.00%,0.00%,85.90%,14.10%,0.00%,0.00%,70.10%,29.20%,0.70%,0.00%,66.80%,32.50%,0.70%,0.00%,18.50%,67.20%,14.30%,0.00%,0.00%,0.00%,29.90%,70.10%,0.00%,0.00%,0.00%,38.50%,61.50%,0.00%,0.00%,0.00%,0.00%,22.70%,32.40%,44.20%,0.00%,0.70%,0.00%,71.90%,28.10%,0.00%,0.00%,68.30%,31.70%,0.00%,0.00%,74.40%,25.60%,0.00%,0.00%
,Gender,Male,62.50%,32.30%,5.20%,22.60%,77.40%,0.00%,0.00%,75.40%,24.60%,0.00%,0.00%,75.60%,23.90%,0.50%,0.00%,65.20%,34.40%,0.20%,0.30%,29.60%,59.50%,10.90%,0.00%,0.00%,0.00%,17.00%,82.20%,0.80%,0.00%,18.00%,47.70%,34.10%,0.10%,0.10%,0.00%,0.00%,35.00%,32.10%,32.80%,0.00%,0.10%,0.00%,53.30%,45.00%,1.70%,0.00%,55.70%,43.20%,0.70%,0.40%,69.30%,30.40%,0.30%,0.00%
,,Female,65.00%,27.60%,7.40%,30.80%,69.20%,0.00%,0.00%,68.40%,31.60%,0.00%,0.00%,72.40%,26.40%,1.20%,0.00%,62.10%,37.30%,0.70%,0.00%,25.10%,65.90%,8.50%,0.40%,0.00%,0.00%,22.80%,76.60%,0.60%,0.00%,15.10%,41.40%,41.40%,1.20%,0.20%,0.60%,0.10%,35.10%,31.30%,33.30%,0.00%,0.30%,0.00%,61.50%,37.40%,1.00%,0.00%,59.00%,36.60%,3.80%,0.50%,72.60%,26.70%,0.70%,0.00%
,Employment Status,Employed full time for an employer,64.00%,33.00%,2.90%,21.10%,78.90%,0.00%,0.00%,82.20%,17.80%,0.00%,0.00%,74.30%,25.70%,0.00%,0.00%,58.20%,41.80%,0.00%,0.00%,25.70%,63.10%,11.10%,0.00%,0.00%,0.00%,19.20%,80.60%,0.10%,0.00%,13.20%,44.20%,42.60%,0.00%,0.00%,0.00%,0.00%,40.10%,30.40%,29.50%,0.00%,0.00%,0.00%,53.20%,46.80%,0.00%,0.00%,53.70%,42.20%,4.20%,0.00%,73.80%,26.20%,0.00%,0.00%
,,Employed full time for self,63.10%,32.90%,3.90%,18.70%,81.30%,0.00%,0.00%,64.00%,36.00%,0.00%,0.00%,76.30%,22.70%,1.00%,0.00%,58.40%,41.50%,0.10%,0.00%,23.40%,62.80%,13.80%,0.00%,0.00%,0.00%,13.50%,86.20%,0.30%,0.00%,15.50%,54.80%,29.20%,0.30%,0.20%,0.00%,0.00%,41.70%,27.00%,31.30%,0.00%,0.00%,0.00%,54.80%,43.10%,2.10%,0.00%,58.30%,39.80%,1.30%,0.60%,63.20%,36.30%,0.50%,0.00%
,,Employed part time do not want full time,47.60%,40.10%,12.30%,50.20%,49.80%,0.00%,0.00%,92.20%,7.80%,0.00%,0.00%,82.10%,17.90%,0.00%,0.00%,74.00%,24.20%,0.00%,1.90%,27.10%,59.40%,8.20%,5.30%,0.00%,0.00%,29.90%,70.10%,0.00%,0.00%,14.30%,43.60%,42.00%,0.00%,0.00%,0.00%,0.00%,32.20%,24.80%,43.10%,0.00%,0.00%,0.00%,68.10%,30.00%,1.90%,0.00%,64.60%,33.50%,1.90%,0.00%,75.40%,22.70%,1.90%,0.00%
,,Unemployed,65.50%,26.00%,8.50%,23.30%,76.70%,0.00%,0.00%,70.70%,29.20%,0.10%,0.00%,61.90%,38.10%,0.00%,0.00%,59.00%,41.00%,0.00%,0.00%,29.10%,60.00%,10.90%,0.00%,0.00%,0.00%,17.50%,79.50%,3.10%,0.00%,9.60%,40.90%,49.50%,0.00%,0.00%,0.00%,0.00%,29.00%,28.60%,42.40%,0.00%,0.00%,0.00%,0.00%,0.00%,0.00%,0.00%,0.00%,0.00%,0.00%,0.00%,0.00%,0.00%,0.00%,0.00%
,,Employed part time want full time,70.70%,25.50%,3.90%,33.30%,66.70%,0.00%,0.00%,77.90%,22.10%,0.00%,0.00%,81.40%,17.50%,1.00%,0.00%,64.40%,35.00%,0.20%,0.40%,32.50%,61.00%,6.50%,0.00%,0.00%,0.00%,17.00%,81.70%,1.30%,0.00%,13.70%,41.90%,40.20%,2.10%,0.00%,2.10%,0.00%,33.30%,36.50%,30.00%,0.00%,0.20%,0.00%,59.30%,39.20%,1.50%,0.00%,56.20%,41.70%,1.40%,0.80%,77.40%,22.10%,0.40%,0.00%
,,Out of workforce,62.40%,28.80%,8.70%,30.00%,70.00%,0.00%,0.00%,67.90%,32.10%,0.00%,0.00%,72.80%,25.80%,1.50%,0.00%,68.90%,29.90%,1.10%,0.00%,27.00%,65.40%,7.60%,0.00%,0.00%,0.00%,25.80%,74.20%,0.00%,0.00%,22.60%,40.50%,35.50%,1.00%,0.20%,0.00%,0.20%,32.70%,35.00%,31.90%,0.00%,0.40%,0.00%,0.00%,0.00%,0.00%,0.00%,0.00%,0.00%,0.00%,0.00%,0.00%,0.00%,0.00%,0.00%
,Per Capita Income Quintiles,Poorest 20%,58.40%,36.00%,5.60%,40.80%,59.20%,0.00%,0.00%,64.20%,35.70%,0.10%,0.00%,76.00%,22.20%,1.90%,0.00%,55.70%,42.40%,1.90%,0.00%,25.40%,64.30%,10.30%,0.00%,0.00%,0.00%,11.80%,87.60%,0.60%,0.00%,11.20%,49.20%,37.60%,1.60%,0.40%,0.00%,0.00%,38.90%,34.20%,26.40%,0.00%,0.40%,0.00%,55.30%,40.20%,4.60%,0.00%,45.40%,53.80%,0.70%,0.00%,63.60%,35.60%,0.70%,0.00%
,,Second 20%,51.00%,44.10%,4.90%,33.50%,66.50%,0.00%,0.00%,69.90%,30.10%,0.00%,0.00%,70.10%,29.90%,0.00%,0.00%,53.20%,46.80%,0.00%,0.00%,28.80%,63.70%,7.50%,0.00%,0.00%,0.00%,12.50%,87.50%,0.00%,0.00%,15.20%,40.20%,44.60%,0.00%,0.00%,0.00%,0.00%,32.90%,33.20%,33.90%,0.00%,0.00%,0.00%,52.90%,45.00%,2.10%,0.00%,54.10%,41.00%,3.60%,1.30%,75.50%,23.70%,0.80%,0.00%
,,Middle 20%,70.70%,26.50%,2.80%,23.10%,76.90%,0.00%,0.00%,75.70%,24.30%,0.00%,0.00%,77.20%,22.30%,0.40%,0.00%,63.50%,36.50%,0.00%,0.00%,26.50%,58.80%,14.60%,0.00%,0.00%,0.00%,19.60%,77.40%,3.00%,0.00%,16.20%,42.00%,38.60%,1.60%,0.00%,1.60%,0.00%,40.40%,25.30%,34.30%,0.00%,0.00%,0.00%,49.10%,50.50%,0.40%,0.00%,57.70%,41.90%,0.40%,0.00%,71.70%,28.30%,0.00%,0.00%
,,Fourth 20%,72.50%,20.10%,7.40%,18.00%,82.00%,0.00%,0.00%,73.80%,26.20%,0.00%,0.00%,77.80%,20.60%,1.50%,0.00%,72.70%,26.40%,0.20%,0.70%,25.80%,66.90%,6.30%,1.10%,0.00%,0.00%,23.00%,77.00%,0.00%,0.00%,20.00%,48.30%,31.70%,0.00%,0.00%,0.00%,0.00%,39.80%,28.60%,31.40%,0.00%,0.10%,0.00%,61.50%,37.50%,1.00%,0.00%,61.80%,34.20%,3.00%,1.00%,66.80%,32.30%,0.80%,0.00%
,,Richest 20%,66.70%,22.20%,11.10%,19.50%,80.50%,0.00%,0.00%,74.90%,25.10%,0.00%,0.00%,68.50%,31.00%,0.50%,0.00%,72.40%,27.60%,0.00%,0.00%,29.70%,60.80%,9.50%,0.00%,0.00%,0.00%,33.20%,66.80%,0.00%,0.00%,19.60%,42.20%,37.40%,0.30%,0.20%,0.00%,0.30%,23.30%,37.00%,39.40%,0.00%,0.30%,0.00%,64.60%,35.40%,0.00%,0.00%,63.00%,34.50%,2.40%,0.00%,75.40%,24.60%,0.00%,0.00%
,Feelings About Household Income,Living comfortably on present income,75.40%,1.80%,22.80%,5.60%,94.40%,0.00%,0.00%,85.10%,14.90%,0.00%,0.00%,70.80%,29.20%,0.00%,0.00%,97.30%,2.70%,0.00%,0.00%,26.70%,70.40%,2.80%,0.00%,0.00%,0.00%,60.70%,39.30%,0.00%,0.00%,16.10%,27.60%,54.20%,0.00%,0.00%,0.00%,2.10%,31.10%,42.30%,26.60%,0.00%,0.00%,0.00%,96.10%,3.90%,0.00%,0.00%,91.10%,8.90%,0.00%,0.00%,96.30%,3.70%,0.00%,0.00%
,,Getting by on present income,78.60%,6.30%,15.10%,13.20%,86.80%,0.00%,0.00%,89.70%,10.10%,0.20%,0.00%,83.60%,15.60%,0.90%,0.00%,74.20%,25.80%,0.00%,0.00%,25.70%,56.80%,17.60%,0.00%,0.00%,0.00%,43.60%,54.60%,1.90%,0.00%,29.90%,41.50%,28.50%,0.00%,0.00%,0.00%,0.00%,34.00%,24.00%,42.00%,0.00%,0.00%,0.00%,81.30%,18.70%,0.00%,0.00%,72.40%,23.70%,3.80%,0.00%,76.90%,23.10%,0.00%,0.00%
,,Finding it difficult on present income,72.70%,21.00%,6.40%,22.10%,77.90%,0.00%,0.00%,75.40%,24.60%,0.00%,0.00%,71.10%,27.40%,1.50%,0.00%,69.70%,29.30%,1.00%,0.00%,28.60%,66.00%,5.40%,0.00%,0.00%,0.00%,20.30%,78.90%,0.80%,0.00%,13.40%,46.40%,39.20%,1.00%,0.00%,0.00%,0.00%,34.60%,32.90%,32.30%,0.00%,0.20%,0.00%,59.70%,39.40%,1.00%,0.00%,59.60%,36.90%,2.90%,0.60%,73.80%,25.30%,0.80%,0.00%
,,Finding it very difficult on present income,52.20%,44.40%,3.50%,35.10%,64.90%,0.00%,0.00%,64.00%,36.00%,0.00%,0.00%,74.20%,25.40%,0.40%,0.00%,54.40%,45.30%,0.10%,0.30%,26.50%,61.40%,11.70%,0.50%,0.00%,0.00%,12.40%,87.20%,0.40%,0.00%,15.90%,44.30%,38.20%,0.70%,0.30%,0.70%,0.00%,35.90%,31.80%,32.10%,0.00%,0.20%,0.00%,45.90%,51.80%,2.30%,0.00%,49.20%,49.40%,1.00%,0.50%,65.10%,34.70%,0.30%,0.00%
,Urban/Rural,A rural area or on a farm,59.30%,36.60%,4.10%,36.60%,63.40%,0.00%,0.00%,71.10%,28.90%,0.00%,0.00%,71.60%,27.30%,1.10%,0.00%,60.70%,38.50%,0.80%,0.00%,34.00%,57.50%,8.50%,0.00%,0.00%,0.00%,18.90%,81.10%,0.00%,0.00%,14.20%,45.70%,37.60%,1.70%,0.00%,0.80%,0.00%,41.20%,29.40%,29.30%,0.00%,0.10%,0.00%,62.40%,35.30%,2.30%,0.00%,56.20%,41.90%,1.30%,0.50%,70.10%,29.50%,0.30%,0.00%
,,A small town or villAge,71.10%,23.20%,5.70%,20.50%,79.50%,0.00%,0.00%,69.60%,30.30%,0.10%,0.00%,76.40%,23.20%,0.40%,0.00%,66.40%,33.20%,0.40%,0.00%,20.10%,69.40%,10.50%,0.00%,0.00%,0.00%,22.50%,75.00%,2.50%,0.00%,17.60%,40.20%,42.20%,0.00%,0.00%,0.00%,0.00%,30.20%,38.50%,31.40%,0.00%,0.00%,0.00%,54.60%,44.80%,0.60%,0.00%,61.70%,37.70%,0.60%,0.00%,72.30%,27.10%,0.60%,0.00%
,,A large city,65.90%,22.00%,12.10%,18.00%,82.00%,0.00%,0.00%,73.70%,26.30%,0.00%,0.00%,77.50%,21.80%,0.70%,0.00%,70.20%,27.10%,0.00%,2.70%,18.60%,64.50%,12.90%,4.10%,0.00%,0.00%,29.10%,70.60%,0.30%,0.00%,21.20%,38.40%,40.40%,0.00%,0.00%,0.00%,0.00%,26.40%,35.00%,38.60%,0.00%,0.00%,0.00%,59.30%,36.70%,4.00%,0.00%,63.50%,32.50%,0.00%,4.00%,67.90%,32.10%,0.00%,0.00%
,,A suburb of a large city,65.10%,26.20%,8.70%,19.90%,80.10%,0.00%,0.00%,73.40%,26.60%,0.00%,0.00%,74.80%,24.30%,0.80%,0.00%,64.40%,35.60%,0.10%,0.00%,24.30%,65.60%,10.00%,0.00%,0.00%,0.00%,18.70%,80.70%,0.60%,0.00%,17.90%,46.10%,35.50%,0.00%,0.40%,0.00%,0.20%,31.70%,30.00%,38.00%,0.00%,0.30%,0.00%,50.20%,49.50%,0.30%,0.00%,54.30%,41.40%,4.20%,0.00%,71.00%,28.40%,0.60%,0.00%
Albania,Age,15-24,46.40%,3.30%,50.20%,7.20%,91.80%,1.00%,0.00%,88.20%,11.80%,0.00%,0.00%,74.60%,25.10%,0.20%,0.00%,87.60%,12.40%,0.00%,0.00%,22.90%,63.40%,12.70%,0.60%,0.40%,0.00%,68.80%,26.20%,5.00%,0.00%,18.30%,67.20%,10.20%,1.50%,1.40%,1.40%,0.00%,61.10%,13.60%,24.30%,0.00%,1.00%,0.00%,83.60%,15.50%,1.00%,0.00%,63.70%,34.60%,1.70%,0.00%,54.80%,45.20%,0.00%,0.00%
,,25-34,60.10%,12.10%,27.70%,8.00%,92.00%,0.00%,0.00%,75.10%,23.00%,2.00%,0.00%,67.60%,27.30%,5.20%,0.00%,82.50%,17.20%,0.20%,0.00%,10.10%,79.30%,10.00%,0.40%,0.20%,0.00%,64.40%,32.00%,3.70%,0.00%,12.70%,79.00%,7.60%,0.20%,0.30%,0.30%,0.00%,61.40%,17.00%,21.60%,0.00%,0.00%,0.00%,86.30%,13.10%,0.60%,0.00%,60.50%,32.60%,6.80%,0.00%,41.40%,54.60%,4.10%,0.00%
,,35-44,64.00%,20.40%,15.60%,21.70%,78.30%,0.00%,0.00%,65.90%,28.20%,5.80%,0.00%,67.50%,28.40%,4.10%,0.00%,85.90%,12.90%,1.20%,0.00%,4.70%,88.00%,7.10%,0.00%,0.20%,0.00%,56.10%,37.50%,6.40%,0.00%,7.70%,83.50%,7.10%,0.20%,0.20%,1.40%,0.00%,47.30%,14.30%,36.40%,0.00%,1.90%,0.00%,90.50%,9.50%,0.00%,0.00%,71.10%,28.20%,0.70%,0.00%,37.40%,62.60%,0.00%,0.00%
,,45-64,60.40%,17.50%,22.00%,43.50%,56.30%,0.20%,0.00%,60.30%,36.30%,3.30%,0.00%,70.80%,27.40%,1.80%,0.00%,84.40%,13.80%,1.80%,0.00%,3.80%,92.90%,3.10%,0.00%,0.20%,0.00%,65.40%,23.80%,10.80%,0.00%,10.60%,77.90%,9.40%,0.90%,0.60%,0.60%,0.00%,70.40%,8.00%,21.10%,0.60%,0.00%,0.00%,83.70%,13.10%,3.20%,0.00%,64.00%,28.90%,7.10%,0.00%,31.90%,65.30%,2.80%,0.00%
,,65+,53.20%,28.20%,18.60%,78.00%,22.00%,0.00%,0.00%,55.60%,44.40%,0.00%,0.00%,76.10%,23.90%,0.00%,0.00%,80.90%,19.10%,0.00%,0.00%,1.90%,92.20%,4.20%,0.00%,1.70%,0.00%,48.50%,33.20%,18.30%,0.00%,7.60%,65.10%,19.90%,2.30%,0.00%,5.00%,0.00%,64.20%,8.70%,25.50%,0.00%,1.70%,0.00%,94.90%,0.00%,5.10%,0.00%,76.00%,24.00%,0.00%,0.00%,54.50%,45.50%,0.00%,0.00%
,Gender,Male,57.40%,18.10%,24.50%,22.80%,77.10%,0.10%,0.00%,70.30%,28.10%,1.50%,0.00%,72.10%,25.40%,2.50%,0.00%,86.30%,13.30%,0.40%,0.00%,12.10%,79.80%,7.20%,0.40%,0.50%,0.00%,63.30%,30.40%,6.30%,0.00%,12.70%,73.20%,10.90%,1.30%,0.50%,1.50%,0.00%,63.60%,14.20%,21.80%,0.00%,0.50%,0.00%,86.90%,11.50%,1.50%,0.00%,68.40%,28.30%,3.30%,0.00%,43.10%,54.30%,2.60%,0.00%
,,Female,55.90%,12.10%,32.00%,38.50%,61.00%,0.50%,0.00%,68.50%,28.50%,3.00%,0.00%,70.70%,27.60%,1.80%,0.00%,82.90%,16.00%,1.10%,0.00%,6.10%,86.10%,7.30%,0.00%,0.50%,0.00%,60.90%,28.20%,10.90%,0.00%,10.90%,76.20%,9.90%,0.80%,0.70%,1.50%,0.00%,60.60%,9.60%,28.30%,0.30%,1.10%,0.00%,84.40%,13.90%,1.70%,0.00%,58.40%,35.10%,6.50%,0.00%,36.30%,63.20%,0.50%,0.00%
,Employment Status,Employed full time for an employer,59.00%,12.40%,28.70%,14.40%,85.60%,0.00%,0.00%,75.50%,21.20%,3.30%,0.00%,71.70%,27.10%,1.20%,0.00%,84.60%,14.40%,1.00%,0.00%,13.50%,75.50%,10.20%,0.60%,0.20%,0.00%,72.50%,20.70%,6.80%,0.00%,17.70%,73.70%,7.40%,0.80%,0.20%,0.20%,0.00%,64.60%,13.40%,22.00%,0.00%,0.00%,0.00%,83.50%,15.70%,0.80%,0.00%,68.20%,27.70%,4.10%,0.00%,42.50%,55.90%,1.60%,0.00%
,,Employed full time for self,63.60%,12.60%,23.80%,25.10%,74.50%,0.40%,0.00%,77.70%,19.40%,2.80%,0.00%,71.10%,26.60%,2.20%,0.00%,86.50%,12.40%,1.10%,0.00%,5.00%,86.90%,7.90%,0.00%,0.30%,0.00%,58.90%,33.20%,8.00%,0.00%,13.20%,76.00%,9.10%,1.70%,0.00%,0.00%,0.00%,64.50%,11.60%,23.80%,0.00%,0.00%,0.00%,88.10%,9.20%,2.70%,0.00%,65.00%,30.30%,4.60%,0.00%,38.30%,58.30%,3.40%,0.00%
,,Employed part time do not want full time,56.90%,13.30%,29.80%,23.10%,76.90%,0.00%,0.00%,84.20%,10.70%,5.10%,0.00%,71.40%,21.70%,6.90%,0.00%,89.40%,10.60%,0.00%,0.00%,12.60%,84.30%,3.10%,0.00%,0.00%,0.00%,67.80%,18.60%,13.60%,0.00%,9.10%,68.00%,22.90%,0.00%,0.00%,0.00%,0.00%,73.80%,10.50%,15.60%,0.00%,0.00%,0.00%,98.20%,1.80%,0.00%,0.00%,51.80%,44.70%,3.40%,0.00%,39.50%,60.50%,0.00%,0.00%
,,Unemployed,66.50%,8.20%,25.30%,18.60%,81.40%,0.00%,0.00%,61.30%,38.70%,0.00%,0.00%,66.00%,29.30%,4.80%,0.00%,88.20%,11.80%,0.00%,0.00%,8.00%,76.90%,15.10%,0.00%,0.00%,0.00%,54.00%,43.90%,2.00%,0.00%,18.20%,70.00%,6.10%,1.10%,4.00%,0.70%,0.00%,58.30%,16.50%,25.20%,0.00%,0.00%,0.00%,0.00%,0.00%,0.00%,0.00%,0.00%,0.00%,0.00%,0.00%,0.00%,0.00%,0.00%,0.00%
,,Employed part time want full time,58.50%,20.90%,20.60%,24.30%,75.70%,0.00%,0.00%,73.40%,25.30%,1.30%,0.00%,65.20%,34.20%,0.70%,0.00%,87.90%,12.10%,0.00%,0.00%,13.60%,83.30%,1.60%,1.40%,0.00%,0.00%,64.80%,32.00%,3.10%,0.00%,15.50%,76.30%,4.40%,0.00%,2.70%,1.10%,0.00%,56.60%,21.50%,18.10%,0.00%,3.80%,0.00%,82.60%,14.80%,2.50%,0.00%,61.60%,33.00%,5.40%,0.00%,42.00%,58.00%,0.00%,0.00%
,,Out of workforce,50.50%,18.30%,31.20%,43.90%,55.60%,0.50%,0.00%,63.70%,34.30%,2.10%,0.00%,73.20%,25.00%,1.80%,0.00%,82.40%,16.70%,0.90%,0.00%,7.80%,86.10%,5.20%,0.00%,0.90%,0.00%,59.20%,29.40%,11.40%,0.00%,7.10%,75.90%,12.90%,1.10%,0.00%,2.90%,0.00%,60.70%,9.10%,28.60%,0.40%,1.20%,0.00%,0.00%,0.00%,0.00%,0.00%,0.00%,0.00%,0.00%,0.00%,0.00%,0.00%,0.00%,0.00%
,Per Capita Income Quintiles,Poorest 20%,55.60%,18.80%,25.60%,33.60%,66.40%,0.00%,0.00%,54.60%,43.50%,1.90%,0.00%,68.70%,27.00%,4.30%,0.00%,82.90%,17.10%,0.00%,0.00%,8.90%,81.50%,8.80%,0.40%,0.40%,0.00%,59.20%,33.00%,7.70%,0.00%,5.70%,83.00%,6.40%,1.70%,2.00%,1.10%,0.00%,55.00%,17.20%,26.20%,0.80%,0.80%,0.00%,76.70%,19.00%,4.30%,0.00%,54.90%,34.60%,10.50%,0.00%,34.70%,56.20%,9.00%,0.00%
,,Second 20%,56.80%,23.40%,19.90%,32.50%,66.30%,1.10%,0.00%,63.10%,32.20%,4.70%,0.00%,66.60%,31.90%,1.50%,0.00%,82.70%,14.30%,3.00%,0.00%,3.70%,90.70%,5.40%,0.00%,0.20%,0.00%,59.40%,30.70%,9.90%,0.00%,8.40%,81.50%,8.50%,0.00%,0.00%,1.60%,0.00%,62.60%,8.30%,28.20%,0.00%,0.80%,0.00%,79.00%,17.60%,3.40%,0.00%,55.00%,42.30%,2.70%,0.00%,29.60%,70.40%,0.00%,0.00%
,,Middle 20%,57.80%,19.20%,22.90%,31.60%,68.10%,0.30%,0.00%,72.70%,24.10%,3.20%,0.00%,66.20%,30.80%,3.00%,0.00%,81.30%,17.90%,0.80%,0.00%,8.20%,85.10%,5.10%,0.30%,1.20%,0.00%,57.90%,28.30%,13.80%,0.00%,17.50%,70.40%,9.60%,0.00%,0.60%,1.80%,0.00%,69.40%,9.50%,19.90%,0.00%,1.20%,0.00%,88.90%,11.10%,0.00%,0.00%,75.60%,23.00%,1.30%,0.00%,42.10%,57.90%,0.00%,0.00%
,,Fourth 20%,60.50%,9.30%,30.10%,37.40%,62.60%,0.00%,0.00%,69.60%,29.00%,1.40%,0.00%,77.30%,21.30%,1.40%,0.00%,85.90%,14.10%,0.00%,0.00%,8.20%,85.10%,6.70%,0.00%,0.00%,0.00%,63.00%,34.30%,2.70%,0.00%,10.30%,70.50%,17.70%,0.00%,0.20%,1.20%,0.00%,59.90%,14.80%,24.10%,0.00%,1.20%,0.00%,91.00%,7.30%,1.60%,0.00%,63.40%,33.50%,3.10%,0.00%,48.30%,50.50%,1.20%,0.00%
,,Richest 20%,52.60%,5.60%,41.80%,18.60%,81.40%,0.00%,0.00%,86.60%,13.00%,0.30%,0.00%,78.00%,21.50%,0.50%,0.00%,90.20%,9.80%,0.00%,0.00%,16.20%,72.70%,10.20%,0.30%,0.60%,0.00%,70.80%,20.20%,9.00%,0.00%,16.80%,68.20%,9.80%,3.50%,0.00%,1.70%,0.00%,63.40%,9.60%,27.00%,0.00%,0.00%,0.00%,89.90%,10.10%,0.00%,0.00%,70.10%,24.50%,5.40%,0.00%,44.30%,54.80%,0.90%,0.00%
,Feelings About Household Income,Living comfortably on present income,40.50%,0.90%,58.60%,18.10%,81.90%,0.00%,0.00%,92.50%,7.50%,0.00%,0.00%,73.00%,26.00%,1.00%,0.00%,93.80%,6.20%,0.00%,0.00%,14.70%,71.40%,13.60%,0.40%,0.00%,0.00%,74.20%,16.80%,9.00%,0.00%,20.80%,63.90%,13.30%,2.00%,0.00%,0.00%,0.00%,62.60%,12.80%,24.60%,0.00%,0.00%,0.00%,96.90%,3.10%,0.00%,0.00%,79.60%,19.00%,1.40%,0.00%,58.90%,40.10%,1.00%,0.00%
,,Getting by on present income,57.20%,8.40%,34.50%,21.10%,78.60%,0.20%,0.00%,81.60%,17.50%,0.90%,0.00%,80.60%,17.20%,2.20%,0.00%,92.00%,7.30%,0.70%,0.00%,11.20%,79.70%,8.30%,0.20%,0.60%,0.00%,69.70%,24.20%,6.10%,0.00%,13.50%,76.90%,7.00%,0.50%,1.10%,0.90%,0.00%,61.50%,12.80%,25.00%,0.00%,0.80%,0.00%,88.80%,11.20%,0.00%,0.00%,65.30%,28.70%,6.00%,0.00%,38.50%,60.80%,0.70%,0.00%
,,Finding it difficult on present income,59.30%,16.10%,24.60%,37.70%,61.40%,1.00%,0.00%,66.20%,29.50%,4.30%,0.00%,70.20%,26.90%,2.90%,0.00%,85.00%,15.00%,0.00%,0.00%,5.00%,90.40%,4.20%,0.40%,0.00%,0.00%,58.10%,30.50%,11.50%,0.00%,8.80%,77.00%,11.10%,0.70%,0.00%,2.30%,0.00%,66.80%,7.10%,24.70%,0.70%,0.70%,0.00%,83.30%,12.70%,3.90%,0.00%,62.40%,31.30%,6.30%,0.00%,40.50%,54.70%,4.80%,0.00%
,,Finding it very difficult on present income,61.00%,27.80%,11.20%,40.40%,59.60%,0.00%,0.00%,51.20%,45.70%,3.10%,0.00%,63.10%,34.90%,2.00%,0.00%,73.30%,25.00%,1.80%,0.00%,7.60%,85.40%,6.00%,0.00%,1.00%,0.00%,52.80%,38.20%,9.00%,0.00%,9.00%,75.00%,11.80%,1.40%,0.70%,2.10%,0.00%,58.50%,14.50%,25.70%,0.00%,1.20%,0.00%,77.80%,19.40%,2.80%,0.00%,58.10%,39.40%,2.50%,0.00%,33.60%,64.80%,1.60%,0.00%
,Urban/Rural,A rural area or on a farm,50.90%,23.90%,25.20%,40.30%,59.70%,0.00%,0.00%,60.80%,37.70%,1.50%,0.00%,70.40%,27.30%,2.20%,0.00%,84.60%,15.40%,0.00%,0.00%,5.10%,89.10%,4.90%,0.00%,1.00%,0.00%,55.90%,31.30%,12.80%,0.00%,10.00%,73.50%,10.30%,2.40%,0.40%,3.40%,0.00%,58.40%,12.80%,27.20%,0.00%,1.60%,0.00%,85.60%,14.40%,0.00%,0.00%,64.50%,32.20%,3.30%,0.00%,34.80%,61.50%,3.70%,0.00%
,,A small town or villAge,57.90%,13.90%,28.10%,31.30%,68.70%,0.00%,0.00%,72.50%,24.90%,2.60%,0.00%,70.80%,27.20%,2.00%,0.00%,83.40%,15.50%,1.10%,0.00%,6.70%,85.70%,7.40%,0.00%,0.20%,0.00%,65.80%,27.40%,6.90%,0.00%,11.90%,74.50%,11.50%,0.20%,0.50%,1.40%,0.00%,63.70%,12.80%,23.00%,0.50%,0.00%,0.00%,88.40%,10.20%,1.50%,0.00%,65.70%,30.10%,4.20%,0.00%,44.80%,54.80%,0.40%,0.00%
,,A large city,57.60%,10.90%,31.50%,23.80%,75.30%,0.80%,0.00%,74.90%,22.60%,2.60%,0.00%,71.60%,26.40%,1.90%,0.00%,85.60%,13.60%,0.80%,0.00%,15.40%,73.60%,10.60%,0.20%,0.10%,0.00%,62.50%,30.80%,6.70%,0.00%,15.20%,73.00%,9.40%,1.40%,0.30%,0.60%,0.00%,65.50%,10.60%,23.00%,0.00%,0.90%,0.00%,82.30%,15.80%,1.90%,0.00%,67.10%,31.30%,1.60%,0.00%,42.60%,56.10%,1.30%,0.00%
,,A suburb of a large city,61.40%,11.90%,26.80%,26.10%,73.50%,0.50%,0.00%,66.30%,31.30%,2.40%,0.00%,73.90%,23.60%,2.50%,0.00%,85.50%,13.30%,1.20%,0.00%,9.70%,83.80%,4.60%,1.10%,0.90%,0.00%,63.00%,27.50%,9.50%,0.00%,8.10%,80.40%,9.80%,0.00%,1.70%,0.00%,0.00%,58.00%,10.40%,30.40%,0.00%,1.10%,0.00%,89.90%,6.40%,3.80%,0.00%,59.10%,27.90%,13.00%,0.00%,36.50%,59.80%,3.70%,0.00%
Austria,Age,15-24,23.60%,2.40%,74.00%,6.30%,93.70%,0.00%,0.00%,96.80%,3.20%,0.00%,0.00%,78.70%,21.30%,0.00%,0.00%,91.90%,3.70%,4.40%,0.00%,27.70%,60.80%,6.00%,1.10%,4.40%,0.00%,84.50%,15.50%,0.00%,0.00%,25.70%,45.50%,20.00%,6.60%,2.10%,0.00%,0.00%,24.20%,56.60%,18.30%,0.90%,0.00%,0.00%,91.70%,8.30%,0.00%,0.00%,61.50%,38.50%,0.00%,0.00%,65.70%,32.60%,1.80%,0.00%
,,25-34,32.80%,0.00%,67.20%,10.20%,89.80%,0.00%,0.00%,92.60%,7.40%,0.00%,0.00%,78.20%,21.80%,0.00%,0.00%,92.70%,7.30%,0.00%,0.00%,17.70%,73.70%,8.30%,0.30%,0.00%,0.00%,84.00%,13.40%,2.60%,0.00%,35.80%,49.10%,9.20%,3.80%,2.10%,0.00%,0.00%,9.30%,70.30%,15.50%,4.20%,0.70%,0.00%,81.30%,16.10%,2.20%,0.40%,83.70%,16.10%,0.20%,0.00%,77.30%,22.10%,0.60%,0.00%
,,35-44,37.70%,6.60%,55.60%,9.20%,90.80%,0.00%,0.00%,97.50%,2.50%,0.00%,0.00%,58.00%,40.80%,0.50%,0.70%,88.40%,7.40%,4.20%,0.00%,13.30%,74.90%,11.00%,0.60%,0.30%,0.00%,82.40%,15.10%,2.50%,0.00%,20.20%,56.50%,17.10%,3.20%,2.80%,0.20%,0.00%,18.60%,59.30%,19.60%,1.80%,0.70%,0.00%,84.00%,11.60%,1.40%,3.10%,68.10%,21.40%,10.40%,0.20%,63.90%,34.40%,1.70%,0.00%
,,45-64,45.60%,1.20%,53.10%,21.20%,78.80%,0.00%,0.00%,88.40%,11.20%,0.50%,0.00%,73.80%,25.70%,0.50%,0.00%,91.50%,5.90%,2.60%,0.00%,16.20%,76.30%,6.40%,1.00%,0.10%,0.00%,77.70%,19.10%,2.20%,1.00%,43.00%,42.30%,7.20%,4.50%,3.00%,0.00%,0.10%,14.20%,47.20%,36.80%,1.40%,0.40%,0.00%,89.50%,8.80%,0.90%,0.70%,76.80%,22.40%,0.80%,0.00%,63.90%,33.50%,2.60%,0.00%
,,65+,54.50%,5.10%,40.40%,51.90%,48.10%,0.00%,0.00%,91.10%,8.90%,0.00%,0.00%,72.50%,26.90%,0.00%,0.60%,93.60%,5.30%,1.10%,0.00%,14.40%,74.60%,9.40%,1.40%,0.20%,0.00%,92.60%,6.70%,0.70%,0.00%,37.70%,46.80%,7.80%,4.10%,0.10%,3.50%,0.00%,25.70%,48.30%,21.00%,2.60%,2.30%,0.00%,78.00%,8.30%,13.70%,0.00%,57.10%,29.20%,0.00%,13.70%,58.50%,36.90%,0.00%,4.50%
,Gender,Male,39.60%,4.30%,56.10%,19.00%,81.00%,0.00%,0.00%,92.10%,7.60%,0.20%,0.00%,66.70%,33.00%,0.30%,0.00%,89.30%,8.30%,2.30%,0.00%,18.10%,72.80%,8.70%,0.20%,0.20%,0.00%,81.00%,15.20%,3.10%,0.70%,36.70%,46.50%,9.60%,5.50%,1.70%,0.10%,0.00%,17.70%,55.00%,24.40%,2.30%,0.60%,0.00%,85.50%,11.80%,1.40%,1.30%,73.60%,22.30%,4.10%,0.10%,63.40%,35.40%,1.20%,0.00%
,,Female,42.60%,1.60%,55.80%,24.50%,75.50%,0.00%,0.00%,92.50%,7.40%,0.10%,0.00%,77.20%,22.10%,0.20%,0.50%,93.80%,3.80%,2.50%,0.00%,16.20%,73.50%,7.40%,1.60%,1.20%,0.00%,86.00%,13.70%,0.30%,0.00%,32.30%,47.90%,12.60%,3.30%,2.50%,1.40%,0.00%,18.40%,53.80%,24.80%,1.90%,1.10%,0.00%,87.10%,9.90%,2.10%,0.80%,74.10%,23.30%,1.40%,1.20%,70.70%,26.40%,2.50%,0.40%
,Employment Status,Employed full time for an employer,32.70%,1.60%,65.70%,10.00%,90.00%,0.00%,0.00%,93.60%,6.40%,0.00%,0.00%,66.80%,32.40%,0.50%,0.30%,91.10%,6.20%,2.70%,0.00%,15.50%,77.20%,6.80%,0.40%,0.10%,0.00%,83.10%,14.40%,1.70%,0.80%,30.80%,53.10%,8.10%,6.00%,2.10%,0.10%,0.00%,17.20%,57.40%,23.40%,1.70%,0.40%,0.00%,86.20%,11.50%,1.00%,1.40%,74.70%,21.80%,3.40%,0.10%,64.50%,33.20%,2.40%,0.00%
,,Employed full time for self,38.10%,0.90%,61.10%,19.80%,80.20%,0.00%,0.00%,90.40%,9.60%,0.00%,0.00%,61.20%,36.80%,0.00%,2.00%,97.50%,2.20%,0.30%,0.00%,15.50%,73.70%,10.80%,0.00%,0.00%,0.00%,91.60%,7.60%,0.70%,0.00%,42.70%,39.10%,15.10%,1.30%,1.80%,0.00%,0.00%,16.10%,36.20%,40.40%,5.40%,1.90%,0.00%,84.20%,14.10%,0.00%,1.70%,80.80%,19.20%,0.00%,0.00%,72.50%,27.50%,0.00%,0.00%
,,Employed part time do not want full time,46.10%,2.90%,50.90%,22.20%,77.80%,0.00%,0.00%,93.80%,6.20%,0.00%,0.00%,79.70%,20.30%,0.00%,0.00%,85.50%,6.80%,7.70%,0.00%,27.70%,62.10%,10.30%,0.00%,0.00%,0.00%,74.10%,23.80%,2.10%,0.00%,33.90%,52.90%,11.60%,1.10%,0.50%,0.00%,0.00%,15.40%,56.00%,26.20%,2.30%,0.00%,0.00%,91.50%,4.60%,3.90%,0.00%,73.90%,20.90%,1.60%,3.60%,69.60%,28.20%,1.00%,1.20%
,,Unemployed,46.50%,10.60%,42.90%,30.50%,69.50%,0.00%,0.00%,81.70%,14.90%,3.30%,0.00%,71.70%,28.30%,0.00%,0.00%,90.50%,9.50%,0.00%,0.00%,21.20%,60.90%,9.60%,0.00%,8.30%,0.00%,52.10%,38.70%,9.20%,0.00%,36.80%,49.70%,3.20%,0.00%,10.30%,0.00%,0.00%,15.70%,48.00%,34.60%,1.60%,0.00%,0.00%,0.00%,0.00%,0.00%,0.00%,0.00%,0.00%,0.00%,0.00%,0.00%,0.00%,0.00%,0.00%
,,Employed part time want full time,62.50%,9.70%,27.70%,20.40%,79.60%,0.00%,0.00%,88.10%,11.90%,0.00%,0.00%,81.00%,19.00%,0.00%,0.00%,90.30%,9.70%,0.00%,0.00%,18.10%,69.60%,6.40%,5.80%,0.00%,0.00%,73.50%,20.40%,6.10%,0.00%,26.90%,50.10%,4.80%,10.00%,7.00%,1.20%,0.00%,12.30%,54.60%,28.40%,4.70%,0.00%,0.00%,79.70%,14.60%,5.70%,0.00%,59.10%,36.90%,4.00%,0.00%,72.10%,27.40%,0.40%,0.00%
,,Out of workforce,46.00%,3.10%,51.00%,33.80%,66.20%,0.00%,0.00%,92.60%,7.30%,0.10%,0.00%,76.30%,23.50%,0.20%,0.00%,93.10%,5.30%,1.60%,0.00%,16.00%,73.30%,8.40%,1.30%,1.00%,0.00%,89.40%,10.20%,0.40%,0.00%,37.90%,40.40%,15.10%,3.60%,1.10%,1.80%,0.10%,20.90%,54.40%,21.50%,1.60%,1.60%,0.00%,0.00%,0.00%,0.00%,0.00%,0.00%,0.00%,0.00%,0.00%,0.00%,0.00%,0.00%,0.00%
,Per Capita Income Quintiles,Poorest 20%,48.10%,6.70%,45.20%,26.60%,73.40%,0.00%,0.00%,93.50%,6.50%,0.00%,0.00%,76.10%,23.70%,0.20%,0.00%,92.80%,5.50%,1.70%,0.00%,13.70%,77.30%,7.60%,0.00%,1.40%,0.00%,83.40%,15.00%,1.60%,0.00%,28.10%,54.20%,10.50%,4.30%,2.30%,0.50%,0.10%,15.70%,54.80%,23.10%,6.40%,0.00%,0.00%,82.00%,12.10%,2.50%,3.40%,70.60%,27.60%,1.70%,0.00%,66.00%,34.00%,0.00%,0.00%
,,Second 20%,44.30%,2.50%,53.20%,24.80%,75.20%,0.00%,0.00%,85.20%,14.80%,0.00%,0.00%,74.40%,24.90%,0.60%,0.00%,92.00%,5.40%,2.50%,0.00%,15.30%,73.70%,7.80%,1.60%,1.60%,0.00%,83.70%,16.00%,0.30%,0.00%,33.70%,48.50%,8.30%,7.20%,0.80%,1.50%,0.00%,19.30%,58.10%,21.10%,0.00%,1.50%,0.00%,87.10%,9.00%,3.50%,0.50%,81.50%,17.70%,0.80%,0.00%,53.90%,41.60%,4.50%,0.00%
,,Middle 20%,44.40%,2.10%,53.60%,22.20%,77.80%,0.00%,0.00%,92.60%,6.90%,0.60%,0.00%,64.80%,34.90%,0.20%,0.00%,86.90%,10.00%,3.20%,0.00%,19.80%,72.00%,7.60%,0.40%,0.20%,0.00%,81.70%,13.30%,3.50%,1.60%,32.20%,46.30%,13.90%,5.00%,2.50%,0.00%,0.00%,20.10%,57.80%,18.50%,1.60%,1.90%,0.00%,83.10%,13.90%,3.00%,0.00%,76.80%,19.90%,0.50%,2.80%,69.00%,28.90%,2.10%,0.00%
,,Fourth 20%,39.30%,3.50%,57.20%,18.80%,81.20%,0.00%,0.00%,97.50%,2.30%,0.20%,0.00%,77.60%,22.40%,0.00%,0.00%,93.00%,5.10%,1.80%,0.00%,17.70%,74.00%,5.80%,2.40%,0.10%,0.00%,84.50%,14.60%,1.00%,0.00%,33.70%,45.70%,10.70%,4.80%,3.20%,1.80%,0.00%,18.50%,49.20%,30.20%,1.20%,0.80%,0.00%,87.40%,11.10%,0.00%,1.50%,68.00%,28.30%,3.70%,0.00%,69.00%,28.00%,2.10%,0.90%
,,Richest 20%,29.40%,0.00%,70.60%,16.80%,83.20%,0.00%,0.00%,92.90%,7.10%,0.00%,0.00%,67.60%,30.90%,0.30%,1.20%,93.40%,3.80%,2.80%,0.00%,19.10%,68.90%,11.40%,0.30%,0.30%,0.00%,84.50%,13.40%,2.10%,0.00%,44.30%,41.40%,12.20%,0.40%,1.60%,0.10%,0.00%,16.50%,51.80%,30.30%,1.30%,0.10%,0.00%,91.30%,8.70%,0.00%,0.00%,73.20%,19.50%,7.10%,0.20%,74.30%,25.30%,0.40%,0.00%
,Feelings About Household Income,Living comfortably on present income,31.10%,0.80%,68.20%,15.60%,84.40%,0.00%,0.00%,95.50%,4.10%,0.30%,0.00%,73.50%,25.70%,0.20%,0.70%,95.80%,2.10%,2.10%,0.00%,23.80%,66.40%,7.60%,1.10%,1.20%,0.00%,87.80%,10.70%,1.40%,0.00%,40.50%,39.90%,14.40%,2.90%,2.20%,0.10%,0.00%,18.10%,55.30%,25.20%,0.90%,0.60%,0.00%,91.90%,6.50%,0.00%,1.60%,81.60%,16.90%,1.50%,0.00%,63.60%,33.30%,2.50%,0.50%
,,Getting by on present income,40.50%,1.90%,57.60%,19.10%,80.90%,0.00%,0.00%,93.00%,7.00%,0.10%,0.00%,71.80%,27.90%,0.30%,0.00%,90.60%,6.60%,2.80%,0.00%,14.20%,76.10%,8.60%,1.10%,0.00%,0.00%,83.80%,13.80%,1.70%,0.60%,31.30%,53.80%,8.60%,4.00%,1.60%,0.70%,0.00%,17.90%,56.20%,23.20%,1.40%,1.30%,0.00%,85.40%,11.50%,2.30%,0.80%,70.20%,25.80%,3.90%,0.10%,72.70%,25.60%,1.70%,0.00%
,,Finding it difficult on present income,76.10%,9.60%,14.40%,49.70%,50.30%,0.00%,0.00%,91.00%,9.00%,0.00%,0.00%,67.40%,32.20%,0.40%,0.00%,88.00%,10.90%,1.10%,0.00%,10.00%,83.60%,6.40%,0.00%,0.00%,0.00%,75.90%,21.30%,2.80%,0.00%,31.50%,46.10%,11.80%,8.30%,2.10%,0.20%,0.00%,21.70%,43.90%,26.70%,7.60%,0.00%,0.00%,78.50%,15.20%,5.50%,0.80%,68.80%,22.30%,3.40%,5.50%,54.70%,45.30%,0.00%,0.00%
,,Finding it very difficult on present income,35.10%,19.10%,45.70%,31.20%,68.80%,0.00%,0.00%,53.90%,46.10%,0.00%,0.00%,77.20%,22.80%,0.00%,0.00%,77.80%,18.50%,3.80%,0.00%,15.60%,65.10%,11.10%,0.00%,8.30%,0.00%,60.80%,39.20%,0.00%,0.00%,29.70%,25.10%,13.60%,12.40%,8.30%,10.90%,0.00%,9.60%,50.00%,33.70%,6.70%,0.00%,0.00%,54.20%,45.80%,0.00%,0.00%,59.60%,40.40%,0.00%,0.00%,43.30%,56.70%,0.00%,0.00%
,Urban/Rural,A rural area or on a farm,43.20%,4.90%,51.90%,24.70%,75.30%,0.00%,0.00%,90.90%,8.40%,0.70%,0.00%,75.00%,25.00%,0.00%,0.00%,91.50%,3.70%,4.80%,0.00%,17.90%,72.50%,7.20%,1.00%,1.40%,0.00%,86.70%,10.90%,0.90%,1.40%,38.00%,44.10%,8.10%,6.10%,2.10%,1.50%,0.00%,20.90%,41.90%,31.80%,4.70%,0.60%,0.00%,86.80%,12.30%,0.00%,0.90%,82.90%,16.30%,0.80%,0.00%,64.00%,35.60%,0.40%,0.00%
,,A small town or villAge,45.40%,1.00%,53.60%,21.80%,78.20%,0.00%,0.00%,93.50%,6.50%,0.00%,0.00%,73.10%,25.80%,0.50%,0.70%,90.50%,7.80%,1.70%,0.00%,13.50%,77.40%,7.60%,1.30%,0.20%,0.00%,82.40%,15.10%,2.50%,0.00%,34.40%,43.70%,12.80%,4.60%,3.50%,1.00%,0.00%,20.30%,51.50%,25.20%,2.30%,0.70%,0.00%,85.10%,10.80%,2.50%,1.60%,73.90%,24.40%,0.10%,1.60%,69.00%,27.70%,2.80%,0.50%
,,A large city,32.90%,1.80%,65.40%,18.20%,81.80%,0.00%,0.00%,93.10%,6.90%,0.00%,0.00%,66.30%,33.40%,0.30%,0.00%,92.70%,5.20%,2.00%,0.00%,19.70%,70.60%,9.40%,0.20%,0.00%,0.00%,83.50%,14.90%,1.60%,0.00%,32.00%,52.70%,10.90%,3.40%,0.80%,0.20%,0.10%,12.00%,67.20%,19.00%,0.70%,1.10%,0.00%,87.30%,9.50%,2.40%,0.80%,71.80%,21.10%,7.20%,0.00%,64.50%,33.90%,1.60%,0.00%
,,A suburb of a large city,48.80%,10.80%,40.40%,27.70%,72.30%,0.00%,0.00%,88.30%,11.70%,0.00%,0.00%,82.90%,17.10%,0.00%,0.00%,92.40%,7.00%,0.60%,0.00%,20.20%,67.10%,7.10%,1.80%,3.90%,0.00%,80.30%,19.10%,0.60%,0.00%,34.90%,48.50%,12.90%,2.80%,0.90%,0.00%,0.00%,23.90%,49.50%,25.10%,0.40%,1.20%,0.00%,85.20%,14.80%,0.00%,0.00%,59.90%,37.30%,2.70%,0.00%,72.40%,26.50%,1.10%,0.00%
Bahrain,Age,15-24,56.30%,1.10%,42.70%,8.60%,90.80%,0.50%,0.00%,90.90%,9.10%,0.00%,0.00%,76.40%,22.70%,0.90%,0.00%,90.90%,8.60%,0.50%,0.00%,32.40%,64.20%,3.40%,0.00%,0.00%,0.00%,75.30%,22.50%,2.20%,0.00%,38.30%,30.70%,29.00%,0.00%,0.00%,2.00%,0.00%,61.00%,22.50%,15.20%,0.00%,1.20%,0.00%,82.40%,17.60%,0.00%,0.00%,74.30%,18.40%,3.50%,3.80%,75.20%,17.90%,3.50%,3.40%
,,25-34,62.30%,3.30%,34.40%,10.00%,90.00%,0.00%,0.00%,87.00%,12.60%,0.40%,0.00%,76.50%,21.50%,2.00%,0.00%,90.10%,8.90%,0.90%,0.10%,20.00%,74.80%,4.00%,0.50%,0.70%,0.00%,74.80%,22.90%,2.30%,0.00%,17.50%,51.50%,28.70%,0.10%,0.00%,2.20%,0.10%,47.10%,33.10%,19.00%,0.00%,0.70%,0.00%,86.70%,12.10%,0.20%,1.00%,78.30%,18.20%,3.40%,0.00%,75.90%,22.40%,1.70%,0.00%
,,35-44,60.30%,6.70%,33.10%,19.60%,80.40%,0.00%,0.00%,81.30%,17.00%,1.60%,0.00%,68.40%,29.20%,2.40%,0.00%,89.50%,9.40%,1.00%,0.10%,16.30%,76.40%,5.40%,0.00%,1.90%,0.00%,82.90%,15.80%,1.30%,0.00%,14.10%,59.90%,23.70%,0.70%,0.20%,1.40%,0.00%,47.60%,31.60%,20.00%,0.00%,0.80%,0.00%,89.30%,10.70%,0.00%,0.00%,74.90%,20.60%,4.50%,0.00%,64.40%,29.90%,5.70%,0.00%
,,45-64,56.20%,2.90%,40.90%,30.30%,69.70%,0.00%,0.00%,78.00%,20.30%,1.70%,0.00%,78.80%,19.00%,1.80%,0.40%,93.10%,6.70%,0.20%,0.00%,9.90%,82.00%,6.60%,0.00%,1.60%,0.00%,87.10%,9.40%,3.50%,0.00%,12.00%,64.50%,20.50%,1.00%,0.00%,1.80%,0.30%,50.40%,24.80%,22.30%,0.60%,1.80%,0.10%,95.90%,4.10%,0.00%,0.00%,89.90%,10.10%,0.00%,0.00%,76.50%,20.60%,2.70%,0.10%
,,65+,63.80%,0.00%,36.20%,39.70%,60.30%,0.00%,0.00%,81.80%,17.70%,0.50%,0.00%,76.40%,23.60%,0.00%,0.00%,99.30%,0.70%,0.00%,0.00%,10.00%,74.60%,15.40%,0.00%,0.00%,0.00%,72.80%,27.20%,0.00%,0.00%,28.60%,40.60%,15.20%,0.00%,0.00%,15.60%,0.00%,34.50%,45.10%,14.30%,0.00%,6.20%,0.00%,89.50%,10.50%,0.00%,0.00%,65.20%,20.90%,13.80%,0.00%,55.10%,44.90%,0.00%,0.00%
,Gender,Male,59.40%,5.40%,35.20%,16.20%,83.70%,0.10%,0.00%,82.80%,16.30%,0.90%,0.00%,76.10%,22.20%,1.70%,0.00%,90.70%,8.70%,0.50%,0.00%,18.50%,74.90%,5.10%,0.00%,1.40%,0.00%,80.60%,17.10%,2.30%,0.00%,17.50%,54.20%,24.50%,0.50%,0.10%,3.20%,0.10%,48.80%,30.80%,19.50%,0.00%,0.80%,0.00%,89.30%,10.70%,0.00%,0.00%,79.60%,16.80%,3.10%,0.50%,71.00%,25.50%,3.00%,0.50%
,,Female,58.70%,0.40%,40.90%,21.20%,78.80%,0.00%,0.00%,85.80%,13.10%,1.10%,0.00%,73.30%,24.50%,1.90%,0.30%,91.70%,7.30%,0.90%,0.10%,18.30%,75.50%,5.20%,0.40%,0.60%,0.00%,78.20%,19.40%,2.40%,0.00%,22.30%,50.30%,26.30%,0.50%,0.00%,0.60%,0.10%,52.40%,26.30%,18.90%,0.40%,2.00%,0.00%,88.40%,9.70%,0.20%,1.70%,77.80%,18.60%,3.60%,0.00%,76.40%,19.40%,4.20%,0.00%
,Employment Status,Employed full time for an employer,57.50%,4.60%,37.90%,17.00%,83.00%,0.00%,0.00%,85.20%,13.60%,1.30%,0.00%,74.90%,23.20%,1.90%,0.00%,89.10%,10.00%,0.90%,0.00%,20.30%,70.50%,7.20%,0.00%,1.90%,0.00%,80.20%,17.60%,2.20%,0.00%,15.80%,53.40%,27.40%,0.00%,0.10%,3.20%,0.00%,43.60%,32.90%,21.90%,0.40%,1.30%,0.00%,89.20%,10.20%,0.10%,0.50%,80.00%,16.40%,3.50%,0.00%,70.50%,25.90%,3.60%,0.00%
,,Employed full time for self,54.50%,4.10%,41.30%,18.10%,81.90%,0.00%,0.00%,64.00%,36.00%,0.00%,0.00%,64.60%,35.40%,0.00%,0.00%,85.00%,15.00%,0.00%,0.00%,13.50%,78.50%,8.00%,0.00%,0.00%,0.00%,85.00%,10.70%,4.40%,0.00%,10.80%,59.90%,29.30%,0.00%,0.00%,0.00%,0.00%,48.70%,46.90%,4.40%,0.00%,0.00%,0.00%,85.30%,14.70%,0.00%,0.00%,73.50%,18.70%,3.20%,4.50%,86.20%,9.40%,0.00%,4.40%
,,Employed part time do not want full time,50.60%,2.60%,46.80%,25.20%,74.80%,0.00%,0.00%,69.50%,30.50%,0.00%,0.00%,70.10%,29.90%,0.00%,0.00%,91.30%,8.70%,0.00%,0.00%,23.90%,76.10%,0.00%,0.00%,0.00%,0.00%,80.80%,18.50%,0.70%,0.00%,22.70%,43.70%,27.60%,0.00%,0.00%,6.00%,0.00%,65.80%,22.50%,8.80%,0.00%,2.90%,0.00%,95.10%,4.90%,0.00%,0.00%,72.80%,27.20%,0.00%,0.00%,67.10%,25.40%,7.50%,0.00%
,,Unemployed,71.50%,5.90%,22.60%,11.60%,88.40%,0.00%,0.00%,83.40%,14.70%,1.90%,0.00%,71.80%,27.80%,0.40%,0.00%,92.70%,6.70%,0.60%,0.00%,18.70%,75.50%,4.00%,1.70%,0.00%,0.00%,77.30%,18.50%,4.20%,0.00%,24.70%,55.10%,20.20%,0.00%,0.00%,0.00%,0.00%,58.30%,17.80%,23.90%,0.00%,0.00%,0.00%,0.00%,0.00%,0.00%,0.00%,0.00%,0.00%,0.00%,0.00%,0.00%,0.00%,0.00%,0.00%
,,Employed part time want full time,74.80%,0.40%,24.80%,14.40%,85.60%,0.00%,0.00%,97.50%,0.00%,2.50%,0.00%,71.00%,25.00%,4.00%,0.00%,95.50%,4.50%,0.00%,0.00%,9.90%,82.80%,7.20%,0.00%,0.00%,0.00%,64.30%,35.40%,0.30%,0.00%,20.20%,66.00%,10.90%,0.40%,0.00%,2.50%,0.00%,63.40%,22.60%,14.00%,0.00%,0.00%,0.00%,87.20%,12.80%,0.00%,0.00%,82.90%,14.50%,2.60%,0.00%,76.80%,22.90%,0.30%,0.00%
,,Out of workforce,57.50%,1.80%,40.80%,20.90%,78.80%,0.30%,0.00%,85.40%,14.30%,0.30%,0.00%,79.00%,18.60%,2.10%,0.30%,93.80%,5.60%,0.60%,0.10%,17.10%,79.60%,2.50%,0.00%,0.70%,0.00%,80.90%,16.90%,2.20%,0.00%,23.30%,49.20%,24.50%,1.50%,0.00%,1.30%,0.20%,53.50%,25.90%,18.80%,0.00%,1.80%,0.00%,0.00%,0.00%,0.00%,0.00%,0.00%,0.00%,0.00%,0.00%,0.00%,0.00%,0.00%,0.00%
,Per Capita Income Quintiles,Poorest 20%,62.00%,9.40%,28.60%,15.60%,84.40%,0.00%,0.00%,72.90%,25.00%,2.00%,0.00%,73.30%,25.50%,1.20%,0.00%,85.40%,12.10%,2.40%,0.00%,17.40%,75.10%,5.10%,0.00%,2.30%,0.00%,81.30%,17.90%,0.80%,0.00%,16.20%,53.70%,29.10%,0.00%,0.00%,0.60%,0.40%,43.30%,36.10%,20.10%,0.00%,0.50%,0.00%,92.50%,7.50%,0.00%,0.00%,72.30%,26.10%,1.60%,0.00%,81.30%,13.30%,3.70%,1.70%
,,Second 20%,67.70%,2.70%,29.50%,14.00%,86.00%,0.00%,0.00%,81.80%,17.50%,0.70%,0.00%,74.50%,23.40%,1.60%,0.50%,92.50%,7.50%,0.10%,0.00%,12.70%,81.00%,5.30%,0.00%,1.00%,0.00%,78.70%,19.80%,1.50%,0.00%,12.30%,59.30%,26.20%,0.00%,0.00%,2.20%,0.00%,52.60%,30.00%,15.60%,0.80%,0.90%,0.00%,93.20%,6.80%,0.00%,0.00%,70.50%,21.10%,6.00%,2.40%,64.90%,30.40%,4.70%,0.00%
,,Middle 20%,53.20%,2.90%,43.80%,21.20%,78.30%,0.40%,0.00%,91.90%,7.50%,0.60%,0.00%,68.40%,30.60%,1.00%,0.00%,93.70%,6.30%,0.00%,0.00%,20.70%,75.50%,3.80%,0.00%,0.00%,0.00%,77.40%,20.90%,1.70%,0.00%,13.20%,56.20%,26.20%,0.80%,0.30%,3.30%,0.00%,48.90%,31.50%,18.80%,0.00%,0.80%,0.00%,83.90%,14.30%,0.00%,1.90%,80.30%,17.80%,2.00%,0.00%,65.80%,33.20%,1.00%,0.00%
,,Fourth 20%,56.50%,1.90%,41.60%,15.20%,84.80%,0.00%,0.00%,87.10%,11.50%,1.40%,0.00%,81.90%,13.60%,4.40%,0.00%,90.60%,9.10%,0.30%,0.00%,19.20%,74.80%,3.80%,0.00%,2.20%,0.00%,83.10%,14.50%,2.30%,0.00%,25.40%,50.40%,20.00%,0.50%,0.00%,3.60%,0.00%,47.00%,23.30%,26.40%,0.00%,3.30%,0.00%,91.40%,8.30%,0.30%,0.00%,82.90%,13.10%,4.00%,0.00%,74.10%,20.40%,5.50%,0.00%
,,Richest 20%,56.60%,0.70%,42.70%,24.00%,76.00%,0.00%,0.00%,86.00%,13.90%,0.10%,0.00%,77.20%,22.10%,0.70%,0.00%,93.30%,6.00%,0.50%,0.20%,22.10%,69.30%,7.80%,0.80%,0.00%,0.00%,78.10%,16.60%,5.30%,0.00%,29.10%,44.00%,24.20%,1.20%,0.00%,1.40%,0.10%,59.10%,24.70%,15.50%,0.00%,0.70%,0.10%,85.10%,14.90%,0.00%,0.00%,88.30%,8.70%,3.00%,0.00%,72.80%,25.60%,1.50%,0.10%
,Feelings About Household Income,Living comfortably on present income,43.70%,2.30%,54.00%,15.30%,84.70%,0.00%,0.00%,87.80%,11.40%,0.80%,0.00%,79.80%,18.80%,1.30%,0.00%,94.10%,5.10%,0.80%,0.00%,19.60%,73.40%,5.70%,0.00%,1.30%,0.00%,85.30%,12.70%,2.00%,0.00%,24.30%,48.20%,23.90%,0.70%,0.00%,2.90%,0.00%,46.60%,32.30%,20.30%,0.00%,0.70%,0.00%,94.10%,4.80%,0.20%,1.00%,83.70%,12.10%,3.10%,1.10%,73.50%,23.00%,2.50%,1.00%
,,Getting by on present income,62.40%,2.00%,35.60%,15.80%,84.00%,0.30%,0.00%,85.60%,13.50%,0.90%,0.00%,73.40%,24.00%,2.30%,0.30%,92.60%,7.00%,0.30%,0.10%,17.10%,77.30%,5.00%,0.50%,0.10%,0.00%,84.70%,12.60%,2.70%,0.00%,19.90%,54.20%,25.40%,0.00%,0.20%,0.20%,0.10%,56.20%,26.20%,17.20%,0.00%,0.50%,0.00%,89.90%,10.10%,0.00%,0.00%,86.00%,13.60%,0.40%,0.00%,69.00%,27.70%,3.30%,0.00%
,,Finding it difficult on present income,70.40%,4.70%,24.90%,22.70%,77.30%,0.00%,0.00%,82.90%,16.60%,0.50%,0.00%,73.40%,25.40%,1.20%,0.00%,89.20%,10.40%,0.30%,0.10%,21.20%,73.00%,3.70%,0.00%,2.10%,0.00%,66.60%,33.00%,0.40%,0.00%,11.60%,56.00%,27.40%,1.00%,0.00%,4.00%,0.00%,49.70%,29.10%,20.00%,0.00%,1.20%,0.00%,88.30%,11.70%,0.00%,0.00%,75.00%,21.60%,3.40%,0.00%,79.80%,18.60%,1.60%,0.00%
,,Finding it very difficult on present income,79.60%,10.30%,10.10%,24.90%,75.10%,0.00%,0.00%,68.40%,30.20%,1.50%,0.00%,69.90%,28.70%,1.40%,0.00%,81.20%,16.80%,2.00%,0.00%,10.90%,81.90%,7.10%,0.00%,0.00%,0.00%,76.70%,19.50%,3.80%,0.00%,13.60%,59.80%,24.00%,0.00%,0.00%,1.90%,0.70%,46.70%,30.90%,17.30%,1.40%,3.70%,0.00%,71.40%,28.60%,0.00%,0.00%,62.20%,30.30%,7.50%,0.00%,62.10%,32.20%,5.70%,0.00%
,Urban/Rural,A rural area or on a farm,0.00%,0.00%,0.00%,0.00%,0.00%,0.00%,0.00%,0.00%,0.00%,0.00%,0.00%,0.00%,0.00%,0.00%,0.00%,0.00%,0.00%,0.00%,0.00%,0.00%,0.00%,0.00%,0.00%,0.00%,0.00%,0.00%,0.00%,0.00%,0.00%,0.00%,0.00%,0.00%,0.00%,0.00%,0.00%,0.00%,0.00%,0.00%,0.00%,0.00%,0.00%,0.00%,0.00%,0.00%,0.00%,0.00%,0.00%,0.00%,0.00%,0.00%,0.00%,0.00%,0.00%,0.00%
,,A small town or villAge,57.70%,4.30%,38.00%,21.00%,78.80%,0.20%,0.00%,85.20%,14.40%,0.40%,0.00%,75.50%,21.80%,2.40%,0.30%,90.70%,7.80%,1.40%,0.10%,18.20%,76.40%,3.90%,0.40%,1.00%,0.00%,79.70%,17.80%,2.50%,0.00%,20.50%,51.50%,25.70%,0.20%,0.00%,2.00%,0.10%,51.40%,32.20%,15.10%,0.40%,0.90%,0.00%,88.80%,11.10%,0.10%,0.00%,75.30%,20.60%,3.00%,1.10%,73.90%,21.80%,4.20%,0.10%
,,A large city,60.10%,2.50%,37.40%,16.30%,83.70%,0.00%,0.00%,83.50%,14.80%,1.70%,0.00%,74.30%,24.60%,1.10%,0.00%,91.10%,8.70%,0.20%,0.00%,16.70%,75.70%,6.70%,0.00%,0.90%,0.00%,80.10%,17.90%,2.00%,0.00%,16.60%,55.60%,24.40%,0.50%,0.10%,2.70%,0.00%,48.20%,27.30%,22.70%,0.00%,1.90%,0.00%,88.20%,11.00%,0.00%,0.80%,79.50%,17.20%,3.30%,0.00%,71.00%,25.10%,3.20%,0.70%
,,A suburb of a large city,59.90%,3.80%,36.40%,17.30%,82.70%,0.00%,0.00%,82.60%,17.40%,0.00%,0.00%,78.70%,19.20%,2.10%,0.00%,91.70%,8.30%,0.00%,0.00%,29.10%,65.40%,3.10%,0.00%,2.40%,0.00%,76.90%,19.40%,3.70%,0.00%,25.80%,46.80%,24.20%,1.50%,0.00%,1.00%,0.70%,57.00%,26.30%,16.70%,0.00%,0.00%,0.00%,93.10%,6.90%,0.00%,0.00%,89.10%,7.50%,3.30%,0.00%,71.50%,27.80%,0.70%,0.00%
Bolivia,Age,15-24,56.80%,4.60%,38.60%,9.10%,90.90%,0.00%,0.00%,93.10%,6.90%,0.00%,0.00%,83.30%,16.20%,0.30%,0.20%,82.80%,17.20%,0.00%,0.00%,25.20%,73.10%,1.70%,0.00%,0.00%,0.00%,73.80%,25.80%,0.40%,0.00%,35.20%,39.20%,23.00%,0.00%,0.00%,0.00%,2.60%,57.60%,25.70%,16.00%,0.00%,0.80%,0.00%,85.70%,14.30%,0.00%,0.00%,74.30%,25.00%,0.60%,0.00%,75.00%,25.00%,0.00%,0.00%
,,25-34,70.90%,2.20%,26.90%,9.40%,90.30%,0.30%,0.00%,79.80%,19.90%,0.30%,0.00%,77.40%,22.40%,0.20%,0.00%,84.00%,15.80%,0.00%,0.10%,15.40%,81.00%,3.50%,0.00%,0.20%,0.00%,76.30%,22.30%,0.90%,0.40%,32.40%,45.80%,21.10%,0.00%,0.30%,0.30%,0.20%,65.20%,16.60%,18.00%,0.00%,0.00%,0.20%,92.60%,7.40%,0.00%,0.00%,79.60%,19.60%,0.80%,0.00%,73.90%,26.00%,0.10%,0.00%
,,35-44,70.70%,11.40%,17.90%,23.40%,76.60%,0.00%,0.00%,66.00%,33.70%,0.20%,0.10%,83.40%,16.10%,0.00%,0.50%,87.70%,11.60%,0.20%,0.50%,10.20%,81.40%,8.00%,0.00%,0.40%,0.00%,79.90%,19.30%,0.80%,0.00%,36.50%,51.80%,10.30%,0.00%,0.70%,0.30%,0.50%,54.90%,26.70%,18.20%,0.00%,0.20%,0.00%,96.00%,3.70%,0.30%,0.00%,84.20%,15.80%,0.00%,0.00%,81.10%,18.60%,0.30%,0.00%
,,45-64,73.70%,7.20%,19.10%,34.10%,65.90%,0.00%,0.00%,78.30%,21.30%,0.40%,0.00%,82.70%,17.20%,0.00%,0.10%,90.10%,9.80%,0.10%,0.00%,8.20%,89.40%,2.00%,0.00%,0.00%,0.40%,81.50%,18.50%,0.00%,0.00%,32.60%,39.80%,23.90%,0.00%,1.60%,2.00%,0.00%,52.70%,20.70%,26.20%,0.00%,0.40%,0.00%,96.60%,3.40%,0.00%,0.00%,83.20%,12.80%,4.00%,0.00%,81.40%,18.20%,0.40%,0.00%
,,65+,64.30%,5.50%,30.20%,39.90%,60.10%,0.00%,0.00%,80.40%,19.60%,0.00%,0.00%,94.20%,5.80%,0.00%,0.00%,95.00%,0.00%,0.00%,5.00%,7.00%,86.40%,6.50%,0.00%,0.00%,0.00%,98.40%,1.60%,0.00%,0.00%,20.80%,54.40%,24.80%,0.00%,0.00%,0.00%,0.00%,57.10%,22.40%,20.60%,0.00%,0.00%,0.00%,100.00%,0.00%,0.00%,0.00%,92.40%,7.60%,0.00%,0.00%,96.20%,3.80%,0.00%,0.00%
,Gender,Male,68.30%,7.00%,24.70%,19.70%,80.10%,0.20%,0.00%,78.50%,21.20%,0.30%,0.00%,85.10%,14.50%,0.10%,0.20%,88.50%,11.00%,0.00%,0.50%,15.50%,79.60%,4.70%,0.00%,0.10%,0.00%,78.80%,21.00%,0.10%,0.10%,34.10%,44.50%,19.70%,0.00%,0.70%,0.90%,0.20%,56.80%,23.20%,19.20%,0.00%,0.70%,0.10%,93.40%,6.50%,0.10%,0.00%,80.80%,17.70%,1.50%,0.00%,79.80%,20.20%,0.00%,0.00%
,,Female,65.60%,4.50%,29.90%,18.00%,82.00%,0.00%,0.00%,82.40%,17.40%,0.10%,0.10%,78.60%,21.20%,0.10%,0.10%,83.60%,16.10%,0.10%,0.20%,14.50%,82.70%,2.50%,0.00%,0.10%,0.20%,77.90%,21.00%,0.90%,0.10%,32.80%,44.10%,20.80%,0.00%,0.50%,0.20%,1.60%,59.30%,21.10%,19.60%,0.00%,0.00%,0.00%,93.40%,6.60%,0.00%,0.00%,81.30%,17.50%,1.20%,0.00%,76.10%,23.30%,0.50%,0.00%
,Employment Status,Employed full time for an employer,60.50%,6.30%,33.20%,13.10%,86.60%,0.40%,0.00%,83.10%,16.30%,0.50%,0.10%,84.70%,14.70%,0.20%,0.40%,87.30%,12.60%,0.00%,0.20%,19.80%,75.50%,4.30%,0.00%,0.00%,0.40%,80.20%,19.80%,0.00%,0.00%,40.60%,45.00%,13.40%,0.00%,0.40%,0.60%,0.00%,61.80%,20.60%,16.00%,0.00%,1.60%,0.00%,89.20%,10.50%,0.20%,0.00%,87.90%,11.30%,0.80%,0.00%,76.90%,22.80%,0.20%,0.00%
,,Employed full time for self,72.80%,7.70%,19.60%,21.50%,78.50%,0.00%,0.00%,75.30%,24.60%,0.10%,0.00%,79.60%,20.40%,0.00%,0.00%,91.80%,8.00%,0.20%,0.00%,7.80%,87.40%,4.60%,0.00%,0.20%,0.00%,85.40%,14.30%,0.30%,0.00%,32.10%,45.90%,21.80%,0.00%,0.30%,0.00%,0.00%,59.30%,16.70%,24.00%,0.00%,0.00%,0.00%,95.20%,4.80%,0.00%,0.00%,75.70%,22.40%,1.90%,0.00%,82.70%,17.30%,0.00%,0.00%
,,Employed part time do not want full time,58.80%,3.00%,38.20%,18.80%,81.20%,0.00%,0.00%,80.60%,19.40%,0.00%,0.00%,88.80%,10.20%,0.00%,1.00%,89.70%,10.30%,0.00%,0.00%,17.80%,78.70%,3.50%,0.00%,0.00%,0.00%,77.00%,22.10%,0.00%,0.90%,28.10%,51.80%,17.50%,0.00%,1.30%,0.50%,0.90%,63.40%,25.20%,10.50%,0.00%,0.00%,0.90%,99.10%,0.90%,0.00%,0.00%,94.10%,5.90%,0.00%,0.00%,89.10%,10.50%,0.50%,0.00%
,,Unemployed,69.40%,12.50%,18.00%,27.40%,72.60%,0.00%,0.00%,70.20%,29.80%,0.00%,0.00%,75.20%,24.20%,0.60%,0.00%,75.70%,24.30%,0.00%,0.00%,13.10%,83.80%,2.50%,0.00%,0.60%,0.00%,62.40%,36.00%,1.60%,0.00%,35.90%,31.30%,28.60%,0.00%,0.70%,0.00%,3.50%,54.40%,28.60%,17.00%,0.00%,0.00%,0.00%,0.00%,0.00%,0.00%,0.00%,0.00%,0.00%,0.00%,0.00%,0.00%,0.00%,0.00%,0.00%
,,Employed part time want full time,75.60%,0.20%,24.20%,17.50%,82.50%,0.00%,0.00%,87.20%,12.50%,0.20%,0.00%,80.20%,19.60%,0.00%,0.20%,84.50%,15.50%,0.00%,0.00%,18.80%,76.80%,4.40%,0.00%,0.00%,0.00%,76.20%,23.80%,0.00%,0.00%,35.80%,40.30%,21.60%,0.00%,0.00%,0.90%,1.50%,49.70%,23.20%,27.10%,0.00%,0.00%,0.00%,94.20%,5.80%,0.00%,0.00%,75.80%,22.40%,1.80%,0.00%,67.60%,31.80%,0.50%,0.00%
,,Out of workforce,60.70%,2.80%,36.60%,17.80%,82.20%,0.00%,0.00%,86.10%,13.90%,0.00%,0.00%,87.40%,12.60%,0.00%,0.00%,83.20%,15.00%,0.00%,1.80%,18.40%,79.90%,1.70%,0.00%,0.00%,0.00%,77.50%,20.80%,1.40%,0.40%,24.60%,50.80%,20.20%,0.00%,1.60%,1.70%,1.10%,58.30%,27.50%,14.10%,0.00%,0.00%,0.00%,0.00%,0.00%,0.00%,0.00%,0.00%,0.00%,0.00%,0.00%,0.00%,0.00%,0.00%,0.00%
,Per Capita Income Quintiles,Poorest 20%,66.10%,11.70%,22.10%,25.00%,75.00%,0.00%,0.00%,74.90%,24.90%,0.20%,0.00%,73.60%,25.80%,0.70%,0.00%,79.50%,20.40%,0.10%,0.00%,17.00%,79.60%,3.40%,0.00%,0.00%,0.00%,70.60%,29.40%,0.00%,0.00%,29.70%,40.90%,24.80%,0.00%,0.70%,1.80%,2.10%,60.40%,23.80%,15.80%,0.00%,0.00%,0.00%,88.80%,10.70%,0.50%,0.00%,68.10%,31.10%,0.80%,0.00%,71.80%,28.20%,0.00%,0.00%
,,Second 20%,73.00%,7.00%,20.00%,26.80%,73.20%,0.00%,0.00%,75.70%,24.30%,0.00%,0.00%,81.90%,18.10%,0.00%,0.00%,81.10%,18.70%,0.00%,0.20%,13.60%,84.80%,1.60%,0.00%,0.00%,0.00%,77.70%,22.00%,0.00%,0.20%,25.10%,54.50%,17.80%,0.00%,0.50%,0.30%,1.70%,63.30%,18.20%,18.30%,0.00%,0.00%,0.20%,93.90%,6.10%,0.00%,0.00%,79.00%,20.50%,0.50%,0.00%,74.20%,25.50%,0.30%,0.00%
,,Middle 20%,69.20%,7.20%,23.60%,14.40%,85.60%,0.00%,0.00%,80.90%,19.10%,0.00%,0.00%,79.90%,19.50%,0.00%,0.60%,87.40%,12.10%,0.00%,0.50%,9.00%,85.20%,5.30%,0.00%,0.00%,0.40%,81.20%,17.10%,1.70%,0.00%,41.10%,42.20%,15.40%,0.00%,0.70%,0.10%,0.50%,55.30%,25.90%,18.30%,0.00%,0.50%,0.00%,93.60%,6.40%,0.00%,0.00%,85.90%,10.70%,3.30%,0.00%,83.70%,16.10%,0.20%,0.00%
,,Fourth 20%,63.60%,2.40%,34.00%,13.40%,86.60%,0.00%,0.00%,87.40%,12.30%,0.20%,0.10%,86.70%,13.30%,0.00%,0.00%,89.70%,9.30%,0.00%,1.00%,14.50%,79.90%,5.70%,0.00%,0.00%,0.00%,78.50%,21.30%,0.20%,0.00%,31.00%,47.90%,21.10%,0.00%,0.00%,0.00%,0.00%,62.30%,19.70%,17.80%,0.00%,0.20%,0.00%,96.10%,3.90%,0.00%,0.00%,82.00%,16.70%,1.30%,0.00%,80.90%,19.10%,0.00%,0.00%
,,Richest 20%,63.20%,1.60%,35.20%,15.10%,84.50%,0.40%,0.00%,82.50%,16.90%,0.60%,0.00%,88.40%,11.30%,0.00%,0.30%,93.40%,6.40%,0.20%,0.00%,21.20%,75.60%,2.60%,0.00%,0.60%,0.00%,83.80%,15.30%,0.60%,0.30%,40.60%,35.80%,21.90%,0.00%,1.00%,0.70%,0.00%,48.40%,23.70%,26.90%,0.00%,1.10%,0.00%,93.30%,6.70%,0.00%,0.00%,87.00%,12.20%,0.80%,0.00%,79.40%,20.10%,0.50%,0.00%
,Feelings About Household Income,Living comfortably on present income,44.90%,1.10%,54.00%,5.80%,93.60%,0.60%,0.00%,91.00%,9.00%,0.00%,0.00%,90.90%,8.70%,0.00%,0.40%,95.30%,3.10%,0.00%,1.50%,23.00%,72.10%,4.20%,0.00%,0.00%,0.70%,87.50%,12.50%,0.00%,0.00%,39.90%,38.80%,18.60%,0.00%,2.10%,0.60%,0.00%,59.90%,20.40%,19.70%,0.00%,0.00%,0.00%,97.20%,2.80%,0.00%,0.00%,85.30%,14.70%,0.00%,0.00%,82.10%,17.90%,0.00%,0.00%
,,Getting by on present income,70.90%,1.30%,27.80%,16.00%,84.00%,0.00%,0.00%,89.00%,10.50%,0.40%,0.00%,86.10%,13.60%,0.00%,0.30%,91.00%,8.90%,0.10%,0.00%,15.40%,77.30%,7.20%,0.00%,0.10%,0.00%,85.90%,13.90%,0.20%,0.00%,32.80%,48.70%,17.90%,0.00%,0.10%,0.50%,0.00%,53.50%,23.10%,22.90%,0.00%,0.40%,0.00%,94.40%,5.30%,0.20%,0.00%,84.60%,14.20%,1.20%,0.00%,77.70%,22.00%,0.30%,0.00%
,,Finding it difficult on present income,72.60%,8.40%,19.00%,18.10%,81.90%,0.00%,0.00%,76.20%,23.60%,0.10%,0.10%,76.70%,22.90%,0.40%,0.00%,83.60%,16.30%,0.10%,0.00%,15.30%,83.50%,1.00%,0.00%,0.20%,0.00%,73.50%,25.40%,0.90%,0.20%,34.40%,45.20%,18.30%,0.00%,0.20%,1.00%,0.90%,60.10%,19.10%,20.10%,0.00%,0.70%,0.00%,91.50%,8.50%,0.00%,0.00%,79.60%,18.40%,1.90%,0.00%,74.60%,25.10%,0.30%,0.00%
,,Finding it very difficult on present income,65.60%,16.90%,17.50%,36.70%,63.30%,0.00%,0.00%,58.60%,41.40%,0.00%,0.00%,75.80%,24.20%,0.00%,0.00%,76.20%,23.80%,0.00%,0.00%,7.60%,91.40%,1.00%,0.00%,0.00%,0.00%,65.10%,33.90%,0.70%,0.30%,28.80%,38.90%,28.20%,0.00%,1.20%,0.00%,2.90%,61.20%,28.50%,10.00%,0.00%,0.00%,0.30%,92.00%,8.00%,0.00%,0.00%,72.10%,26.30%,1.60%,0.00%,84.50%,15.50%,0.00%,0.00%
,Urban/Rural,A rural area or on a farm,69.60%,10.00%,20.40%,34.10%,65.90%,0.00%,0.00%,73.10%,26.60%,0.30%,0.00%,82.40%,17.60%,0.00%,0.00%,86.30%,13.50%,0.00%,0.20%,8.40%,85.20%,6.40%,0.00%,0.00%,0.00%,78.90%,19.20%,1.90%,0.00%,28.40%,46.90%,24.20%,0.00%,0.00%,0.60%,0.00%,57.90%,23.30%,18.50%,0.00%,0.30%,0.00%,93.40%,6.60%,0.00%,0.00%,84.10%,14.30%,1.50%,0.00%,78.90%,21.10%,0.00%,0.00%
,,A small town or villAge,69.40%,8.30%,22.20%,20.50%,79.30%,0.30%,0.00%,76.50%,23.30%,0.10%,0.10%,82.30%,17.20%,0.40%,0.20%,83.40%,16.60%,0.00%,0.00%,8.80%,87.20%,3.90%,0.00%,0.00%,0.00%,78.20%,21.30%,0.40%,0.20%,33.10%,40.80%,23.60%,0.00%,0.50%,0.00%,2.00%,58.40%,22.10%,19.50%,0.00%,0.00%,0.00%,95.50%,4.50%,0.00%,0.00%,74.20%,24.80%,0.90%,0.00%,80.00%,20.00%,0.00%,0.00%
,,A large city,65.70%,2.90%,31.40%,12.80%,87.20%,0.00%,0.00%,85.30%,14.50%,0.20%,0.00%,81.60%,18.10%,0.00%,0.20%,88.90%,10.40%,0.10%,0.60%,22.10%,74.50%,3.00%,0.00%,0.30%,0.20%,78.30%,21.40%,0.20%,0.10%,35.70%,44.80%,17.50%,0.00%,0.70%,0.80%,0.50%,56.90%,22.20%,20.60%,0.00%,0.20%,0.10%,92.90%,7.10%,0.00%,0.00%,85.00%,13.30%,1.70%,0.00%,78.20%,21.40%,0.40%,0.00%
,,A suburb of a large city,65.70%,8.00%,26.20%,17.40%,82.60%,0.00%,0.00%,75.10%,24.90%,0.00%,0.00%,82.40%,17.60%,0.00%,0.00%,75.10%,24.90%,0.00%,0.00%,6.50%,92.00%,1.40%,0.00%,0.00%,0.00%,79.80%,20.20%,0.00%,0.00%,32.80%,49.90%,14.20%,0.00%,1.20%,1.80%,0.00%,64.90%,22.60%,6.90%,0.00%,5.60%,0.00%,81.60%,18.40%,0.00%,0.00%,62.70%,37.30%,0.00%,0.00%,61.40%,38.60%,0.00%,0.00%
Colombia,Age,15-24,58.90%,4.10%,37.00%,4.30%,95.70%,0.00%,0.00%,86.60%,13.40%,0.00%,0.00%,77.50%,22.50%,0.00%,0.00%,87.80%,12.20%,0.00%,0.00%,19.10%,79.50%,1.40%,0.00%,0.00%,0.00%,76.20%,23.80%,0.00%,0.00%,36.10%,35.20%,28.60%,0.00%,0.00%,0.20%,0.00%,60.70%,30.20%,9.20%,0.00%,0.00%,0.00%,79.80%,20.20%,0.00%,0.00%,77.20%,22.80%,0.00%,0.00%,62.50%,37.50%,0.00%,0.00%
,,25-34,54.90%,7.80%,37.30%,8.70%,91.30%,0.00%,0.00%,78.20%,21.80%,0.00%,0.00%,75.10%,24.90%,0.00%,0.00%,87.50%,12.50%,0.00%,0.00%,11.80%,88.00%,0.20%,0.00%,0.00%,0.00%,68.80%,31.20%,0.00%,0.00%,36.90%,40.30%,22.80%,0.00%,0.00%,0.00%,0.00%,68.60%,25.00%,6.40%,0.00%,0.00%,0.00%,88.00%,12.00%,0.00%,0.00%,85.10%,14.50%,0.40%,0.00%,67.80%,32.20%,0.00%,0.00%
,,35-44,55.00%,12.10%,32.90%,16.40%,83.40%,0.20%,0.00%,73.40%,26.60%,0.00%,0.00%,77.00%,22.30%,0.70%,0.00%,87.40%,12.60%,0.00%,0.00%,12.70%,83.80%,3.50%,0.00%,0.00%,0.00%,70.60%,29.10%,0.30%,0.00%,24.40%,51.40%,22.70%,0.20%,0.00%,1.30%,0.00%,72.70%,21.20%,6.10%,0.00%,0.00%,0.00%,96.30%,3.70%,0.00%,0.00%,91.40%,8.60%,0.00%,0.00%,67.00%,33.00%,0.00%,0.00%
,,45-64,58.20%,8.50%,33.30%,30.70%,69.10%,0.00%,0.20%,77.70%,22.30%,0.00%,0.00%,80.20%,19.80%,0.00%,0.00%,93.20%,6.80%,0.00%,0.00%,7.00%,91.10%,2.00%,0.00%,0.00%,0.00%,74.40%,24.50%,1.10%,0.00%,25.80%,44.20%,26.50%,0.00%,0.00%,2.90%,0.70%,63.80%,25.00%,8.00%,0.00%,3.10%,0.00%,96.30%,3.70%,0.00%,0.00%,94.30%,5.70%,0.00%,0.00%,74.40%,25.60%,0.00%,0.00%
,,65+,47.40%,19.90%,32.60%,32.10%,67.90%,0.00%,0.00%,85.20%,14.80%,0.00%,0.00%,88.40%,11.60%,0.00%,0.00%,89.80%,10.20%,0.00%,0.00%,1.10%,98.90%,0.00%,0.00%,0.00%,0.00%,77.10%,22.90%,0.00%,0.00%,15.00%,24.70%,60.40%,0.00%,0.00%,0.00%,0.00%,50.60%,37.00%,12.40%,0.00%,0.00%,0.00%,100.00%,0.00%,0.00%,0.00%,82.90%,17.10%,0.00%,0.00%,68.10%,23.20%,8.70%,0.00%
,Gender,Male,56.00%,9.20%,34.70%,13.80%,86.10%,0.10%,0.00%,76.00%,24.00%,0.00%,0.00%,81.60%,18.40%,0.00%,0.00%,88.20%,11.80%,0.00%,0.00%,13.60%,84.60%,1.80%,0.00%,0.00%,0.00%,72.90%,27.10%,0.00%,0.00%,29.90%,42.20%,26.50%,0.10%,0.00%,0.90%,0.40%,62.80%,30.50%,6.30%,0.00%,0.40%,0.00%,91.50%,8.50%,0.00%,0.00%,87.90%,12.10%,0.00%,0.00%,73.70%,26.30%,0.00%,0.00%
,,Female,56.40%,8.50%,35.10%,20.40%,79.50%,0.00%,0.10%,83.10%,16.90%,0.00%,0.00%,75.70%,24.10%,0.20%,0.00%,90.40%,9.60%,0.00%,0.00%,9.50%,89.20%,1.30%,0.00%,0.00%,0.00%,73.30%,26.00%,0.70%,0.00%,29.10%,39.70%,29.80%,0.00%,0.00%,1.30%,0.00%,66.20%,23.00%,9.50%,0.00%,1.30%,0.00%,91.30%,8.70%,0.00%,0.00%,87.30%,12.50%,0.20%,0.00%,62.00%,36.80%,1.20%,0.00%
,Employment Status,Employed full time for an employer,53.80%,3.60%,42.60%,9.70%,90.30%,0.00%,0.00%,82.80%,17.20%,0.00%,0.00%,78.60%,21.40%,0.00%,0.00%,91.80%,8.20%,0.00%,0.00%,18.60%,81.20%,0.20%,0.00%,0.00%,0.00%,76.40%,23.60%,0.00%,0.00%,31.50%,44.80%,22.30%,0.10%,0.00%,1.30%,0.00%,68.50%,25.50%,5.90%,0.00%,0.00%,0.00%,91.10%,8.90%,0.00%,0.00%,92.10%,7.90%,0.00%,0.00%,71.70%,28.30%,0.00%,0.00%
,,Employed full time for self,52.30%,12.50%,35.20%,15.60%,84.10%,0.30%,0.00%,82.10%,17.90%,0.00%,0.00%,84.20%,15.80%,0.00%,0.00%,88.80%,11.20%,0.00%,0.00%,10.30%,86.70%,3.10%,0.00%,0.00%,0.00%,68.80%,31.20%,0.00%,0.00%,30.60%,37.60%,31.80%,0.00%,0.00%,0.00%,0.00%,61.10%,31.40%,6.90%,0.00%,0.60%,0.00%,90.10%,9.90%,0.00%,0.00%,83.60%,16.40%,0.00%,0.00%,71.80%,28.20%,0.00%,0.00%
,,Employed part time do not want full time,68.70%,10.90%,20.50%,37.40%,61.30%,0.00%,1.30%,78.10%,21.90%,0.00%,0.00%,69.20%,28.50%,2.30%,0.00%,91.80%,8.20%,0.00%,0.00%,3.30%,94.00%,2.80%,0.00%,0.00%,0.00%,81.40%,18.60%,0.00%,0.00%,14.40%,52.10%,33.40%,0.00%,0.00%,0.00%,0.00%,51.80%,31.10%,11.40%,0.00%,5.70%,0.00%,100.00%,0.00%,0.00%,0.00%,93.10%,5.70%,1.20%,0.00%,76.70%,17.20%,6.20%,0.00%
,,Unemployed,62.40%,10.80%,26.80%,14.40%,85.60%,0.00%,0.00%,68.20%,31.80%,0.00%,0.00%,65.20%,34.80%,0.00%,0.00%,86.50%,13.50%,0.00%,0.00%,7.60%,91.10%,1.30%,0.00%,0.00%,0.00%,70.90%,28.70%,0.40%,0.00%,33.90%,44.80%,18.60%,0.00%,0.00%,2.70%,0.00%,74.70%,19.00%,4.90%,0.00%,1.40%,0.00%,0.00%,0.00%,0.00%,0.00%,0.00%,0.00%,0.00%,0.00%,0.00%,0.00%,0.00%,0.00%
,,Employed part time want full time,59.90%,9.70%,30.40%,16.20%,83.80%,0.00%,0.00%,72.70%,27.30%,0.00%,0.00%,78.80%,21.20%,0.00%,0.00%,87.40%,12.60%,0.00%,0.00%,8.60%,88.90%,2.50%,0.00%,0.00%,0.00%,63.10%,36.90%,0.00%,0.00%,31.40%,36.40%,32.00%,0.00%,0.00%,0.30%,0.00%,65.40%,25.60%,9.00%,0.00%,0.00%,0.00%,90.40%,9.60%,0.00%,0.00%,83.60%,16.40%,0.00%,0.00%,59.10%,40.90%,0.00%,0.00%
,,Out of workforce,52.10%,9.50%,38.50%,24.20%,75.80%,0.00%,0.00%,87.50%,12.50%,0.00%,0.00%,84.40%,15.60%,0.00%,0.00%,89.80%,10.20%,0.00%,0.00%,11.00%,87.80%,1.20%,0.00%,0.00%,0.00%,79.90%,18.70%,1.30%,0.00%,26.10%,37.80%,33.70%,0.00%,0.00%,1.60%,0.80%,59.00%,28.70%,11.00%,0.00%,1.30%,0.00%,0.00%,0.00%,0.00%,0.00%,0.00%,0.00%,0.00%,0.00%,0.00%,0.00%,0.00%,0.00%
,Per Capita Income Quintiles,Poorest 20%,68.40%,15.10%,16.50%,16.80%,83.20%,0.00%,0.00%,80.40%,19.60%,0.00%,0.00%,79.10%,20.90%,0.00%,0.00%,87.80%,12.20%,0.00%,0.00%,4.00%,96.00%,0.00%,0.00%,0.00%,0.00%,65.50%,34.50%,0.00%,0.00%,25.60%,45.00%,27.60%,0.00%,0.00%,1.80%,0.00%,69.20%,26.70%,4.00%,0.00%,0.00%,0.00%,87.70%,12.30%,0.00%,0.00%,82.00%,18.00%,0.00%,0.00%,64.50%,35.50%,0.00%,0.00%
,,Second 20%,57.90%,9.90%,32.20%,22.60%,77.20%,0.20%,0.00%,74.20%,25.80%,0.00%,0.00%,74.30%,25.10%,0.60%,0.00%,90.60%,9.40%,0.00%,0.00%,8.90%,88.40%,2.80%,0.00%,0.00%,0.00%,73.70%,24.80%,1.60%,0.00%,25.60%,44.90%,27.00%,0.00%,0.00%,1.60%,1.00%,54.00%,35.60%,7.50%,0.00%,3.00%,0.00%,87.80%,12.20%,0.00%,0.00%,83.90%,16.10%,0.00%,0.00%,64.30%,33.00%,2.70%,0.00%
,,Middle 20%,55.40%,11.40%,33.20%,17.10%,82.60%,0.00%,0.30%,72.30%,27.70%,0.00%,0.00%,78.40%,21.60%,0.00%,0.00%,85.80%,14.20%,0.00%,0.00%,9.50%,89.30%,1.30%,0.00%,0.00%,0.00%,74.50%,25.20%,0.30%,0.00%,28.50%,41.10%,29.20%,0.00%,0.00%,1.20%,0.00%,71.10%,17.40%,11.40%,0.00%,0.00%,0.00%,94.60%,5.40%,0.00%,0.00%,90.20%,9.20%,0.60%,0.00%,64.10%,35.90%,0.00%,0.00%
,,Fourth 20%,54.60%,2.80%,42.60%,20.50%,79.50%,0.00%,0.00%,82.80%,17.20%,0.00%,0.00%,77.00%,23.00%,0.00%,0.00%,92.80%,7.20%,0.00%,0.00%,17.10%,80.60%,2.30%,0.00%,0.00%,0.00%,75.60%,24.40%,0.00%,0.00%,28.60%,40.50%,30.00%,0.00%,0.00%,1.00%,0.00%,67.40%,24.80%,6.80%,0.00%,1.00%,0.00%,93.30%,6.70%,0.00%,0.00%,89.90%,10.10%,0.00%,0.00%,68.70%,31.30%,0.00%,0.00%
,,Richest 20%,45.50%,5.40%,49.10%,9.30%,90.70%,0.00%,0.00%,88.80%,11.20%,0.00%,0.00%,83.70%,16.30%,0.00%,0.00%,89.70%,10.30%,0.00%,0.00%,17.70%,80.80%,1.50%,0.00%,0.00%,0.00%,76.40%,23.60%,0.00%,0.00%,39.40%,33.00%,27.40%,0.20%,0.00%,0.00%,0.00%,61.10%,28.30%,10.00%,0.00%,0.50%,0.00%,92.50%,7.50%,0.00%,0.00%,90.40%,9.60%,0.00%,0.00%,77.90%,22.10%,0.00%,0.00%
,Feelings About Household Income,Living comfortably on present income,36.20%,2.30%,61.50%,12.00%,87.50%,0.00%,0.50%,89.30%,10.70%,0.00%,0.00%,86.10%,13.90%,0.00%,0.00%,97.80%,2.20%,0.00%,0.00%,18.00%,77.90%,4.10%,0.00%,0.00%,0.00%,88.20%,11.80%,0.00%,0.00%,39.50%,31.80%,26.20%,0.20%,0.00%,2.30%,0.00%,59.80%,28.30%,11.90%,0.00%,0.00%,0.00%,96.50%,3.50%,0.00%,0.00%,91.80%,8.20%,0.00%,0.00%,85.00%,15.00%,0.00%,0.00%
,,Getting by on present income,51.10%,5.60%,43.40%,10.60%,89.40%,0.00%,0.00%,90.50%,9.50%,0.00%,0.00%,86.60%,13.40%,0.00%,0.00%,93.90%,6.10%,0.00%,0.00%,13.10%,85.10%,1.80%,0.00%,0.00%,0.00%,83.40%,16.60%,0.00%,0.00%,30.00%,47.10%,22.90%,0.00%,0.00%,0.00%,0.00%,66.50%,25.10%,8.10%,0.00%,0.40%,0.00%,92.70%,7.30%,0.00%,0.00%,90.00%,9.60%,0.40%,0.00%,66.70%,31.50%,1.80%,0.00%
,,Finding it difficult on present income,65.40%,7.90%,26.70%,21.90%,78.10%,0.00%,0.00%,77.10%,22.90%,0.00%,0.00%,76.80%,23.20%,0.00%,0.00%,86.00%,14.00%,0.00%,0.00%,10.40%,88.20%,1.40%,0.00%,0.00%,0.00%,65.10%,34.90%,0.00%,0.00%,31.60%,38.80%,28.70%,0.00%,0.00%,0.80%,0.00%,65.50%,27.20%,6.80%,0.00%,0.50%,0.00%,89.00%,11.00%,0.00%,0.00%,85.20%,14.80%,0.00%,0.00%,68.70%,31.30%,0.00%,0.00%
,,Finding it very difficult on present income,60.70%,16.80%,22.50%,20.50%,79.30%,0.20%,0.00%,65.90%,34.10%,0.00%,0.00%,68.20%,31.30%,0.50%,0.00%,83.70%,16.30%,0.00%,0.00%,7.90%,91.90%,0.30%,0.00%,0.00%,0.00%,65.20%,33.10%,1.60%,0.00%,22.00%,42.40%,33.40%,0.00%,0.00%,1.40%,0.90%,65.00%,25.70%,7.90%,0.00%,1.40%,0.00%,89.20%,10.80%,0.00%,0.00%,85.40%,14.60%,0.00%,0.00%,58.00%,42.00%,0.00%,0.00%
,Urban/Rural,A rural area or on a farm,61.10%,10.50%,28.50%,14.20%,85.60%,0.30%,0.00%,87.90%,12.10%,0.00%,0.00%,80.30%,19.70%,0.00%,0.00%,95.50%,4.50%,0.00%,0.00%,6.10%,91.50%,2.50%,0.00%,0.00%,0.00%,77.80%,22.20%,0.00%,0.00%,22.30%,45.50%,30.60%,0.00%,0.00%,1.50%,0.00%,69.60%,22.40%,6.10%,0.00%,1.90%,0.00%,92.40%,7.60%,0.00%,0.00%,85.00%,15.00%,0.00%,0.00%,68.30%,31.70%,0.00%,0.00%
,,A small town or villAge,61.40%,7.90%,30.70%,19.50%,80.30%,0.00%,0.20%,76.20%,23.80%,0.00%,0.00%,78.70%,21.30%,0.00%,0.00%,89.60%,10.40%,0.00%,0.00%,8.30%,90.40%,1.30%,0.00%,0.00%,0.00%,70.70%,29.20%,0.10%,0.00%,31.10%,40.70%,27.80%,0.00%,0.00%,0.50%,0.00%,67.10%,25.10%,7.30%,0.00%,0.50%,0.00%,92.50%,7.50%,0.00%,0.00%,85.80%,14.00%,0.30%,0.00%,67.40%,32.60%,0.00%,0.00%
,,A large city,49.60%,8.40%,42.00%,16.00%,84.00%,0.00%,0.00%,79.60%,20.40%,0.00%,0.00%,77.30%,22.40%,0.30%,0.00%,87.30%,12.70%,0.00%,0.00%,17.50%,81.10%,1.40%,0.00%,0.00%,0.00%,74.70%,25.30%,0.00%,0.00%,31.60%,40.00%,27.40%,0.10%,0.00%,0.90%,0.00%,60.50%,30.80%,8.40%,0.00%,0.30%,0.00%,90.80%,9.20%,0.00%,0.00%,91.10%,8.90%,0.00%,0.00%,71.10%,27.70%,1.20%,0.00%
,,A suburb of a large city,67.20%,0.00%,32.80%,3.30%,96.70%,0.00%,0.00%,89.10%,10.90%,0.00%,0.00%,74.80%,25.20%,0.00%,0.00%,72.60%,27.40%,0.00%,0.00%,8.10%,86.30%,5.60%,0.00%,0.00%,0.00%,71.90%,28.10%,0.00%,0.00%,33.00%,44.80%,22.30%,0.00%,0.00%,0.00%,0.00%,89.00%,5.40%,5.60%,0.00%,0.00%,0.00%,68.50%,31.50%,0.00%,0.00%,75.70%,24.30%,0.00%,0.00%,38.40%,61.60%,0.00%,0.00%
Croatia,Age,15-24,24.30%,0.90%,74.90%,3.60%,96.40%,0.00%,0.00%,96.20%,0.90%,0.00%,2.90%,88.40%,10.60%,1.00%,0.00%,95.10%,4.20%,0.70%,0.00%,54.30%,33.30%,12.40%,0.00%,0.00%,0.00%,87.10%,10.00%,2.90%,0.00%,32.50%,46.00%,16.80%,2.90%,0.00%,1.90%,0.00%,43.50%,35.70%,20.80%,0.00%,0.00%,0.00%,87.50%,10.20%,0.00%,2.30%,67.40%,31.80%,0.00%,0.80%,86.80%,12.30%,0.90%,0.00%
,,25-34,39.00%,2.90%,58.10%,5.60%,94.40%,0.00%,0.00%,94.80%,5.20%,0.00%,0.00%,86.50%,12.60%,0.90%,0.00%,92.10%,7.60%,0.30%,0.00%,25.50%,56.90%,17.40%,0.30%,0.00%,0.00%,74.90%,21.40%,3.70%,0.00%,21.10%,63.30%,6.80%,3.00%,2.20%,3.70%,0.00%,49.80%,26.60%,22.00%,0.00%,1.60%,0.00%,73.20%,21.20%,5.60%,0.00%,73.40%,25.00%,1.60%,0.00%,69.60%,29.40%,1.00%,0.00%
,,35-44,41.30%,3.40%,55.40%,12.00%,88.00%,0.00%,0.00%,89.50%,7.30%,3.20%,0.00%,85.50%,13.90%,0.60%,0.00%,91.40%,6.40%,1.80%,0.50%,18.10%,68.90%,11.60%,0.50%,0.90%,0.00%,84.10%,13.60%,2.30%,0.00%,11.60%,69.20%,6.00%,2.40%,2.00%,8.70%,0.00%,46.20%,31.00%,21.90%,0.00%,0.90%,0.00%,81.50%,13.90%,4.10%,0.60%,69.60%,28.20%,1.00%,1.20%,50.60%,42.20%,7.20%,0.00%
,,45-64,51.70%,20.40%,28.00%,33.90%,66.10%,0.00%,0.00%,86.00%,10.50%,3.50%,0.00%,83.00%,14.60%,2.40%,0.00%,80.20%,15.00%,4.60%,0.20%,11.00%,78.40%,7.90%,1.40%,1.20%,0.00%,71.50%,20.20%,7.90%,0.40%,11.60%,71.90%,8.10%,0.00%,0.40%,8.00%,0.00%,43.40%,28.50%,27.70%,0.00%,0.40%,0.00%,77.70%,17.50%,4.70%,0.00%,64.50%,27.60%,5.80%,2.10%,40.20%,54.60%,5.20%,0.00%
,,65+,58.50%,11.90%,29.70%,46.30%,53.70%,0.00%,0.00%,89.50%,9.20%,1.30%,0.00%,88.70%,9.90%,1.30%,0.00%,85.90%,9.10%,4.80%,0.10%,11.90%,83.10%,4.00%,0.00%,0.90%,0.00%,83.10%,10.70%,6.30%,0.00%,15.90%,57.40%,17.60%,0.20%,2.00%,6.70%,0.20%,47.40%,22.80%,27.60%,0.00%,2.20%,0.00%,70.20%,2.40%,27.40%,0.00%,57.80%,3.70%,38.60%,0.00%,35.10%,26.30%,38.60%,0.00%
,Gender,Male,43.20%,11.70%,45.10%,20.90%,79.10%,0.00%,0.00%,87.60%,9.00%,2.60%,0.80%,88.50%,10.00%,1.50%,0.00%,90.90%,7.20%,1.80%,0.20%,25.20%,63.40%,10.00%,0.80%,0.60%,0.00%,76.90%,17.60%,5.50%,0.00%,19.70%,59.80%,9.20%,2.60%,1.00%,7.70%,0.00%,44.00%,29.90%,25.10%,0.00%,0.70%,0.30%,77.20%,15.60%,6.60%,0.60%,67.60%,26.90%,4.10%,1.30%,58.40%,34.50%,6.60%,0.50%
,,Female,46.30%,8.00%,45.60%,26.80%,73.20%,0.00%,0.00%,92.80%,5.90%,1.20%,0.00%,83.00%,15.60%,1.40%,0.00%,83.30%,12.40%,4.10%,0.20%,15.80%,73.00%,9.90%,0.40%,0.90%,0.00%,80.00%,14.40%,5.30%,0.30%,13.70%,67.90%,11.90%,0.00%,1.50%,4.80%,0.10%,47.30%,27.00%,24.40%,0.00%,1.30%,0.00%,79.30%,17.10%,3.60%,0.00%,68.90%,25.70%,4.60%,0.90%,47.60%,47.80%,4.50%,0.00%
,Employment Status,Employed full time for an employer,47.60%,5.10%,47.30%,10.90%,89.10%,0.00%,0.00%,92.90%,4.60%,2.50%,0.00%,85.10%,14.20%,0.70%,0.00%,90.90%,6.90%,1.80%,0.40%,18.50%,67.90%,12.10%,0.20%,1.30%,0.00%,78.90%,16.40%,4.70%,0.00%,14.50%,70.90%,5.70%,2.20%,0.90%,5.70%,0.10%,49.30%,29.40%,20.20%,0.00%,1.00%,0.00%,77.10%,17.80%,4.70%,0.40%,68.60%,27.10%,3.00%,1.40%,52.20%,43.50%,4.30%,0.00%
,,Employed full time for self,47.10%,3.60%,49.30%,2.40%,97.60%,0.00%,0.00%,88.70%,11.30%,0.00%,0.00%,85.30%,14.70%,0.00%,0.00%,89.40%,9.30%,1.40%,0.00%,14.70%,63.70%,20.40%,0.00%,1.10%,0.00%,66.00%,34.00%,0.00%,0.00%,25.40%,45.20%,6.70%,9.10%,0.00%,13.70%,0.00%,58.00%,22.90%,19.10%,0.00%,0.00%,0.00%,81.70%,18.30%,0.00%,0.00%,60.20%,36.40%,3.40%,0.00%,70.00%,30.00%,0.00%,0.00%
,,Employed part time do not want full time,45.90%,6.90%,47.20%,14.40%,85.60%,0.00%,0.00%,91.50%,8.50%,0.00%,0.00%,83.80%,12.40%,3.80%,0.00%,94.90%,3.00%,2.00%,0.00%,10.50%,66.20%,19.20%,0.00%,4.10%,0.00%,75.10%,19.10%,5.80%,0.00%,28.10%,69.90%,1.90%,0.00%,0.00%,0.00%,0.00%,37.70%,28.10%,29.70%,0.00%,0.00%,4.50%,72.60%,9.70%,17.70%,0.00%,61.10%,16.80%,22.10%,0.00%,50.00%,20.60%,24.90%,4.50%
,,Unemployed,26.80%,9.00%,64.10%,23.00%,77.00%,0.00%,0.00%,88.40%,11.60%,0.00%,0.00%,83.10%,16.90%,0.00%,0.00%,81.70%,18.30%,0.00%,0.00%,33.60%,54.00%,12.40%,0.00%,0.00%,0.00%,78.40%,20.90%,0.80%,0.00%,16.30%,54.70%,11.60%,0.00%,2.50%,14.90%,0.00%,43.30%,22.50%,33.20%,0.00%,1.00%,0.00%,0.00%,0.00%,0.00%,0.00%,0.00%,0.00%,0.00%,0.00%,0.00%,0.00%,0.00%,0.00%
,,Employed part time want full time,34.00%,9.80%,56.20%,17.20%,82.80%,0.00%,0.00%,77.10%,1.60%,11.90%,9.50%,85.90%,7.40%,6.80%,0.00%,81.80%,9.50%,8.70%,0.00%,25.70%,65.50%,7.80%,1.00%,0.00%,0.00%,89.00%,4.40%,6.60%,0.00%,15.10%,71.70%,7.60%,0.00%,1.60%,4.00%,0.00%,45.50%,24.10%,30.40%,0.00%,0.00%,0.00%,89.10%,4.40%,6.60%,0.00%,78.40%,17.00%,3.80%,0.80%,55.00%,35.30%,9.70%,0.00%
,,Out of workforce,44.70%,15.90%,39.50%,39.00%,61.00%,0.00%,0.00%,89.00%,9.90%,1.10%,0.00%,87.00%,11.30%,1.70%,0.00%,84.10%,12.00%,3.80%,0.10%,22.10%,70.50%,6.20%,1.10%,0.10%,0.00%,78.50%,14.20%,6.90%,0.30%,17.40%,58.80%,16.10%,0.10%,1.60%,5.90%,0.00%,41.90%,29.20%,27.70%,0.00%,1.20%,0.00%,0.00%,0.00%,0.00%,0.00%,0.00%,0.00%,0.00%,0.00%,0.00%,0.00%,0.00%,0.00%
,Per Capita Income Quintiles,Poorest 20%,38.30%,15.90%,45.90%,36.20%,63.80%,0.00%,0.00%,88.30%,11.20%,0.50%,0.00%,86.20%,13.10%,0.70%,0.00%,84.60%,12.00%,3.40%,0.00%,21.70%,69.00%,7.40%,1.60%,0.20%,0.00%,76.00%,17.40%,5.90%,0.70%,14.90%,59.10%,14.00%,2.80%,3.70%,5.50%,0.00%,41.10%,25.00%,31.10%,0.00%,2.00%,0.80%,72.30%,17.70%,10.00%,0.00%,57.50%,21.50%,12.90%,8.20%,48.20%,36.70%,11.90%,3.10%
,,Second 20%,50.00%,12.60%,37.40%,28.40%,71.60%,0.00%,0.00%,86.20%,12.10%,1.60%,0.00%,87.10%,11.30%,1.60%,0.00%,84.50%,10.90%,4.50%,0.00%,14.10%,67.00%,16.60%,0.50%,1.80%,0.00%,76.90%,16.60%,6.40%,0.00%,16.30%,65.70%,10.20%,1.10%,1.20%,5.50%,0.00%,46.40%,28.60%,24.20%,0.00%,0.70%,0.00%,79.90%,13.60%,6.50%,0.00%,72.10%,21.90%,6.00%,0.00%,50.30%,41.20%,8.50%,0.00%
,,Middle 20%,43.50%,11.20%,45.30%,22.50%,77.50%,0.00%,0.00%,90.20%,5.50%,2.40%,1.90%,84.60%,12.80%,2.60%,0.00%,85.00%,11.90%,3.00%,0.10%,22.30%,70.00%,6.90%,0.00%,0.80%,0.00%,78.20%,12.70%,9.10%,0.00%,17.40%,62.10%,12.00%,0.00%,0.00%,8.60%,0.00%,45.20%,28.90%,25.40%,0.00%,0.50%,0.00%,74.10%,20.50%,5.40%,0.00%,68.90%,29.50%,1.30%,0.30%,50.30%,46.30%,3.40%,0.00%
,,Fourth 20%,49.70%,6.90%,43.40%,18.70%,81.30%,0.00%,0.00%,95.50%,2.00%,2.50%,0.00%,86.90%,11.50%,1.60%,0.00%,90.30%,6.90%,2.00%,0.80%,14.80%,76.10%,8.00%,0.40%,0.70%,0.00%,81.60%,16.70%,1.80%,0.00%,11.00%,72.90%,10.00%,1.20%,0.70%,4.10%,0.20%,50.90%,30.90%,17.90%,0.00%,0.30%,0.00%,75.30%,18.70%,4.70%,1.30%,60.70%,35.10%,3.00%,1.20%,48.80%,44.50%,6.60%,0.00%
,,Richest 20%,42.00%,3.70%,54.30%,13.20%,86.80%,0.00%,0.00%,90.40%,6.90%,2.70%,0.00%,84.60%,14.70%,0.80%,0.00%,91.50%,6.90%,1.60%,0.00%,30.20%,58.30%,10.70%,0.50%,0.20%,0.00%,79.30%,16.90%,3.80%,0.00%,24.40%,59.00%,6.40%,1.50%,0.70%,7.90%,0.00%,44.40%,28.80%,25.40%,0.00%,1.40%,0.00%,85.00%,11.60%,3.40%,0.00%,76.20%,20.00%,3.80%,0.00%,65.60%,31.80%,2.60%,0.00%
,Feelings About Household Income,Living comfortably on present income,21.50%,0.90%,77.60%,11.10%,88.90%,0.00%,0.00%,95.90%,3.00%,1.10%,0.00%,91.60%,7.40%,1.00%,0.00%,97.50%,0.80%,1.30%,0.40%,34.50%,53.80%,11.10%,0.40%,0.30%,0.00%,86.80%,8.60%,4.50%,0.00%,21.50%,59.70%,8.90%,2.60%,0.40%,6.80%,0.00%,45.10%,34.10%,20.40%,0.00%,0.40%,0.00%,88.90%,7.30%,2.30%,1.40%,74.40%,23.70%,1.80%,0.00%,76.60%,20.00%,3.40%,0.00%
,,Getting by on present income,52.60%,10.50%,36.90%,25.00%,75.00%,0.00%,0.00%,90.50%,6.30%,2.60%,0.60%,85.20%,13.40%,1.50%,0.00%,88.20%,9.00%,2.60%,0.20%,16.00%,73.20%,9.60%,0.20%,0.90%,0.00%,79.40%,16.10%,4.60%,0.00%,15.20%,64.90%,11.60%,0.90%,1.20%,6.20%,0.00%,47.80%,26.20%,24.90%,0.00%,1.00%,0.00%,77.10%,16.50%,6.40%,0.00%,66.90%,27.00%,5.50%,0.60%,48.40%,45.50%,6.20%,0.00%
,,Finding it difficult on present income,48.60%,19.10%,32.30%,34.70%,65.30%,0.00%,0.00%,82.80%,17.20%,0.00%,0.00%,81.10%,18.90%,0.00%,0.00%,68.90%,25.10%,6.10%,0.00%,22.10%,68.20%,9.70%,0.00%,0.00%,0.00%,71.20%,19.80%,7.70%,1.30%,19.10%,69.40%,4.70%,0.00%,3.90%,3.00%,0.00%,37.70%,32.80%,28.90%,0.00%,0.50%,0.00%,69.10%,30.90%,0.00%,0.00%,63.40%,26.40%,0.00%,10.20%,34.70%,64.10%,1.20%,0.00%
,,Finding it very difficult on present income,43.90%,48.60%,7.50%,54.40%,45.60%,0.00%,0.00%,67.30%,32.70%,0.00%,0.00%,70.10%,20.10%,9.80%,0.00%,46.30%,42.60%,11.10%,0.00%,11.50%,61.60%,11.20%,13.20%,2.60%,0.00%,30.80%,54.00%,15.10%,0.00%,13.30%,51.50%,21.70%,0.00%,0.00%,13.50%,0.00%,35.40%,31.50%,33.20%,0.00%,0.00%,0.00%,40.30%,36.50%,23.20%,0.00%,42.60%,46.50%,10.90%,0.00%,27.90%,42.50%,29.60%,0.00%
,Urban/Rural,A rural area or on a farm,49.50%,6.90%,43.60%,33.30%,66.70%,0.00%,0.00%,88.10%,9.50%,2.40%,0.00%,85.20%,13.40%,1.40%,0.00%,92.40%,2.00%,5.60%,0.00%,20.50%,70.70%,7.80%,0.90%,0.00%,0.00%,80.70%,14.40%,4.90%,0.00%,22.50%,54.60%,17.50%,3.30%,0.00%,2.10%,0.00%,45.40%,30.20%,18.90%,0.00%,5.50%,0.00%,80.30%,14.60%,5.10%,0.00%,79.50%,16.60%,3.90%,0.00%,59.70%,39.40%,0.90%,0.00%
,,A small town or villAge,43.90%,11.10%,44.90%,25.20%,74.80%,0.00%,0.00%,88.90%,8.30%,2.00%,0.80%,87.60%,11.30%,1.10%,0.00%,88.80%,8.90%,2.20%,0.10%,19.10%,70.60%,8.60%,0.60%,1.10%,0.00%,80.50%,13.10%,6.20%,0.30%,14.40%,65.50%,12.10%,0.40%,1.20%,6.30%,0.10%,42.10%,28.60%,29.00%,0.00%,0.20%,0.00%,81.20%,12.00%,6.40%,0.40%,68.30%,25.70%,5.30%,0.80%,53.10%,41.30%,5.60%,0.00%
,,A large city,41.90%,8.70%,49.50%,19.20%,80.80%,0.00%,0.00%,91.70%,6.40%,1.90%,0.00%,84.10%,14.50%,1.40%,0.00%,83.90%,13.60%,2.00%,0.50%,22.80%,62.80%,13.60%,0.30%,0.50%,0.00%,76.20%,19.60%,4.30%,0.00%,19.40%,60.00%,7.90%,2.30%,1.90%,8.40%,0.00%,48.90%,28.70%,21.60%,0.00%,0.30%,0.50%,75.30%,22.70%,1.60%,0.40%,64.00%,30.80%,3.00%,2.20%,52.90%,39.10%,7.20%,0.80%
,,A suburb of a large city,55.00%,11.80%,33.20%,19.90%,80.10%,0.00%,0.00%,94.80%,4.20%,1.00%,0.00%,82.10%,14.10%,3.80%,0.00%,82.40%,9.70%,7.90%,0.00%,22.30%,69.80%,6.50%,1.10%,0.30%,0.00%,70.80%,23.50%,5.70%,0.00%,14.00%,80.80%,1.10%,0.70%,0.00%,3.40%,0.00%,56.80%,23.70%,16.60%,0.00%,2.90%,0.00%,69.80%,15.70%,14.50%,0.00%,74.00%,21.80%,4.20%,0.00%,55.50%,39.40%,5.10%,0.00%
Cyprus,Age,15-24,46.50%,1.40%,52.10%,5.20%,94.80%,0.00%,0.00%,92.10%,7.90%,0.00%,0.00%,83.90%,16.10%,0.00%,0.00%,89.00%,9.40%,1.50%,0.00%,58.30%,35.90%,5.80%,0.00%,0.00%,0.00%,73.90%,25.30%,0.70%,0.00%,25.40%,49.40%,22.80%,0.00%,0.00%,2.30%,0.00%,40.00%,33.30%,26.70%,0.00%,0.00%,0.00%,84.70%,15.30%,0.00%,0.00%,79.90%,17.00%,3.00%,0.00%,70.90%,29.10%,0.00%,0.00%
,,25-34,49.60%,2.80%,47.60%,12.70%,87.30%,0.00%,0.00%,82.00%,17.20%,0.80%,0.00%,69.00%,29.30%,1.60%,0.00%,76.30%,14.10%,9.60%,0.00%,23.90%,62.20%,12.80%,0.00%,1.20%,0.00%,70.30%,28.00%,1.70%,0.00%,26.70%,54.90%,16.80%,0.00%,0.00%,1.70%,0.00%,38.90%,31.80%,29.40%,0.00%,0.00%,0.00%,79.20%,19.50%,1.30%,0.00%,70.20%,29.20%,0.70%,0.00%,58.00%,41.00%,1.10%,0.00%
,,35-44,57.60%,6.50%,35.90%,11.70%,88.30%,0.00%,0.00%,72.20%,27.40%,0.40%,0.00%,71.10%,27.90%,1.00%,0.00%,87.20%,11.90%,1.00%,0.00%,17.90%,70.90%,8.90%,0.40%,2.00%,0.00%,73.90%,23.70%,2.40%,0.00%,25.30%,65.40%,6.30%,0.00%,0.00%,3.00%,0.00%,40.40%,32.70%,25.80%,0.00%,1.10%,0.00%,80.80%,18.50%,0.70%,0.00%,73.60%,25.40%,1.00%,0.00%,50.80%,48.20%,1.00%,0.00%
,,45-64,60.90%,9.70%,29.50%,27.00%,73.00%,0.00%,0.00%,74.70%,25.10%,0.20%,0.00%,77.60%,21.70%,0.80%,0.00%,81.50%,14.70%,3.70%,0.00%,8.00%,86.80%,4.70%,0.20%,0.20%,0.00%,74.40%,23.30%,2.10%,0.10%,12.50%,77.10%,7.60%,0.60%,0.40%,1.80%,0.00%,39.30%,25.70%,34.60%,0.00%,0.40%,0.00%,88.50%,10.60%,0.90%,0.00%,79.60%,16.20%,3.00%,1.20%,33.40%,65.30%,1.30%,0.00%
,,65+,57.10%,12.50%,30.40%,46.90%,53.10%,0.00%,0.00%,84.30%,15.30%,0.30%,0.00%,85.60%,14.30%,0.20%,0.00%,86.10%,9.30%,4.60%,0.00%,2.00%,96.20%,1.50%,0.00%,0.30%,0.00%,81.50%,7.80%,10.70%,0.00%,13.60%,70.20%,13.60%,0.20%,0.00%,2.20%,0.20%,27.20%,25.20%,44.10%,0.00%,3.50%,0.00%,97.30%,1.30%,0.00%,1.30%,66.60%,33.40%,0.00%,0.00%,59.50%,40.50%,0.00%,0.00%
,Gender,Male,59.00%,6.60%,34.50%,15.90%,84.10%,0.00%,0.00%,78.70%,21.20%,0.10%,0.00%,80.20%,18.50%,1.20%,0.00%,84.20%,11.70%,4.10%,0.00%,22.50%,68.10%,7.70%,0.30%,1.40%,0.00%,77.60%,20.30%,2.20%,0.00%,19.80%,65.80%,11.80%,0.10%,0.00%,2.40%,0.10%,44.30%,28.30%,26.60%,0.00%,0.90%,0.00%,82.50%,17.00%,0.40%,0.10%,76.10%,22.70%,0.80%,0.30%,52.00%,46.90%,1.10%,0.00%
,,Female,50.00%,6.10%,43.90%,25.40%,74.60%,0.00%,0.00%,81.70%,17.70%,0.60%,0.00%,74.30%,25.40%,0.30%,0.00%,82.90%,12.90%,4.30%,0.00%,18.90%,75.20%,5.80%,0.00%,0.10%,0.00%,71.70%,24.10%,4.20%,0.10%,20.30%,63.60%,13.70%,0.40%,0.20%,1.90%,0.00%,31.50%,30.40%,37.30%,0.00%,0.90%,0.00%,86.00%,12.60%,1.30%,0.00%,74.20%,22.20%,3.00%,0.50%,46.30%,52.90%,0.80%,0.00%
,Employment Status,Employed full time for an employer,57.80%,5.00%,37.30%,9.60%,90.40%,0.00%,0.00%,78.90%,20.90%,0.20%,0.00%,75.10%,23.70%,1.10%,0.00%,84.70%,10.40%,4.90%,0.00%,18.50%,71.10%,8.60%,0.20%,1.60%,0.00%,76.80%,21.30%,1.90%,0.00%,18.90%,71.30%,7.00%,0.00%,0.30%,2.50%,0.10%,39.90%,27.10%,32.40%,0.00%,0.60%,0.00%,83.20%,16.20%,0.50%,0.00%,75.30%,23.10%,1.40%,0.20%,50.10%,48.90%,1.00%,0.00%
,,Employed full time for self,50.40%,4.70%,44.90%,12.70%,87.30%,0.00%,0.00%,77.40%,22.60%,0.00%,0.00%,80.60%,18.30%,1.10%,0.00%,85.90%,12.70%,1.40%,0.00%,18.00%,74.40%,6.90%,0.70%,0.00%,0.00%,70.10%,25.90%,4.00%,0.00%,25.00%,62.10%,9.50%,1.90%,0.00%,1.50%,0.00%,48.00%,29.70%,22.30%,0.00%,0.00%,0.00%,91.00%,7.60%,1.40%,0.00%,78.30%,18.70%,1.80%,1.20%,44.70%,54.60%,0.70%,0.00%
,,Employed part time do not want full time,53.30%,1.10%,45.60%,11.10%,88.90%,0.00%,0.00%,91.20%,8.80%,0.00%,0.00%,87.80%,12.20%,0.00%,0.00%,93.20%,4.40%,2.40%,0.00%,33.50%,54.60%,11.80%,0.00%,0.00%,0.00%,67.10%,29.20%,2.40%,1.30%,23.00%,54.60%,19.70%,0.00%,0.00%,2.70%,0.00%,45.80%,34.50%,19.70%,0.00%,0.00%,0.00%,80.60%,14.90%,3.60%,1.00%,66.40%,22.00%,10.30%,1.30%,60.40%,37.20%,2.50%,0.00%
,,Unemployed,66.50%,1.00%,32.50%,22.70%,77.30%,0.00%,0.00%,83.10%,15.10%,1.80%,0.00%,75.20%,23.00%,1.80%,0.00%,84.40%,9.20%,6.40%,0.00%,37.10%,51.30%,11.70%,0.00%,0.00%,0.00%,83.40%,16.60%,0.00%,0.00%,16.00%,55.70%,28.30%,0.00%,0.00%,0.00%,0.00%,48.50%,32.80%,18.70%,0.00%,0.00%,0.00%,0.00%,0.00%,0.00%,0.00%,0.00%,0.00%,0.00%,0.00%,0.00%,0.00%,0.00%,0.00%
,,Employed part time want full time,69.60%,5.20%,25.30%,22.80%,77.20%,0.00%,0.00%,84.30%,15.70%,0.00%,0.00%,65.70%,31.80%,2.50%,0.00%,76.60%,11.30%,12.20%,0.00%,34.30%,58.30%,7.40%,0.00%,0.00%,0.00%,66.30%,33.70%,0.00%,0.00%,23.60%,59.30%,8.80%,0.00%,0.00%,8.20%,0.00%,41.70%,33.60%,24.60%,0.00%,0.00%,0.00%,76.90%,23.10%,0.00%,0.00%,74.20%,25.80%,0.00%,0.00%,48.20%,51.80%,0.00%,0.00%
,,Out of workforce,48.80%,9.80%,41.40%,35.20%,64.80%,0.00%,0.00%,81.10%,18.40%,0.50%,0.00%,78.90%,21.00%,0.10%,0.00%,81.40%,15.20%,3.40%,0.00%,19.90%,76.30%,3.70%,0.00%,0.10%,0.00%,73.50%,21.50%,5.00%,0.00%,20.00%,60.20%,18.10%,0.10%,0.00%,1.60%,0.00%,30.70%,30.60%,37.10%,0.00%,1.60%,0.00%,0.00%,0.00%,0.00%,0.00%,0.00%,0.00%,0.00%,0.00%,0.00%,0.00%,0.00%,0.00%
,Per Capita Income Quintiles,Poorest 20%,61.10%,10.70%,28.20%,30.50%,69.50%,0.00%,0.00%,63.30%,35.50%,1.20%,0.00%,72.00%,26.40%,1.60%,0.00%,72.40%,23.30%,4.30%,0.00%,19.90%,73.10%,5.80%,0.30%,0.80%,0.00%,63.90%,32.00%,4.10%,0.00%,21.20%,64.80%,12.50%,0.00%,0.00%,1.50%,0.00%,41.60%,23.40%,34.60%,0.00%,0.40%,0.00%,70.60%,28.00%,1.40%,0.00%,70.00%,28.00%,2.10%,0.00%,33.30%,63.70%,3.00%,0.00%
,,Second 20%,67.20%,10.10%,22.70%,28.30%,71.70%,0.00%,0.00%,82.50%,17.50%,0.00%,0.00%,71.30%,27.90%,0.80%,0.00%,78.90%,14.80%,6.30%,0.00%,15.80%,81.00%,3.20%,0.00%,0.00%,0.00%,71.90%,24.00%,4.10%,0.00%,14.90%,70.70%,13.20%,0.00%,0.00%,1.20%,0.00%,39.40%,32.30%,25.20%,0.00%,3.10%,0.00%,78.20%,20.90%,0.90%,0.00%,68.40%,27.40%,4.20%,0.00%,37.30%,62.00%,0.70%,0.00%
,,Middle 20%,56.80%,6.90%,36.30%,21.70%,78.30%,0.00%,0.00%,78.00%,22.00%,0.00%,0.00%,81.20%,18.30%,0.50%,0.00%,83.10%,9.40%,7.50%,0.00%,15.10%,78.70%,6.20%,0.00%,0.00%,0.00%,76.00%,20.80%,3.20%,0.00%,18.10%,62.40%,16.00%,0.00%,0.00%,3.50%,0.00%,39.10%,21.90%,38.80%,0.00%,0.10%,0.00%,92.10%,7.90%,0.00%,0.00%,87.00%,12.00%,0.00%,1.00%,57.00%,43.00%,0.00%,0.00%
,,Fourth 20%,49.70%,2.10%,48.20%,13.80%,86.20%,0.00%,0.00%,85.20%,14.50%,0.30%,0.00%,80.90%,18.40%,0.70%,0.00%,91.40%,7.00%,1.60%,0.00%,21.80%,67.30%,8.40%,0.30%,2.10%,0.00%,78.10%,18.90%,3.00%,0.00%,18.30%,67.10%,10.50%,0.00%,0.60%,3.40%,0.10%,33.00%,32.50%,33.80%,0.00%,0.70%,0.00%,87.20%,12.50%,0.30%,0.00%,72.90%,26.30%,0.80%,0.00%,56.30%,42.70%,1.00%,0.00%
,,Richest 20%,39.70%,2.70%,57.70%,10.00%,90.00%,0.00%,0.00%,92.20%,7.50%,0.30%,0.00%,80.40%,19.50%,0.10%,0.00%,91.60%,7.00%,1.40%,0.00%,30.70%,58.90%,9.80%,0.00%,0.60%,0.00%,82.70%,15.40%,1.70%,0.20%,27.90%,58.10%,11.80%,1.10%,0.00%,1.10%,0.00%,35.20%,36.60%,28.20%,0.00%,0.00%,0.00%,88.00%,10.40%,1.40%,0.20%,77.10%,19.70%,2.20%,0.90%,57.30%,42.20%,0.50%,0.00%
,Feelings About Household Income,Living comfortably on present income,36.00%,0.10%,63.90%,7.30%,92.70%,0.00%,0.00%,92.80%,7.20%,0.00%,0.00%,86.30%,13.60%,0.10%,0.00%,95.60%,4.20%,0.30%,0.00%,26.00%,62.50%,11.20%,0.30%,0.10%,0.00%,85.30%,13.50%,1.00%,0.10%,27.60%,58.50%,12.20%,0.10%,0.50%,0.90%,0.10%,33.80%,33.30%,32.70%,0.00%,0.20%,0.00%,89.20%,9.30%,1.40%,0.20%,77.90%,18.70%,3.10%,0.30%,61.40%,37.20%,1.50%,0.00%
,,Getting by on present income,54.10%,3.50%,42.40%,16.20%,83.80%,0.00%,0.00%,83.00%,16.50%,0.50%,0.00%,78.40%,20.90%,0.70%,0.00%,90.00%,7.40%,2.50%,0.00%,21.90%,71.20%,5.80%,0.00%,1.20%,0.00%,79.30%,15.90%,4.80%,0.00%,20.10%,63.60%,11.90%,0.40%,0.00%,4.00%,0.00%,39.30%,27.10%,32.60%,0.00%,1.00%,0.00%,86.60%,12.90%,0.50%,0.00%,75.90%,21.50%,1.80%,0.80%,50.00%,49.30%,0.70%,0.00%
,,Finding it difficult on present income,71.00%,13.80%,15.20%,26.20%,73.80%,0.00%,0.00%,73.50%,26.50%,0.00%,0.00%,74.70%,24.50%,0.80%,0.00%,75.70%,15.90%,8.40%,0.00%,14.00%,78.00%,7.10%,0.00%,0.90%,0.00%,65.80%,32.10%,2.10%,0.00%,15.00%,71.30%,12.50%,0.00%,0.00%,1.10%,0.00%,39.30%,25.50%,34.00%,0.00%,1.30%,0.00%,79.50%,19.50%,1.00%,0.00%,71.00%,28.50%,0.50%,0.00%,42.40%,56.40%,1.30%,0.00%
,,Finding it very difficult on present income,66.30%,17.20%,16.40%,53.40%,46.60%,0.00%,0.00%,60.10%,38.80%,1.10%,0.00%,59.30%,38.80%,1.90%,0.00%,51.30%,38.40%,10.20%,0.00%,17.20%,81.30%,0.90%,0.60%,0.00%,0.00%,51.80%,44.20%,4.00%,0.00%,13.10%,68.60%,18.30%,0.00%,0.00%,0.00%,0.00%,38.10%,36.10%,24.70%,0.00%,1.10%,0.00%,68.70%,31.30%,0.00%,0.00%,75.90%,22.60%,1.50%,0.00%,33.90%,66.10%,0.00%,0.00%
,Urban/Rural,A rural area or on a farm,48.90%,5.80%,45.30%,41.80%,58.20%,0.00%,0.00%,89.10%,10.90%,0.00%,0.00%,66.40%,33.60%,0.00%,0.00%,60.60%,39.40%,0.00%,0.00%,29.70%,69.00%,1.20%,0.00%,0.00%,0.00%,47.30%,42.80%,9.90%,0.00%,42.00%,48.20%,9.90%,0.00%,0.00%,0.00%,0.00%,37.20%,31.90%,21.10%,0.00%,9.90%,0.00%,59.30%,40.70%,0.00%,0.00%,64.90%,35.10%,0.00%,0.00%,25.40%,74.60%,0.00%,0.00%
,,A small town or villAge,53.90%,10.20%,35.90%,24.00%,76.00%,0.00%,0.00%,78.10%,21.80%,0.10%,0.00%,75.20%,23.70%,1.10%,0.00%,77.90%,16.40%,5.70%,0.00%,18.10%,76.10%,4.90%,0.00%,0.90%,0.00%,72.30%,22.40%,5.30%,0.00%,21.70%,63.60%,12.40%,0.00%,0.00%,2.30%,0.00%,40.80%,25.80%,33.20%,0.00%,0.20%,0.00%,86.10%,12.80%,1.10%,0.00%,77.90%,20.40%,1.70%,0.00%,50.00%,49.00%,1.00%,0.00%
,,A large city,54.00%,2.60%,43.50%,16.00%,84.00%,0.00%,0.00%,81.60%,17.60%,0.80%,0.00%,77.40%,22.30%,0.30%,0.00%,87.00%,9.70%,3.30%,0.00%,23.30%,65.80%,9.90%,0.30%,0.70%,0.00%,76.00%,21.80%,2.00%,0.10%,19.90%,62.00%,15.10%,0.50%,0.00%,2.40%,0.00%,38.30%,31.80%,28.70%,0.00%,1.10%,0.00%,83.20%,16.40%,0.40%,0.00%,73.90%,22.90%,2.60%,0.60%,51.40%,47.10%,1.50%,0.00%
,,A suburb of a large city,57.50%,6.80%,35.70%,22.00%,78.00%,0.00%,0.00%,80.80%,19.00%,0.20%,0.00%,82.40%,16.60%,1.00%,0.00%,90.50%,5.90%,3.60%,0.00%,19.70%,75.30%,4.50%,0.00%,0.50%,0.00%,79.30%,20.00%,0.80%,0.00%,15.10%,73.30%,9.50%,0.00%,0.60%,1.40%,0.10%,30.60%,31.40%,37.30%,0.00%,0.80%,0.00%,85.20%,13.40%,1.20%,0.20%,75.40%,23.30%,0.60%,0.80%,48.30%,51.70%,0.00%,0.00%
Dominican Republic,Age,15-24,57.90%,2.20%,39.90%,8.30%,91.70%,0.00%,0.00%,84.80%,14.80%,0.00%,0.40%,83.20%,15.20%,0.00%,1.50%,87.70%,12.30%,0.00%,0.00%,20.70%,76.50%,2.50%,0.00%,0.40%,0.00%,73.20%,26.80%,0.00%,0.00%,36.10%,28.40%,35.50%,0.00%,0.00%,0.00%,0.00%,55.30%,32.60%,12.00%,0.00%,0.00%,0.00%,86.60%,12.70%,0.00%,0.70%,83.30%,15.10%,1.60%,0.00%,77.30%,22.70%,0.00%,0.00%
,,25-34,68.10%,7.70%,24.20%,9.90%,90.10%,0.00%,0.00%,80.80%,19.20%,0.00%,0.00%,78.80%,20.40%,0.70%,0.00%,90.60%,9.40%,0.00%,0.00%,11.10%,87.10%,1.80%,0.00%,0.00%,0.00%,67.40%,32.60%,0.00%,0.00%,25.80%,45.20%,28.50%,0.00%,0.00%,0.30%,0.10%,62.40%,27.40%,9.90%,0.40%,0.00%,0.00%,90.70%,9.00%,0.00%,0.40%,86.60%,13.10%,0.30%,0.00%,80.80%,19.20%,0.00%,0.00%
,,35-44,65.20%,13.00%,21.70%,21.80%,78.20%,0.00%,0.00%,79.70%,19.60%,0.40%,0.30%,83.00%,16.70%,0.00%,0.30%,86.50%,13.50%,0.00%,0.00%,3.50%,95.60%,0.90%,0.00%,0.00%,0.00%,65.30%,34.40%,0.30%,0.00%,22.60%,36.80%,40.30%,0.00%,0.00%,0.00%,0.30%,54.50%,33.70%,10.40%,0.00%,1.40%,0.00%,92.20%,7.80%,0.00%,0.00%,80.50%,18.00%,1.50%,0.00%,68.80%,29.70%,0.00%,1.50%
,,45-64,64.30%,16.90%,18.80%,31.40%,68.60%,0.00%,0.00%,76.50%,23.50%,0.00%,0.00%,84.50%,15.50%,0.00%,0.00%,91.50%,8.30%,0.10%,0.00%,5.00%,94.40%,0.50%,0.10%,0.00%,0.00%,72.90%,24.90%,2.20%,0.00%,16.50%,35.60%,45.70%,0.00%,0.00%,1.10%,1.10%,55.40%,27.00%,17.60%,0.00%,0.00%,0.00%,99.00%,1.00%,0.00%,0.00%,89.20%,10.80%,0.00%,0.00%,76.40%,23.60%,0.00%,0.00%
,,65+,64.80%,14.80%,20.50%,56.80%,43.20%,0.00%,0.00%,80.30%,19.70%,0.00%,0.00%,94.80%,5.20%,0.00%,0.00%,98.60%,1.40%,0.00%,0.00%,6.20%,93.10%,0.80%,0.00%,0.00%,0.00%,75.50%,24.50%,0.00%,0.00%,16.80%,22.90%,59.70%,0.00%,0.00%,0.00%,0.60%,65.50%,16.60%,12.60%,0.00%,0.00%,5.40%,97.70%,2.30%,0.00%,0.00%,90.50%,4.00%,5.50%,0.00%,82.10%,17.90%,0.00%,0.00%
,Gender,Male,63.90%,8.70%,27.40%,11.10%,88.90%,0.00%,0.00%,80.50%,19.40%,0.20%,0.00%,86.70%,13.30%,0.00%,0.00%,89.40%,10.60%,0.00%,0.00%,14.00%,83.80%,1.90%,0.10%,0.20%,0.00%,75.40%,24.60%,0.00%,0.00%,26.90%,34.10%,38.80%,0.00%,0.00%,0.00%,0.20%,55.00%,33.30%,11.80%,0.00%,0.00%,0.00%,92.50%,7.30%,0.00%,0.30%,87.20%,12.00%,0.80%,0.00%,79.70%,20.30%,0.00%,0.00%
,,Female,63.40%,11.50%,25.10%,29.50%,70.50%,0.00%,0.00%,80.40%,19.30%,0.00%,0.30%,79.30%,19.50%,0.40%,0.90%,90.10%,9.80%,0.10%,0.00%,6.10%,93.10%,0.80%,0.00%,0.00%,0.00%,65.00%,33.60%,1.40%,0.00%,22.60%,37.30%,38.70%,0.00%,0.00%,0.70%,0.60%,59.90%,25.00%,13.80%,0.20%,0.50%,0.60%,92.50%,7.20%,0.00%,0.30%,82.30%,16.70%,1.00%,0.00%,70.60%,28.60%,0.00%,0.80%
,Employment Status,Employed full time for an employer,64.60%,9.50%,25.80%,12.40%,87.60%,0.00%,0.00%,81.70%,18.10%,0.00%,0.20%,83.40%,16.30%,0.00%,0.20%,83.60%,16.20%,0.10%,0.00%,12.10%,85.20%,2.60%,0.20%,0.00%,0.00%,71.40%,28.50%,0.10%,0.00%,26.20%,40.70%,33.10%,0.00%,0.00%,0.00%,0.00%,51.70%,31.80%,16.50%,0.00%,0.00%,0.00%,91.40%,8.60%,0.00%,0.00%,82.80%,17.00%,0.20%,0.00%,78.00%,22.00%,0.00%,0.00%
,,Employed full time for self,57.80%,7.40%,34.80%,8.70%,91.30%,0.00%,0.00%,80.20%,19.40%,0.40%,0.00%,87.80%,12.20%,0.00%,0.00%,92.30%,7.70%,0.00%,0.00%,10.30%,88.30%,0.90%,0.00%,0.50%,0.00%,82.60%,17.40%,0.00%,0.00%,25.20%,35.80%,38.40%,0.00%,0.00%,0.00%,0.60%,54.30%,37.50%,8.20%,0.00%,0.00%,0.00%,93.30%,6.10%,0.00%,0.50%,84.40%,14.30%,1.30%,0.00%,81.30%,18.70%,0.00%,0.00%
,,Employed part time do not want full time,74.80%,0.90%,24.30%,20.80%,79.20%,0.00%,0.00%,90.10%,9.90%,0.00%,0.00%,78.80%,21.20%,0.00%,0.00%,92.70%,7.30%,0.00%,0.00%,0.70%,98.60%,0.60%,0.00%,0.00%,0.00%,53.80%,46.20%,0.00%,0.00%,24.20%,45.80%,30.00%,0.00%,0.00%,0.00%,0.00%,64.90%,29.70%,5.40%,0.00%,0.00%,0.00%,88.70%,11.30%,0.00%,0.00%,89.20%,10.80%,0.00%,0.00%,54.90%,45.10%,0.00%,0.00%
,,Unemployed,63.80%,9.20%,26.90%,16.30%,83.70%,0.00%,0.00%,83.60%,16.40%,0.00%,0.00%,78.00%,20.30%,0.00%,1.70%,93.40%,6.60%,0.00%,0.00%,12.10%,85.20%,2.60%,0.00%,0.00%,0.00%,65.70%,32.20%,2.10%,0.00%,24.90%,37.50%,35.90%,0.00%,0.00%,1.70%,0.00%,68.60%,25.30%,6.10%,0.00%,0.00%,0.00%,0.00%,0.00%,0.00%,0.00%,0.00%,0.00%,0.00%,0.00%,0.00%,0.00%,0.00%,0.00%
,,Employed part time want full time,68.80%,11.20%,20.00%,20.80%,79.20%,0.00%,0.00%,80.60%,19.40%,0.00%,0.00%,80.70%,19.30%,0.00%,0.00%,90.30%,9.70%,0.00%,0.00%,8.60%,90.80%,0.60%,0.00%,0.00%,0.00%,67.40%,30.60%,1.90%,0.00%,22.60%,27.30%,50.10%,0.00%,0.00%,0.00%,0.00%,55.70%,27.40%,16.90%,0.00%,0.00%,0.00%,94.30%,5.30%,0.00%,0.40%,89.70%,8.50%,1.70%,0.00%,73.80%,25.00%,0.00%,1.20%
,,Out of workforce,61.40%,14.80%,23.80%,39.90%,60.10%,0.00%,0.00%,75.00%,24.60%,0.00%,0.40%,85.30%,13.50%,0.80%,0.40%,90.60%,9.40%,0.00%,0.00%,9.40%,90.40%,0.10%,0.00%,0.00%,0.00%,67.70%,32.30%,0.00%,0.00%,24.50%,32.50%,41.30%,0.00%,0.00%,0.30%,1.30%,57.00%,23.80%,16.20%,0.40%,1.20%,1.30%,0.00%,0.00%,0.00%,0.00%,0.00%,0.00%,0.00%,0.00%,0.00%,0.00%,0.00%,0.00%
,Per Capita Income Quintiles,Poorest 20%,60.10%,19.40%,20.60%,26.70%,73.30%,0.00%,0.00%,75.00%,25.00%,0.00%,0.00%,84.10%,15.90%,0.00%,0.00%,88.20%,11.80%,0.00%,0.00%,4.90%,93.70%,1.40%,0.00%,0.00%,0.00%,69.20%,30.80%,0.00%,0.00%,24.40%,35.20%,38.50%,0.00%,0.00%,0.30%,1.40%,61.20%,28.10%,10.70%,0.00%,0.00%,0.00%,86.60%,13.40%,0.00%,0.00%,80.10%,16.30%,3.60%,0.00%,70.10%,27.80%,0.00%,2.10%
,,Second 20%,72.50%,13.20%,14.30%,25.00%,75.00%,0.00%,0.00%,84.40%,15.60%,0.00%,0.00%,81.20%,17.30%,0.00%,1.50%,89.00%,11.00%,0.00%,0.00%,7.60%,90.60%,1.30%,0.00%,0.50%,0.00%,63.00%,35.50%,1.50%,0.00%,16.30%,42.50%,41.10%,0.00%,0.00%,0.00%,0.00%,56.30%,26.20%,15.70%,0.40%,1.30%,0.00%,92.90%,7.10%,0.00%,0.00%,81.90%,18.10%,0.00%,0.00%,60.80%,39.20%,0.00%,0.00%
,,Middle 20%,62.20%,11.70%,26.20%,20.90%,79.10%,0.00%,0.00%,74.10%,25.40%,0.00%,0.50%,80.10%,18.50%,0.80%,0.50%,88.40%,11.40%,0.20%,0.00%,8.00%,90.20%,1.80%,0.00%,0.00%,0.00%,61.70%,36.60%,1.70%,0.00%,26.50%,27.00%,45.00%,0.00%,0.00%,1.40%,0.00%,53.10%,37.70%,9.20%,0.00%,0.00%,0.00%,89.20%,10.30%,0.00%,0.50%,83.30%,16.70%,0.00%,0.00%,79.90%,20.10%,0.00%,0.00%
,,Fourth 20%,62.60%,5.20%,32.10%,19.70%,80.30%,0.00%,0.00%,81.90%,17.40%,0.40%,0.30%,81.30%,18.40%,0.00%,0.30%,92.70%,7.30%,0.00%,0.00%,12.50%,86.30%,1.10%,0.00%,0.00%,0.00%,78.40%,21.60%,0.00%,0.00%,27.30%,32.80%,39.70%,0.00%,0.00%,0.00%,0.20%,57.70%,25.70%,15.10%,0.00%,0.00%,1.50%,96.80%,2.50%,0.00%,0.70%,89.80%,10.20%,0.00%,0.00%,83.70%,16.30%,0.00%,0.00%
,,Richest 20%,60.80%,1.50%,37.70%,8.10%,91.90%,0.00%,0.00%,86.80%,13.20%,0.00%,0.00%,88.80%,11.20%,0.00%,0.00%,90.50%,9.50%,0.00%,0.00%,17.90%,80.80%,1.20%,0.20%,0.00%,0.00%,79.50%,20.40%,0.10%,0.00%,29.30%,40.80%,29.50%,0.00%,0.00%,0.00%,0.40%,58.50%,28.40%,13.10%,0.00%,0.00%,0.00%,93.80%,6.20%,0.00%,0.00%,88.60%,9.80%,1.60%,0.00%,82.40%,17.60%,0.00%,0.00%
,Feelings About Household Income,Living comfortably on present income,50.90%,0.60%,48.40%,7.90%,92.10%,0.00%,0.00%,82.70%,16.40%,0.00%,0.80%,88.00%,11.20%,0.00%,0.80%,97.20%,2.80%,0.00%,0.00%,21.70%,74.40%,4.00%,0.00%,0.00%,0.00%,90.50%,9.50%,0.00%,0.00%,31.20%,26.30%,42.40%,0.00%,0.00%,0.00%,0.20%,60.80%,32.00%,7.20%,0.00%,0.00%,0.00%,98.80%,1.20%,0.00%,0.00%,93.10%,6.90%,0.00%,0.00%,85.60%,14.40%,0.00%,0.00%
,,Getting by on present income,63.30%,2.80%,33.90%,13.10%,86.90%,0.00%,0.00%,89.40%,10.30%,0.30%,0.00%,91.90%,8.10%,0.00%,0.00%,94.40%,5.40%,0.10%,0.00%,14.70%,83.20%,1.70%,0.10%,0.30%,0.00%,80.40%,19.60%,0.00%,0.00%,26.30%,39.40%,34.30%,0.00%,0.00%,0.00%,0.00%,57.10%,30.40%,12.20%,0.30%,0.00%,0.00%,93.80%,6.20%,0.00%,0.00%,85.50%,13.00%,1.50%,0.00%,81.40%,18.60%,0.00%,0.00%
,,Finding it difficult on present income,69.90%,12.30%,17.80%,22.40%,77.60%,0.00%,0.00%,80.10%,19.70%,0.00%,0.20%,80.30%,19.50%,0.00%,0.20%,88.40%,11.60%,0.00%,0.00%,7.50%,91.30%,1.20%,0.00%,0.00%,0.00%,68.90%,31.00%,0.10%,0.00%,29.40%,33.20%,37.30%,0.00%,0.00%,0.00%,0.10%,61.00%,22.20%,16.80%,0.00%,0.00%,0.00%,91.20%,8.00%,0.00%,0.90%,80.90%,18.90%,0.20%,0.00%,72.60%,27.40%,0.00%,0.00%
,,Finding it very difficult on present income,63.50%,18.60%,17.90%,27.30%,72.70%,0.00%,0.00%,71.20%,28.80%,0.00%,0.00%,74.80%,23.60%,0.60%,1.00%,83.30%,16.70%,0.00%,0.00%,5.00%,94.90%,0.10%,0.00%,0.00%,0.00%,57.30%,41.50%,1.20%,0.00%,15.90%,38.30%,44.60%,0.00%,0.00%,0.20%,1.00%,52.10%,34.90%,11.10%,0.00%,0.90%,1.00%,88.80%,11.20%,0.00%,0.00%,87.00%,11.70%,1.20%,0.00%,69.00%,29.70%,0.00%,1.20%
,Urban/Rural,A rural area or on a farm,73.60%,5.90%,20.50%,21.40%,78.60%,0.00%,0.00%,71.60%,27.60%,0.50%,0.30%,80.70%,17.30%,0.00%,2.00%,81.80%,18.20%,0.00%,0.00%,10.60%,87.50%,1.90%,0.00%,0.00%,0.00%,75.60%,24.40%,0.00%,0.00%,24.40%,44.90%,30.70%,0.00%,0.00%,0.00%,0.00%,58.60%,30.10%,11.20%,0.00%,0.00%,0.00%,88.30%,11.10%,0.00%,0.60%,85.50%,14.00%,0.50%,0.00%,76.60%,23.40%,0.00%,0.00%
,,A small town or villAge,63.00%,13.50%,23.60%,24.60%,75.40%,0.00%,0.00%,83.80%,16.00%,0.00%,0.20%,84.60%,14.80%,0.40%,0.20%,90.60%,9.40%,0.00%,0.00%,8.30%,90.50%,1.00%,0.00%,0.20%,0.00%,67.50%,32.30%,0.10%,0.00%,23.80%,31.70%,43.60%,0.00%,0.00%,0.20%,0.80%,56.80%,29.60%,13.40%,0.20%,0.00%,0.00%,92.60%,7.00%,0.00%,0.40%,84.50%,14.30%,1.20%,0.00%,76.20%,23.80%,0.00%,0.00%
,,A large city,57.70%,7.80%,34.50%,10.90%,89.10%,0.00%,0.00%,81.90%,18.10%,0.00%,0.00%,83.20%,16.80%,0.00%,0.00%,93.10%,6.90%,0.00%,0.00%,12.60%,85.70%,1.60%,0.10%,0.00%,0.00%,72.50%,26.40%,1.10%,0.00%,29.00%,35.60%,34.40%,0.00%,0.00%,1.00%,0.00%,57.90%,27.10%,14.10%,0.00%,0.90%,0.00%,94.20%,5.80%,0.00%,0.00%,85.30%,14.70%,0.00%,0.00%,80.20%,19.80%,0.00%,0.00%
,,A suburb of a large city,71.10%,8.70%,20.20%,21.20%,78.80%,0.00%,0.00%,75.70%,24.30%,0.00%,0.00%,80.50%,19.50%,0.00%,0.00%,90.20%,9.40%,0.40%,0.00%,8.60%,89.70%,1.70%,0.00%,0.00%,0.00%,66.80%,33.20%,0.00%,0.00%,20.20%,40.60%,39.20%,0.00%,0.00%,0.00%,0.00%,57.30%,36.60%,6.10%,0.00%,0.00%,0.00%,92.20%,7.80%,0.00%,0.00%,88.60%,8.50%,2.90%,0.00%,67.20%,29.90%,0.00%,2.90%
Ecuador,Age,15-24,56.10%,2.40%,41.50%,5.50%,94.50%,0.00%,0.00%,93.20%,6.30%,0.60%,0.00%,76.90%,22.80%,0.30%,0.00%,89.30%,10.50%,0.00%,0.30%,20.40%,76.70%,2.90%,0.00%,0.00%,0.00%,69.30%,28.30%,2.40%,0.00%,36.10%,40.50%,22.50%,0.00%,0.00%,0.70%,0.20%,61.80%,27.40%,10.30%,0.00%,0.20%,0.30%,91.90%,7.60%,0.50%,0.00%,77.70%,21.90%,0.40%,0.00%,69.90%,30.10%,0.00%,0.00%
,,25-34,61.50%,9.90%,28.60%,12.10%,87.90%,0.00%,0.00%,80.50%,18.80%,0.70%,0.00%,78.40%,19.30%,2.30%,0.00%,84.00%,16.00%,0.00%,0.00%,8.10%,87.10%,4.60%,0.20%,0.00%,0.00%,70.40%,28.00%,1.70%,0.00%,24.90%,56.50%,16.50%,0.30%,0.20%,1.30%,0.40%,58.50%,22.50%,18.10%,0.80%,0.10%,0.00%,91.70%,6.80%,1.50%,0.00%,82.70%,14.10%,1.10%,2.10%,74.30%,24.10%,0.30%,1.30%
,,35-44,64.90%,15.80%,19.30%,19.30%,80.70%,0.00%,0.00%,66.60%,30.10%,2.10%,1.10%,74.10%,25.60%,0.30%,0.00%,85.70%,13.60%,0.60%,0.00%,8.90%,87.20%,3.90%,0.00%,0.00%,0.00%,72.80%,23.80%,2.00%,1.40%,21.30%,61.00%,17.10%,0.00%,0.30%,0.30%,0.00%,69.00%,14.30%,15.40%,0.00%,1.30%,0.00%,95.60%,3.60%,0.90%,0.00%,80.00%,17.30%,2.70%,0.00%,72.10%,25.20%,2.30%,0.40%
,,45-64,69.30%,13.50%,17.20%,22.30%,76.60%,0.00%,1.10%,72.00%,27.20%,0.80%,0.00%,81.10%,18.50%,0.40%,0.00%,89.10%,9.60%,1.30%,0.00%,4.50%,91.70%,3.40%,0.00%,0.00%,0.40%,72.60%,27.40%,0.00%,0.00%,24.30%,57.30%,16.50%,0.00%,0.00%,1.00%,0.90%,55.60%,23.20%,17.60%,0.00%,3.60%,0.00%,96.00%,3.20%,0.80%,0.00%,88.50%,7.40%,3.70%,0.40%,71.20%,28.80%,0.00%,0.00%
,,65+,62.70%,8.80%,28.50%,57.30%,42.70%,0.00%,0.00%,77.80%,22.20%,0.00%,0.00%,90.30%,9.70%,0.00%,0.00%,94.00%,6.00%,0.00%,0.00%,1.50%,98.50%,0.00%,0.00%,0.00%,0.00%,77.00%,23.00%,0.00%,0.00%,13.40%,65.90%,14.40%,0.00%,0.00%,6.40%,0.00%,49.20%,23.50%,21.00%,0.00%,0.00%,6.40%,100.00%,0.00%,0.00%,0.00%,100.00%,0.00%,0.00%,0.00%,65.40%,34.60%,0.00%,0.00%
,Gender,Male,60.70%,8.50%,30.80%,14.80%,84.70%,0.00%,0.50%,81.80%,17.70%,0.50%,0.00%,81.20%,17.60%,1.10%,0.00%,89.00%,10.50%,0.50%,0.00%,13.90%,81.70%,4.10%,0.10%,0.00%,0.20%,71.50%,26.80%,1.20%,0.60%,25.30%,53.00%,20.00%,0.10%,0.10%,0.90%,0.40%,58.70%,25.20%,13.70%,0.00%,1.70%,0.70%,93.20%,6.30%,0.50%,0.00%,83.80%,15.20%,1.00%,0.00%,74.10%,25.50%,0.30%,0.00%
,,Female,63.40%,10.30%,26.30%,17.30%,82.70%,0.00%,0.00%,77.30%,20.90%,1.40%,0.40%,75.50%,24.00%,0.50%,0.00%,86.10%,13.50%,0.30%,0.10%,7.80%,89.20%,3.00%,0.00%,0.00%,0.00%,71.30%,26.90%,1.80%,0.00%,27.90%,53.70%,16.50%,0.00%,0.10%,1.30%,0.40%,62.00%,20.10%,16.80%,0.40%,0.60%,0.10%,94.40%,4.20%,1.40%,0.00%,81.00%,14.60%,2.90%,1.50%,68.80%,29.30%,0.90%,1.00%
,Employment Status,Employed full time for an employer,57.80%,6.70%,35.50%,10.00%,90.00%,0.00%,0.00%,84.40%,15.00%,0.60%,0.00%,83.30%,16.00%,0.80%,0.00%,89.40%,10.30%,0.40%,0.00%,15.40%,80.40%,4.20%,0.00%,0.00%,0.00%,74.70%,25.30%,0.00%,0.00%,24.70%,61.90%,11.80%,0.00%,0.40%,0.80%,0.30%,72.10%,17.10%,10.80%,0.00%,0.00%,0.00%,93.20%,6.40%,0.30%,0.00%,90.20%,9.80%,0.00%,0.00%,76.10%,23.20%,0.80%,0.00%
,,Employed full time for self,66.90%,10.80%,22.20%,16.30%,83.70%,0.00%,0.00%,75.80%,21.70%,2.50%,0.00%,78.30%,21.70%,0.00%,0.00%,87.90%,12.10%,0.00%,0.00%,6.90%,88.60%,4.50%,0.00%,0.00%,0.00%,67.80%,32.20%,0.00%,0.00%,29.00%,46.00%,23.90%,0.50%,0.00%,0.40%,0.30%,59.00%,21.00%,17.20%,1.30%,1.60%,0.00%,96.00%,4.00%,0.00%,0.00%,80.20%,15.10%,2.90%,1.80%,70.20%,26.40%,1.60%,1.80%
,,Employed part time do not want full time,62.00%,9.90%,28.20%,19.60%,76.80%,0.00%,3.60%,78.20%,21.80%,0.00%,0.00%,73.90%,25.20%,0.90%,0.00%,84.00%,14.80%,0.00%,1.20%,10.30%,89.70%,0.00%,0.00%,0.00%,0.00%,74.10%,25.20%,0.70%,0.00%,30.20%,52.50%,15.70%,0.00%,0.00%,1.70%,0.00%,69.30%,16.10%,13.50%,0.00%,0.00%,1.20%,89.30%,9.70%,1.00%,0.00%,78.40%,16.60%,4.90%,0.00%,65.20%,34.80%,0.00%,0.00%
,,Unemployed,60.10%,16.90%,22.90%,16.40%,83.60%,0.00%,0.00%,70.00%,29.70%,0.30%,0.00%,71.10%,28.90%,0.00%,0.00%,83.50%,14.60%,1.90%,0.00%,8.60%,89.20%,2.20%,0.00%,0.00%,0.00%,62.80%,32.20%,3.50%,1.60%,21.90%,57.60%,20.50%,0.00%,0.00%,0.00%,0.00%,56.30%,22.40%,21.40%,0.00%,0.00%,0.00%,0.00%,0.00%,0.00%,0.00%,0.00%,0.00%,0.00%,0.00%,0.00%,0.00%,0.00%,0.00%
,,Employed part time want full time,66.20%,8.70%,25.20%,14.60%,85.40%,0.00%,0.00%,77.00%,21.80%,1.20%,0.00%,79.30%,18.40%,2.30%,0.00%,87.40%,12.40%,0.20%,0.00%,13.60%,82.10%,4.40%,0.00%,0.00%,0.00%,77.70%,20.60%,1.70%,0.00%,29.20%,47.70%,22.60%,0.00%,0.00%,0.00%,0.40%,53.70%,25.30%,18.60%,0.00%,2.40%,0.00%,93.90%,4.40%,1.70%,0.00%,80.20%,17.60%,1.60%,0.50%,71.70%,28.30%,0.00%,0.00%
,,Out of workforce,58.40%,6.70%,35.00%,21.30%,78.70%,0.00%,0.00%,88.50%,9.70%,0.80%,1.00%,79.10%,20.90%,0.00%,0.00%,89.70%,10.30%,0.00%,0.00%,7.40%,88.60%,3.30%,0.20%,0.00%,0.40%,68.40%,29.00%,2.30%,0.20%,25.80%,56.50%,12.40%,0.00%,0.30%,3.90%,1.10%,61.20%,26.30%,9.70%,0.00%,1.20%,1.60%,0.00%,0.00%,0.00%,0.00%,0.00%,0.00%,0.00%,0.00%,0.00%,0.00%,0.00%,0.00%
,Per Capita Income Quintiles,Poorest 20%,62.00%,16.50%,21.40%,28.30%,70.50%,0.00%,1.20%,72.30%,27.40%,0.30%,0.00%,78.70%,21.00%,0.30%,0.00%,87.20%,12.80%,0.00%,0.00%,6.60%,89.00%,4.40%,0.00%,0.00%,0.00%,64.20%,34.10%,0.40%,1.20%,25.20%,51.60%,20.70%,0.00%,0.60%,1.30%,0.50%,50.90%,24.60%,21.30%,0.00%,1.50%,1.70%,91.50%,8.50%,0.00%,0.00%,76.00%,17.50%,6.50%,0.00%,64.20%,35.80%,0.00%,0.00%
,,Second 20%,68.60%,13.70%,17.70%,12.50%,87.50%,0.00%,0.00%,72.10%,27.10%,0.80%,0.00%,76.50%,22.20%,1.30%,0.00%,88.50%,11.50%,0.00%,0.00%,4.40%,89.50%,6.10%,0.00%,0.00%,0.00%,68.90%,29.90%,1.10%,0.00%,22.40%,60.50%,15.90%,0.00%,0.00%,0.50%,0.70%,67.60%,18.20%,13.30%,0.90%,0.00%,0.00%,94.00%,3.50%,2.50%,0.00%,74.30%,22.60%,1.40%,1.60%,72.00%,26.40%,0.00%,1.60%
,,Middle 20%,67.20%,8.90%,23.90%,15.20%,84.80%,0.00%,0.00%,83.40%,14.30%,1.30%,1.00%,76.50%,21.90%,1.60%,0.00%,87.00%,11.30%,1.70%,0.00%,9.10%,88.10%,2.40%,0.00%,0.00%,0.40%,75.90%,22.30%,1.60%,0.20%,23.50%,55.40%,17.70%,0.00%,0.00%,3.00%,0.40%,58.50%,23.70%,15.20%,0.00%,2.60%,0.00%,96.80%,2.40%,0.80%,0.00%,86.00%,13.00%,0.00%,1.00%,70.00%,29.50%,0.50%,0.00%
,,Fourth 20%,61.70%,4.30%,34.00%,9.30%,90.70%,0.00%,0.00%,86.70%,11.10%,2.20%,0.00%,81.10%,18.60%,0.30%,0.00%,85.70%,14.00%,0.30%,0.00%,11.20%,87.00%,1.80%,0.00%,0.00%,0.00%,71.20%,25.40%,3.40%,0.00%,32.60%,50.10%,17.00%,0.00%,0.00%,0.30%,0.00%,62.30%,20.50%,15.80%,0.00%,1.50%,0.00%,94.30%,5.70%,0.00%,0.00%,84.10%,13.60%,2.30%,0.00%,74.30%,23.40%,2.30%,0.00%
,,Richest 20%,51.20%,4.30%,44.50%,15.40%,84.60%,0.00%,0.00%,82.90%,16.70%,0.40%,0.00%,78.30%,21.20%,0.50%,0.00%,88.80%,10.80%,0.00%,0.40%,22.10%,74.80%,2.80%,0.20%,0.00%,0.00%,76.30%,22.70%,1.00%,0.00%,30.40%,48.80%,19.60%,0.40%,0.00%,0.30%,0.50%,62.90%,25.40%,11.30%,0.00%,0.00%,0.40%,91.40%,7.70%,0.90%,0.00%,89.80%,9.30%,0.50%,0.40%,76.40%,23.20%,0.00%,0.40%
,Feelings About Household Income,Living comfortably on present income,33.10%,1.40%,65.50%,3.70%,96.30%,0.00%,0.00%,100.00%,0.00%,0.00%,0.00%,89.40%,9.70%,1.00%,0.00%,92.30%,7.70%,0.00%,0.00%,23.10%,71.80%,4.30%,0.90%,0.00%,0.00%,90.70%,9.30%,0.00%,0.00%,36.10%,41.70%,21.10%,0.00%,0.00%,1.00%,0.00%,66.20%,23.40%,10.40%,0.00%,0.00%,0.00%,97.00%,3.00%,0.00%,0.00%,85.40%,14.60%,0.00%,0.00%,72.60%,23.40%,2.00%,2.00%
,,Getting by on present income,57.20%,0.60%,42.20%,9.30%,90.70%,0.00%,0.00%,91.70%,8.00%,0.30%,0.00%,83.70%,15.40%,0.90%,0.00%,91.90%,8.10%,0.00%,0.00%,15.70%,82.40%,1.80%,0.00%,0.00%,0.00%,77.90%,20.20%,1.90%,0.00%,29.10%,54.00%,15.80%,0.30%,0.00%,0.70%,0.20%,54.10%,30.00%,15.80%,0.00%,0.10%,0.00%,95.50%,4.50%,0.00%,0.00%,85.10%,14.20%,0.00%,0.80%,71.70%,27.90%,0.40%,0.00%
,,Finding it difficult on present income,66.00%,10.10%,24.00%,17.80%,82.20%,0.00%,0.00%,77.80%,19.70%,1.90%,0.60%,75.00%,23.80%,1.20%,0.00%,88.40%,11.10%,0.50%,0.00%,9.00%,85.90%,4.80%,0.00%,0.00%,0.30%,69.00%,28.70%,2.20%,0.10%,25.50%,56.30%,16.50%,0.00%,0.00%,0.90%,0.80%,69.60%,16.80%,12.90%,0.00%,0.70%,0.00%,91.20%,6.80%,2.00%,0.00%,83.00%,14.70%,2.00%,0.30%,75.90%,23.00%,1.10%,0.00%
,,Finding it very difficult on present income,69.00%,18.70%,12.30%,23.30%,75.90%,0.00%,0.80%,68.10%,31.00%,0.90%,0.00%,72.50%,27.30%,0.20%,0.00%,80.30%,18.90%,0.80%,0.00%,5.80%,91.80%,2.30%,0.00%,0.00%,0.00%,63.80%,34.70%,0.70%,0.80%,23.90%,51.50%,23.00%,0.00%,0.40%,1.10%,0.20%,54.60%,23.40%,18.20%,0.60%,2.10%,1.10%,93.80%,5.50%,0.70%,0.00%,80.60%,16.10%,2.30%,1.10%,66.30%,32.60%,0.00%,1.10%
,Urban/Rural,A rural area or on a farm,58.70%,17.20%,24.00%,15.60%,84.40%,0.00%,0.00%,77.10%,22.00%,0.90%,0.00%,73.00%,25.10%,2.00%,0.00%,90.70%,9.00%,0.00%,0.40%,9.60%,87.70%,2.70%,0.00%,0.00%,0.00%,71.50%,24.10%,4.20%,0.20%,30.10%,55.00%,14.10%,0.00%,0.30%,0.50%,0.00%,63.30%,18.30%,18.00%,0.00%,0.00%,0.40%,97.10%,2.20%,0.60%,0.00%,86.60%,13.40%,0.00%,0.00%,76.20%,23.80%,0.00%,0.00%
,,A small town or villAge,64.20%,9.20%,26.60%,17.90%,82.10%,0.00%,0.00%,77.30%,21.70%,0.50%,0.50%,82.60%,16.80%,0.60%,0.00%,88.50%,11.20%,0.30%,0.00%,7.90%,88.70%,3.40%,0.00%,0.00%,0.00%,70.30%,28.70%,0.50%,0.60%,25.70%,53.10%,19.70%,0.20%,0.00%,0.60%,0.70%,61.90%,20.70%,15.10%,0.00%,1.60%,0.80%,94.20%,4.50%,1.40%,0.00%,81.40%,15.10%,2.00%,1.50%,69.40%,29.70%,0.00%,1.00%
,,A large city,56.60%,7.20%,36.20%,11.00%,88.00%,0.00%,0.90%,86.70%,11.60%,1.70%,0.00%,76.60%,23.40%,0.00%,0.00%,84.40%,14.70%,0.90%,0.00%,16.00%,78.50%,4.90%,0.20%,0.00%,0.40%,72.50%,26.30%,1.20%,0.00%,28.00%,50.00%,19.50%,0.00%,0.20%,1.80%,0.50%,58.50%,27.70%,12.80%,0.00%,0.90%,0.00%,88.80%,10.50%,0.70%,0.00%,83.90%,14.00%,2.00%,0.00%,74.50%,24.10%,1.40%,0.00%
,,A suburb of a large city,71.40%,1.60%,27.00%,11.80%,88.20%,0.00%,0.00%,78.50%,20.20%,1.30%,0.00%,81.70%,18.30%,0.00%,0.00%,85.70%,13.70%,0.50%,0.00%,11.50%,85.80%,2.70%,0.00%,0.00%,0.00%,69.50%,29.20%,1.40%,0.00%,25.10%,59.70%,15.30%,0.00%,0.00%,0.00%,0.00%,55.50%,24.60%,19.80%,0.00%,0.00%,0.00%,98.30%,1.70%,0.00%,0.00%,79.50%,19.30%,1.20%,0.00%,67.80%,31.00%,1.20%,0.00%
Finland,Age,15-24,18.80%,0.00%,81.20%,13.40%,84.70%,1.90%,0.00%,100.00%,0.00%,0.00%,0.00%,92.10%,7.90%,0.00%,0.00%,93.90%,6.10%,0.00%,0.00%,46.60%,50.00%,3.40%,0.00%,0.00%,0.00%,86.30%,13.70%,0.00%,0.00%,42.20%,50.50%,7.40%,0.00%,0.00%,0.00%,0.00%,46.10%,48.60%,5.30%,0.00%,0.00%,0.00%,81.90%,18.10%,0.00%,0.00%,79.70%,20.30%,0.00%,0.00%,57.60%,37.10%,5.30%,0.00%
,,25-34,7.90%,0.90%,91.20%,9.10%,90.90%,0.00%,0.00%,100.00%,0.00%,0.00%,0.00%,81.80%,18.20%,0.00%,0.00%,94.10%,5.90%,0.00%,0.00%,28.10%,66.40%,4.30%,0.00%,1.20%,0.00%,88.10%,11.90%,0.00%,0.00%,32.00%,62.70%,5.40%,0.00%,0.00%,0.00%,0.00%,44.20%,47.20%,7.70%,0.00%,0.00%,0.80%,97.10%,2.90%,0.00%,0.00%,75.20%,24.80%,0.00%,0.00%,68.10%,31.90%,0.00%,0.00%
,,35-44,9.30%,1.10%,89.70%,12.00%,88.00%,0.00%,0.00%,97.50%,2.50%,0.00%,0.00%,80.40%,19.60%,0.00%,0.00%,97.00%,1.10%,2.00%,0.00%,16.20%,83.80%,0.00%,0.00%,0.00%,0.00%,87.30%,12.70%,0.00%,0.00%,22.20%,73.00%,3.60%,0.00%,0.00%,1.20%,0.00%,35.60%,59.10%,4.10%,0.00%,1.20%,0.00%,96.20%,2.50%,1.30%,0.00%,83.30%,16.70%,0.00%,0.00%,74.30%,25.70%,0.00%,0.00%
,,45-64,28.40%,1.70%,69.90%,20.40%,79.60%,0.00%,0.00%,95.00%,4.40%,0.60%,0.00%,89.60%,10.40%,0.00%,0.00%,92.70%,7.10%,0.20%,0.00%,8.50%,89.00%,2.50%,0.00%,0.00%,0.00%,89.30%,10.70%,0.00%,0.00%,35.60%,59.60%,3.80%,0.60%,0.00%,0.30%,0.00%,39.50%,50.20%,8.90%,0.00%,1.30%,0.20%,95.40%,4.30%,0.30%,0.00%,82.80%,15.00%,2.20%,0.00%,56.90%,42.40%,0.70%,0.00%
,,65+,44.20%,1.90%,53.80%,28.10%,71.90%,0.00%,0.00%,92.20%,7.60%,0.20%,0.00%,97.80%,1.70%,0.50%,0.00%,96.50%,3.50%,0.00%,0.00%,4.00%,93.90%,2.10%,0.00%,0.00%,0.00%,95.70%,3.70%,0.60%,0.00%,43.60%,49.50%,6.70%,0.10%,0.00%,0.10%,0.00%,48.10%,34.10%,15.70%,0.00%,2.00%,0.10%,98.30%,1.70%,0.00%,0.00%,74.60%,24.60%,0.80%,0.00%,68.60%,31.40%,0.00%,0.00%
,Gender,Male,29.30%,2.20%,68.60%,16.90%,83.10%,0.00%,0.00%,94.20%,5.40%,0.40%,0.00%,91.00%,8.80%,0.30%,0.00%,94.40%,5.60%,0.00%,0.00%,19.70%,77.70%,2.60%,0.00%,0.00%,0.00%,90.40%,9.60%,0.00%,0.00%,36.60%,57.10%,5.30%,0.50%,0.00%,0.60%,0.00%,45.30%,44.70%,8.40%,0.00%,1.30%,0.30%,93.90%,5.30%,0.80%,0.00%,75.80%,22.80%,1.40%,0.00%,64.80%,34.70%,0.50%,0.00%
,,Female,21.80%,0.50%,77.60%,20.50%,79.10%,0.40%,0.00%,97.60%,2.30%,0.10%,0.00%,88.20%,11.80%,0.00%,0.00%,95.10%,4.20%,0.70%,0.00%,11.80%,85.70%,2.20%,0.00%,0.40%,0.00%,90.00%,9.70%,0.30%,0.00%,35.30%,59.50%,5.10%,0.00%,0.00%,0.00%,0.00%,40.30%,48.20%,10.40%,0.00%,1.00%,0.10%,96.00%,4.00%,0.00%,0.00%,85.20%,14.50%,0.30%,0.00%,64.20%,34.70%,1.10%,0.00%
,Employment Status,Employed full time for an employer,13.90%,0.50%,85.60%,10.20%,89.80%,0.00%,0.00%,97.50%,2.10%,0.50%,0.00%,84.10%,15.90%,0.00%,0.00%,97.60%,2.40%,0.00%,0.00%,18.30%,79.00%,2.30%,0.00%,0.50%,0.00%,89.10%,10.90%,0.00%,0.00%,27.40%,67.40%,4.50%,0.00%,0.00%,0.60%,0.00%,38.80%,52.70%,7.20%,0.00%,1.30%,0.00%,95.90%,3.60%,0.40%,0.00%,80.80%,18.70%,0.50%,0.00%,62.20%,37.60%,0.20%,0.00%
,,Employed full time for self,16.90%,0.00%,83.10%,3.60%,96.40%,0.00%,0.00%,98.10%,1.90%,0.00%,0.00%,87.00%,13.00%,0.00%,0.00%,98.30%,1.70%,0.00%,0.00%,18.00%,79.40%,2.60%,0.00%,0.00%,0.00%,90.10%,9.90%,0.00%,0.00%,32.80%,65.70%,1.50%,0.00%,0.00%,0.00%,0.00%,34.40%,58.10%,5.40%,0.00%,0.00%,2.00%,98.50%,1.50%,0.00%,0.00%,83.00%,17.00%,0.00%,0.00%,81.40%,18.60%,0.00%,0.00%
,,Employed part time do not want full time,39.30%,1.30%,59.40%,17.00%,83.00%,0.00%,0.00%,96.20%,3.80%,0.00%,0.00%,90.80%,9.20%,0.00%,0.00%,93.70%,6.30%,0.00%,0.00%,8.40%,88.10%,3.50%,0.00%,0.00%,0.00%,86.70%,13.30%,0.00%,0.00%,32.40%,61.40%,6.20%,0.00%,0.00%,0.00%,0.00%,46.60%,41.60%,11.80%,0.00%,0.00%,0.00%,87.70%,11.50%,0.80%,0.00%,84.90%,15.10%,0.00%,0.00%,65.00%,30.00%,5.00%,0.00%
,,Unemployed,25.70%,8.60%,65.70%,16.20%,83.80%,0.00%,0.00%,87.80%,12.20%,0.00%,0.00%,82.00%,18.00%,0.00%,0.00%,81.10%,18.90%,0.00%,0.00%,24.70%,69.00%,6.30%,0.00%,0.00%,0.00%,75.00%,25.00%,0.00%,0.00%,20.60%,76.50%,2.80%,0.00%,0.00%,0.00%,0.00%,48.20%,44.30%,6.00%,0.00%,0.00%,1.50%,0.00%,0.00%,0.00%,0.00%,0.00%,0.00%,0.00%,0.00%,0.00%,0.00%,0.00%,0.00%
,,Employed part time want full time,34.60%,3.20%,62.20%,26.80%,73.20%,0.00%,0.00%,95.90%,4.10%,0.00%,0.00%,82.40%,17.60%,0.00%,0.00%,86.90%,11.70%,1.50%,0.00%,29.80%,69.30%,0.90%,0.00%,0.00%,0.00%,82.30%,17.70%,0.00%,0.00%,40.30%,47.30%,7.80%,4.70%,0.00%,0.00%,0.00%,29.30%,67.40%,3.20%,0.00%,0.00%,0.00%,91.40%,8.60%,0.00%,0.00%,63.40%,29.30%,7.30%,0.00%,60.50%,39.50%,0.00%,0.00%
,,Out of workforce,35.90%,1.50%,62.70%,30.00%,69.40%,0.60%,0.00%,94.80%,5.10%,0.10%,0.00%,97.10%,2.50%,0.40%,0.00%,93.60%,5.60%,0.80%,0.00%,11.30%,86.70%,2.00%,0.00%,0.00%,0.00%,94.60%,4.90%,0.50%,0.00%,47.40%,46.10%,6.40%,0.10%,0.00%,0.10%,0.00%,48.40%,36.80%,13.10%,0.00%,1.60%,0.10%,0.00%,0.00%,0.00%,0.00%,0.00%,0.00%,0.00%,0.00%,0.00%,0.00%,0.00%,0.00%
,Per Capita Income Quintiles,Poorest 20%,35.20%,3.90%,60.90%,26.70%,73.30%,0.00%,0.00%,95.00%,5.00%,0.00%,0.00%,88.20%,11.10%,0.70%,0.00%,87.50%,11.00%,1.50%,0.00%,14.90%,81.80%,3.40%,0.00%,0.00%,0.00%,85.80%,13.40%,0.90%,0.00%,40.40%,53.10%,5.60%,1.00%,0.00%,0.00%,0.00%,37.40%,50.60%,12.00%,0.00%,0.00%,0.00%,87.70%,12.30%,0.00%,0.00%,76.40%,21.20%,2.50%,0.00%,65.00%,35.00%,0.00%,0.00%
,,Second 20%,32.30%,1.70%,66.00%,24.50%,74.40%,1.10%,0.00%,95.70%,3.30%,1.00%,0.00%,91.20%,8.80%,0.00%,0.00%,95.40%,4.60%,0.00%,0.00%,10.40%,87.80%,1.80%,0.00%,0.00%,0.00%,92.80%,7.20%,0.00%,0.00%,32.80%,62.60%,3.70%,0.00%,0.00%,0.90%,0.00%,47.50%,39.70%,10.00%,0.00%,2.60%,0.20%,91.60%,6.70%,1.70%,0.00%,84.90%,13.20%,1.90%,0.00%,57.40%,39.70%,2.90%,0.00%
,,Middle 20%,22.90%,0.70%,76.40%,15.30%,84.70%,0.00%,0.00%,95.50%,4.50%,0.00%,0.00%,90.00%,10.00%,0.00%,0.00%,98.80%,1.20%,0.00%,0.00%,18.60%,79.60%,1.80%,0.00%,0.00%,0.00%,93.80%,6.20%,0.00%,0.00%,35.30%,59.80%,4.90%,0.00%,0.00%,0.00%,0.00%,44.00%,45.90%,8.30%,0.00%,1.50%,0.30%,98.30%,1.70%,0.00%,0.00%,79.80%,19.50%,0.60%,0.00%,63.80%,36.20%,0.00%,0.00%
,,Fourth 20%,25.60%,0.50%,73.90%,17.60%,82.40%,0.00%,0.00%,97.10%,2.60%,0.20%,0.00%,89.50%,10.50%,0.00%,0.00%,93.70%,6.00%,0.30%,0.00%,15.50%,81.20%,3.30%,0.00%,0.00%,0.00%,90.00%,10.00%,0.00%,0.00%,33.10%,59.00%,7.70%,0.00%,0.00%,0.20%,0.00%,45.10%,46.10%,8.60%,0.00%,0.20%,0.00%,96.10%,3.90%,0.00%,0.00%,83.30%,16.50%,0.30%,0.00%,62.00%,38.00%,0.00%,0.00%
,,Richest 20%,11.70%,0.00%,88.30%,9.60%,90.40%,0.00%,0.00%,96.20%,3.80%,0.00%,0.00%,88.90%,11.10%,0.00%,0.00%,98.20%,1.80%,0.00%,0.00%,18.80%,78.60%,1.70%,0.00%,0.90%,0.00%,88.80%,11.20%,0.00%,0.00%,38.10%,57.10%,4.10%,0.20%,0.00%,0.40%,0.00%,39.60%,50.00%,8.30%,0.00%,1.40%,0.60%,97.30%,2.30%,0.40%,0.00%,77.30%,22.70%,0.00%,0.00%,71.40%,27.70%,0.90%,0.00%
,Feelings About Household Income,Living comfortably on present income,15.40%,0.00%,84.60%,12.50%,87.50%,0.00%,0.00%,97.20%,2.60%,0.10%,0.00%,92.00%,8.00%,0.00%,0.00%,99.20%,0.80%,0.00%,0.00%,18.90%,78.80%,1.90%,0.00%,0.50%,0.00%,96.30%,3.30%,0.40%,0.00%,32.40%,61.50%,5.30%,0.10%,0.00%,0.70%,0.00%,41.60%,46.60%,9.90%,0.00%,1.60%,0.30%,96.40%,3.40%,0.20%,0.00%,78.60%,21.30%,0.10%,0.00%,70.00%,28.60%,1.40%,0.00%
,,Getting by on present income,31.00%,0.80%,68.20%,21.40%,78.20%,0.40%,0.00%,96.00%,3.60%,0.40%,0.00%,89.50%,10.30%,0.30%,0.00%,95.10%,4.20%,0.70%,0.00%,12.30%,84.70%,3.00%,0.00%,0.00%,0.00%,88.40%,11.60%,0.00%,0.00%,37.10%,58.00%,4.80%,0.00%,0.00%,0.00%,0.00%,43.60%,45.80%,9.40%,0.00%,0.90%,0.20%,93.80%,5.50%,0.70%,0.00%,82.60%,16.70%,0.70%,0.00%,59.50%,40.30%,0.20%,0.00%
,,Finding it difficult on present income,43.80%,10.70%,45.50%,25.30%,74.70%,0.00%,0.00%,86.90%,13.10%,0.00%,0.00%,79.80%,20.20%,0.00%,0.00%,69.70%,30.30%,0.00%,0.00%,18.30%,81.00%,0.70%,0.00%,0.00%,0.00%,76.10%,23.90%,0.00%,0.00%,38.90%,48.50%,9.30%,3.40%,0.00%,0.00%,0.00%,37.10%,58.20%,4.70%,0.00%,0.00%,0.00%,92.90%,7.10%,0.00%,0.00%,82.80%,7.40%,9.80%,0.00%,70.80%,29.20%,0.00%,0.00%
,,Finding it very difficult on present income,45.20%,19.60%,35.10%,71.50%,28.50%,0.00%,0.00%,91.10%,8.90%,0.00%,0.00%,64.20%,35.80%,0.00%,0.00%,55.90%,44.10%,0.00%,0.00%,27.70%,69.60%,2.60%,0.00%,0.00%,0.00%,42.00%,58.00%,0.00%,0.00%,80.80%,19.20%,0.00%,0.00%,0.00%,0.00%,0.00%,63.70%,21.50%,14.90%,0.00%,0.00%,0.00%,88.20%,11.80%,0.00%,0.00%,51.70%,48.30%,0.00%,0.00%,31.20%,68.80%,0.00%,0.00%
,Urban/Rural,A rural area or on a farm,29.70%,1.70%,68.60%,18.00%,82.00%,0.00%,0.00%,95.40%,4.60%,0.00%,0.00%,87.10%,12.40%,0.50%,0.00%,97.90%,2.10%,0.00%,0.00%,9.70%,88.70%,1.60%,0.00%,0.00%,0.00%,93.60%,5.80%,0.60%,0.00%,37.10%,58.60%,3.40%,0.00%,0.00%,1.00%,0.00%,48.70%,41.20%,7.50%,0.00%,2.10%,0.50%,98.00%,1.60%,0.30%,0.00%,76.20%,23.80%,0.00%,0.00%,63.80%,35.60%,0.50%,0.00%
,,A small town or villAge,31.20%,1.90%,66.90%,20.80%,79.20%,0.00%,0.00%,94.00%,5.30%,0.70%,0.00%,91.20%,8.80%,0.00%,0.00%,92.00%,7.10%,0.80%,0.00%,11.60%,86.30%,1.60%,0.00%,0.50%,0.00%,90.10%,9.90%,0.00%,0.00%,38.70%,54.00%,6.80%,0.60%,0.00%,0.00%,0.00%,41.40%,47.30%,9.90%,0.00%,1.20%,0.20%,89.70%,9.40%,0.90%,0.00%,80.60%,16.90%,2.50%,0.00%,58.50%,40.10%,1.50%,0.00%
,,A large city,15.10%,0.80%,84.10%,16.80%,82.40%,0.80%,0.00%,97.70%,2.30%,0.00%,0.00%,89.30%,10.70%,0.00%,0.00%,94.60%,5.20%,0.20%,0.00%,27.00%,68.80%,4.30%,0.00%,0.00%,0.00%,87.90%,12.10%,0.00%,0.00%,34.60%,59.90%,5.40%,0.10%,0.00%,0.00%,0.00%,40.90%,50.50%,8.30%,0.00%,0.20%,0.10%,97.40%,2.60%,0.00%,0.00%,81.80%,18.20%,0.00%,0.00%,72.20%,27.40%,0.40%,0.00%
,,A suburb of a large city,22.40%,0.00%,77.60%,18.60%,81.40%,0.00%,0.00%,99.20%,0.80%,0.00%,0.00%,91.40%,8.60%,0.00%,0.00%,95.50%,4.50%,0.00%,0.00%,15.40%,82.20%,2.40%,0.00%,0.00%,0.00%,88.10%,11.90%,0.00%,0.00%,27.80%,67.90%,4.30%,0.00%,0.00%,0.00%,0.00%,36.60%,47.10%,15.40%,0.00%,0.90%,0.00%,97.30%,2.70%,0.00%,0.00%,86.90%,13.10%,0.00%,0.00%,66.80%,33.20%,0.00%,0.00%
Iceland,Age,15-24,22.00%,0.00%,78.00%,5.80%,94.20%,0.00%,0.00%,100.00%,0.00%,0.00%,0.00%,89.40%,10.60%,0.00%,0.00%,100.00%,0.00%,0.00%,0.00%,68.80%,19.30%,10.30%,0.00%,1.60%,0.00%,84.90%,13.50%,1.60%,0.00%,45.30%,40.00%,11.00%,0.00%,0.00%,2.10%,1.60%,45.00%,31.90%,19.30%,0.00%,3.70%,0.00%,93.40%,6.60%,0.00%,0.00%,66.00%,31.20%,2.70%,0.00%,78.70%,18.50%,2.70%,0.00%
,,25-34,35.00%,0.00%,65.00%,11.80%,88.20%,0.00%,0.00%,100.00%,0.00%,0.00%,0.00%,58.50%,41.50%,0.00%,0.00%,96.60%,3.40%,0.00%,0.00%,47.40%,47.70%,0.00%,0.00%,3.40%,1.50%,67.90%,32.10%,0.00%,0.00%,23.00%,56.50%,20.50%,0.00%,0.00%,0.00%,0.00%,48.60%,32.10%,14.50%,0.00%,3.40%,1.50%,88.30%,9.60%,0.00%,2.10%,72.40%,27.60%,0.00%,0.00%,72.10%,25.80%,2.10%,0.00%
,,35-44,19.70%,0.00%,80.30%,23.00%,75.40%,1.70%,0.00%,96.00%,4.00%,0.00%,0.00%,73.10%,26.90%,0.00%,0.00%,96.70%,3.30%,0.00%,0.00%,26.60%,57.20%,12.30%,3.30%,0.70%,0.00%,84.10%,14.30%,1.70%,0.00%,16.10%,72.10%,10.20%,0.00%,0.00%,0.70%,0.90%,52.90%,21.00%,14.40%,0.00%,11.00%,0.70%,92.50%,5.20%,2.30%,0.00%,78.50%,17.60%,3.90%,0.00%,77.00%,17.90%,3.90%,1.10%
,,45-64,21.80%,3.70%,74.50%,28.20%,71.50%,0.00%,0.20%,96.80%,3.20%,0.00%,0.00%,78.50%,20.10%,0.20%,1.20%,96.00%,4.00%,0.00%,0.00%,26.40%,57.70%,13.80%,0.40%,1.60%,0.20%,89.00%,10.40%,0.50%,0.00%,35.50%,56.80%,4.20%,0.20%,0.00%,2.40%,0.80%,62.60%,18.00%,18.40%,0.00%,0.20%,0.80%,94.40%,5.20%,0.00%,0.40%,83.70%,16.30%,0.00%,0.00%,68.00%,30.40%,1.60%,0.00%
,,65+,45.10%,0.70%,54.20%,26.10%,71.20%,0.00%,2.80%,100.00%,0.00%,0.00%,0.00%,95.60%,4.40%,0.00%,0.00%,98.00%,2.00%,0.00%,0.00%,16.30%,74.20%,7.10%,0.00%,0.40%,2.00%,91.50%,4.70%,1.40%,2.40%,17.60%,70.80%,7.00%,0.00%,1.80%,0.00%,2.80%,56.70%,12.30%,25.50%,1.80%,3.10%,0.60%,100.00%,0.00%,0.00%,0.00%,84.30%,15.70%,0.00%,0.00%,63.60%,36.40%,0.00%,0.00%
,Gender,Male,36.60%,1.30%,62.00%,13.10%,85.30%,0.50%,1.00%,99.10%,0.90%,0.00%,0.00%,80.50%,18.60%,0.10%,0.80%,96.80%,3.20%,0.00%,0.00%,33.40%,52.30%,8.90%,1.30%,3.10%,1.00%,84.00%,14.00%,2.00%,0.00%,31.60%,56.70%,8.80%,0.00%,0.70%,1.00%,1.20%,58.70%,23.30%,12.60%,0.00%,4.10%,1.30%,91.70%,7.70%,0.00%,0.60%,79.20%,18.70%,2.10%,0.00%,75.70%,20.60%,3.70%,0.00%
,,Female,18.90%,1.30%,79.80%,27.30%,72.60%,0.00%,0.10%,97.60%,2.40%,0.00%,0.00%,78.80%,21.20%,0.00%,0.00%,97.70%,2.30%,0.00%,0.00%,37.80%,51.70%,10.20%,0.00%,0.00%,0.30%,85.30%,13.80%,0.00%,0.90%,26.40%,60.70%,9.90%,0.10%,0.00%,1.50%,1.20%,51.00%,20.90%,24.30%,0.70%,3.10%,0.10%,95.60%,3.10%,0.90%,0.40%,77.40%,22.60%,0.00%,0.00%,66.60%,32.70%,0.20%,0.50%
,Employment Status,Employed full time for an employer,22.70%,1.30%,76.00%,13.10%,86.70%,0.00%,0.20%,99.10%,0.90%,0.00%,0.00%,74.40%,25.50%,0.10%,0.00%,97.40%,2.60%,0.00%,0.00%,32.40%,53.30%,10.90%,1.30%,1.30%,0.80%,85.60%,14.30%,0.10%,0.00%,31.10%,61.10%,7.10%,0.00%,0.00%,0.60%,0.10%,57.30%,19.50%,17.40%,0.00%,4.00%,1.80%,91.50%,7.30%,0.40%,0.90%,79.00%,19.70%,1.30%,0.00%,69.10%,29.00%,1.90%,0.00%
,,Employed full time for self,40.90%,0.00%,59.10%,11.50%,88.50%,0.00%,0.00%,98.30%,1.70%,0.00%,0.00%,80.70%,14.00%,0.00%,5.30%,100.00%,0.00%,0.00%,0.00%,34.30%,53.00%,7.40%,0.00%,5.30%,0.00%,100.00%,0.00%,0.00%,0.00%,28.10%,69.70%,2.20%,0.00%,0.00%,0.00%,0.00%,70.50%,19.50%,10.10%,0.00%,0.00%,0.00%,96.20%,1.70%,2.10%,0.00%,93.70%,6.30%,0.00%,0.00%,66.60%,28.10%,5.30%,0.00%
,,Employed part time do not want full time,27.90%,1.30%,70.80%,17.50%,80.40%,2.10%,0.00%,100.00%,0.00%,0.00%,0.00%,90.70%,9.30%,0.00%,0.00%,97.30%,2.70%,0.00%,0.00%,48.60%,36.90%,12.90%,0.90%,0.60%,0.00%,87.10%,12.90%,0.00%,0.00%,31.10%,43.60%,18.40%,0.50%,0.00%,3.00%,3.30%,41.10%,31.60%,24.60%,0.00%,2.70%,0.00%,97.90%,2.10%,0.00%,0.00%,71.20%,26.60%,2.30%,0.00%,73.00%,23.00%,2.80%,1.20%
,,Unemployed,47.90%,0.00%,52.10%,24.70%,75.30%,0.00%,0.00%,97.70%,2.30%,0.00%,0.00%,71.00%,29.00%,0.00%,0.00%,97.50%,2.50%,0.00%,0.00%,57.00%,41.90%,1.10%,0.00%,0.00%,0.00%,57.60%,42.40%,0.00%,0.00%,27.30%,51.50%,21.20%,0.00%,0.00%,0.00%,0.00%,44.40%,47.80%,7.80%,0.00%,0.00%,0.00%,0.00%,0.00%,0.00%,0.00%,0.00%,0.00%,0.00%,0.00%,0.00%,0.00%,0.00%,0.00%
,,Employed part time want full time,19.50%,0.00%,80.50%,27.10%,72.90%,0.00%,0.00%,96.20%,3.80%,0.00%,0.00%,73.50%,26.50%,0.00%,0.00%,99.00%,1.00%,0.00%,0.00%,34.30%,51.90%,10.20%,0.00%,3.50%,0.00%,87.90%,12.10%,0.00%,0.00%,32.50%,52.30%,9.30%,0.00%,0.00%,3.40%,2.50%,68.00%,15.00%,14.80%,0.00%,2.20%,0.00%,94.00%,6.00%,0.00%,0.00%,74.80%,25.20%,0.00%,0.00%,81.10%,18.90%,0.00%,0.00%
,,Out of workforce,31.70%,2.80%,65.50%,32.30%,65.70%,0.00%,2.10%,97.40%,2.60%,0.00%,0.00%,86.80%,13.20%,0.00%,0.00%,95.50%,4.50%,0.00%,0.00%,30.80%,59.60%,7.70%,0.00%,0.50%,1.50%,81.40%,13.00%,3.80%,1.80%,23.20%,64.20%,8.10%,0.00%,1.40%,1.10%,1.90%,48.90%,20.30%,23.60%,1.40%,5.80%,0.00%,0.00%,0.00%,0.00%,0.00%,0.00%,0.00%,0.00%,0.00%,0.00%,0.00%,0.00%,0.00%
,Per Capita Income Quintiles,Poorest 20%,31.40%,4.10%,64.50%,23.70%,76.30%,0.00%,0.00%,96.80%,3.20%,0.00%,0.00%,77.90%,22.10%,0.00%,0.00%,92.20%,7.80%,0.00%,0.00%,43.00%,34.50%,19.00%,0.00%,3.60%,0.00%,80.90%,17.60%,1.40%,0.00%,22.30%,57.40%,17.40%,0.00%,0.00%,0.00%,2.80%,57.10%,16.30%,20.90%,0.00%,5.20%,0.60%,92.30%,5.80%,1.10%,0.80%,74.20%,23.70%,2.10%,0.00%,69.60%,28.70%,1.70%,0.00%
,,Second 20%,29.50%,2.00%,68.50%,25.00%,75.00%,0.00%,0.00%,98.00%,2.00%,0.00%,0.00%,74.60%,25.40%,0.00%,0.00%,98.80%,1.20%,0.00%,0.00%,35.80%,55.90%,7.70%,0.00%,0.60%,0.00%,84.20%,13.50%,0.60%,1.70%,28.10%,60.10%,8.60%,0.00%,0.00%,1.90%,1.30%,46.60%,32.50%,17.20%,1.70%,1.50%,0.40%,91.30%,8.70%,0.00%,0.00%,70.90%,29.10%,0.00%,0.00%,74.00%,22.70%,2.10%,1.10%
,,Middle 20%,40.50%,0.60%,58.90%,23.20%,74.20%,1.30%,1.30%,98.60%,1.40%,0.00%,0.00%,82.50%,17.50%,0.00%,0.00%,97.40%,2.60%,0.00%,0.00%,35.80%,53.30%,7.70%,2.60%,0.00%,0.50%,82.20%,15.20%,2.60%,0.00%,28.20%,61.80%,6.80%,0.00%,1.30%,1.40%,0.50%,53.70%,24.70%,15.40%,0.00%,4.30%,1.80%,91.20%,6.90%,0.00%,1.80%,86.60%,13.40%,0.00%,0.00%,64.00%,36.00%,0.00%,0.00%
,,Fourth 20%,13.60%,0.00%,86.40%,16.80%,82.00%,0.00%,1.30%,98.60%,1.40%,0.00%,0.00%,78.60%,21.40%,0.00%,0.00%,98.60%,1.40%,0.00%,0.00%,30.50%,59.00%,6.90%,0.60%,1.40%,1.50%,85.20%,14.80%,0.00%,0.00%,26.90%,68.40%,1.60%,0.00%,0.00%,3.10%,0.00%,57.20%,17.90%,17.80%,0.00%,6.70%,0.40%,100.00%,0.00%,0.00%,0.00%,78.00%,22.00%,0.00%,0.00%,71.20%,26.30%,2.50%,0.00%
,,Richest 20%,23.20%,0.00%,76.80%,13.30%,86.40%,0.00%,0.30%,99.60%,0.40%,0.00%,0.00%,84.60%,13.30%,0.30%,1.90%,99.50%,0.50%,0.00%,0.00%,33.10%,57.30%,6.50%,0.00%,1.90%,1.20%,90.80%,8.50%,0.30%,0.50%,39.10%,46.30%,12.40%,0.30%,0.40%,0.00%,1.50%,59.00%,19.00%,21.40%,0.00%,0.30%,0.30%,92.00%,7.00%,1.00%,0.00%,82.40%,14.20%,3.40%,0.00%,77.40%,18.70%,3.80%,0.00%
,Feelings About Household Income,Living comfortably on present income,23.60%,0.20%,76.20%,10.80%,88.60%,0.00%,0.60%,99.40%,0.60%,0.00%,0.00%,84.70%,14.50%,0.10%,0.70%,99.60%,0.40%,0.00%,0.00%,36.10%,52.80%,8.00%,0.90%,1.20%,1.00%,91.70%,7.40%,0.10%,0.80%,31.70%,57.90%,7.80%,0.10%,0.10%,0.90%,1.50%,56.50%,22.40%,17.70%,0.60%,2.30%,0.50%,95.50%,4.10%,0.40%,0.00%,79.90%,20.10%,0.00%,0.00%,76.70%,21.90%,1.40%,0.00%
,,Getting by on present income,29.30%,0.40%,70.30%,29.90%,69.30%,0.90%,0.00%,99.60%,0.40%,0.00%,0.00%,74.30%,25.70%,0.00%,0.00%,97.10%,2.90%,0.00%,0.00%,30.30%,57.00%,9.60%,0.40%,2.30%,0.30%,79.50%,19.60%,0.80%,0.00%,27.20%,64.60%,6.60%,0.00%,0.80%,0.40%,0.30%,53.50%,23.10%,16.80%,0.00%,5.40%,1.30%,89.50%,8.20%,0.70%,1.60%,76.70%,21.00%,2.40%,0.00%,67.90%,28.00%,4.10%,0.00%
,,Finding it difficult on present income,47.90%,14.00%,38.10%,42.70%,53.60%,0.00%,3.80%,94.20%,5.80%,0.00%,0.00%,72.90%,27.10%,0.00%,0.00%,91.10%,8.90%,0.00%,0.00%,38.70%,45.60%,15.70%,0.00%,0.00%,0.00%,66.40%,29.60%,4.00%,0.00%,14.90%,58.70%,22.60%,0.00%,0.00%,0.00%,3.80%,51.60%,13.20%,29.90%,0.00%,5.30%,0.00%,96.40%,3.60%,0.00%,0.00%,78.80%,21.20%,0.00%,0.00%,39.20%,57.20%,0.00%,3.60%
,,Finding it very difficult on present income,54.50%,5.90%,39.60%,51.30%,48.70%,0.00%,0.00%,76.90%,23.10%,0.00%,0.00%,44.30%,55.70%,0.00%,0.00%,76.00%,24.00%,0.00%,0.00%,60.30%,34.30%,5.50%,0.00%,0.00%,0.00%,50.50%,49.50%,0.00%,0.00%,4.00%,63.50%,23.10%,0.00%,0.00%,9.30%,0.00%,60.00%,32.20%,7.80%,0.00%,0.00%,0.00%,69.10%,30.90%,0.00%,0.00%,38.60%,61.40%,0.00%,0.00%,51.60%,48.40%,0.00%,0.00%
,Urban/Rural,A rural area or on a farm,29.30%,1.70%,69.00%,17.50%,79.90%,2.70%,0.00%,97.30%,2.70%,0.00%,0.00%,70.00%,26.20%,0.00%,3.90%,100.00%,0.00%,0.00%,0.00%,22.50%,55.80%,14.60%,0.00%,4.70%,2.50%,84.20%,15.80%,0.00%,0.00%,34.60%,46.80%,16.10%,0.00%,0.00%,0.00%,2.50%,67.40%,16.20%,12.90%,0.00%,3.40%,0.00%,92.50%,5.50%,1.90%,0.00%,82.50%,17.50%,0.00%,0.00%,80.60%,19.40%,0.00%,0.00%
,,A small town or villAge,28.50%,1.10%,70.40%,22.20%,77.10%,0.00%,0.70%,99.30%,0.70%,0.00%,0.00%,82.10%,17.90%,0.00%,0.00%,98.10%,1.90%,0.00%,0.00%,34.30%,57.10%,6.20%,0.30%,1.40%,0.80%,87.80%,10.60%,0.80%,0.90%,29.50%,63.90%,4.30%,0.20%,0.00%,1.00%,1.10%,56.00%,17.00%,21.70%,0.90%,3.90%,0.60%,95.20%,4.80%,0.00%,0.00%,78.90%,20.10%,1.10%,0.00%,68.30%,29.50%,2.20%,0.00%
,,A large city,30.60%,2.10%,67.30%,20.40%,78.70%,0.00%,0.90%,97.20%,2.80%,0.00%,0.00%,79.40%,20.60%,0.00%,0.00%,94.70%,5.30%,0.00%,0.00%,40.80%,45.90%,11.20%,1.40%,0.30%,0.30%,80.60%,18.10%,1.00%,0.30%,24.90%,56.20%,15.40%,0.00%,0.70%,1.40%,1.50%,47.20%,31.50%,17.40%,0.00%,3.10%,0.80%,93.10%,5.50%,0.00%,1.40%,77.70%,22.30%,0.00%,0.00%,70.20%,29.20%,0.00%,0.60%
,,A suburb of a large city,17.70%,0.00%,82.30%,18.20%,81.80%,0.00%,0.00%,99.40%,0.60%,0.00%,0.00%,79.80%,19.90%,0.30%,0.00%,99.70%,0.30%,0.00%,0.00%,36.30%,50.00%,11.00%,0.00%,2.70%,0.00%,86.70%,11.20%,2.10%,0.00%,34.60%,58.50%,3.80%,0.00%,0.50%,2.60%,0.00%,63.40%,13.50%,17.90%,0.00%,4.00%,1.20%,90.70%,7.70%,1.50%,0.00%,75.70%,19.10%,5.30%,0.00%,76.40%,14.40%,9.20%,0.00%
Ireland,Age,15-24,25.40%,6.00%,68.60%,5.00%,95.00%,0.00%,0.00%,98.00%,2.00%,0.00%,0.00%,72.50%,24.50%,2.90%,0.00%,87.30%,9.60%,3.00%,0.00%,32.60%,54.70%,10.20%,0.00%,2.50%,0.00%,73.00%,27.00%,0.00%,0.00%,31.20%,36.40%,25.70%,2.40%,4.30%,0.00%,0.00%,41.70%,35.30%,20.50%,0.00%,2.50%,0.00%,84.70%,15.30%,0.00%,0.00%,51.90%,40.60%,7.50%,0.00%,77.80%,22.20%,0.00%,0.00%
,,25-34,31.30%,1.60%,67.10%,1.90%,98.10%,0.00%,0.00%,96.50%,3.50%,0.00%,0.00%,67.00%,33.00%,0.00%,0.00%,89.50%,9.60%,1.00%,0.00%,22.40%,63.20%,10.60%,0.90%,3.00%,0.00%,73.20%,25.50%,0.50%,0.70%,34.40%,46.10%,14.50%,1.60%,3.50%,0.00%,0.00%,46.50%,30.50%,23.00%,0.00%,0.00%,0.00%,77.90%,20.20%,1.90%,0.00%,72.10%,27.10%,0.80%,0.00%,68.70%,29.30%,2.00%,0.00%
,,35-44,35.90%,0.40%,63.70%,8.00%,92.00%,0.00%,0.00%,98.10%,1.90%,0.00%,0.00%,69.30%,30.70%,0.00%,0.00%,88.10%,10.70%,1.20%,0.00%,22.10%,69.10%,8.20%,0.40%,0.30%,0.00%,77.80%,21.50%,0.70%,0.00%,30.70%,57.30%,8.30%,2.60%,0.90%,0.20%,0.00%,45.60%,41.90%,11.80%,0.70%,0.00%,0.00%,80.10%,19.90%,0.00%,0.00%,76.20%,19.80%,4.00%,0.00%,72.20%,25.30%,2.50%,0.00%
,,45-64,46.10%,1.60%,52.20%,13.30%,86.70%,0.00%,0.00%,95.30%,4.70%,0.00%,0.00%,72.70%,26.80%,0.30%,0.20%,86.40%,12.50%,1.10%,0.00%,14.60%,75.40%,7.80%,0.30%,1.80%,0.00%,80.30%,18.40%,1.30%,0.00%,17.70%,57.70%,16.90%,3.30%,3.20%,1.20%,0.00%,30.10%,40.10%,26.80%,2.40%,0.60%,0.00%,87.60%,11.90%,0.30%,0.20%,78.90%,19.80%,1.30%,0.00%,58.10%,41.60%,0.20%,0.00%
,,65+,49.30%,13.00%,37.70%,43.30%,56.70%,0.00%,0.00%,92.20%,7.80%,0.00%,0.00%,68.80%,26.50%,2.20%,2.50%,89.40%,10.60%,0.00%,0.00%,19.40%,73.40%,2.70%,4.40%,0.00%,0.00%,70.60%,23.00%,3.90%,2.50%,15.90%,50.00%,21.70%,10.80%,1.30%,0.20%,0.00%,39.90%,38.20%,13.00%,4.50%,4.40%,0.00%,82.00%,15.40%,2.60%,0.00%,74.00%,26.00%,0.00%,0.00%,71.30%,28.70%,0.00%,0.00%
,Gender,Male,39.70%,5.40%,54.90%,16.00%,84.00%,0.00%,0.00%,96.30%,3.70%,0.00%,0.00%,73.30%,24.10%,1.70%,0.90%,87.40%,11.70%,0.90%,0.00%,22.40%,68.20%,6.40%,0.20%,2.80%,0.00%,74.50%,24.30%,1.10%,0.10%,28.10%,50.00%,14.50%,4.60%,2.60%,0.20%,0.00%,40.20%,38.10%,18.10%,2.40%,1.30%,0.00%,81.50%,18.10%,0.40%,0.00%,75.60%,21.70%,2.70%,0.00%,69.70%,29.80%,0.40%,0.00%
,,Female,38.40%,2.30%,59.30%,11.70%,88.30%,0.00%,0.00%,95.80%,4.20%,0.00%,0.00%,67.00%,32.80%,0.20%,0.00%,88.20%,10.20%,1.50%,0.00%,18.90%,69.80%,9.30%,1.80%,0.20%,0.00%,77.00%,20.70%,1.40%,1.00%,21.50%,52.90%,18.80%,3.50%,2.60%,0.70%,0.00%,38.60%,38.20%,21.30%,0.80%,1.20%,0.00%,84.40%,14.60%,0.90%,0.10%,71.30%,26.50%,2.20%,0.00%,63.50%,34.50%,2.00%,0.00%
,Employment Status,Employed full time for an employer,32.20%,0.90%,66.90%,4.10%,95.90%,0.00%,0.00%,97.10%,2.90%,0.00%,0.00%,71.10%,28.80%,0.00%,0.20%,92.60%,6.70%,0.70%,0.00%,21.90%,68.00%,8.40%,0.20%,1.50%,0.00%,78.50%,20.60%,0.60%,0.30%,26.80%,57.50%,11.30%,1.80%,2.50%,0.10%,0.00%,40.80%,40.20%,18.90%,0.20%,0.00%,0.00%,81.60%,17.60%,0.70%,0.10%,76.00%,21.40%,2.60%,0.00%,68.70%,30.40%,0.80%,0.00%
,,Employed full time for self,32.80%,0.50%,66.70%,6.00%,94.00%,0.00%,0.00%,94.10%,5.90%,0.00%,0.00%,66.40%,32.30%,1.30%,0.00%,83.60%,16.40%,0.00%,0.00%,23.80%,69.30%,2.20%,0.00%,4.70%,0.00%,82.70%,17.30%,0.00%,0.00%,28.70%,56.60%,6.50%,6.20%,2.10%,0.00%,0.00%,40.40%,28.70%,25.20%,5.70%,0.00%,0.00%,90.40%,9.60%,0.00%,0.00%,70.10%,29.00%,0.90%,0.00%,62.40%,35.80%,1.80%,0.00%
,,Employed part time do not want full time,31.90%,0.00%,68.10%,7.80%,92.20%,0.00%,0.00%,98.90%,1.10%,0.00%,0.00%,72.70%,27.30%,0.00%,0.00%,92.80%,7.20%,0.00%,0.00%,9.80%,82.10%,6.50%,1.50%,0.00%,0.00%,81.70%,18.30%,0.00%,0.00%,25.60%,49.60%,14.90%,5.20%,4.70%,0.00%,0.00%,38.80%,33.90%,23.90%,1.20%,2.20%,0.00%,76.80%,23.20%,0.00%,0.00%,74.10%,22.50%,3.30%,0.00%,69.70%,26.70%,3.50%,0.00%
,,Unemployed,47.60%,8.70%,43.70%,8.10%,91.90%,0.00%,0.00%,96.20%,3.80%,0.00%,0.00%,63.80%,35.30%,0.90%,0.00%,84.80%,15.20%,0.00%,0.00%,32.30%,56.00%,9.60%,0.00%,2.10%,0.00%,73.70%,26.30%,0.00%,0.00%,24.20%,32.90%,42.30%,0.70%,0.00%,0.00%,0.00%,30.20%,31.70%,38.10%,0.00%,0.00%,0.00%,0.00%,0.00%,0.00%,0.00%,0.00%,0.00%,0.00%,0.00%,0.00%,0.00%,0.00%,0.00%
,,Employed part time want full time,39.50%,10.50%,50.00%,9.10%,90.90%,0.00%,0.00%,95.80%,4.20%,0.00%,0.00%,74.80%,25.20%,0.00%,0.00%,82.30%,17.10%,0.60%,0.00%,20.40%,65.30%,14.20%,0.00%,0.00%,0.00%,76.20%,23.80%,0.00%,0.00%,40.60%,33.80%,17.60%,3.70%,3.00%,1.30%,0.00%,40.10%,42.50%,15.20%,2.20%,0.00%,0.00%,88.00%,10.10%,1.90%,0.00%,61.30%,36.10%,2.60%,0.00%,56.10%,43.90%,0.00%,0.00%
,,Out of workforce,48.20%,6.60%,45.30%,30.80%,69.20%,0.00%,0.00%,94.60%,5.40%,0.00%,0.00%,69.90%,26.40%,2.40%,1.20%,83.70%,13.50%,2.80%,0.00%,17.70%,71.30%,7.30%,2.60%,1.10%,0.00%,69.90%,25.70%,3.20%,1.20%,18.60%,51.10%,19.60%,6.90%,2.90%,1.00%,0.00%,39.60%,39.30%,15.00%,2.70%,3.40%,0.00%,0.00%,0.00%,0.00%,0.00%,0.00%,0.00%,0.00%,0.00%,0.00%,0.00%,0.00%,0.00%
,Per Capita Income Quintiles,Poorest 20%,48.80%,11.20%,39.90%,18.80%,81.20%,0.00%,0.00%,92.90%,7.10%,0.00%,0.00%,61.90%,36.00%,2.10%,0.00%,87.50%,12.40%,0.20%,0.00%,22.90%,64.90%,10.00%,0.40%,1.80%,0.00%,73.00%,26.60%,0.40%,0.00%,26.00%,45.70%,18.40%,6.60%,1.70%,1.50%,0.00%,41.40%,35.10%,18.80%,4.10%,0.60%,0.00%,73.50%,26.50%,0.00%,0.00%,72.20%,24.50%,3.30%,0.00%,68.40%,30.50%,1.10%,0.00%
,,Second 20%,40.90%,0.40%,58.70%,10.20%,89.80%,0.00%,0.00%,98.40%,1.60%,0.00%,0.00%,70.90%,27.30%,1.70%,0.00%,86.90%,12.60%,0.50%,0.00%,24.90%,65.80%,3.80%,1.60%,3.90%,0.00%,74.10%,23.60%,2.30%,0.00%,25.00%,51.10%,17.60%,2.70%,3.30%,0.20%,0.00%,39.80%,39.50%,17.80%,0.00%,2.90%,0.00%,85.40%,13.40%,1.20%,0.00%,77.70%,21.50%,0.90%,0.00%,57.70%,40.70%,1.60%,0.00%
,,Middle 20%,38.00%,6.60%,55.40%,17.20%,82.80%,0.00%,0.00%,97.90%,2.10%,0.00%,0.00%,71.50%,28.30%,0.00%,0.20%,85.10%,10.70%,4.30%,0.00%,18.10%,68.00%,10.70%,2.00%,1.20%,0.00%,71.10%,26.90%,0.00%,2.00%,26.00%,52.60%,15.40%,3.00%,3.00%,0.00%,0.00%,43.20%,32.80%,19.80%,2.40%,1.80%,0.00%,82.10%,17.40%,0.50%,0.00%,76.60%,20.10%,3.30%,0.00%,67.20%,31.80%,1.00%,0.00%
,,Fourth 20%,35.90%,0.20%,63.80%,11.60%,88.40%,0.00%,0.00%,95.80%,4.20%,0.00%,0.00%,70.70%,26.70%,0.50%,2.10%,88.70%,11.30%,0.00%,0.00%,14.40%,78.00%,7.20%,0.40%,0.00%,0.00%,78.50%,18.10%,2.70%,0.60%,23.80%,54.40%,15.40%,3.50%,2.20%,0.60%,0.00%,38.10%,39.50%,20.50%,1.50%,0.40%,0.00%,88.00%,12.00%,0.00%,0.00%,77.30%,20.80%,1.80%,0.00%,66.60%,32.00%,1.40%,0.00%
,,Richest 20%,31.60%,0.80%,67.50%,11.50%,88.50%,0.00%,0.00%,95.00%,5.00%,0.00%,0.00%,75.40%,24.20%,0.40%,0.00%,90.90%,8.10%,1.10%,0.00%,22.80%,68.30%,7.80%,0.70%,0.40%,0.00%,81.90%,17.20%,0.90%,0.00%,23.20%,53.30%,16.30%,4.40%,2.70%,0.00%,0.00%,34.30%,43.50%,21.60%,0.00%,0.60%,0.00%,82.20%,16.10%,1.40%,0.30%,64.40%,32.50%,3.10%,0.00%,73.50%,25.70%,0.80%,0.00%
,Feelings About Household Income,Living comfortably on present income,24.40%,1.90%,73.70%,11.30%,88.70%,0.00%,0.00%,95.80%,4.20%,0.00%,0.00%,76.00%,23.40%,0.40%,0.10%,90.70%,7.20%,2.10%,0.00%,20.60%,71.30%,6.20%,0.50%,1.40%,0.00%,79.70%,19.30%,0.60%,0.40%,26.30%,53.20%,13.50%,5.20%,1.70%,0.10%,0.00%,40.00%,41.80%,16.50%,1.40%,0.30%,0.00%,83.40%,16.10%,0.50%,0.00%,73.50%,24.40%,2.20%,0.00%,68.90%,30.60%,0.50%,0.00%
,,Getting by on present income,42.40%,2.40%,55.20%,13.40%,86.60%,0.00%,0.00%,97.80%,2.20%,0.00%,0.00%,72.70%,25.30%,1.00%,1.10%,89.50%,9.80%,0.70%,0.00%,17.90%,69.30%,10.20%,1.70%,1.00%,0.00%,76.00%,21.10%,1.90%,1.00%,26.00%,51.50%,17.00%,1.40%,3.80%,0.20%,0.00%,39.60%,36.10%,21.50%,0.70%,2.10%,0.00%,82.90%,16.00%,1.10%,0.00%,74.10%,22.70%,3.20%,0.00%,69.10%,28.80%,2.10%,0.00%
,,Finding it difficult on present income,70.00%,12.50%,17.50%,23.70%,76.30%,0.00%,0.00%,91.30%,8.70%,0.00%,0.00%,50.60%,48.90%,0.50%,0.00%,77.30%,22.70%,0.00%,0.00%,27.00%,58.60%,9.80%,0.80%,3.80%,0.00%,65.00%,33.10%,1.90%,0.00%,18.30%,54.20%,19.70%,2.70%,2.50%,2.60%,0.00%,36.20%,29.10%,27.10%,5.40%,2.10%,0.00%,78.20%,21.10%,0.00%,0.70%,71.80%,27.00%,1.20%,0.00%,45.10%,53.30%,1.60%,0.00%
,,Finding it very difficult on present income,60.70%,9.60%,29.70%,15.40%,84.60%,0.00%,0.00%,96.60%,3.40%,0.00%,0.00%,52.90%,40.70%,6.40%,0.00%,78.30%,21.70%,0.00%,0.00%,24.70%,72.70%,2.60%,0.00%,0.00%,0.00%,65.50%,33.70%,0.80%,0.00%,23.30%,28.90%,31.70%,13.70%,2.40%,0.00%,0.00%,43.10%,39.70%,17.20%,0.00%,0.00%,0.00%,84.80%,15.20%,0.00%,0.00%,70.60%,26.70%,2.70%,0.00%,66.50%,33.50%,0.00%,0.00%
,Urban/Rural,A rural area or on a farm,46.20%,4.10%,49.70%,22.80%,77.20%,0.00%,0.00%,97.50%,2.50%,0.00%,0.00%,74.30%,25.20%,0.40%,0.00%,87.20%,11.10%,1.70%,0.00%,15.40%,76.10%,4.80%,1.30%,2.30%,0.00%,71.90%,24.20%,3.30%,0.60%,22.00%,48.30%,21.50%,5.90%,2.30%,0.00%,0.00%,39.80%,40.50%,16.80%,1.70%,1.10%,0.00%,87.60%,12.40%,0.00%,0.00%,74.30%,22.30%,3.40%,0.00%,66.60%,32.90%,0.40%,0.00%
,,A small town or villAge,37.00%,6.40%,56.60%,15.40%,84.60%,0.00%,0.00%,95.60%,4.40%,0.00%,0.00%,68.50%,29.30%,1.20%,1.00%,87.60%,11.90%,0.50%,0.00%,19.00%,73.50%,6.10%,1.00%,0.40%,0.00%,75.30%,23.30%,0.40%,1.00%,24.70%,53.30%,15.30%,4.00%,1.90%,0.60%,0.00%,37.20%,41.00%,19.10%,1.50%,1.30%,0.00%,83.10%,16.70%,0.00%,0.20%,79.10%,20.70%,0.20%,0.00%,63.70%,34.90%,1.50%,0.00%
,,A large city,31.50%,0.90%,67.60%,7.80%,92.20%,0.00%,0.00%,92.90%,7.10%,0.00%,0.00%,69.90%,28.40%,1.50%,0.20%,90.30%,7.50%,2.20%,0.00%,28.40%,58.10%,9.30%,0.90%,3.30%,0.00%,79.60%,19.80%,0.40%,0.20%,32.90%,48.50%,12.10%,2.10%,3.50%,0.80%,0.00%,45.50%,34.30%,16.10%,2.10%,2.00%,0.00%,82.60%,15.40%,2.00%,0.00%,68.50%,26.30%,5.30%,0.00%,71.30%,27.90%,0.80%,0.00%
,,A suburb of a large city,43.70%,2.60%,53.70%,9.50%,90.50%,0.00%,0.00%,99.00%,1.00%,0.00%,0.00%,71.00%,28.20%,0.40%,0.40%,84.40%,14.70%,0.90%,0.00%,21.30%,65.20%,11.90%,1.10%,0.50%,0.00%,73.60%,24.40%,2.00%,0.00%,19.50%,53.60%,21.40%,1.90%,3.40%,0.20%,0.00%,33.50%,33.80%,31.20%,1.10%,0.50%,0.00%,77.30%,22.00%,0.70%,0.00%,69.30%,29.20%,1.50%,0.00%,66.40%,31.60%,2.00%,0.00%
Malta,Age,15-24,47.40%,1.60%,51.00%,8.80%,91.20%,0.00%,0.00%,95.50%,4.50%,0.00%,0.00%,80.40%,19.60%,0.00%,0.00%,91.50%,7.30%,1.20%,0.00%,36.70%,58.10%,5.20%,0.00%,0.00%,0.00%,89.00%,11.00%,0.00%,0.00%,37.80%,51.10%,11.10%,0.00%,0.00%,0.00%,0.00%,62.60%,23.50%,13.90%,0.00%,0.00%,0.00%,100.00%,0.00%,0.00%,0.00%,76.70%,23.30%,0.00%,0.00%,70.00%,30.00%,0.00%,0.00%
,,25-34,60.20%,0.00%,39.80%,5.10%,94.90%,0.00%,0.00%,96.80%,3.20%,0.00%,0.00%,61.30%,38.70%,0.00%,0.00%,92.50%,7.50%,0.00%,0.00%,25.50%,67.30%,6.90%,0.00%,0.40%,0.00%,85.90%,13.20%,0.80%,0.00%,35.10%,53.40%,11.50%,0.00%,0.00%,0.00%,0.00%,57.90%,22.80%,18.90%,0.00%,0.40%,0.00%,92.80%,7.20%,0.00%,0.00%,76.40%,21.70%,1.80%,0.00%,66.10%,33.90%,0.00%,0.00%
,,35-44,64.70%,2.70%,32.60%,6.10%,93.90%,0.00%,0.00%,92.30%,7.70%,0.00%,0.00%,65.10%,34.90%,0.00%,0.00%,95.00%,5.00%,0.00%,0.00%,13.70%,81.90%,4.40%,0.00%,0.00%,0.00%,84.80%,13.50%,1.70%,0.00%,25.40%,62.70%,11.70%,0.00%,0.00%,0.20%,0.00%,61.70%,21.00%,17.10%,0.00%,0.00%,0.20%,97.30%,2.70%,0.00%,0.00%,85.10%,14.90%,0.00%,0.00%,70.50%,27.10%,2.40%,0.00%
,,45-64,64.90%,5.10%,30.00%,21.90%,77.90%,0.10%,0.00%,89.90%,10.10%,0.00%,0.00%,80.90%,19.10%,0.00%,0.00%,94.10%,5.90%,0.00%,0.00%,8.40%,87.20%,4.10%,0.30%,0.00%,0.00%,93.40%,6.60%,0.00%,0.00%,18.10%,70.40%,10.60%,0.00%,0.00%,0.70%,0.10%,56.60%,23.80%,19.10%,0.00%,0.50%,0.00%,94.40%,5.60%,0.00%,0.00%,87.30%,12.40%,0.40%,0.00%,52.80%,46.60%,0.40%,0.30%
,,65+,71.50%,3.20%,25.30%,34.80%,65.20%,0.00%,0.00%,95.80%,3.90%,0.40%,0.00%,86.00%,14.00%,0.00%,0.00%,97.30%,2.70%,0.00%,0.00%,9.60%,86.20%,4.10%,0.00%,0.00%,0.00%,92.20%,4.80%,3.00%,0.00%,18.10%,63.50%,15.90%,0.00%,0.00%,2.60%,0.00%,52.90%,27.20%,17.40%,0.00%,2.40%,0.00%,100.00%,0.00%,0.00%,0.00%,79.10%,20.90%,0.00%,0.00%,31.70%,68.30%,0.00%,0.00%
,Gender,Male,60.70%,2.70%,36.60%,14.40%,85.50%,0.10%,0.00%,93.40%,6.60%,0.00%,0.00%,80.20%,19.80%,0.00%,0.00%,94.10%,5.90%,0.00%,0.00%,16.80%,78.80%,4.10%,0.20%,0.20%,0.00%,89.90%,10.10%,0.00%,0.00%,26.80%,57.70%,15.10%,0.00%,0.00%,0.40%,0.00%,57.40%,25.40%,16.90%,0.00%,0.30%,0.00%,95.70%,4.30%,0.00%,0.00%,82.50%,16.50%,1.00%,0.00%,63.60%,35.60%,0.80%,0.00%
,,Female,64.00%,2.70%,33.30%,17.80%,82.20%,0.00%,0.00%,94.00%,5.80%,0.10%,0.00%,70.20%,29.80%,0.00%,0.00%,94.30%,5.30%,0.30%,0.00%,17.70%,76.70%,5.60%,0.00%,0.00%,0.00%,89.00%,9.00%,2.00%,0.00%,25.00%,64.60%,9.30%,0.00%,0.00%,1.10%,0.10%,58.50%,22.10%,18.40%,0.00%,1.00%,0.10%,95.30%,4.70%,0.00%,0.00%,81.00%,18.80%,0.20%,0.00%,61.50%,37.70%,0.70%,0.20%
,Employment Status,Employed full time for an employer,58.60%,2.70%,38.70%,8.50%,91.40%,0.10%,0.00%,93.80%,6.20%,0.00%,0.00%,68.30%,31.70%,0.00%,0.00%,92.50%,7.50%,0.00%,0.00%,21.10%,72.90%,5.60%,0.20%,0.20%,0.00%,85.80%,13.50%,0.80%,0.00%,32.40%,55.90%,11.50%,0.00%,0.00%,0.10%,0.10%,60.10%,22.30%,17.50%,0.00%,0.20%,0.00%,94.10%,5.90%,0.00%,0.00%,83.30%,16.50%,0.10%,0.00%,66.70%,32.30%,0.80%,0.10%
,,Employed full time for self,80.50%,0.00%,19.50%,14.50%,85.50%,0.00%,0.00%,97.10%,2.90%,0.00%,0.00%,71.30%,28.70%,0.00%,0.00%,93.60%,4.00%,2.40%,0.00%,7.60%,88.50%,3.80%,0.00%,0.00%,0.00%,94.90%,5.10%,0.00%,0.00%,16.20%,73.00%,10.80%,0.00%,0.00%,0.00%,0.00%,58.50%,19.90%,21.70%,0.00%,0.00%,0.00%,100.00%,0.00%,0.00%,0.00%,75.10%,20.50%,4.40%,0.00%,41.90%,58.10%,0.00%,0.00%
,,Employed part time do not want full time,65.20%,1.20%,33.60%,10.00%,90.00%,0.00%,0.00%,98.80%,1.20%,0.00%,0.00%,71.60%,28.40%,0.00%,0.00%,96.40%,3.60%,0.00%,0.00%,15.40%,80.40%,4.20%,0.00%,0.00%,0.00%,96.40%,3.60%,0.00%,0.00%,26.70%,64.90%,8.30%,0.00%,0.00%,0.00%,0.00%,65.30%,22.50%,10.90%,0.00%,0.00%,1.30%,100.00%,0.00%,0.00%,0.00%,76.30%,23.70%,0.00%,0.00%,53.00%,45.40%,1.70%,0.00%
,,Unemployed,31.90%,0.00%,68.10%,0.00%,100.00%,0.00%,0.00%,85.80%,14.20%,0.00%,0.00%,77.10%,22.90%,0.00%,0.00%,100.00%,0.00%,0.00%,0.00%,24.20%,75.80%,0.00%,0.00%,0.00%,0.00%,81.20%,18.80%,0.00%,0.00%,38.60%,32.10%,29.30%,0.00%,0.00%,0.00%,0.00%,46.50%,30.40%,23.00%,0.00%,0.00%,0.00%,0.00%,0.00%,0.00%,0.00%,0.00%,0.00%,0.00%,0.00%,0.00%,0.00%,0.00%,0.00%
,,Employed part time want full time,59.20%,14.60%,26.20%,14.60%,85.40%,0.00%,0.00%,83.90%,16.10%,0.00%,0.00%,90.30%,9.70%,0.00%,0.00%,100.00%,0.00%,0.00%,0.00%,24.30%,75.70%,0.00%,0.00%,0.00%,0.00%,100.00%,0.00%,0.00%,0.00%,28.00%,68.10%,3.90%,0.00%,0.00%,0.00%,0.00%,83.90%,3.00%,13.10%,0.00%,0.00%,0.00%,100.00%,0.00%,0.00%,0.00%,83.30%,16.70%,0.00%,0.00%,67.10%,32.90%,0.00%,0.00%
,,Out of workforce,64.50%,2.60%,32.90%,25.50%,74.50%,0.00%,0.00%,93.60%,6.20%,0.20%,0.00%,81.50%,18.50%,0.00%,0.00%,95.30%,4.70%,0.00%,0.00%,14.50%,80.60%,4.90%,0.00%,0.00%,0.00%,91.30%,7.00%,1.80%,0.00%,20.20%,65.20%,12.90%,0.00%,0.00%,1.70%,0.00%,53.90%,26.90%,17.80%,0.00%,1.50%,0.00%,0.00%,0.00%,0.00%,0.00%,0.00%,0.00%,0.00%,0.00%,0.00%,0.00%,0.00%,0.00%
,Per Capita Income Quintiles,Poorest 20%,64.60%,5.80%,29.60%,20.70%,79.10%,0.20%,0.00%,85.80%,13.80%,0.40%,0.00%,80.00%,20.00%,0.00%,0.00%,90.90%,8.20%,0.90%,0.00%,11.10%,83.70%,5.10%,0.00%,0.00%,0.00%,90.50%,9.50%,0.00%,0.00%,15.90%,69.90%,14.30%,0.00%,0.00%,0.00%,0.00%,56.90%,22.90%,20.20%,0.00%,0.00%,0.00%,96.20%,3.80%,0.00%,0.00%,87.80%,8.50%,3.70%,0.00%,52.50%,47.50%,0.00%,0.00%
,,Second 20%,64.80%,3.00%,32.20%,24.30%,75.70%,0.00%,0.00%,92.30%,7.70%,0.00%,0.00%,81.40%,18.60%,0.00%,0.00%,94.20%,5.80%,0.00%,0.00%,14.00%,81.50%,4.00%,0.40%,0.00%,0.00%,90.00%,7.30%,2.70%,0.00%,21.30%,65.00%,13.60%,0.00%,0.00%,0.20%,0.00%,59.10%,16.90%,21.60%,0.00%,2.40%,0.00%,100.00%,0.00%,0.00%,0.00%,88.80%,11.20%,0.00%,0.00%,58.20%,38.90%,2.90%,0.00%
,,Middle 20%,65.00%,2.40%,32.50%,11.80%,88.20%,0.00%,0.00%,95.80%,4.20%,0.00%,0.00%,73.30%,26.70%,0.00%,0.00%,95.50%,4.50%,0.00%,0.00%,16.90%,78.50%,4.70%,0.00%,0.00%,0.00%,87.20%,11.10%,1.60%,0.00%,24.30%,59.90%,12.80%,0.00%,0.00%,2.90%,0.20%,60.20%,24.00%,15.10%,0.00%,0.50%,0.20%,97.00%,3.00%,0.00%,0.00%,79.60%,20.40%,0.00%,0.00%,67.20%,31.40%,1.00%,0.40%
,,Fourth 20%,65.40%,2.00%,32.60%,16.30%,83.70%,0.00%,0.00%,96.00%,4.00%,0.00%,0.00%,68.00%,32.00%,0.00%,0.00%,94.20%,5.80%,0.00%,0.00%,20.70%,72.70%,6.60%,0.00%,0.00%,0.00%,91.00%,8.00%,1.00%,0.00%,32.50%,55.70%,11.80%,0.00%,0.00%,0.00%,0.00%,59.30%,27.10%,13.60%,0.00%,0.00%,0.00%,94.80%,5.20%,0.00%,0.00%,80.50%,19.00%,0.50%,0.00%,59.30%,40.70%,0.00%,0.00%
,,Richest 20%,52.30%,0.60%,47.10%,8.00%,92.00%,0.00%,0.00%,98.60%,1.40%,0.00%,0.00%,72.00%,28.00%,0.00%,0.00%,96.20%,3.80%,0.00%,0.00%,23.60%,72.10%,4.00%,0.00%,0.40%,0.00%,88.50%,11.50%,0.00%,0.00%,35.40%,56.00%,8.00%,0.00%,0.00%,0.70%,0.00%,54.20%,27.50%,17.70%,0.00%,0.60%,0.00%,92.30%,7.70%,0.00%,0.00%,77.60%,22.40%,0.00%,0.00%,70.10%,29.50%,0.40%,0.00%
,Feelings About Household Income,Living comfortably on present income,56.50%,1.50%,42.00%,11.80%,88.20%,0.00%,0.00%,97.10%,2.90%,0.00%,0.00%,76.10%,23.90%,0.00%,0.00%,96.50%,3.10%,0.50%,0.00%,21.60%,73.40%,4.90%,0.00%,0.00%,0.00%,88.80%,9.00%,2.20%,0.00%,31.50%,58.50%,9.90%,0.00%,0.00%,0.10%,0.00%,53.00%,29.10%,16.70%,0.00%,1.20%,0.00%,95.80%,4.20%,0.00%,0.00%,78.20%,21.80%,0.00%,0.00%,65.50%,33.70%,0.80%,0.00%
,,Getting by on present income,66.20%,0.70%,33.10%,15.20%,84.70%,0.10%,0.00%,94.10%,5.80%,0.20%,0.00%,75.90%,24.10%,0.00%,0.00%,95.10%,4.90%,0.00%,0.00%,14.60%,80.10%,5.00%,0.20%,0.20%,0.00%,92.40%,7.30%,0.30%,0.00%,23.50%,61.70%,13.60%,0.00%,0.00%,1.10%,0.10%,59.90%,20.70%,19.00%,0.00%,0.30%,0.10%,94.80%,5.20%,0.00%,0.00%,82.80%,15.80%,1.30%,0.00%,62.60%,36.40%,0.80%,0.10%
,,Finding it difficult on present income,59.80%,16.30%,23.90%,29.60%,70.40%,0.00%,0.00%,82.30%,17.70%,0.00%,0.00%,70.80%,29.20%,0.00%,0.00%,85.40%,14.60%,0.00%,0.00%,12.50%,82.30%,5.20%,0.00%,0.00%,0.00%,82.10%,17.90%,0.00%,0.00%,21.60%,68.40%,9.00%,0.00%,0.00%,1.00%,0.00%,61.40%,20.40%,17.20%,0.00%,1.00%,0.00%,100.00%,0.00%,0.00%,0.00%,89.80%,10.20%,0.00%,0.00%,59.90%,40.10%,0.00%,0.00%
,,Finding it very difficult on present income,95.50%,4.50%,0.00%,58.50%,41.50%,0.00%,0.00%,80.30%,19.70%,0.00%,0.00%,47.10%,52.90%,0.00%,0.00%,73.10%,26.90%,0.00%,0.00%,27.80%,72.20%,0.00%,0.00%,0.00%,0.00%,65.50%,34.50%,0.00%,0.00%,2.90%,60.90%,34.00%,0.00%,0.00%,2.20%,0.00%,87.00%,13.00%,0.00%,0.00%,0.00%,0.00%,81.50%,18.50%,0.00%,0.00%,100.00%,0.00%,0.00%,0.00%,0.00%,100.00%,0.00%,0.00%
,Urban/Rural,A rural area or on a farm,48.30%,0.00%,51.70%,6.20%,93.80%,0.00%,0.00%,97.90%,2.10%,0.00%,0.00%,81.30%,18.70%,0.00%,0.00%,96.90%,3.10%,0.00%,0.00%,15.30%,72.30%,12.50%,0.00%,0.00%,0.00%,95.50%,4.50%,0.00%,0.00%,23.30%,64.30%,12.40%,0.00%,0.00%,0.00%,0.00%,60.80%,19.30%,19.90%,0.00%,0.00%,0.00%,93.90%,6.10%,0.00%,0.00%,77.70%,22.30%,0.00%,0.00%,61.50%,38.50%,0.00%,0.00%
,,A small town or villAge,63.20%,3.20%,33.50%,17.50%,82.50%,0.00%,0.00%,93.40%,6.60%,0.00%,0.00%,74.80%,25.20%,0.00%,0.00%,92.30%,7.40%,0.30%,0.00%,19.60%,74.80%,5.50%,0.20%,0.00%,0.00%,87.80%,10.60%,1.60%,0.00%,25.50%,60.90%,12.10%,0.00%,0.00%,1.40%,0.10%,58.10%,24.20%,16.50%,0.00%,1.10%,0.10%,95.60%,4.40%,0.00%,0.00%,85.00%,13.60%,1.40%,0.00%,60.90%,37.90%,1.10%,0.10%
,,A large city,62.60%,2.60%,34.90%,15.80%,84.10%,0.10%,0.00%,93.80%,6.00%,0.20%,0.00%,73.90%,26.10%,0.00%,0.00%,96.50%,3.50%,0.00%,0.00%,14.70%,82.80%,2.40%,0.00%,0.20%,0.00%,90.70%,8.80%,0.40%,0.00%,26.50%,61.40%,12.00%,0.00%,0.00%,0.10%,0.00%,57.10%,24.10%,18.60%,0.00%,0.20%,0.00%,95.30%,4.70%,0.00%,0.00%,78.00%,22.00%,0.00%,0.00%,64.50%,35.00%,0.50%,0.00%
,,A suburb of a large city,68.80%,0.00%,31.20%,11.90%,88.10%,0.00%,0.00%,91.20%,8.80%,0.00%,0.00%,83.40%,16.60%,0.00%,0.00%,89.80%,10.20%,0.00%,0.00%,15.30%,69.30%,15.40%,0.00%,0.00%,0.00%,90.00%,10.00%,0.00%,0.00%,30.10%,59.30%,10.70%,0.00%,0.00%,0.00%,0.00%,60.60%,20.60%,17.40%,0.00%,1.50%,0.00%,100.00%,0.00%,0.00%,0.00%,95.60%,4.40%,0.00%,0.00%,70.20%,29.80%,0.00%,0.00%
Mauritius,Age,15-24,68.30%,1.90%,29.80%,6.90%,93.10%,0.00%,0.00%,95.50%,4.50%,0.00%,0.00%,64.00%,36.00%,0.00%,0.00%,84.40%,15.10%,0.50%,0.00%,10.00%,88.30%,1.80%,0.00%,0.00%,0.00%,79.20%,19.90%,0.90%,0.00%,12.30%,66.40%,21.30%,0.00%,0.00%,0.00%,0.00%,77.60%,14.10%,7.40%,0.00%,0.90%,0.00%,91.20%,8.80%,0.00%,0.00%,68.10%,31.90%,0.00%,0.00%,85.70%,14.30%,0.00%,0.00%
,,25-34,62.10%,6.10%,31.80%,5.50%,91.50%,3.00%,0.00%,89.70%,8.10%,2.20%,0.00%,65.30%,34.70%,0.00%,0.00%,84.20%,15.40%,0.40%,0.00%,15.30%,82.70%,2.00%,0.00%,0.00%,0.00%,60.70%,39.30%,0.00%,0.00%,14.00%,66.70%,14.60%,0.00%,0.40%,4.30%,0.00%,77.30%,13.60%,8.10%,0.00%,0.90%,0.00%,89.70%,10.10%,0.20%,0.00%,77.90%,21.10%,1.00%,0.00%,66.90%,31.40%,1.70%,0.00%
,,35-44,66.20%,6.20%,27.60%,20.00%,80.00%,0.00%,0.00%,82.40%,16.20%,1.50%,0.00%,66.90%,31.50%,1.60%,0.00%,82.80%,17.20%,0.00%,0.00%,14.20%,84.40%,1.40%,0.00%,0.00%,0.00%,69.30%,29.60%,1.10%,0.00%,14.00%,68.50%,15.40%,0.00%,0.00%,2.10%,0.00%,73.50%,20.90%,3.90%,0.00%,1.60%,0.00%,93.60%,6.40%,0.00%,0.00%,84.00%,13.00%,3.10%,0.00%,62.00%,36.40%,1.70%,0.00%
,,45-64,66.10%,8.00%,25.80%,23.40%,72.00%,4.50%,0.00%,87.30%,11.60%,1.10%,0.00%,76.10%,22.20%,1.80%,0.00%,83.90%,14.90%,1.20%,0.00%,7.50%,91.40%,0.80%,0.10%,0.10%,0.00%,77.20%,22.50%,0.30%,0.00%,9.80%,62.20%,20.00%,1.40%,0.00%,6.60%,0.00%,81.20%,11.60%,6.80%,0.00%,0.30%,0.00%,98.40%,1.60%,0.00%,0.00%,83.00%,12.80%,4.20%,0.00%,77.40%,20.90%,1.70%,0.00%
,,65+,56.60%,9.30%,34.10%,22.80%,70.30%,6.90%,0.00%,85.30%,14.30%,0.40%,0.00%,86.90%,10.00%,3.10%,0.00%,91.20%,8.80%,0.00%,0.00%,6.50%,93.20%,0.30%,0.00%,0.00%,0.00%,81.00%,16.90%,2.10%,0.00%,13.90%,45.60%,29.40%,0.00%,0.00%,11.10%,0.00%,66.60%,16.60%,14.80%,0.00%,2.00%,0.00%,100.00%,0.00%,0.00%,0.00%,96.00%,2.10%,1.90%,0.00%,76.70%,23.30%,0.00%,0.00%
,Gender,Male,65.70%,8.70%,25.50%,13.90%,82.90%,3.20%,0.00%,86.00%,12.60%,1.40%,0.00%,74.50%,23.90%,1.60%,0.00%,87.10%,12.60%,0.40%,0.00%,13.00%,85.40%,1.50%,0.10%,0.10%,0.00%,71.10%,28.20%,0.70%,0.00%,13.40%,62.80%,18.60%,0.20%,0.10%,4.90%,0.00%,76.70%,14.50%,7.30%,0.00%,1.60%,0.00%,94.10%,5.90%,0.00%,0.00%,77.80%,19.90%,2.30%,0.00%,72.50%,25.70%,1.80%,0.00%
,,Female,64.00%,3.80%,32.20%,18.30%,79.30%,2.50%,0.00%,90.40%,8.90%,0.80%,0.00%,68.40%,30.70%,0.90%,0.00%,82.60%,16.70%,0.70%,0.00%,8.20%,90.80%,1.00%,0.00%,0.00%,0.00%,76.10%,23.10%,0.80%,0.00%,11.20%,63.30%,20.50%,0.70%,0.00%,4.30%,0.00%,76.80%,14.90%,7.80%,0.00%,0.50%,0.00%,94.70%,5.20%,0.10%,0.00%,84.10%,13.20%,2.70%,0.00%,72.70%,26.50%,0.80%,0.00%
,Employment Status,Employed full time for an employer,69.60%,5.20%,25.10%,10.20%,88.00%,1.80%,0.00%,86.60%,12.60%,0.80%,0.00%,69.80%,30.00%,0.20%,0.00%,83.50%,16.30%,0.20%,0.00%,11.40%,87.40%,1.10%,0.10%,0.00%,0.00%,66.60%,32.70%,0.70%,0.00%,14.40%,66.40%,17.30%,0.00%,0.20%,1.70%,0.00%,78.80%,13.90%,6.90%,0.00%,0.40%,0.00%,93.10%,6.90%,0.10%,0.00%,78.50%,19.50%,2.00%,0.00%,69.90%,29.20%,0.90%,0.00%
,,Employed full time for self,65.00%,2.00%,33.10%,8.40%,90.00%,1.60%,0.00%,92.60%,6.30%,1.00%,0.00%,73.40%,23.60%,2.90%,0.00%,87.70%,12.30%,0.00%,0.00%,12.50%,82.60%,4.90%,0.00%,0.00%,0.00%,82.70%,17.30%,0.00%,0.00%,16.50%,48.70%,26.80%,4.00%,0.00%,4.10%,0.00%,76.60%,15.10%,5.10%,0.00%,3.10%,0.00%,94.90%,5.10%,0.00%,0.00%,89.50%,10.50%,0.00%,0.00%,74.80%,22.10%,3.10%,0.00%
,,Employed part time do not want full time,61.10%,0.00%,38.90%,17.60%,80.60%,1.70%,0.00%,98.20%,1.80%,0.00%,0.00%,80.80%,18.30%,0.90%,0.00%,94.70%,5.30%,0.00%,0.00%,11.70%,87.70%,0.00%,0.00%,0.60%,0.00%,89.50%,10.50%,0.00%,0.00%,4.30%,73.70%,17.20%,0.00%,0.00%,4.80%,0.00%,69.10%,19.00%,11.90%,0.00%,0.00%,0.00%,98.70%,1.30%,0.00%,0.00%,74.30%,15.40%,10.30%,0.00%,72.80%,24.40%,2.80%,0.00%
,,Unemployed,73.60%,12.20%,14.20%,7.30%,89.40%,3.20%,0.00%,83.40%,10.20%,6.40%,0.00%,57.80%,35.90%,6.30%,0.00%,72.80%,27.20%,0.00%,0.00%,5.70%,93.80%,0.50%,0.00%,0.00%,0.00%,55.40%,44.60%,0.00%,0.00%,4.20%,71.70%,12.90%,0.00%,0.00%,11.30%,0.00%,74.00%,15.80%,10.20%,0.00%,0.00%,0.00%,0.00%,0.00%,0.00%,0.00%,0.00%,0.00%,0.00%,0.00%,0.00%,0.00%,0.00%,0.00%
,,Employed part time want full time,49.20%,21.00%,29.80%,20.50%,77.40%,2.10%,0.00%,80.40%,19.60%,0.00%,0.00%,77.60%,20.10%,2.30%,0.00%,85.50%,14.50%,0.00%,0.00%,15.30%,84.10%,0.50%,0.00%,0.00%,0.00%,70.20%,29.80%,0.00%,0.00%,6.50%,76.90%,16.60%,0.00%,0.00%,0.00%,0.00%,75.90%,20.10%,4.00%,0.00%,0.00%,0.00%,95.90%,4.10%,0.00%,0.00%,85.80%,14.20%,0.00%,0.00%,83.60%,16.40%,0.00%,0.00%
,,Out of workforce,62.10%,5.40%,32.50%,25.50%,69.80%,4.60%,0.00%,89.40%,9.80%,0.80%,0.00%,71.10%,28.00%,0.90%,0.00%,85.00%,13.60%,1.50%,0.00%,8.30%,90.80%,0.90%,0.00%,0.00%,0.00%,79.70%,18.80%,1.50%,0.00%,13.10%,56.50%,22.50%,0.30%,0.00%,7.70%,0.00%,76.90%,13.20%,8.30%,0.00%,1.60%,0.00%,0.00%,0.00%,0.00%,0.00%,0.00%,0.00%,0.00%,0.00%,0.00%,0.00%,0.00%,0.00%
,Per Capita Income Quintiles,Poorest 20%,65.70%,9.50%,24.80%,22.30%,77.70%,0.00%,0.00%,80.70%,18.80%,0.50%,0.00%,68.80%,30.40%,0.80%,0.00%,80.70%,17.40%,1.90%,0.00%,9.20%,90.20%,0.60%,0.00%,0.00%,0.00%,72.50%,27.50%,0.00%,0.00%,6.30%,63.40%,24.10%,0.40%,0.00%,5.70%,0.00%,74.20%,22.60%,2.60%,0.00%,0.50%,0.00%,95.10%,4.90%,0.00%,0.00%,80.70%,12.70%,6.60%,0.00%,87.80%,12.20%,0.00%,0.00%
,,Second 20%,66.90%,7.40%,25.70%,20.00%,74.60%,5.40%,0.00%,88.60%,8.50%,2.90%,0.00%,75.10%,23.00%,1.80%,0.00%,85.40%,14.00%,0.50%,0.00%,6.90%,92.40%,0.70%,0.00%,0.00%,0.00%,70.40%,28.80%,0.80%,0.00%,8.50%,63.90%,20.00%,1.90%,0.00%,5.70%,0.00%,81.60%,10.30%,7.10%,0.00%,1.00%,0.00%,94.70%,5.30%,0.00%,0.00%,82.90%,14.20%,2.90%,0.00%,71.30%,28.70%,0.00%,0.00%
,,Middle 20%,64.80%,5.90%,29.30%,13.60%,82.80%,3.50%,0.00%,88.30%,10.60%,1.10%,0.00%,65.50%,33.40%,1.20%,0.00%,85.00%,15.00%,0.00%,0.00%,8.70%,89.60%,1.50%,0.00%,0.20%,0.00%,73.70%,25.00%,1.20%,0.00%,10.60%,68.70%,18.20%,0.00%,0.00%,2.40%,0.00%,79.90%,10.90%,8.40%,0.00%,0.80%,0.00%,95.20%,4.80%,0.00%,0.00%,77.30%,19.80%,2.90%,0.00%,72.30%,26.30%,1.40%,0.00%
,,Fourth 20%,64.20%,5.90%,29.90%,16.90%,79.30%,3.80%,0.00%,89.60%,9.60%,0.80%,0.00%,72.50%,25.60%,1.90%,0.00%,89.70%,10.00%,0.30%,0.00%,10.40%,88.80%,0.80%,0.00%,0.00%,0.00%,76.90%,22.30%,0.80%,0.00%,12.50%,60.90%,20.20%,0.00%,0.30%,6.10%,0.00%,75.60%,11.00%,12.50%,0.00%,0.90%,0.00%,97.90%,2.10%,0.00%,0.00%,78.60%,20.40%,0.90%,0.00%,74.30%,23.30%,2.40%,0.00%
,,Richest 20%,62.50%,2.50%,35.00%,8.30%,90.50%,1.30%,0.00%,94.40%,5.60%,0.00%,0.00%,74.40%,25.20%,0.40%,0.00%,82.70%,17.30%,0.00%,0.00%,17.10%,80.10%,2.60%,0.20%,0.00%,0.00%,75.10%,24.10%,0.80%,0.00%,23.40%,58.50%,15.40%,0.00%,0.00%,2.70%,0.00%,72.40%,18.80%,7.10%,0.00%,1.70%,0.00%,88.90%,10.90%,0.20%,0.00%,83.60%,16.40%,0.00%,0.00%,59.70%,37.90%,2.40%,0.00%
,Feelings About Household Income,Living comfortably on present income,56.30%,2.60%,41.10%,9.80%,87.60%,2.60%,0.00%,94.90%,5.00%,0.20%,0.00%,73.00%,26.30%,0.80%,0.00%,90.50%,9.20%,0.30%,0.00%,9.90%,88.40%,1.70%,0.00%,0.00%,0.00%,85.10%,14.20%,0.70%,0.00%,15.40%,58.50%,21.00%,1.10%,0.00%,4.10%,0.00%,77.90%,13.80%,6.40%,0.00%,1.90%,0.00%,96.90%,3.10%,0.00%,0.00%,76.30%,18.70%,5.00%,0.00%,75.50%,23.50%,0.90%,0.00%
,,Getting by on present income,71.30%,3.20%,25.40%,9.90%,90.10%,0.00%,0.00%,91.70%,8.20%,0.10%,0.00%,72.50%,27.50%,0.00%,0.00%,90.20%,9.80%,0.00%,0.00%,14.00%,85.00%,0.80%,0.20%,0.00%,0.00%,79.70%,19.40%,0.90%,0.00%,18.30%,63.80%,16.40%,0.00%,0.00%,1.40%,0.00%,73.00%,16.00%,10.40%,0.00%,0.60%,0.00%,93.80%,6.00%,0.20%,0.00%,84.00%,15.20%,0.80%,0.00%,66.80%,33.00%,0.20%,0.00%
,,Finding it difficult on present income,69.50%,8.00%,22.50%,23.10%,72.60%,4.30%,0.00%,86.20%,12.50%,1.30%,0.00%,68.30%,28.40%,3.30%,0.00%,83.30%,16.40%,0.30%,0.00%,8.00%,91.10%,0.90%,0.00%,0.00%,0.00%,64.70%,34.10%,1.20%,0.00%,7.30%,72.70%,18.20%,0.00%,0.30%,1.50%,0.00%,75.20%,16.90%,7.20%,0.00%,0.60%,0.00%,93.50%,6.50%,0.00%,0.00%,81.50%,18.10%,0.50%,0.00%,72.60%,24.40%,2.90%,0.00%
,,Finding it very difficult on present income,67.30%,17.90%,14.80%,27.10%,71.20%,1.70%,0.00%,72.30%,24.20%,3.50%,0.00%,67.30%,31.20%,1.50%,0.00%,63.50%,34.10%,2.40%,0.00%,10.60%,88.20%,1.30%,0.00%,0.00%,0.00%,43.70%,56.10%,0.20%,0.00%,6.00%,60.70%,25.30%,0.00%,0.00%,7.90%,0.00%,76.50%,15.30%,7.80%,0.00%,0.30%,0.00%,90.80%,9.20%,0.00%,0.00%,81.60%,16.00%,2.40%,0.00%,78.90%,21.10%,0.00%,0.00%
,Urban/Rural,A rural area or on a farm,72.60%,0.00%,27.40%,14.20%,83.80%,1.90%,0.00%,88.70%,11.30%,0.00%,0.00%,69.60%,30.40%,0.00%,0.00%,80.30%,19.70%,0.00%,0.00%,17.70%,77.90%,4.40%,0.00%,0.00%,0.00%,73.90%,25.30%,0.80%,0.00%,27.20%,52.90%,19.90%,0.00%,0.00%,0.00%,0.00%,75.00%,21.40%,3.50%,0.00%,0.00%,0.00%,95.30%,3.60%,1.10%,0.00%,76.00%,24.00%,0.00%,0.00%,59.10%,40.90%,0.00%,0.00%
,,A small town or villAge,65.80%,5.70%,28.50%,15.60%,81.70%,2.70%,0.00%,87.20%,11.50%,1.30%,0.00%,72.60%,25.90%,1.40%,0.00%,86.30%,13.00%,0.70%,0.00%,8.30%,91.10%,0.60%,0.00%,0.00%,0.00%,75.50%,24.10%,0.40%,0.00%,11.10%,62.50%,20.90%,0.70%,0.00%,4.80%,0.00%,78.00%,13.30%,7.70%,0.00%,1.00%,0.00%,95.00%,5.00%,0.00%,0.00%,78.90%,17.60%,3.40%,0.00%,75.30%,23.30%,1.40%,0.00%
,,A large city,56.60%,7.70%,35.70%,17.40%,79.20%,3.40%,0.00%,89.50%,10.30%,0.20%,0.00%,70.00%,28.80%,1.20%,0.00%,82.80%,17.20%,0.00%,0.00%,11.10%,86.40%,2.30%,0.20%,0.00%,0.00%,73.40%,24.40%,2.20%,0.00%,12.60%,63.10%,18.80%,0.00%,0.00%,5.50%,0.00%,80.40%,11.80%,7.10%,0.00%,0.60%,0.00%,90.60%,9.40%,0.00%,0.00%,83.80%,16.20%,0.00%,0.00%,70.40%,27.50%,2.10%,0.00%
,,A suburb of a large city,73.00%,9.80%,17.20%,19.70%,78.20%,2.20%,0.00%,95.00%,3.40%,1.50%,0.00%,64.10%,35.90%,0.00%,0.00%,78.50%,20.70%,0.80%,0.00%,23.10%,74.00%,2.30%,0.00%,0.60%,0.00%,59.40%,40.60%,0.00%,0.00%,13.60%,72.80%,10.60%,0.00%,0.80%,2.20%,0.00%,57.40%,31.00%,9.60%,0.00%,2.00%,0.00%,97.80%,2.20%,0.00%,0.00%,87.40%,10.20%,2.30%,0.00%,64.60%,35.40%,0.00%,0.00%
Norway,Age,15-24,39.30%,0.80%,59.90%,19.90%,80.10%,0.00%,0.00%,99.00%,1.00%,0.00%,0.00%,80.10%,19.90%,0.00%,0.00%,94.30%,5.70%,0.00%,0.00%,67.00%,29.20%,3.80%,0.00%,0.00%,0.00%,89.90%,10.10%,0.00%,0.00%,24.80%,53.50%,21.60%,0.00%,0.00%,0.00%,0.00%,42.80%,52.90%,4.30%,0.00%,0.00%,0.00%,86.90%,13.10%,0.00%,0.00%,76.50%,23.50%,0.00%,0.00%,90.10%,8.20%,1.80%,0.00%
,,25-34,36.10%,0.70%,63.10%,19.80%,80.20%,0.00%,0.00%,96.30%,3.70%,0.00%,0.00%,86.40%,13.60%,0.00%,0.00%,90.40%,9.60%,0.00%,0.00%,41.30%,52.50%,5.50%,0.00%,0.80%,0.00%,76.30%,23.70%,0.00%,0.00%,25.20%,65.00%,9.80%,0.00%,0.00%,0.00%,0.00%,38.30%,58.20%,2.70%,0.00%,0.70%,0.00%,89.90%,10.10%,0.00%,0.00%,74.60%,25.40%,0.00%,0.00%,74.70%,25.30%,0.00%,0.00%
,,35-44,32.50%,1.00%,66.50%,14.20%,85.80%,0.00%,0.00%,97.50%,2.50%,0.00%,0.00%,80.80%,19.20%,0.00%,0.00%,93.20%,6.80%,0.00%,0.00%,30.40%,63.20%,6.40%,0.00%,0.00%,0.00%,82.30%,17.70%,0.00%,0.00%,11.70%,79.70%,8.10%,0.00%,0.00%,0.00%,0.50%,25.30%,66.70%,8.00%,0.00%,0.00%,0.00%,89.20%,10.80%,0.00%,0.00%,77.50%,22.50%,0.00%,0.00%,73.10%,25.70%,1.20%,0.00%
,,45-64,36.80%,0.90%,62.20%,26.00%,73.40%,0.60%,0.00%,95.80%,4.20%,0.00%,0.00%,86.20%,13.60%,0.20%,0.00%,96.20%,3.80%,0.00%,0.00%,26.90%,66.30%,6.50%,0.00%,0.30%,0.00%,89.10%,10.60%,0.40%,0.00%,18.60%,73.50%,7.40%,0.20%,0.00%,0.40%,0.00%,23.10%,67.20%,8.50%,0.00%,1.20%,0.00%,92.00%,7.30%,0.70%,0.00%,79.90%,18.70%,1.30%,0.00%,66.60%,32.70%,0.80%,0.00%
,,65+,49.90%,2.80%,47.40%,30.00%,69.10%,0.90%,0.00%,91.40%,8.60%,0.00%,0.00%,92.50%,7.20%,0.30%,0.00%,98.10%,1.90%,0.00%,0.00%,18.40%,73.60%,7.00%,0.20%,0.90%,0.00%,95.40%,4.60%,0.00%,0.00%,12.70%,75.30%,9.00%,0.00%,0.20%,1.90%,0.80%,31.50%,56.70%,11.40%,0.00%,0.30%,0.00%,92.00%,8.00%,0.00%,0.00%,73.80%,20.90%,5.30%,0.00%,56.90%,43.10%,0.00%,0.00%
,Gender,Male,38.60%,1.30%,60.10%,18.90%,80.50%,0.60%,0.00%,95.60%,4.40%,0.00%,0.00%,87.30%,12.70%,0.00%,0.00%,93.80%,6.20%,0.00%,0.00%,40.80%,52.50%,6.00%,0.10%,0.60%,0.00%,87.00%,12.80%,0.20%,0.00%,22.70%,65.70%,10.50%,0.10%,0.10%,0.90%,0.00%,30.20%,62.90%,6.10%,0.00%,0.70%,0.00%,89.90%,9.60%,0.50%,0.00%,76.40%,22.70%,0.90%,0.00%,72.30%,27.30%,0.40%,0.00%
,,Female,39.90%,1.20%,58.90%,27.60%,72.30%,0.10%,0.00%,95.60%,4.40%,0.00%,0.00%,84.70%,15.10%,0.30%,0.00%,96.10%,3.90%,0.00%,0.00%,25.70%,68.00%,6.10%,0.00%,0.30%,0.00%,87.80%,12.20%,0.00%,0.00%,13.50%,76.00%,9.80%,0.00%,0.00%,0.20%,0.50%,30.60%,59.90%,9.00%,0.00%,0.50%,0.00%,91.00%,9.00%,0.00%,0.00%,78.90%,20.30%,0.80%,0.00%,71.40%,27.40%,1.20%,0.00%
,Employment Status,Employed full time for an employer,33.60%,0.40%,66.00%,11.90%,87.60%,0.40%,0.00%,96.90%,3.10%,0.00%,0.00%,84.70%,15.00%,0.30%,0.00%,96.10%,3.90%,0.00%,0.00%,36.50%,56.80%,6.30%,0.00%,0.40%,0.00%,89.90%,9.90%,0.30%,0.00%,19.50%,69.90%,10.10%,0.10%,0.00%,0.40%,0.00%,27.80%,65.30%,6.10%,0.00%,0.80%,0.00%,91.80%,7.90%,0.40%,0.00%,78.50%,20.80%,0.70%,0.00%,73.90%,25.40%,0.70%,0.00%
,,Employed full time for self,14.20%,0.00%,85.80%,3.10%,90.70%,6.20%,0.00%,100.00%,0.00%,0.00%,0.00%,84.00%,16.00%,0.00%,0.00%,100.00%,0.00%,0.00%,0.00%,45.30%,44.70%,3.80%,0.00%,6.20%,0.00%,88.00%,12.00%,0.00%,0.00%,27.70%,70.30%,1.90%,0.00%,0.00%,0.00%,0.00%,27.00%,68.70%,1.20%,0.00%,3.10%,0.00%,88.60%,11.40%,0.00%,0.00%,83.10%,10.70%,6.20%,0.00%,77.90%,22.10%,0.00%,0.00%
,,Employed part time do not want full time,37.20%,0.00%,62.80%,22.60%,77.40%,0.00%,0.00%,95.90%,4.10%,0.00%,0.00%,83.20%,16.80%,0.00%,0.00%,97.20%,2.80%,0.00%,0.00%,37.80%,58.70%,3.50%,0.00%,0.00%,0.00%,94.90%,5.10%,0.00%,0.00%,17.70%,69.30%,12.50%,0.00%,0.00%,0.50%,0.00%,24.70%,67.30%,8.00%,0.00%,0.00%,0.00%,90.30%,9.70%,0.00%,0.00%,68.50%,31.50%,0.00%,0.00%,59.00%,39.20%,1.90%,0.00%
,,Unemployed,45.80%,0.00%,54.20%,16.10%,83.90%,0.00%,0.00%,100.00%,0.00%,0.00%,0.00%,82.20%,17.80%,0.00%,0.00%,91.30%,8.70%,0.00%,0.00%,60.10%,34.40%,5.50%,0.00%,0.00%,0.00%,81.10%,18.90%,0.00%,0.00%,35.10%,54.40%,10.50%,0.00%,0.00%,0.00%,0.00%,48.50%,51.50%,0.00%,0.00%,0.00%,0.00%,0.00%,0.00%,0.00%,0.00%,0.00%,0.00%,0.00%,0.00%,0.00%,0.00%,0.00%,0.00%
,,Employed part time want full time,37.90%,3.30%,58.90%,22.40%,77.60%,0.00%,0.00%,96.70%,3.30%,0.00%,0.00%,83.50%,16.50%,0.00%,0.00%,85.50%,14.50%,0.00%,0.00%,28.10%,59.00%,12.90%,0.00%,0.00%,0.00%,69.70%,30.30%,0.00%,0.00%,18.10%,66.90%,14.90%,0.00%,0.00%,0.00%,0.00%,26.70%,68.60%,4.60%,0.00%,0.00%,0.00%,77.40%,22.60%,0.00%,0.00%,77.00%,23.00%,0.00%,0.00%,67.40%,32.60%,0.00%,0.00%
,,Out of workforce,48.70%,2.70%,48.60%,40.90%,59.10%,0.00%,0.00%,92.60%,7.40%,0.00%,0.00%,89.20%,10.80%,0.00%,0.00%,94.20%,5.80%,0.00%,0.00%,24.20%,69.90%,5.70%,0.10%,0.20%,0.00%,85.70%,14.30%,0.00%,0.00%,13.40%,75.00%,9.80%,0.00%,0.10%,1.00%,0.80%,33.40%,54.90%,11.40%,0.00%,0.40%,0.00%,0.00%,0.00%,0.00%,0.00%,0.00%,0.00%,0.00%,0.00%,0.00%,0.00%,0.00%,0.00%
,Per Capita Income Quintiles,Poorest 20%,42.90%,2.00%,55.10%,22.30%,77.70%,0.00%,0.00%,95.50%,4.50%,0.00%,0.00%,80.60%,19.40%,0.00%,0.00%,94.00%,6.00%,0.00%,0.00%,34.20%,58.10%,7.70%,0.00%,0.00%,0.00%,84.40%,15.60%,0.00%,0.00%,19.30%,69.40%,10.90%,0.00%,0.00%,0.00%,0.40%,32.10%,61.40%,6.50%,0.00%,0.00%,0.00%,89.90%,10.10%,0.00%,0.00%,82.70%,17.30%,0.00%,0.00%,69.70%,27.90%,2.40%,0.00%
,,Second 20%,38.80%,3.40%,57.80%,36.10%,63.20%,0.70%,0.00%,94.80%,5.20%,0.00%,0.00%,84.20%,15.80%,0.00%,0.00%,95.30%,4.70%,0.00%,0.00%,31.10%,63.40%,5.50%,0.00%,0.00%,0.00%,85.40%,14.60%,0.00%,0.00%,10.30%,77.30%,11.90%,0.00%,0.00%,0.50%,0.00%,25.80%,68.00%,5.40%,0.00%,0.80%,0.00%,92.60%,7.40%,0.00%,0.00%,78.80%,21.20%,0.00%,0.00%,75.40%,23.50%,1.10%,0.00%
,,Middle 20%,45.00%,0.40%,54.60%,23.30%,76.40%,0.40%,0.00%,94.30%,5.70%,0.00%,0.00%,90.90%,8.80%,0.40%,0.00%,92.80%,7.20%,0.00%,0.00%,23.80%,69.50%,6.00%,0.00%,0.60%,0.00%,86.20%,13.80%,0.00%,0.00%,15.50%,73.20%,9.20%,0.00%,0.20%,1.00%,0.90%,33.50%,53.50%,11.90%,0.00%,1.10%,0.00%,88.20%,11.80%,0.00%,0.00%,89.50%,9.70%,0.80%,0.00%,80.70%,18.50%,0.80%,0.00%
,,Fourth 20%,32.40%,0.60%,66.90%,24.20%,75.80%,0.00%,0.00%,97.00%,3.00%,0.00%,0.00%,86.60%,13.20%,0.30%,0.00%,96.30%,3.70%,0.00%,0.00%,35.10%,59.70%,4.80%,0.20%,0.30%,0.00%,90.50%,8.90%,0.60%,0.00%,25.90%,62.80%,10.30%,0.00%,0.00%,0.90%,0.00%,31.20%,61.20%,6.80%,0.00%,0.80%,0.00%,91.50%,7.60%,0.90%,0.00%,71.20%,27.20%,1.60%,0.00%,68.30%,31.70%,0.00%,0.00%
,,Richest 20%,36.90%,0.00%,63.10%,10.20%,88.90%,1.00%,0.00%,96.30%,3.70%,0.00%,0.00%,87.70%,12.30%,0.00%,0.00%,96.30%,3.70%,0.00%,0.00%,42.10%,50.20%,6.40%,0.00%,1.20%,0.00%,90.60%,9.40%,0.00%,0.00%,19.60%,71.30%,8.50%,0.20%,0.00%,0.40%,0.00%,29.50%,63.00%,7.20%,0.00%,0.20%,0.00%,89.50%,10.20%,0.30%,0.00%,71.20%,27.30%,1.50%,0.00%,69.00%,31.00%,0.00%,0.00%
,Feelings About Household Income,Living comfortably on present income,34.10%,1.10%,64.80%,19.90%,79.50%,0.60%,0.00%,96.40%,3.60%,0.00%,0.00%,87.00%,12.80%,0.20%,0.00%,98.30%,1.70%,0.00%,0.00%,34.00%,59.40%,6.00%,0.10%,0.50%,0.00%,92.50%,7.30%,0.20%,0.00%,19.40%,69.20%,10.30%,0.00%,0.10%,0.80%,0.30%,28.50%,63.10%,7.60%,0.00%,0.70%,0.00%,92.10%,7.60%,0.30%,0.00%,77.90%,21.10%,1.00%,0.00%,75.50%,24.30%,0.20%,0.00%
,,Getting by on present income,47.90%,0.00%,52.10%,28.60%,71.40%,0.00%,0.00%,96.20%,3.80%,0.00%,0.00%,84.60%,15.40%,0.00%,0.00%,91.90%,8.10%,0.00%,0.00%,30.10%,63.20%,6.50%,0.00%,0.20%,0.00%,83.30%,16.70%,0.00%,0.00%,13.70%,76.70%,9.30%,0.20%,0.00%,0.00%,0.00%,31.00%,60.60%,7.90%,0.00%,0.40%,0.00%,86.40%,13.30%,0.30%,0.00%,76.90%,22.50%,0.60%,0.00%,62.20%,35.90%,1.90%,0.00%
,,Finding it difficult on present income,67.40%,8.20%,24.40%,48.80%,51.20%,0.00%,0.00%,84.90%,15.10%,0.00%,0.00%,77.70%,22.30%,0.00%,0.00%,65.90%,34.10%,0.00%,0.00%,43.00%,52.30%,4.70%,0.00%,0.00%,0.00%,49.70%,50.30%,0.00%,0.00%,18.20%,65.60%,16.20%,0.00%,0.00%,0.00%,0.00%,40.70%,56.80%,2.40%,0.00%,0.00%,0.00%,88.50%,11.50%,0.00%,0.00%,71.10%,28.90%,0.00%,0.00%,62.20%,29.30%,8.50%,0.00%
,,Finding it very difficult on present income,56.00%,6.30%,37.60%,13.50%,86.50%,0.00%,0.00%,86.90%,13.10%,0.00%,0.00%,85.20%,14.80%,0.00%,0.00%,76.90%,23.10%,0.00%,0.00%,14.30%,77.70%,8.10%,0.00%,0.00%,0.00%,30.90%,69.10%,0.00%,0.00%,27.30%,72.70%,0.00%,0.00%,0.00%,0.00%,0.00%,79.10%,12.80%,8.10%,0.00%,0.00%,0.00%,61.60%,38.40%,0.00%,0.00%,76.20%,23.80%,0.00%,0.00%,62.20%,37.80%,0.00%,0.00%
,Urban/Rural,A rural area or on a farm,35.60%,1.50%,62.90%,27.50%,71.70%,0.70%,0.00%,95.90%,4.10%,0.00%,0.00%,91.30%,8.40%,0.20%,0.00%,96.70%,3.30%,0.00%,0.00%,31.90%,62.80%,4.50%,0.00%,0.70%,0.00%,92.80%,6.80%,0.50%,0.00%,14.00%,75.80%,8.80%,0.00%,0.00%,1.00%,0.30%,25.10%,65.20%,9.20%,0.00%,0.50%,0.00%,91.50%,7.70%,0.80%,0.00%,80.30%,17.70%,2.00%,0.00%,73.70%,24.50%,1.70%,0.00%
,,A small town or villAge,42.90%,0.90%,56.30%,24.50%,75.30%,0.20%,0.00%,95.60%,4.40%,0.00%,0.00%,82.70%,17.10%,0.20%,0.00%,93.20%,6.80%,0.00%,0.00%,29.10%,64.20%,6.70%,0.00%,0.00%,0.00%,87.70%,12.30%,0.00%,0.00%,20.10%,69.40%,10.00%,0.00%,0.10%,0.50%,0.00%,36.90%,56.40%,6.60%,0.00%,0.20%,0.00%,91.00%,9.00%,0.00%,0.00%,79.10%,20.20%,0.70%,0.00%,64.40%,35.30%,0.30%,0.00%
,,A large city,37.60%,0.50%,61.80%,15.90%,84.10%,0.00%,0.00%,97.20%,2.80%,0.00%,0.00%,86.70%,13.30%,0.00%,0.00%,95.80%,4.20%,0.00%,0.00%,44.40%,49.30%,5.00%,0.00%,1.30%,0.00%,82.10%,17.90%,0.00%,0.00%,19.70%,66.70%,13.30%,0.30%,0.00%,0.00%,0.00%,25.70%,68.10%,5.70%,0.00%,0.50%,0.00%,88.90%,10.70%,0.40%,0.00%,71.40%,28.30%,0.40%,0.00%,80.40%,18.80%,0.90%,0.00%
,,A suburb of a large city,37.00%,2.90%,60.10%,21.30%,77.80%,0.90%,0.00%,94.50%,5.50%,0.00%,0.00%,84.10%,15.90%,0.00%,0.00%,96.80%,3.20%,0.00%,0.00%,33.30%,57.90%,8.50%,0.20%,0.00%,0.00%,84.80%,15.20%,0.00%,0.00%,17.30%,71.70%,9.30%,0.00%,0.00%,0.50%,1.20%,27.60%,60.60%,9.90%,0.00%,2.00%,0.00%,90.70%,9.30%,0.00%,0.00%,76.60%,23.40%,0.00%,0.00%,75.20%,24.80%,0.00%,0.00%
Portugal,Age,15-24,53.80%,0.30%,45.80%,4.70%,95.30%,0.00%,0.00%,96.90%,3.10%,0.00%,0.00%,92.40%,7.60%,0.00%,0.00%,83.40%,14.10%,2.50%,0.00%,39.50%,57.10%,2.70%,0.70%,0.00%,0.00%,86.90%,12.80%,0.00%,0.30%,38.10%,42.00%,18.10%,0.00%,0.00%,1.80%,0.00%,51.90%,23.20%,24.30%,0.00%,0.00%,0.60%,91.00%,9.00%,0.00%,0.00%,85.20%,14.80%,0.00%,0.00%,76.30%,23.70%,0.00%,0.00%
,,25-34,53.20%,2.20%,44.50%,8.40%,91.60%,0.00%,0.00%,88.20%,9.80%,2.10%,0.00%,86.60%,13.20%,0.30%,0.00%,92.30%,7.70%,0.00%,0.00%,21.60%,70.50%,5.40%,0.00%,2.50%,0.00%,82.20%,15.80%,0.00%,2.10%,40.90%,41.10%,16.20%,0.00%,0.80%,0.90%,0.00%,46.40%,23.90%,27.60%,0.00%,2.10%,0.00%,90.40%,9.60%,0.00%,0.00%,85.50%,13.70%,0.70%,0.00%,76.50%,22.80%,0.70%,0.00%
,,35-44,60.10%,1.80%,38.10%,3.70%,96.30%,0.00%,0.00%,88.70%,10.70%,0.50%,0.00%,85.20%,14.80%,0.00%,0.00%,90.80%,9.00%,0.20%,0.00%,16.60%,66.60%,15.60%,1.20%,0.00%,0.00%,88.40%,8.80%,0.00%,2.80%,38.00%,46.70%,12.00%,0.20%,1.90%,1.30%,0.00%,42.10%,32.90%,24.20%,0.20%,0.70%,0.00%,97.90%,1.70%,0.40%,0.00%,89.30%,10.30%,0.40%,0.00%,70.60%,27.10%,2.30%,0.00%
,,45-64,72.90%,8.30%,18.80%,20.90%,79.10%,0.00%,0.00%,81.50%,18.50%,0.00%,0.00%,90.40%,9.40%,0.20%,0.00%,92.60%,7.10%,0.30%,0.00%,9.10%,81.80%,8.90%,0.20%,0.00%,0.00%,84.20%,14.00%,0.00%,1.80%,44.20%,37.20%,17.90%,0.30%,0.30%,0.00%,0.10%,37.50%,34.40%,27.90%,0.00%,0.10%,0.00%,97.00%,3.00%,0.00%,0.00%,89.80%,9.20%,1.00%,0.00%,60.20%,38.60%,1.20%,0.00%
,,65+,61.50%,18.10%,20.40%,44.10%,55.90%,0.00%,0.00%,87.80%,12.20%,0.00%,0.00%,87.20%,12.80%,0.00%,0.00%,89.10%,10.10%,0.80%,0.00%,3.70%,93.60%,2.00%,0.00%,0.80%,0.00%,89.70%,6.90%,0.00%,3.40%,19.50%,32.30%,39.30%,2.60%,3.50%,2.90%,0.00%,20.00%,33.80%,45.20%,0.20%,0.80%,0.00%,100.00%,0.00%,0.00%,0.00%,100.00%,0.00%,0.00%,0.00%,65.40%,34.60%,0.00%,0.00%
,Gender,Male,65.10%,5.50%,29.30%,14.30%,85.70%,0.00%,0.00%,88.40%,10.90%,0.70%,0.00%,92.30%,7.70%,0.00%,0.00%,91.70%,7.70%,0.70%,0.00%,18.50%,72.20%,8.20%,0.40%,0.70%,0.00%,87.70%,10.90%,0.00%,1.30%,37.40%,44.50%,15.80%,0.30%,1.00%,1.00%,0.10%,45.90%,28.90%,24.30%,0.10%,0.70%,0.20%,95.80%,4.00%,0.20%,0.00%,90.70%,8.70%,0.70%,0.00%,75.70%,23.00%,1.30%,0.00%
,,Female,59.80%,8.70%,31.50%,23.40%,76.60%,0.00%,0.00%,86.00%,13.80%,0.20%,0.00%,84.50%,15.30%,0.20%,0.00%,89.30%,10.20%,0.50%,0.00%,11.70%,81.00%,6.50%,0.30%,0.50%,0.00%,85.00%,12.10%,0.00%,2.90%,35.40%,34.20%,26.00%,1.50%,1.60%,1.40%,0.00%,30.60%,32.80%,35.80%,0.10%,0.60%,0.00%,95.20%,4.80%,0.00%,0.00%,86.50%,12.90%,0.60%,0.00%,59.70%,39.00%,1.20%,0.00%
,Employment Status,Employed full time for an employer,62.50%,4.40%,33.20%,5.50%,94.50%,0.00%,0.00%,83.90%,15.00%,1.00%,0.00%,88.40%,11.50%,0.10%,0.00%,90.70%,9.20%,0.10%,0.00%,19.10%,68.30%,12.20%,0.40%,0.00%,0.00%,84.50%,13.60%,0.00%,1.80%,41.80%,42.70%,14.60%,0.30%,0.00%,0.60%,0.00%,39.60%,34.70%,25.30%,0.10%,0.10%,0.20%,95.70%,4.30%,0.00%,0.00%,88.10%,11.20%,0.80%,0.00%,65.60%,32.80%,1.60%,0.00%
,,Employed full time for self,61.50%,5.40%,33.00%,17.10%,82.90%,0.00%,0.00%,93.50%,6.50%,0.00%,0.00%,87.00%,13.00%,0.00%,0.00%,95.20%,4.80%,0.00%,0.00%,15.30%,76.90%,6.90%,0.90%,0.00%,0.00%,85.30%,11.50%,0.00%,3.20%,48.70%,45.40%,5.40%,0.00%,0.50%,0.00%,0.00%,41.60%,25.30%,33.10%,0.00%,0.00%,0.00%,96.10%,3.90%,0.00%,0.00%,91.10%,8.40%,0.50%,0.00%,77.60%,22.40%,0.00%,0.00%
,,Employed part time do not want full time,66.70%,0.00%,33.30%,2.80%,97.20%,0.00%,0.00%,75.80%,24.20%,0.00%,0.00%,91.50%,8.50%,0.00%,0.00%,80.20%,19.80%,0.00%,0.00%,14.90%,82.00%,3.10%,0.00%,0.00%,0.00%,77.10%,22.90%,0.00%,0.00%,29.00%,30.80%,30.10%,0.00%,10.10%,0.00%,0.00%,25.20%,33.20%,41.60%,0.00%,0.00%,0.00%,100.00%,0.00%,0.00%,0.00%,95.80%,4.20%,0.00%,0.00%,73.10%,26.90%,0.00%,0.00%
,,Unemployed,69.50%,5.90%,24.60%,18.90%,81.10%,0.00%,0.00%,87.70%,12.30%,0.00%,0.00%,95.50%,4.50%,0.00%,0.00%,74.10%,25.90%,0.00%,0.00%,15.90%,71.60%,4.80%,0.00%,7.70%,0.00%,82.40%,9.90%,0.00%,7.70%,31.00%,41.40%,24.30%,0.00%,0.00%,3.30%,0.00%,54.20%,15.30%,22.80%,0.00%,7.70%,0.00%,0.00%,0.00%,0.00%,0.00%,0.00%,0.00%,0.00%,0.00%,0.00%,0.00%,0.00%,0.00%
,,Employed part time want full time,70.80%,4.40%,24.70%,21.70%,78.30%,0.00%,0.00%,86.40%,13.60%,0.00%,0.00%,92.80%,7.20%,0.00%,0.00%,82.70%,15.70%,1.60%,0.00%,20.00%,80.00%,0.00%,0.00%,0.00%,0.00%,79.10%,20.90%,0.00%,0.00%,22.70%,47.60%,21.30%,0.00%,3.20%,5.20%,0.00%,28.90%,25.30%,45.80%,0.00%,0.00%,0.00%,90.50%,7.90%,1.60%,0.00%,85.90%,14.10%,0.00%,0.00%,64.70%,33.70%,1.60%,0.00%
,,Out of workforce,60.80%,11.30%,27.90%,33.10%,66.90%,0.00%,0.00%,89.00%,11.00%,0.00%,0.00%,87.00%,12.80%,0.20%,0.00%,91.40%,7.40%,1.20%,0.00%,10.20%,85.30%,3.60%,0.30%,0.60%,0.00%,89.40%,8.60%,0.00%,2.00%,29.90%,33.10%,30.90%,2.00%,2.50%,1.60%,0.10%,34.40%,30.70%,34.00%,0.10%,0.70%,0.00%,0.00%,0.00%,0.00%,0.00%,0.00%,0.00%,0.00%,0.00%,0.00%,0.00%,0.00%,0.00%
,Per Capita Income Quintiles,Poorest 20%,75.30%,7.80%,16.90%,20.00%,80.00%,0.00%,0.00%,81.30%,18.20%,0.50%,0.00%,89.40%,10.60%,0.00%,0.00%,93.40%,6.40%,0.20%,0.00%,8.60%,83.70%,5.70%,0.20%,1.90%,0.00%,83.40%,12.50%,0.00%,4.10%,29.70%,43.00%,23.50%,1.50%,0.60%,1.70%,0.20%,43.50%,23.60%,31.40%,0.00%,1.50%,0.00%,95.50%,3.80%,0.70%,0.00%,93.60%,6.40%,0.00%,0.00%,63.20%,36.10%,0.70%,0.00%
,,Second 20%,58.20%,9.50%,32.40%,23.80%,76.20%,0.00%,0.00%,85.40%,14.60%,0.00%,0.00%,83.20%,16.80%,0.00%,0.00%,88.10%,11.00%,0.90%,0.00%,15.30%,76.70%,6.50%,0.60%,0.90%,0.00%,84.30%,14.20%,0.00%,1.50%,37.90%,40.20%,17.70%,0.20%,1.50%,2.50%,0.00%,39.30%,33.80%,25.50%,0.00%,1.50%,0.00%,96.00%,4.00%,0.00%,0.00%,81.10%,18.00%,0.80%,0.00%,58.80%,41.20%,0.00%,0.00%
,,Middle 20%,66.60%,7.50%,25.90%,15.70%,84.30%,0.00%,0.00%,89.30%,9.20%,1.50%,0.00%,88.00%,11.50%,0.50%,0.00%,90.80%,7.60%,1.50%,0.00%,11.50%,83.10%,5.30%,0.20%,0.00%,0.00%,90.60%,7.00%,0.00%,2.40%,42.30%,35.60%,17.20%,1.10%,3.40%,0.50%,0.00%,38.20%,34.00%,27.80%,0.00%,0.00%,0.00%,97.50%,2.50%,0.00%,0.00%,94.60%,5.40%,0.00%,0.00%,73.20%,24.80%,2.00%,0.00%
,,Fourth 20%,63.00%,8.00%,29.00%,22.00%,78.00%,0.00%,0.00%,89.20%,10.80%,0.00%,0.00%,92.30%,7.70%,0.00%,0.00%,87.60%,12.10%,0.30%,0.00%,17.70%,73.00%,9.00%,0.30%,0.00%,0.00%,86.00%,13.30%,0.00%,0.70%,30.50%,35.20%,31.50%,1.60%,0.30%,0.90%,0.00%,33.00%,30.20%,36.80%,0.00%,0.00%,0.00%,95.70%,4.30%,0.00%,0.00%,89.50%,10.50%,0.00%,0.00%,72.20%,27.10%,0.70%,0.00%
,,Richest 20%,49.60%,3.20%,47.20%,14.40%,85.60%,0.00%,0.00%,90.50%,9.50%,0.00%,0.00%,87.90%,12.10%,0.00%,0.00%,91.90%,7.90%,0.20%,0.00%,21.20%,68.20%,10.00%,0.60%,0.00%,0.00%,87.00%,10.80%,0.00%,2.20%,41.00%,41.00%,16.40%,0.30%,0.80%,0.50%,0.00%,34.80%,33.20%,31.00%,0.40%,0.20%,0.40%,93.10%,6.90%,0.00%,0.00%,85.50%,12.50%,2.00%,0.00%,69.20%,28.30%,2.50%,0.00%
,Feelings About Household Income,Living comfortably on present income,45.00%,0.90%,54.10%,14.00%,86.00%,0.00%,0.00%,95.50%,4.50%,0.00%,0.00%,90.90%,9.00%,0.20%,0.00%,96.60%,3.40%,0.00%,0.00%,23.20%,68.30%,8.00%,0.50%,0.00%,0.00%,93.30%,6.70%,0.00%,0.00%,40.70%,41.60%,15.20%,0.20%,1.90%,0.40%,0.00%,36.30%,32.50%,30.60%,0.10%,0.20%,0.30%,96.90%,3.10%,0.00%,0.00%,87.20%,12.60%,0.20%,0.00%,79.30%,19.80%,0.90%,0.00%
,,Getting by on present income,68.50%,7.90%,23.60%,18.80%,81.20%,0.00%,0.00%,88.00%,11.80%,0.20%,0.00%,88.90%,11.00%,0.10%,0.00%,90.80%,8.50%,0.70%,0.00%,13.30%,77.80%,8.50%,0.50%,0.00%,0.00%,88.50%,9.80%,0.00%,1.70%,34.60%,39.30%,22.40%,1.40%,0.80%,1.50%,0.10%,38.40%,30.50%,30.70%,0.10%,0.20%,0.00%,95.60%,4.20%,0.20%,0.00%,88.30%,10.80%,0.80%,0.00%,64.40%,34.50%,1.10%,0.00%
,,Finding it difficult on present income,68.30%,9.10%,22.60%,17.60%,82.40%,0.00%,0.00%,80.40%,19.60%,0.00%,0.00%,83.90%,16.10%,0.00%,0.00%,83.30%,16.30%,0.40%,0.00%,11.50%,85.10%,2.80%,0.00%,0.50%,0.00%,78.40%,19.10%,0.00%,2.50%,31.40%,39.50%,27.30%,0.00%,1.30%,0.50%,0.00%,37.80%,29.00%,33.20%,0.00%,0.00%,0.00%,92.30%,7.70%,0.00%,0.00%,89.90%,9.00%,1.10%,0.00%,65.80%,34.20%,0.00%,0.00%
,,Finding it very difficult on present income,62.50%,20.80%,16.70%,39.00%,61.00%,0.00%,0.00%,65.60%,30.20%,4.20%,0.00%,79.20%,20.80%,0.00%,0.00%,79.70%,20.30%,0.00%,0.00%,8.70%,82.20%,4.90%,0.00%,4.20%,0.00%,65.20%,28.90%,0.00%,5.90%,40.70%,32.40%,23.40%,0.00%,3.40%,0.00%,0.00%,37.90%,31.40%,26.40%,0.00%,4.20%,0.00%,96.30%,3.70%,0.00%,0.00%,92.20%,7.80%,0.00%,0.00%,66.20%,33.80%,0.00%,0.00%
,Urban/Rural,A rural area or on a farm,67.80%,10.80%,21.40%,30.90%,69.10%,0.00%,0.00%,86.50%,13.50%,0.00%,0.00%,88.00%,12.00%,0.00%,0.00%,92.70%,7.30%,0.00%,0.00%,7.60%,88.20%,3.00%,1.30%,0.00%,0.00%,87.50%,12.50%,0.00%,0.00%,35.90%,41.60%,21.40%,0.00%,0.00%,1.10%,0.00%,37.50%,29.50%,32.10%,0.00%,1.00%,0.00%,95.50%,4.50%,0.00%,0.00%,91.90%,8.10%,0.00%,0.00%,81.70%,17.80%,0.50%,0.00%
,,A small town or villAge,62.90%,8.40%,28.70%,20.00%,80.00%,0.00%,0.00%,85.20%,14.00%,0.80%,0.00%,88.30%,11.50%,0.20%,0.00%,91.00%,8.00%,1.00%,0.00%,13.50%,78.30%,7.40%,0.20%,0.50%,0.00%,86.80%,10.80%,0.00%,2.50%,33.40%,39.80%,22.60%,0.90%,1.70%,1.70%,0.10%,39.20%,27.90%,32.40%,0.20%,0.30%,0.00%,95.80%,4.20%,0.00%,0.00%,89.50%,9.60%,0.90%,0.00%,64.80%,34.30%,0.90%,0.00%
,,A large city,60.60%,4.70%,34.70%,12.50%,87.50%,0.00%,0.00%,89.00%,11.00%,0.00%,0.00%,89.70%,10.30%,0.00%,0.00%,88.00%,11.80%,0.20%,0.00%,17.80%,70.80%,10.00%,0.00%,1.30%,0.00%,83.20%,13.50%,0.00%,3.30%,36.50%,42.40%,17.30%,0.90%,2.00%,0.90%,0.00%,36.40%,34.50%,27.40%,0.00%,1.30%,0.30%,93.20%,6.40%,0.50%,0.00%,85.10%,14.00%,0.90%,0.00%,70.40%,28.20%,1.40%,0.00%
,,A suburb of a large city,60.80%,1.20%,38.00%,15.80%,84.20%,0.00%,0.00%,92.00%,8.00%,0.00%,0.00%,85.60%,14.40%,0.00%,0.00%,89.30%,10.70%,0.00%,0.00%,22.90%,70.20%,6.20%,0.70%,0.00%,0.00%,87.90%,11.10%,0.00%,1.00%,47.50%,28.10%,24.00%,0.40%,0.00%,0.00%,0.00%,34.40%,38.70%,26.60%,0.00%,0.30%,0.00%,98.20%,1.80%,0.00%,0.00%,87.80%,12.20%,0.00%,0.00%,65.40%,34.60%,0.00%,0.00%
Serbia,Age,15-24,37.20%,2.30%,60.50%,6.80%,93.20%,0.00%,0.00%,96.80%,3.20%,0.00%,0.00%,82.80%,16.80%,0.40%,0.00%,86.20%,12.30%,1.50%,0.00%,38.90%,45.70%,12.80%,2.30%,0.30%,0.00%,63.90%,30.20%,5.90%,0.00%,23.40%,57.00%,13.20%,1.60%,1.10%,3.80%,0.00%,57.10%,18.30%,24.60%,0.00%,0.00%,0.00%,79.80%,18.20%,2.00%,0.00%,61.90%,34.20%,3.90%,0.00%,67.40%,32.60%,0.00%,0.00%
,,25-34,51.20%,5.60%,43.20%,4.00%,95.70%,0.30%,0.00%,92.40%,7.60%,0.00%,0.00%,80.40%,15.90%,3.80%,0.00%,79.40%,16.10%,4.10%,0.40%,17.40%,71.00%,10.80%,0.00%,0.80%,0.00%,61.80%,29.70%,8.50%,0.00%,19.30%,69.90%,9.30%,0.30%,0.00%,1.20%,0.00%,62.60%,18.20%,18.90%,0.00%,0.30%,0.00%,79.60%,16.40%,3.90%,0.00%,75.50%,20.70%,3.80%,0.00%,60.50%,34.60%,5.00%,0.00%
,,35-44,43.90%,9.00%,47.00%,21.30%,78.70%,0.00%,0.00%,81.20%,16.60%,2.30%,0.00%,82.40%,17.10%,0.40%,0.00%,80.40%,16.90%,2.70%,0.00%,15.20%,71.30%,11.70%,0.40%,1.40%,0.00%,69.60%,25.60%,4.70%,0.00%,14.70%,70.60%,6.90%,0.00%,0.40%,7.00%,0.30%,60.00%,19.00%,20.60%,0.00%,0.40%,0.00%,69.40%,22.80%,4.80%,2.90%,79.90%,16.00%,0.60%,3.50%,49.50%,46.10%,1.50%,2.90%
,,45-64,58.60%,13.00%,28.50%,39.30%,60.40%,0.30%,0.00%,78.50%,18.90%,2.60%,0.00%,77.70%,20.30%,2.10%,0.00%,73.00%,23.30%,3.70%,0.00%,9.30%,83.00%,4.40%,1.90%,1.40%,0.00%,67.90%,25.30%,6.80%,0.00%,16.90%,71.20%,7.10%,1.20%,0.30%,2.90%,0.40%,50.40%,22.80%,25.70%,0.00%,1.10%,0.00%,76.50%,16.40%,7.10%,0.00%,80.20%,14.90%,4.90%,0.00%,37.80%,58.90%,3.40%,0.00%
,,65+,60.20%,12.30%,27.50%,51.40%,48.60%,0.00%,0.00%,80.10%,19.50%,0.30%,0.00%,76.70%,16.00%,7.30%,0.00%,78.70%,19.10%,2.20%,0.00%,5.00%,90.20%,1.70%,0.00%,3.00%,0.00%,72.30%,15.50%,10.20%,2.00%,10.20%,70.30%,11.60%,5.30%,0.80%,1.80%,0.00%,48.50%,26.00%,22.60%,0.50%,2.30%,0.00%,86.30%,13.70%,0.00%,0.00%,97.10%,2.90%,0.00%,0.00%,34.00%,66.00%,0.00%,0.00%
,Gender,Male,52.60%,10.50%,36.90%,22.10%,77.70%,0.20%,0.00%,85.10%,13.50%,1.40%,0.00%,83.20%,15.10%,1.70%,0.00%,77.00%,19.40%,3.50%,0.10%,18.10%,69.70%,8.30%,1.60%,2.30%,0.00%,65.90%,25.30%,8.00%,0.80%,18.90%,68.20%,7.50%,1.90%,0.20%,3.00%,0.40%,55.60%,21.30%,21.80%,0.20%,1.10%,0.00%,73.70%,20.70%,5.60%,0.00%,74.80%,21.10%,4.10%,0.00%,48.70%,48.90%,2.40%,0.00%
,,Female,51.00%,8.10%,41.00%,34.00%,65.90%,0.10%,0.00%,83.20%,15.60%,1.20%,0.00%,76.00%,20.00%,4.00%,0.00%,79.60%,17.90%,2.50%,0.00%,11.70%,80.70%,6.50%,0.50%,0.70%,0.00%,69.20%,24.20%,6.60%,0.00%,14.10%,69.50%,10.70%,1.50%,0.80%,3.50%,0.00%,54.00%,21.40%,23.80%,0.00%,0.80%,0.00%,80.10%,14.10%,4.00%,1.90%,82.50%,13.30%,2.00%,2.20%,48.30%,46.70%,3.10%,1.90%
,Employment Status,Employed full time for an employer,45.00%,8.80%,46.20%,14.30%,85.30%,0.40%,0.00%,86.80%,12.80%,0.40%,0.00%,84.40%,14.70%,0.90%,0.00%,82.80%,15.10%,1.90%,0.20%,18.70%,70.30%,9.50%,0.50%,1.00%,0.00%,70.00%,25.10%,5.00%,0.00%,20.60%,69.20%,8.50%,0.00%,0.30%,1.40%,0.00%,57.10%,19.90%,22.80%,0.00%,0.20%,0.00%,75.10%,20.90%,2.90%,1.10%,79.80%,17.30%,1.80%,1.10%,49.00%,47.00%,2.80%,1.10%
,,Employed full time for self,45.00%,16.30%,38.60%,17.00%,83.00%,0.00%,0.00%,87.00%,11.60%,1.50%,0.00%,66.60%,31.20%,2.20%,0.00%,78.20%,20.10%,1.70%,0.00%,17.50%,67.60%,10.10%,4.80%,0.00%,0.00%,68.20%,27.70%,4.10%,0.00%,17.60%,64.90%,8.80%,3.10%,1.20%,4.40%,0.00%,67.80%,18.40%,13.80%,0.00%,0.00%,0.00%,74.60%,19.30%,6.10%,0.00%,80.70%,14.50%,4.80%,0.00%,52.10%,46.90%,1.00%,0.00%
,,Employed part time do not want full time,39.00%,3.00%,58.00%,9.90%,90.10%,0.00%,0.00%,91.90%,8.10%,0.00%,0.00%,94.60%,5.40%,0.00%,0.00%,88.70%,4.00%,7.30%,0.00%,15.80%,73.20%,4.90%,6.10%,0.00%,0.00%,77.50%,13.30%,9.10%,0.00%,14.90%,76.30%,3.40%,0.00%,0.00%,4.30%,1.20%,43.90%,29.20%,26.90%,0.00%,0.00%,0.00%,92.00%,0.80%,7.30%,0.00%,58.70%,33.20%,8.10%,0.00%,42.50%,50.50%,7.00%,0.00%
,,Unemployed,58.10%,8.60%,33.30%,9.60%,90.40%,0.00%,0.00%,83.20%,16.00%,0.80%,0.00%,71.90%,23.30%,4.80%,0.00%,62.00%,31.80%,6.20%,0.00%,14.60%,75.10%,9.20%,1.20%,0.00%,0.00%,63.50%,19.00%,17.50%,0.00%,9.90%,73.20%,12.80%,0.00%,0.00%,1.90%,2.10%,58.00%,24.00%,15.60%,0.00%,2.50%,0.00%,0.00%,0.00%,0.00%,0.00%,0.00%,0.00%,0.00%,0.00%,0.00%,0.00%,0.00%,0.00%
,,Employed part time want full time,43.30%,18.00%,38.70%,24.70%,75.30%,0.00%,0.00%,80.50%,13.60%,5.90%,0.00%,87.70%,12.30%,0.00%,0.00%,84.50%,14.60%,0.90%,0.00%,15.50%,73.80%,8.70%,0.00%,2.10%,0.00%,66.00%,24.50%,9.50%,0.00%,19.50%,56.30%,11.50%,0.80%,1.40%,10.50%,0.00%,58.80%,16.10%,25.10%,0.00%,0.00%,0.00%,70.70%,14.50%,14.80%,0.00%,80.00%,13.20%,5.30%,1.40%,45.80%,54.20%,0.00%,0.00%
,,Out of workforce,61.10%,7.90%,31.00%,47.00%,53.00%,0.00%,0.00%,80.90%,17.40%,1.70%,0.00%,76.30%,18.80%,5.00%,0.00%,74.90%,21.70%,3.40%,0.00%,11.00%,81.50%,4.90%,0.20%,2.40%,0.00%,65.10%,26.10%,7.90%,0.90%,13.40%,69.30%,9.70%,3.40%,0.50%,3.70%,0.00%,50.60%,22.40%,24.90%,0.30%,1.70%,0.00%,0.00%,0.00%,0.00%,0.00%,0.00%,0.00%,0.00%,0.00%,0.00%,0.00%,0.00%,0.00%
,Per Capita Income Quintiles,Poorest 20%,57.40%,8.60%,34.00%,35.00%,65.00%,0.00%,0.00%,81.40%,16.30%,2.30%,0.00%,75.50%,21.90%,2.60%,0.00%,72.40%,23.40%,4.10%,0.00%,11.70%,79.50%,7.00%,0.40%,1.40%,0.00%,58.40%,31.60%,10.00%,0.00%,11.20%,76.40%,7.60%,1.50%,0.30%,3.00%,0.00%,57.80%,12.90%,28.30%,0.00%,1.00%,0.00%,69.20%,19.40%,5.90%,5.50%,78.40%,12.70%,2.30%,6.60%,39.10%,55.40%,0.00%,5.50%
,,Second 20%,50.30%,17.40%,32.30%,34.50%,65.50%,0.00%,0.00%,72.00%,26.70%,1.20%,0.00%,76.00%,21.30%,2.70%,0.00%,71.30%,23.70%,5.00%,0.00%,9.70%,84.30%,4.80%,0.00%,1.20%,0.00%,70.20%,23.00%,6.90%,0.00%,12.70%,73.20%,7.40%,1.90%,1.20%,3.50%,0.00%,55.50%,24.60%,18.30%,0.00%,1.50%,0.00%,64.70%,23.00%,12.30%,0.00%,77.20%,21.50%,1.30%,0.00%,42.90%,54.80%,2.30%,0.00%
,,Middle 20%,54.70%,10.90%,34.40%,23.30%,76.70%,0.00%,0.00%,89.00%,10.50%,0.50%,0.00%,80.90%,16.10%,3.00%,0.00%,80.10%,16.40%,3.30%,0.30%,11.40%,74.60%,9.40%,2.30%,2.30%,0.00%,69.90%,23.50%,6.70%,0.00%,16.10%,73.50%,7.30%,1.50%,0.00%,1.40%,0.30%,49.30%,23.40%,27.30%,0.00%,0.00%,0.00%,77.60%,18.70%,3.80%,0.00%,80.80%,13.10%,6.10%,0.00%,46.50%,52.30%,1.20%,0.00%
,,Fourth 20%,48.30%,5.70%,46.00%,23.80%,75.90%,0.20%,0.00%,88.80%,9.60%,1.50%,0.00%,78.20%,17.30%,4.50%,0.00%,82.00%,15.60%,2.30%,0.00%,19.30%,68.90%,8.10%,1.90%,1.80%,0.00%,73.80%,21.00%,5.20%,0.00%,15.10%,67.60%,9.50%,3.60%,0.50%,3.20%,0.60%,53.70%,24.20%,20.80%,0.00%,1.30%,0.00%,80.50%,17.20%,2.30%,0.00%,79.90%,18.50%,1.60%,0.00%,45.50%,51.70%,2.80%,0.00%
,,Richest 20%,48.40%,4.30%,47.30%,24.40%,75.20%,0.50%,0.00%,89.30%,9.80%,1.00%,0.00%,86.80%,11.60%,1.60%,0.00%,85.90%,13.80%,0.30%,0.00%,21.90%,69.50%,7.50%,0.50%,0.70%,0.00%,65.80%,24.70%,7.50%,1.90%,26.90%,53.60%,13.90%,0.00%,0.40%,5.20%,0.00%,57.40%,21.60%,19.70%,0.50%,0.80%,0.00%,82.40%,14.30%,3.30%,0.00%,73.20%,22.70%,4.00%,0.00%,62.60%,31.70%,5.70%,0.00%
,Feelings About Household Income,Living comfortably on present income,36.10%,0.90%,63.00%,18.00%,82.00%,0.00%,0.00%,91.00%,8.10%,0.90%,0.00%,87.20%,11.60%,1.20%,0.00%,95.50%,4.00%,0.50%,0.00%,21.90%,62.80%,11.10%,2.00%,2.20%,0.00%,76.80%,16.60%,6.60%,0.00%,21.90%,58.70%,12.50%,0.30%,0.50%,6.00%,0.00%,55.00%,18.20%,25.30%,0.40%,1.00%,0.00%,91.10%,6.60%,2.30%,0.00%,82.40%,16.60%,0.90%,0.00%,68.90%,27.10%,4.00%,0.00%
,,Getting by on present income,54.70%,9.20%,36.00%,27.20%,72.70%,0.20%,0.00%,89.50%,9.10%,1.50%,0.00%,78.90%,17.90%,3.20%,0.00%,80.30%,17.90%,1.80%,0.00%,13.90%,76.90%,7.50%,0.10%,1.60%,0.00%,67.70%,24.20%,7.40%,0.70%,15.50%,73.00%,6.50%,2.40%,0.20%,2.50%,0.00%,55.00%,20.70%,23.70%,0.00%,0.60%,0.00%,73.00%,21.00%,4.60%,1.30%,76.60%,18.90%,2.90%,1.60%,44.40%,51.60%,2.70%,1.30%
,,Finding it difficult on present income,63.50%,21.20%,15.30%,41.10%,58.90%,0.00%,0.00%,66.80%,32.50%,0.70%,0.00%,75.10%,20.80%,4.10%,0.00%,59.80%,34.30%,5.80%,0.00%,8.10%,88.30%,3.10%,0.50%,0.00%,0.00%,61.10%,34.60%,4.30%,0.00%,10.40%,71.80%,12.90%,2.60%,0.00%,2.40%,0.00%,54.20%,30.40%,14.70%,0.00%,0.70%,0.00%,67.60%,32.40%,0.00%,0.00%,79.90%,17.40%,2.60%,0.00%,34.70%,63.60%,1.70%,0.00%
,,Finding it very difficult on present income,64.60%,20.00%,15.40%,35.00%,64.30%,0.70%,0.00%,59.60%,37.20%,3.20%,0.00%,64.60%,31.00%,4.40%,0.00%,44.80%,46.70%,8.50%,0.00%,9.50%,81.60%,3.20%,5.70%,0.00%,0.00%,49.90%,36.10%,14.00%,0.00%,16.30%,68.30%,7.90%,0.00%,3.50%,2.20%,1.80%,50.80%,22.00%,22.90%,0.00%,4.30%,0.00%,57.70%,22.10%,20.10%,0.00%,66.20%,20.00%,13.80%,0.00%,22.20%,77.80%,0.00%,0.00%
,Urban/Rural,A rural area or on a farm,50.30%,11.50%,38.30%,38.20%,61.80%,0.00%,0.00%,86.20%,12.50%,1.30%,0.00%,80.90%,16.50%,2.60%,0.00%,79.40%,19.40%,0.90%,0.30%,9.20%,86.50%,2.10%,1.50%,0.70%,0.00%,64.80%,21.30%,12.10%,1.90%,15.50%,73.00%,3.60%,2.20%,0.70%,5.00%,0.00%,59.50%,21.10%,17.50%,0.00%,1.90%,0.00%,80.50%,13.80%,5.70%,0.00%,77.80%,18.30%,3.90%,0.00%,56.70%,37.30%,6.10%,0.00%
,,A small town or villAge,53.00%,12.10%,34.90%,28.10%,71.60%,0.30%,0.00%,80.00%,19.50%,0.60%,0.00%,82.20%,13.70%,4.10%,0.00%,74.00%,19.90%,6.10%,0.00%,13.10%,76.60%,6.90%,1.30%,2.00%,0.00%,67.80%,25.00%,7.30%,0.00%,14.10%,69.30%,10.60%,2.30%,0.30%,3.00%,0.40%,52.60%,21.00%,25.90%,0.00%,0.60%,0.00%,75.00%,18.30%,6.70%,0.00%,79.60%,15.70%,4.70%,0.00%,38.00%,59.50%,2.40%,0.00%
,,A large city,48.10%,6.70%,45.20%,21.30%,78.60%,0.10%,0.00%,87.00%,11.10%,1.90%,0.00%,77.20%,20.30%,2.50%,0.00%,83.50%,14.40%,2.10%,0.00%,20.50%,67.10%,10.20%,0.70%,1.50%,0.00%,70.70%,24.50%,4.70%,0.00%,20.70%,65.30%,11.20%,0.00%,0.70%,2.00%,0.20%,54.90%,19.40%,24.70%,0.00%,1.00%,0.00%,76.70%,18.60%,2.80%,1.90%,77.60%,18.20%,1.90%,2.30%,54.00%,42.00%,2.10%,1.90%
,,A suburb of a large city,62.90%,4.30%,32.80%,31.00%,69.00%,0.00%,0.00%,84.10%,14.20%,1.70%,0.00%,75.50%,24.00%,0.50%,0.00%,73.60%,26.40%,0.00%,0.00%,12.50%,76.40%,9.90%,0.00%,1.20%,0.00%,62.40%,31.60%,6.00%,0.00%,11.50%,71.20%,8.50%,4.00%,0.00%,4.80%,0.00%,51.80%,29.30%,17.90%,1.00%,0.00%,0.00%,70.80%,22.80%,6.30%,0.00%,73.10%,24.80%,2.10%,0.00%,49.30%,50.70%,0.00%,0.00%
Slovakia,Age,15-24,46.20%,0.00%,53.80%,8.50%,91.30%,0.20%,0.00%,99.70%,0.30%,0.00%,0.00%,87.90%,8.70%,3.40%,0.00%,82.30%,17.70%,0.00%,0.00%,41.90%,50.50%,7.30%,0.30%,0.00%,0.00%,59.70%,40.30%,0.00%,0.00%,40.90%,41.90%,14.20%,3.00%,0.00%,0.00%,0.00%,24.50%,59.60%,16.00%,0.00%,0.00%,0.00%,85.40%,14.60%,0.00%,0.00%,63.60%,35.20%,1.20%,0.00%,70.70%,29.30%,0.00%,0.00%
,,25-34,38.30%,0.30%,61.40%,10.90%,88.90%,0.00%,0.20%,96.90%,3.10%,0.00%,0.00%,88.30%,11.70%,0.00%,0.00%,91.10%,8.90%,0.00%,0.00%,19.80%,68.50%,10.20%,0.00%,1.50%,0.00%,80.90%,19.10%,0.00%,0.00%,33.00%,62.40%,4.30%,0.20%,0.00%,0.00%,0.00%,45.20%,42.50%,12.10%,0.20%,0.00%,0.00%,79.30%,20.70%,0.00%,0.00%,71.50%,28.50%,0.00%,0.00%,84.40%,15.10%,0.60%,0.00%
,,35-44,49.30%,5.10%,45.60%,16.70%,83.30%,0.00%,0.00%,96.70%,3.30%,0.00%,0.00%,85.10%,14.90%,0.00%,0.00%,90.20%,9.80%,0.00%,0.00%,7.90%,80.50%,9.60%,0.30%,1.10%,0.70%,78.30%,21.70%,0.00%,0.00%,25.40%,68.80%,4.20%,0.90%,0.20%,0.60%,0.00%,34.10%,51.90%,13.10%,0.40%,0.40%,0.00%,89.40%,9.90%,0.60%,0.00%,70.90%,26.50%,2.60%,0.00%,67.50%,32.50%,0.00%,0.00%
,,45-64,61.00%,11.80%,27.20%,28.50%,70.70%,0.80%,0.00%,90.20%,8.40%,1.30%,0.00%,81.90%,17.40%,0.60%,0.10%,86.90%,11.90%,1.30%,0.00%,12.70%,82.70%,3.80%,0.30%,0.60%,0.00%,75.60%,22.30%,2.10%,0.00%,28.60%,62.70%,6.40%,0.70%,0.00%,0.90%,0.80%,30.50%,43.90%,23.70%,0.00%,1.50%,0.30%,86.10%,11.80%,0.90%,1.20%,74.90%,24.20%,0.80%,0.00%,62.60%,35.40%,2.00%,0.00%
,,65+,56.20%,20.60%,23.20%,40.00%,60.00%,0.00%,0.00%,95.90%,3.20%,0.80%,0.00%,92.50%,7.40%,0.00%,0.10%,90.70%,8.70%,0.60%,0.00%,2.90%,90.60%,6.50%,0.00%,0.00%,0.00%,80.10%,18.30%,1.60%,0.00%,17.50%,72.30%,8.80%,0.60%,0.80%,0.00%,0.00%,28.00%,43.60%,27.50%,0.00%,0.70%,0.20%,92.10%,7.90%,0.00%,0.00%,73.60%,26.40%,0.00%,0.00%,52.10%,47.90%,0.00%,0.00%
,Gender,Male,52.00%,7.50%,40.60%,18.40%,80.90%,0.60%,0.10%,94.30%,4.40%,1.20%,0.00%,86.50%,12.20%,1.20%,0.10%,88.30%,11.30%,0.40%,0.00%,17.70%,73.40%,7.60%,0.30%,1.00%,0.00%,71.90%,26.90%,1.20%,0.00%,33.20%,57.10%,6.60%,1.80%,0.00%,0.80%,0.60%,35.80%,45.40%,17.50%,0.20%,0.90%,0.30%,82.80%,16.20%,0.30%,0.70%,72.80%,26.80%,0.30%,0.00%,75.70%,23.60%,0.80%,0.00%
,,Female,52.40%,9.20%,38.30%,26.20%,73.80%,0.00%,0.00%,95.30%,4.70%,0.00%,0.00%,86.00%,13.80%,0.00%,0.10%,88.50%,10.70%,0.70%,0.00%,12.00%,80.50%,6.40%,0.10%,0.40%,0.60%,79.70%,19.50%,0.80%,0.00%,23.80%,68.40%,7.20%,0.20%,0.30%,0.10%,0.00%,29.80%,48.40%,21.10%,0.10%,0.50%,0.10%,89.50%,9.70%,0.80%,0.00%,70.30%,27.60%,2.10%,0.00%,60.60%,38.50%,0.90%,0.00%
,Employment Status,Employed full time for an employer,45.90%,6.30%,47.80%,12.50%,87.10%,0.30%,0.10%,96.40%,3.60%,0.00%,0.00%,87.10%,12.70%,0.20%,0.00%,91.40%,8.40%,0.20%,0.00%,12.50%,78.40%,7.50%,0.20%,1.10%,0.30%,78.50%,21.00%,0.50%,0.00%,34.80%,60.70%,2.40%,1.50%,0.00%,0.30%,0.20%,34.80%,49.30%,14.60%,0.10%,0.90%,0.20%,87.10%,12.20%,0.20%,0.60%,68.90%,30.00%,1.10%,0.00%,66.60%,32.90%,0.50%,0.00%
,,Employed full time for self,49.90%,0.30%,49.70%,17.30%,82.40%,0.30%,0.00%,86.30%,13.30%,0.50%,0.00%,81.50%,16.00%,2.50%,0.00%,89.30%,10.30%,0.30%,0.00%,23.30%,68.70%,7.40%,0.00%,0.60%,0.00%,67.40%,30.50%,2.20%,0.00%,35.70%,52.40%,9.00%,0.00%,0.00%,2.50%,0.30%,31.80%,47.80%,19.80%,0.00%,0.30%,0.30%,85.80%,13.90%,0.30%,0.00%,88.20%,11.80%,0.00%,0.00%,81.60%,16.30%,2.20%,0.00%
,,Employed part time do not want full time,57.30%,11.30%,31.30%,19.50%,80.50%,0.00%,0.00%,99.10%,0.90%,0.00%,0.00%,80.90%,17.50%,1.60%,0.00%,84.00%,16.00%,0.00%,0.00%,24.80%,63.10%,11.00%,1.00%,0.00%,0.00%,83.40%,14.80%,1.90%,0.00%,33.00%,53.80%,12.30%,0.00%,0.00%,0.90%,0.00%,31.10%,46.40%,22.50%,0.00%,0.00%,0.00%,84.90%,12.30%,2.80%,0.00%,76.70%,22.40%,0.90%,0.00%,62.40%,35.50%,2.10%,0.00%
,,Unemployed,74.60%,5.00%,20.40%,48.20%,49.90%,1.90%,0.00%,88.20%,9.40%,2.40%,0.00%,78.10%,18.60%,3.30%,0.00%,69.80%,27.80%,2.40%,0.00%,19.90%,68.10%,9.60%,0.00%,2.40%,0.00%,52.80%,44.40%,2.80%,0.00%,20.80%,60.10%,16.70%,0.00%,0.00%,0.00%,2.40%,22.90%,48.10%,26.70%,0.00%,2.40%,0.00%,0.00%,0.00%,0.00%,0.00%,0.00%,0.00%,0.00%,0.00%,0.00%,0.00%,0.00%,0.00%
,,Employed part time want full time,62.60%,10.70%,26.70%,11.70%,88.30%,0.00%,0.00%,93.50%,6.50%,0.00%,0.00%,82.30%,17.70%,0.00%,0.00%,82.50%,17.50%,0.00%,0.00%,30.20%,48.80%,14.80%,1.20%,0.00%,5.10%,61.40%,38.60%,0.00%,0.00%,9.60%,75.00%,11.30%,4.10%,0.00%,0.00%,0.00%,29.80%,34.60%,34.10%,1.50%,0.00%,0.00%,69.90%,28.80%,1.30%,0.00%,61.30%,33.40%,5.30%,0.00%,81.60%,18.40%,0.00%,0.00%
,,Out of workforce,55.90%,13.40%,30.70%,35.50%,64.50%,0.00%,0.00%,95.50%,3.20%,1.30%,0.00%,89.30%,10.50%,0.00%,0.20%,89.00%,10.10%,0.90%,0.00%,11.00%,84.90%,4.10%,0.00%,0.00%,0.00%,79.50%,19.50%,1.00%,0.00%,19.10%,70.40%,9.50%,0.30%,0.50%,0.10%,0.00%,32.10%,44.70%,22.80%,0.00%,0.40%,0.10%,0.00%,0.00%,0.00%,0.00%,0.00%,0.00%,0.00%,0.00%,0.00%,0.00%,0.00%,0.00%
,Per Capita Income Quintiles,Poorest 20%,55.30%,12.60%,32.10%,35.30%,64.10%,0.60%,0.00%,91.60%,7.70%,0.70%,0.00%,82.60%,17.40%,0.00%,0.00%,75.00%,22.80%,2.10%,0.00%,16.10%,78.10%,5.10%,0.00%,0.70%,0.00%,64.70%,32.50%,2.90%,0.00%,20.30%,66.40%,11.50%,0.70%,0.00%,0.30%,0.70%,27.30%,45.30%,26.00%,0.00%,1.30%,0.00%,81.40%,15.50%,0.50%,2.60%,65.30%,31.40%,3.30%,0.00%,65.90%,34.10%,0.00%,0.00%
,,Second 20%,58.70%,8.80%,32.50%,22.90%,77.10%,0.00%,0.00%,94.80%,3.50%,1.60%,0.00%,87.90%,12.10%,0.00%,0.00%,91.10%,8.30%,0.60%,0.00%,11.00%,80.30%,7.50%,0.50%,0.00%,0.70%,78.60%,20.00%,1.40%,0.00%,17.20%,74.50%,7.00%,0.00%,0.00%,1.30%,0.00%,31.50%,46.70%,21.50%,0.20%,0.00%,0.20%,89.30%,9.70%,1.00%,0.00%,75.30%,21.60%,3.10%,0.00%,63.40%,34.10%,2.50%,0.00%
,,Middle 20%,55.90%,10.10%,34.00%,28.80%,71.20%,0.00%,0.00%,93.60%,6.40%,0.00%,0.00%,84.90%,14.40%,0.60%,0.10%,88.90%,11.00%,0.10%,0.00%,9.60%,86.00%,4.30%,0.00%,0.00%,0.00%,75.00%,25.00%,0.00%,0.00%,23.20%,66.50%,7.90%,1.20%,0.80%,0.10%,0.10%,29.60%,50.50%,19.10%,0.20%,0.40%,0.10%,80.20%,19.10%,0.60%,0.00%,67.80%,32.20%,0.00%,0.00%,62.90%,35.10%,2.00%,0.00%
,,Fourth 20%,48.00%,8.80%,43.10%,14.50%,85.50%,0.00%,0.00%,96.80%,3.20%,0.00%,0.00%,86.80%,11.20%,2.00%,0.00%,94.70%,5.30%,0.00%,0.00%,10.90%,77.10%,10.60%,0.30%,1.10%,0.00%,84.40%,15.50%,0.10%,0.00%,39.60%,55.90%,4.20%,0.00%,0.00%,0.30%,0.00%,39.60%,42.00%,17.40%,0.10%,0.90%,0.00%,90.00%,9.90%,0.20%,0.00%,79.30%,20.70%,0.00%,0.00%,68.70%,31.30%,0.00%,0.00%
,,Richest 20%,43.70%,1.90%,54.40%,11.40%,87.60%,0.80%,0.10%,97.50%,1.90%,0.60%,0.00%,89.10%,10.40%,0.30%,0.20%,92.40%,7.60%,0.00%,0.00%,25.50%,64.40%,7.50%,0.20%,1.60%,0.90%,77.70%,21.80%,0.50%,0.00%,40.50%,52.50%,3.80%,2.60%,0.00%,0.00%,0.50%,35.10%,50.40%,13.10%,0.00%,0.90%,0.50%,86.00%,13.60%,0.30%,0.00%,69.10%,30.50%,0.40%,0.00%,78.40%,21.40%,0.30%,0.00%
,Feelings About Household Income,Living comfortably on present income,39.40%,2.40%,58.20%,14.00%,85.80%,0.10%,0.00%,96.60%,3.30%,0.10%,0.00%,90.10%,8.20%,1.60%,0.10%,94.20%,5.80%,0.00%,0.00%,19.20%,71.90%,7.50%,0.00%,1.50%,0.00%,82.40%,16.90%,0.70%,0.00%,34.80%,58.00%,6.10%,0.50%,0.50%,0.10%,0.00%,34.10%,51.50%,13.40%,0.20%,0.80%,0.00%,87.70%,11.80%,0.50%,0.00%,72.50%,27.20%,0.30%,0.00%,76.70%,23.00%,0.40%,0.00%
,,Getting by on present income,58.30%,6.30%,35.30%,22.70%,77.30%,0.00%,0.10%,96.10%,3.60%,0.20%,0.00%,86.30%,13.60%,0.10%,0.10%,89.90%,9.70%,0.40%,0.00%,12.80%,79.20%,6.90%,0.40%,0.10%,0.60%,77.90%,21.50%,0.60%,0.00%,27.50%,63.20%,7.40%,1.30%,0.00%,0.40%,0.30%,34.30%,46.00%,19.00%,0.10%,0.40%,0.30%,86.20%,13.20%,0.60%,0.00%,73.00%,25.40%,1.60%,0.00%,67.10%,32.00%,0.90%,0.00%
,,Finding it difficult on present income,63.00%,21.20%,15.70%,37.70%,60.10%,2.20%,0.00%,87.10%,10.20%,2.70%,0.00%,81.00%,19.00%,0.00%,0.00%,72.80%,25.00%,2.20%,0.00%,10.40%,82.00%,7.70%,0.00%,0.00%,0.00%,61.20%,37.70%,1.10%,0.00%,17.10%,73.30%,8.40%,1.10%,0.00%,0.00%,0.00%,23.20%,42.50%,34.30%,0.00%,0.00%,0.00%,80.80%,14.30%,0.00%,5.00%,62.10%,37.90%,0.00%,0.00%,45.80%,54.20%,0.00%,0.00%
,,Finding it very difficult on present income,62.60%,35.40%,2.00%,42.10%,57.90%,0.00%,0.00%,91.20%,8.80%,0.00%,0.00%,75.70%,24.30%,0.00%,0.00%,74.20%,25.80%,0.00%,0.00%,13.00%,82.60%,4.40%,0.00%,0.00%,0.00%,55.90%,43.70%,0.40%,0.00%,19.30%,74.40%,5.50%,0.40%,0.00%,0.40%,0.00%,24.40%,41.60%,31.70%,0.00%,1.80%,0.60%,70.50%,29.50%,0.00%,0.00%,63.90%,29.50%,6.50%,0.00%,61.80%,38.20%,0.00%,0.00%
,Urban/Rural,A rural area or on a farm,49.90%,9.60%,40.50%,24.50%,75.30%,0.20%,0.00%,94.30%,4.40%,1.30%,0.00%,87.10%,12.90%,0.00%,0.00%,91.10%,7.90%,1.00%,0.00%,5.20%,88.50%,6.40%,0.00%,0.00%,0.00%,76.50%,23.50%,0.00%,0.00%,30.90%,61.70%,5.30%,1.30%,0.00%,0.70%,0.00%,32.10%,40.70%,26.50%,0.80%,0.00%,0.00%,82.70%,16.00%,1.30%,0.00%,77.90%,21.40%,0.70%,0.00%,66.00%,34.00%,0.00%,0.00%
,,A small town or villAge,55.30%,8.40%,36.30%,23.30%,76.40%,0.20%,0.00%,94.10%,5.20%,0.70%,0.00%,85.20%,14.70%,0.00%,0.00%,86.00%,13.30%,0.70%,0.00%,14.70%,78.30%,5.60%,0.20%,0.70%,0.50%,75.70%,23.10%,1.20%,0.00%,26.30%,64.70%,7.70%,0.20%,0.20%,0.40%,0.40%,31.10%,48.60%,19.00%,0.00%,1.10%,0.20%,86.50%,12.60%,0.30%,0.70%,73.80%,24.60%,1.60%,0.00%,66.40%,33.00%,0.70%,0.00%
,,A large city,46.60%,7.70%,45.70%,21.90%,77.40%,0.60%,0.10%,96.10%,3.90%,0.00%,0.00%,88.60%,9.10%,2.10%,0.20%,92.50%,7.40%,0.10%,0.00%,18.70%,69.40%,10.60%,0.30%,1.10%,0.00%,77.20%,21.60%,1.10%,0.00%,32.50%,57.70%,7.10%,2.10%,0.10%,0.20%,0.10%,35.60%,47.10%,16.80%,0.10%,0.10%,0.30%,86.90%,12.40%,0.70%,0.00%,65.50%,34.00%,0.50%,0.00%,72.40%,25.70%,1.90%,0.00%
,,A suburb of a large city,43.80%,9.20%,47.00%,11.90%,88.10%,0.00%,0.00%,99.10%,0.90%,0.00%,0.00%,87.00%,11.40%,1.60%,0.00%,94.70%,5.30%,0.00%,0.00%,16.60%,74.00%,9.50%,0.00%,0.00%,0.00%,76.30%,23.70%,0.00%,0.00%,27.20%,69.10%,0.00%,3.70%,0.00%,0.00%,0.00%,39.60%,41.50%,18.80%,0.00%,0.00%,0.00%,79.90%,20.10%,0.00%,0.00%,62.40%,37.60%,0.00%,0.00%,87.80%,12.20%,0.00%,0.00%
Slovenia,Age,15-24,35.60%,0.00%,64.40%,6.40%,93.60%,0.00%,0.00%,100.00%,0.00%,0.00%,0.00%,95.20%,4.80%,0.00%,0.00%,87.10%,12.90%,0.00%,0.00%,38.30%,61.70%,0.00%,0.00%,0.00%,0.00%,86.00%,14.00%,0.00%,0.00%,42.40%,32.80%,24.80%,0.00%,0.00%,0.00%,0.00%,34.20%,53.10%,12.70%,0.00%,0.00%,0.00%,86.70%,13.30%,0.00%,0.00%,77.40%,22.60%,0.00%,0.00%,64.00%,36.00%,0.00%,0.00%
,,25-34,34.80%,0.80%,64.40%,3.80%,96.20%,0.00%,0.00%,95.90%,4.10%,0.00%,0.00%,81.60%,18.40%,0.00%,0.00%,88.90%,11.10%,0.00%,0.00%,18.80%,74.20%,6.90%,0.00%,0.00%,0.00%,84.30%,15.70%,0.00%,0.00%,29.90%,58.60%,10.10%,1.40%,0.00%,0.00%,0.00%,53.10%,29.20%,17.00%,0.70%,0.00%,0.00%,87.30%,12.70%,0.00%,0.00%,69.10%,30.90%,0.00%,0.00%,69.30%,29.50%,1.20%,0.00%
,,35-44,53.40%,5.10%,41.60%,10.30%,89.70%,0.00%,0.00%,94.00%,6.00%,0.00%,0.00%,79.40%,20.60%,0.00%,0.00%,90.90%,9.10%,0.00%,0.00%,9.50%,82.60%,7.80%,0.00%,0.00%,0.00%,90.20%,9.80%,0.00%,0.00%,21.50%,67.20%,9.70%,0.00%,0.00%,0.00%,1.50%,52.70%,25.90%,21.30%,0.20%,0.00%,0.00%,89.50%,10.20%,0.20%,0.00%,75.60%,23.10%,1.30%,0.00%,66.60%,33.40%,0.00%,0.00%
,,45-64,62.20%,9.30%,28.50%,26.30%,73.70%,0.00%,0.00%,94.40%,4.60%,1.00%,0.00%,84.80%,15.20%,0.00%,0.00%,93.10%,6.50%,0.40%,0.00%,7.30%,90.80%,1.90%,0.10%,0.00%,0.00%,83.80%,14.40%,1.30%,0.50%,28.80%,62.50%,5.20%,1.50%,0.00%,1.20%,0.80%,59.20%,21.50%,18.90%,0.30%,0.10%,0.00%,88.90%,10.50%,0.10%,0.50%,81.60%,17.00%,1.40%,0.00%,55.10%,43.40%,1.50%,0.00%
,,65+,75.00%,8.00%,17.00%,41.10%,58.80%,0.20%,0.00%,95.40%,4.60%,0.00%,0.00%,89.00%,10.20%,0.80%,0.00%,94.90%,4.50%,0.60%,0.00%,4.00%,93.70%,1.20%,0.60%,0.40%,0.00%,85.40%,12.20%,1.80%,0.50%,19.60%,66.70%,11.70%,0.80%,0.00%,1.30%,0.10%,60.20%,18.90%,19.50%,0.50%,0.90%,0.00%,100.00%,0.00%,0.00%,0.00%,83.90%,10.30%,5.80%,0.00%,78.00%,22.00%,0.00%,0.00%
,Gender,Male,54.90%,5.30%,39.80%,17.30%,82.50%,0.00%,0.20%,94.90%,4.90%,0.30%,0.00%,85.10%,14.90%,0.00%,0.00%,94.20%,5.80%,0.00%,0.00%,10.30%,84.70%,4.70%,0.20%,0.20%,0.00%,85.50%,13.80%,0.40%,0.30%,28.20%,61.70%,7.50%,1.10%,0.00%,0.60%,0.90%,57.30%,24.00%,18.40%,0.20%,0.10%,0.00%,92.60%,6.90%,0.20%,0.30%,74.20%,24.30%,1.50%,0.00%,72.30%,27.20%,0.60%,0.00%
,,Female,59.40%,7.50%,33.10%,24.10%,75.90%,0.10%,0.00%,95.20%,4.40%,0.40%,0.00%,83.30%,16.40%,0.30%,0.00%,89.80%,9.80%,0.50%,0.00%,10.40%,86.30%,3.20%,0.10%,0.00%,0.00%,87.20%,11.50%,1.10%,0.20%,23.40%,63.30%,11.60%,0.40%,0.00%,0.60%,0.60%,53.20%,26.40%,19.70%,0.40%,0.30%,0.00%,83.70%,16.30%,0.10%,0.00%,79.10%,20.20%,0.70%,0.00%,51.20%,47.90%,0.90%,0.10%
,Employment Status,Employed full time for an employer,50.40%,5.30%,44.30%,9.60%,90.40%,0.00%,0.00%,96.20%,3.80%,0.00%,0.00%,82.40%,17.60%,0.00%,0.00%,91.10%,8.60%,0.30%,0.00%,10.80%,82.70%,6.50%,0.00%,0.00%,0.00%,86.20%,13.60%,0.20%,0.00%,22.00%,66.80%,10.30%,0.30%,0.00%,0.50%,0.10%,52.90%,27.90%,18.90%,0.40%,0.00%,0.00%,87.20%,12.40%,0.20%,0.30%,74.20%,25.80%,0.00%,0.00%,59.40%,40.00%,0.50%,0.00%
,,Employed full time for self,55.00%,1.70%,43.30%,10.30%,89.00%,0.00%,0.60%,96.20%,3.80%,0.00%,0.00%,81.00%,19.00%,0.00%,0.00%,93.50%,6.50%,0.00%,0.00%,16.30%,80.90%,2.60%,0.10%,0.00%,0.00%,89.70%,9.10%,0.00%,1.20%,39.00%,55.90%,2.90%,0.70%,0.00%,0.00%,1.60%,57.50%,17.00%,25.10%,0.40%,0.00%,0.00%,95.60%,4.40%,0.00%,0.00%,80.40%,15.30%,4.30%,0.00%,75.40%,23.70%,0.90%,0.00%
,,Employed part time do not want full time,59.20%,9.20%,31.70%,27.90%,72.10%,0.00%,0.00%,92.00%,7.20%,0.80%,0.00%,91.80%,8.20%,0.00%,0.00%,90.30%,9.70%,0.00%,0.00%,14.10%,84.40%,1.50%,0.00%,0.00%,0.00%,90.50%,9.50%,0.00%,0.00%,41.90%,40.90%,16.50%,0.00%,0.00%,0.70%,0.00%,50.80%,27.40%,21.80%,0.00%,0.00%,0.00%,85.50%,14.50%,0.00%,0.00%,72.40%,25.50%,2.10%,0.00%,47.60%,49.30%,3.10%,0.00%
,,Unemployed,68.90%,23.70%,7.40%,32.90%,67.10%,0.00%,0.00%,92.00%,8.00%,0.00%,0.00%,70.40%,29.60%,0.00%,0.00%,31.80%,68.20%,0.00%,0.00%,0.00%,100.00%,0.00%,0.00%,0.00%,0.00%,37.50%,49.00%,13.50%,0.00%,32.00%,35.00%,32.90%,0.00%,0.00%,0.00%,0.00%,30.30%,66.80%,2.90%,0.00%,0.00%,0.00%,0.00%,0.00%,0.00%,0.00%,0.00%,0.00%,0.00%,0.00%,0.00%,0.00%,0.00%,0.00%
,,Employed part time want full time,42.90%,2.60%,54.50%,30.30%,69.70%,0.00%,0.00%,91.20%,8.80%,0.00%,0.00%,97.00%,3.00%,0.00%,0.00%,100.00%,0.00%,0.00%,0.00%,13.00%,87.00%,0.00%,0.00%,0.00%,0.00%,98.00%,2.00%,0.00%,0.00%,34.10%,50.60%,0.00%,0.00%,0.00%,4.30%,11.00%,79.70%,15.30%,5.00%,0.00%,0.00%,0.00%,85.10%,14.90%,0.00%,0.00%,88.20%,9.80%,1.90%,0.00%,77.60%,22.40%,0.00%,0.00%
,,Out of workforce,68.40%,9.60%,22.10%,38.30%,61.70%,0.10%,0.00%,93.70%,5.40%,0.90%,0.00%,86.70%,12.90%,0.40%,0.00%,94.30%,5.40%,0.30%,0.00%,6.70%,90.80%,1.90%,0.30%,0.20%,0.00%,85.00%,13.10%,1.60%,0.30%,22.60%,63.90%,10.80%,1.70%,0.00%,0.70%,0.30%,56.30%,24.50%,18.30%,0.30%,0.60%,0.00%,0.00%,0.00%,0.00%,0.00%,0.00%,0.00%,0.00%,0.00%,0.00%,0.00%,0.00%,0.00%
,Per Capita Income Quintiles,Poorest 20%,65.50%,12.90%,21.70%,26.70%,73.20%,0.10%,0.00%,94.30%,4.20%,1.50%,0.00%,87.90%,12.10%,0.00%,0.00%,91.80%,8.20%,0.00%,0.00%,9.00%,90.30%,0.70%,0.00%,0.00%,0.00%,86.10%,12.80%,0.60%,0.50%,20.70%,66.30%,10.00%,2.00%,0.00%,0.70%,0.30%,57.80%,18.80%,22.80%,0.00%,0.60%,0.00%,90.50%,9.50%,0.00%,0.00%,82.50%,15.40%,2.10%,0.00%,68.90%,28.80%,2.30%,0.00%
,,Second 20%,66.40%,3.20%,30.50%,24.40%,75.60%,0.00%,0.00%,94.70%,5.30%,0.00%,0.00%,85.20%,14.10%,0.70%,0.00%,89.10%,10.90%,0.00%,0.00%,6.80%,87.60%,5.50%,0.00%,0.10%,0.00%,85.10%,13.70%,1.20%,0.00%,24.30%,68.50%,7.30%,0.00%,0.00%,0.00%,0.00%,57.00%,26.60%,15.90%,0.30%,0.10%,0.00%,86.00%,14.00%,0.00%,0.00%,75.40%,24.60%,0.00%,0.00%,64.80%,35.20%,0.00%,0.00%
,,Middle 20%,56.70%,8.90%,34.40%,21.90%,78.10%,0.00%,0.00%,97.10%,2.90%,0.00%,0.00%,84.60%,15.40%,0.00%,0.00%,91.00%,8.50%,0.50%,0.00%,10.50%,85.70%,3.60%,0.00%,0.30%,0.00%,83.40%,15.70%,0.90%,0.00%,23.60%,63.70%,10.60%,1.10%,0.00%,0.40%,0.60%,53.40%,26.00%,20.20%,0.40%,0.00%,0.00%,85.10%,14.90%,0.00%,0.00%,77.60%,21.90%,0.50%,0.00%,56.10%,43.90%,0.00%,0.00%
,,Fourth 20%,51.50%,1.80%,46.70%,16.70%,83.30%,0.00%,0.00%,94.40%,5.50%,0.10%,0.00%,84.70%,15.30%,0.00%,0.00%,96.10%,3.30%,0.60%,0.00%,13.60%,80.90%,5.10%,0.50%,0.00%,0.00%,91.20%,7.80%,0.60%,0.50%,24.90%,61.40%,10.40%,0.30%,0.00%,1.00%,2.00%,53.50%,26.30%,19.40%,0.50%,0.30%,0.00%,89.50%,10.50%,0.00%,0.00%,71.50%,26.40%,2.10%,0.00%,62.30%,36.90%,0.80%,0.00%
,,Richest 20%,45.30%,5.10%,49.70%,13.20%,86.40%,0.00%,0.40%,94.70%,5.30%,0.00%,0.00%,78.90%,21.10%,0.00%,0.00%,92.30%,7.70%,0.00%,0.00%,11.90%,82.90%,5.10%,0.20%,0.00%,0.00%,85.80%,13.30%,0.50%,0.40%,35.90%,52.60%,9.10%,0.50%,0.00%,1.00%,0.90%,54.80%,28.00%,16.80%,0.30%,0.00%,0.00%,93.10%,5.50%,0.60%,0.80%,76.40%,22.30%,1.40%,0.00%,65.40%,33.60%,0.80%,0.10%
,Feelings About Household Income,Living comfortably on present income,43.60%,2.20%,54.20%,12.40%,87.40%,0.00%,0.20%,98.80%,1.20%,0.00%,0.00%,83.10%,16.50%,0.40%,0.00%,97.80%,1.90%,0.30%,0.00%,12.40%,81.80%,5.30%,0.30%,0.20%,0.00%,93.50%,6.30%,0.10%,0.20%,29.40%,60.00%,9.20%,0.30%,0.00%,0.60%,0.50%,56.50%,26.30%,16.80%,0.20%,0.20%,0.00%,92.90%,7.00%,0.10%,0.00%,80.60%,18.10%,1.30%,0.00%,72.10%,27.40%,0.40%,0.10%
,,Getting by on present income,64.10%,7.20%,28.60%,22.30%,77.70%,0.10%,0.00%,94.80%,5.20%,0.00%,0.00%,87.90%,12.10%,0.00%,0.00%,91.40%,8.30%,0.20%,0.00%,8.00%,88.40%,3.50%,0.00%,0.00%,0.00%,83.60%,15.40%,0.80%,0.20%,21.80%,66.10%,8.90%,1.30%,0.00%,0.80%,1.10%,54.50%,22.00%,22.80%,0.50%,0.20%,0.00%,86.50%,13.00%,0.20%,0.30%,72.80%,26.00%,1.20%,0.00%,58.30%,40.70%,1.00%,0.00%
,,Finding it difficult on present income,71.70%,12.70%,15.60%,44.00%,56.00%,0.00%,0.00%,86.10%,11.50%,2.40%,0.00%,79.40%,20.60%,0.00%,0.00%,78.20%,21.80%,0.00%,0.00%,14.60%,84.60%,0.90%,0.00%,0.00%,0.00%,77.80%,22.20%,0.00%,0.00%,30.20%,55.80%,14.00%,0.00%,0.00%,0.00%,0.00%,54.70%,36.40%,8.90%,0.00%,0.00%,0.00%,86.00%,14.00%,0.00%,0.00%,74.20%,25.80%,0.00%,0.00%,43.30%,56.70%,0.00%,0.00%
,,Finding it very difficult on present income,74.40%,22.10%,3.50%,36.00%,64.00%,0.00%,0.00%,71.20%,24.80%,4.10%,0.00%,48.10%,51.90%,0.00%,0.00%,66.30%,33.70%,0.00%,0.00%,14.80%,81.10%,4.10%,0.00%,0.00%,0.00%,65.60%,26.70%,4.10%,3.60%,35.40%,54.30%,10.30%,0.00%,0.00%,0.00%,0.00%,58.10%,31.80%,10.10%,0.00%,0.00%,0.00%,62.50%,37.50%,0.00%,0.00%,80.30%,19.70%,0.00%,0.00%,82.30%,17.70%,0.00%,0.00%
,Urban/Rural,A rural area or on a farm,56.50%,8.30%,35.20%,20.50%,79.50%,0.00%,0.00%,95.30%,4.70%,0.00%,0.00%,89.00%,11.00%,0.00%,0.00%,94.20%,5.80%,0.00%,0.00%,5.60%,94.20%,0.20%,0.00%,0.00%,0.00%,88.50%,11.30%,0.20%,0.00%,34.30%,53.70%,7.70%,3.10%,0.00%,0.00%,1.20%,55.20%,28.60%,16.20%,0.00%,0.00%,0.00%,95.70%,4.30%,0.00%,0.00%,81.00%,17.50%,1.50%,0.00%,64.20%,34.30%,1.50%,0.00%
,,A small town or villAge,59.40%,5.80%,34.80%,20.90%,78.90%,0.00%,0.10%,95.70%,4.00%,0.20%,0.00%,87.10%,12.70%,0.20%,0.00%,91.70%,8.30%,0.00%,0.00%,10.30%,84.30%,5.10%,0.20%,0.10%,0.00%,84.20%,14.60%,1.00%,0.10%,22.90%,65.40%,9.80%,0.40%,0.00%,0.40%,1.00%,54.70%,23.10%,21.60%,0.20%,0.30%,0.00%,89.20%,10.30%,0.20%,0.30%,76.40%,22.80%,0.80%,0.00%,61.30%,37.90%,0.80%,0.00%
,,A large city,48.40%,3.50%,48.10%,16.80%,83.20%,0.00%,0.00%,95.40%,4.60%,0.00%,0.00%,74.70%,25.30%,0.00%,0.00%,93.60%,6.40%,0.00%,0.00%,7.70%,86.20%,5.90%,0.20%,0.00%,0.00%,91.20%,8.00%,0.00%,0.80%,33.70%,53.90%,11.10%,0.00%,0.00%,1.30%,0.00%,53.70%,28.10%,17.50%,0.50%,0.20%,0.00%,87.80%,12.20%,0.00%,0.00%,71.80%,24.70%,3.50%,0.00%,72.50%,27.50%,0.00%,0.00%
,,A suburb of a large city,54.60%,9.60%,35.80%,22.30%,77.70%,0.00%,0.00%,90.70%,7.80%,1.50%,0.00%,75.10%,24.90%,0.00%,0.00%,89.90%,8.20%,1.90%,0.00%,18.70%,81.10%,0.20%,0.00%,0.00%,0.00%,90.70%,7.90%,0.80%,0.60%,24.10%,66.10%,7.30%,0.80%,0.00%,1.70%,0.00%,58.90%,29.70%,10.50%,0.90%,0.00%,0.00%,81.30%,18.70%,0.00%,0.00%,75.00%,25.00%,0.00%,0.00%,63.10%,36.70%,0.00%,0.20%
Switzerland,Age,15-24,42.50%,0.00%,57.50%,2.50%,97.50%,0.00%,0.00%,100.00%,0.00%,0.00%,0.00%,64.70%,34.30%,0.00%,1.00%,95.80%,3.60%,0.70%,0.00%,36.80%,48.90%,11.80%,0.00%,2.50%,0.00%,86.50%,10.70%,0.00%,2.80%,40.50%,37.90%,19.60%,2.00%,0.00%,0.00%,0.00%,33.30%,53.00%,12.70%,1.00%,0.00%,0.00%,87.60%,12.40%,0.00%,0.00%,47.90%,52.10%,0.00%,0.00%,67.30%,30.20%,2.50%,0.00%
,,25-34,43.80%,0.70%,55.50%,2.70%,97.30%,0.00%,0.00%,92.70%,7.30%,0.00%,0.00%,73.90%,24.30%,1.80%,0.00%,95.20%,2.20%,2.60%,0.00%,44.80%,35.90%,18.90%,0.00%,0.30%,0.10%,95.10%,4.50%,0.40%,0.00%,50.50%,37.80%,6.60%,4.30%,0.90%,0.00%,0.00%,36.60%,45.60%,17.40%,0.50%,0.00%,0.00%,97.50%,2.50%,0.00%,0.00%,65.60%,34.40%,0.00%,0.00%,81.70%,18.30%,0.00%,0.00%
,,35-44,45.30%,1.70%,53.00%,8.70%,91.30%,0.00%,0.00%,94.90%,3.90%,1.30%,0.00%,68.50%,31.00%,0.10%,0.40%,92.30%,5.80%,1.90%,0.00%,23.10%,69.00%,5.90%,0.00%,0.80%,1.30%,88.20%,11.80%,0.00%,0.00%,27.40%,57.30%,4.50%,6.00%,4.30%,0.40%,0.00%,32.40%,54.50%,12.90%,0.10%,0.10%,0.00%,89.60%,10.40%,0.00%,0.00%,81.20%,18.50%,0.30%,0.00%,61.60%,38.10%,0.30%,0.00%
,,45-64,37.40%,1.00%,61.70%,23.70%,76.30%,0.00%,0.00%,95.80%,4.20%,0.00%,0.00%,81.20%,18.80%,0.00%,0.00%,84.20%,15.60%,0.20%,0.00%,19.00%,71.70%,8.10%,0.60%,0.50%,0.00%,80.70%,18.80%,0.50%,0.00%,25.10%,57.70%,12.00%,1.80%,2.20%,1.30%,0.00%,30.40%,52.30%,14.40%,2.90%,0.00%,0.00%,91.90%,6.20%,0.40%,1.60%,80.20%,19.00%,0.00%,0.80%,62.00%,38.00%,0.00%,0.00%
,,65+,43.00%,3.30%,53.70%,41.40%,58.60%,0.00%,0.00%,90.20%,9.60%,0.20%,0.00%,91.00%,8.70%,0.30%,0.00%,95.90%,4.00%,0.10%,0.00%,11.70%,80.10%,6.70%,0.70%,0.30%,0.40%,94.50%,4.60%,0.90%,0.00%,31.70%,40.40%,18.70%,6.60%,0.40%,2.20%,0.00%,32.30%,46.30%,19.30%,1.70%,0.30%,0.00%,89.10%,10.90%,0.00%,0.00%,78.20%,21.00%,0.00%,0.80%,62.60%,37.40%,0.00%,0.00%
,Gender,Male,42.30%,1.60%,56.10%,22.30%,77.70%,0.00%,0.00%,93.40%,6.50%,0.10%,0.00%,78.30%,21.50%,0.10%,0.10%,91.40%,8.10%,0.50%,0.00%,23.20%,68.30%,6.60%,0.50%,1.30%,0.20%,88.30%,10.60%,0.40%,0.70%,33.50%,44.00%,15.20%,3.90%,2.30%,1.30%,0.00%,38.80%,46.00%,13.70%,1.50%,0.00%,0.00%,90.10%,8.70%,0.00%,1.10%,80.30%,19.30%,0.10%,0.20%,66.30%,33.50%,0.20%,0.00%
,,Female,40.70%,1.30%,58.10%,15.90%,84.10%,0.00%,0.00%,95.30%,4.30%,0.40%,0.00%,77.80%,21.30%,0.60%,0.20%,91.20%,7.50%,1.30%,0.00%,25.70%,61.10%,12.40%,0.20%,0.20%,0.50%,87.90%,11.70%,0.40%,0.00%,32.80%,52.10%,9.20%,4.10%,1.20%,0.70%,0.00%,27.10%,54.10%,17.10%,1.60%,0.10%,0.00%,93.60%,6.10%,0.30%,0.10%,67.10%,32.40%,0.00%,0.40%,67.40%,32.00%,0.60%,0.00%
,Employment Status,Employed full time for an employer,36.10%,0.00%,63.90%,6.80%,93.20%,0.00%,0.00%,97.10%,2.20%,0.70%,0.00%,73.50%,26.30%,0.00%,0.20%,93.30%,5.40%,1.30%,0.00%,32.60%,54.70%,10.30%,0.50%,1.30%,0.70%,92.50%,7.00%,0.40%,0.00%,35.20%,51.60%,8.10%,3.50%,1.50%,0.20%,0.00%,31.70%,54.30%,13.10%,0.90%,0.00%,0.00%,93.70%,6.10%,0.20%,0.00%,74.00%,25.60%,0.10%,0.20%,67.10%,32.20%,0.70%,0.00%
,,Employed full time for self,44.80%,0.00%,55.20%,17.40%,82.60%,0.00%,0.00%,89.50%,10.50%,0.00%,0.00%,77.90%,22.10%,0.00%,0.00%,82.80%,17.20%,0.00%,0.00%,26.90%,64.20%,8.90%,0.00%,0.00%,0.00%,76.50%,23.50%,0.00%,0.00%,26.90%,49.00%,12.30%,5.00%,3.80%,3.00%,0.00%,37.80%,52.10%,10.10%,0.00%,0.00%,0.00%,88.50%,11.50%,0.00%,0.00%,75.30%,24.70%,0.00%,0.00%,59.40%,40.60%,0.00%,0.00%
,,Employed part time do not want full time,34.90%,1.20%,63.80%,9.50%,90.50%,0.00%,0.00%,97.50%,2.10%,0.40%,0.00%,81.80%,18.20%,0.00%,0.00%,92.70%,7.30%,0.00%,0.00%,19.20%,67.20%,12.90%,0.30%,0.40%,0.00%,94.30%,5.70%,0.00%,0.00%,30.60%,46.80%,18.00%,2.60%,0.40%,1.50%,0.00%,24.60%,50.10%,24.20%,0.90%,0.20%,0.00%,90.20%,6.80%,0.00%,3.00%,74.10%,24.80%,0.00%,1.10%,72.80%,27.20%,0.00%,0.00%
,,Unemployed,48.40%,0.00%,51.60%,5.90%,94.10%,0.00%,0.00%,85.10%,14.90%,0.00%,0.00%,77.10%,22.90%,0.00%,0.00%,78.20%,21.80%,0.00%,0.00%,22.70%,68.00%,6.10%,1.90%,1.40%,0.00%,68.50%,31.50%,0.00%,0.00%,40.30%,48.80%,9.80%,1.00%,0.00%,0.00%,0.00%,28.70%,52.10%,19.20%,0.00%,0.00%,0.00%,0.00%,0.00%,0.00%,0.00%,0.00%,0.00%,0.00%,0.00%,0.00%,0.00%,0.00%,0.00%
,,Employed part time want full time,52.90%,0.00%,47.10%,18.90%,81.10%,0.00%,0.00%,90.60%,9.40%,0.00%,0.00%,70.90%,29.10%,0.00%,0.00%,89.40%,10.60%,0.00%,0.00%,24.10%,66.90%,9.10%,0.00%,0.00%,0.00%,86.00%,12.70%,1.30%,0.00%,45.40%,42.50%,5.80%,0.00%,6.30%,0.00%,0.00%,39.10%,41.00%,19.90%,0.00%,0.00%,0.00%,89.70%,10.30%,0.00%,0.00%,65.90%,34.10%,0.00%,0.00%,64.20%,35.80%,0.00%,0.00%
,,Out of workforce,44.60%,3.10%,52.30%,31.70%,68.30%,0.00%,0.00%,93.70%,6.30%,0.00%,0.00%,81.40%,17.40%,0.90%,0.30%,92.30%,6.50%,1.20%,0.00%,19.60%,70.60%,8.80%,0.30%,0.50%,0.30%,87.20%,11.60%,0.50%,0.70%,31.30%,46.60%,14.20%,5.20%,1.40%,1.20%,0.00%,34.00%,47.90%,15.20%,2.70%,0.20%,0.00%,0.00%,0.00%,0.00%,0.00%,0.00%,0.00%,0.00%,0.00%,0.00%,0.00%,0.00%,0.00%
,Per Capita Income Quintiles,Poorest 20%,51.80%,2.50%,45.70%,19.50%,80.50%,0.00%,0.00%,94.70%,5.30%,0.00%,0.00%,65.80%,34.20%,0.00%,0.00%,85.50%,14.40%,0.10%,0.00%,32.30%,60.00%,6.70%,0.70%,0.20%,0.00%,80.90%,17.40%,0.20%,1.60%,35.90%,39.90%,17.20%,4.70%,2.20%,0.00%,0.00%,34.30%,52.70%,12.40%,0.60%,0.00%,0.00%,95.60%,4.40%,0.00%,0.00%,72.60%,27.40%,0.00%,0.00%,62.40%,37.60%,0.00%,0.00%
,,Second 20%,41.30%,0.00%,58.70%,18.20%,81.80%,0.00%,0.00%,93.10%,6.90%,0.00%,0.00%,77.50%,22.50%,0.00%,0.00%,92.80%,5.20%,2.00%,0.00%,25.40%,64.20%,8.60%,0.00%,0.20%,1.60%,89.80%,9.90%,0.30%,0.00%,25.30%,56.90%,13.20%,3.10%,0.90%,0.70%,0.00%,33.90%,47.40%,16.90%,1.80%,0.00%,0.00%,95.70%,4.30%,0.00%,0.00%,75.00%,24.20%,0.00%,0.80%,75.20%,24.40%,0.40%,0.00%
,,Middle 20%,45.70%,1.90%,52.40%,20.20%,79.80%,0.00%,0.00%,96.00%,2.90%,1.10%,0.00%,79.10%,20.30%,0.00%,0.60%,90.90%,9.10%,0.00%,0.00%,21.10%,66.40%,10.50%,0.60%,1.40%,0.00%,87.40%,12.50%,0.10%,0.00%,35.90%,48.40%,10.30%,3.00%,0.40%,2.10%,0.00%,33.70%,47.50%,16.10%,2.60%,0.10%,0.00%,83.40%,13.90%,0.00%,2.70%,73.00%,27.00%,0.00%,0.00%,69.20%,30.80%,0.00%,0.00%
,,Fourth 20%,35.00%,2.50%,62.50%,21.20%,78.80%,0.00%,0.00%,94.20%,5.60%,0.20%,0.00%,84.10%,15.80%,0.10%,0.00%,92.30%,6.70%,0.90%,0.00%,21.60%,69.20%,8.10%,0.40%,0.60%,0.10%,89.20%,10.10%,0.70%,0.00%,32.70%,50.00%,9.80%,4.10%,2.70%,0.80%,0.00%,32.30%,52.70%,12.80%,2.00%,0.20%,0.00%,90.60%,8.70%,0.70%,0.00%,75.20%,24.80%,0.00%,0.00%,49.50%,49.00%,1.50%,0.00%
,,Richest 20%,33.60%,0.20%,66.20%,15.50%,84.50%,0.00%,0.00%,93.90%,6.10%,0.00%,0.00%,83.60%,14.30%,1.80%,0.30%,94.80%,3.50%,1.70%,0.00%,22.10%,62.70%,14.20%,0.00%,1.00%,0.00%,93.30%,6.00%,0.70%,0.00%,35.70%,46.00%,9.80%,5.00%,2.30%,1.30%,0.00%,29.10%,50.90%,19.10%,0.80%,0.10%,0.00%,94.10%,5.80%,0.00%,0.20%,71.70%,27.20%,0.30%,0.70%,76.20%,23.80%,0.00%,0.00%
,Feelings About Household Income,Living comfortably on present income,33.20%,1.10%,65.70%,10.20%,89.80%,0.00%,0.00%,96.50%,3.40%,0.10%,0.00%,77.00%,22.40%,0.20%,0.40%,95.20%,3.90%,0.90%,0.00%,26.00%,60.90%,11.70%,0.30%,0.60%,0.50%,90.60%,8.30%,0.40%,0.70%,30.40%,51.20%,12.50%,3.70%,1.60%,0.50%,0.00%,25.90%,56.30%,15.70%,2.00%,0.10%,0.00%,93.10%,6.60%,0.30%,0.00%,73.40%,25.90%,0.10%,0.60%,68.70%,30.70%,0.60%,0.00%
,,Getting by on present income,46.40%,1.20%,52.40%,22.80%,77.20%,0.00%,0.00%,93.40%,6.10%,0.50%,0.00%,82.60%,16.70%,0.70%,0.00%,91.40%,7.50%,1.20%,0.00%,24.50%,65.40%,8.30%,0.60%,1.00%,0.20%,90.90%,9.00%,0.20%,0.00%,36.30%,43.00%,12.50%,4.40%,2.10%,1.70%,0.00%,36.80%,44.50%,17.20%,1.40%,0.20%,0.00%,90.20%,8.50%,0.00%,1.30%,72.40%,27.50%,0.00%,0.10%,67.30%,32.50%,0.20%,0.00%
,,Finding it difficult on present income,63.30%,3.20%,33.50%,47.40%,52.60%,0.00%,0.00%,92.60%,7.40%,0.00%,0.00%,65.90%,34.10%,0.00%,0.00%,72.80%,26.80%,0.30%,0.00%,21.90%,75.50%,2.60%,0.00%,0.00%,0.00%,59.70%,38.00%,2.30%,0.00%,31.70%,62.70%,0.60%,4.20%,0.80%,0.00%,0.00%,55.20%,36.50%,8.30%,0.00%,0.00%,0.00%,96.40%,3.60%,0.00%,0.00%,82.50%,17.50%,0.00%,0.00%,47.80%,52.20%,0.00%,0.00%
,,Finding it very difficult on present income,48.40%,12.10%,39.60%,84.90%,15.10%,0.00%,0.00%,64.00%,36.00%,0.00%,0.00%,46.60%,53.40%,0.00%,0.00%,30.40%,69.60%,0.00%,0.00%,1.80%,98.20%,0.00%,0.00%,0.00%,0.00%,42.00%,58.00%,0.00%,0.00%,48.50%,47.80%,3.70%,0.00%,0.00%,0.00%,0.00%,49.10%,42.00%,8.90%,0.00%,0.00%,0.00%,100.00%,0.00%,0.00%,0.00%,26.30%,73.70%,0.00%,0.00%,0.00%,100.00%,0.00%,0.00%
,Urban/Rural,A rural area or on a farm,35.40%,0.00%,64.60%,15.50%,84.50%,0.00%,0.00%,96.60%,3.40%,0.00%,0.00%,73.50%,26.50%,0.00%,0.00%,94.00%,5.40%,0.60%,0.00%,24.60%,64.10%,10.70%,0.30%,0.20%,0.00%,86.90%,10.40%,1.10%,1.60%,33.50%,38.70%,18.50%,4.40%,2.70%,2.20%,0.00%,32.60%,42.20%,21.60%,3.50%,0.00%,0.00%,87.00%,9.50%,0.00%,3.50%,72.60%,26.10%,0.00%,1.30%,71.50%,28.00%,0.50%,0.00%
,,A small town or villAge,41.20%,1.30%,57.60%,19.00%,81.00%,0.00%,0.00%,95.60%,3.90%,0.50%,0.00%,83.80%,15.80%,0.00%,0.30%,93.50%,5.90%,0.60%,0.00%,25.60%,63.40%,10.00%,0.40%,0.50%,0.20%,91.30%,8.60%,0.10%,0.00%,31.60%,54.50%,9.10%,3.60%,0.80%,0.40%,0.00%,30.70%,53.10%,15.20%,0.80%,0.10%,0.00%,93.10%,6.70%,0.30%,0.00%,74.10%,25.70%,0.00%,0.20%,66.40%,33.60%,0.00%,0.00%
,,A large city,47.50%,2.50%,50.00%,21.70%,78.30%,0.00%,0.00%,91.50%,8.50%,0.00%,0.00%,66.20%,31.50%,2.30%,0.00%,80.30%,16.60%,3.10%,0.00%,19.20%,71.50%,7.00%,0.10%,0.70%,1.40%,80.00%,19.80%,0.30%,0.00%,35.50%,45.20%,8.90%,6.30%,2.70%,1.50%,0.00%,34.70%,51.20%,11.40%,2.40%,0.30%,0.00%,92.90%,7.10%,0.00%,0.00%,69.90%,29.80%,0.40%,0.00%,59.70%,38.60%,1.70%,0.00%
,,A suburb of a large city,44.50%,3.10%,52.40%,21.00%,79.00%,0.00%,0.00%,88.90%,11.10%,0.00%,0.00%,75.40%,24.60%,0.00%,0.00%,92.30%,7.70%,0.00%,0.00%,27.40%,60.00%,9.90%,0.00%,2.70%,0.00%,87.10%,11.90%,1.00%,0.00%,35.90%,38.40%,20.20%,1.60%,3.10%,0.70%,0.00%,39.90%,48.20%,11.90%,0.00%,0.00%,0.00%,91.80%,8.20%,0.00%,0.00%,78.30%,21.70%,0.00%,0.00%,74.40%,25.60%,0.00%,0.00%
Tunisia,Age,15-24,61.10%,12.70%,26.20%,7.20%,92.80%,0.00%,0.00%,77.10%,22.60%,0.40%,0.00%,69.40%,28.90%,1.60%,0.00%,58.60%,41.40%,0.00%,0.00%,32.20%,62.20%,2.70%,0.00%,3.00%,0.00%,53.50%,45.10%,1.40%,0.00%,45.80%,29.70%,18.70%,2.70%,0.00%,3.10%,0.00%,74.30%,15.10%,9.60%,0.00%,1.10%,0.00%,67.60%,31.20%,1.20%,0.00%,70.00%,29.80%,0.20%,0.00%,57.70%,42.30%,0.00%,0.00%
,,25-34,68.00%,17.60%,14.40%,11.30%,88.70%,0.00%,0.00%,68.60%,30.20%,1.20%,0.00%,72.80%,26.50%,0.70%,0.00%,57.10%,42.60%,0.30%,0.00%,16.20%,79.00%,4.30%,0.40%,0.00%,0.10%,49.90%,48.90%,1.20%,0.00%,26.10%,54.00%,18.60%,0.10%,0.00%,1.20%,0.00%,74.30%,15.00%,9.00%,0.00%,1.70%,0.00%,74.50%,24.90%,0.60%,0.00%,71.00%,26.50%,2.50%,0.00%,56.70%,40.50%,2.80%,0.00%
,,35-44,63.30%,20.30%,16.40%,17.20%,82.80%,0.00%,0.00%,61.60%,38.40%,0.00%,0.00%,63.80%,33.90%,2.40%,0.00%,65.90%,32.70%,1.30%,0.00%,6.90%,89.30%,0.90%,1.60%,1.40%,0.00%,48.40%,48.30%,1.70%,1.70%,21.00%,58.40%,17.70%,1.30%,0.00%,1.70%,0.00%,76.90%,12.20%,8.10%,1.30%,1.60%,0.00%,77.20%,22.80%,0.00%,0.00%,75.90%,18.30%,5.80%,0.00%,56.40%,40.70%,2.90%,0.00%
,,45-64,58.80%,21.20%,20.10%,37.10%,62.90%,0.00%,0.00%,74.90%,23.00%,2.10%,0.00%,74.50%,24.00%,1.40%,0.00%,79.40%,15.80%,3.50%,1.30%,3.30%,95.40%,0.60%,0.00%,0.70%,0.00%,62.80%,33.50%,3.70%,0.00%,23.80%,47.70%,25.30%,0.00%,0.40%,2.80%,0.00%,65.80%,16.40%,15.20%,0.00%,2.60%,0.00%,80.30%,19.70%,0.00%,0.00%,64.50%,31.00%,4.40%,0.00%,52.40%,44.80%,2.80%,0.00%
,,65+,66.50%,20.90%,12.70%,48.00%,48.60%,3.40%,0.00%,69.20%,27.40%,3.40%,0.00%,85.90%,14.10%,0.00%,0.00%,74.20%,20.10%,5.70%,0.00%,0.80%,98.30%,1.00%,0.00%,0.00%,0.00%,77.20%,20.50%,2.30%,0.00%,18.40%,47.50%,28.60%,4.00%,0.00%,1.50%,0.00%,43.10%,25.10%,22.70%,0.00%,9.20%,0.00%,86.30%,13.70%,0.00%,0.00%,40.90%,43.80%,15.30%,0.00%,50.20%,49.80%,0.00%,0.00%
,Gender,Male,60.10%,21.80%,18.10%,15.50%,84.50%,0.00%,0.00%,69.10%,29.70%,1.20%,0.00%,69.80%,29.20%,1.00%,0.00%,62.50%,35.40%,1.90%,0.10%,17.10%,78.50%,2.40%,0.70%,1.30%,0.00%,55.70%,43.40%,0.90%,0.00%,26.40%,49.60%,21.50%,1.70%,0.20%,0.70%,0.00%,76.10%,14.00%,8.40%,0.40%,1.00%,0.00%,73.70%,25.80%,0.50%,0.00%,72.80%,23.40%,3.90%,0.00%,56.10%,41.30%,2.60%,0.00%
,,Female,66.60%,13.50%,19.90%,27.70%,71.60%,0.60%,0.00%,73.10%,25.70%,1.30%,0.00%,74.30%,24.00%,1.70%,0.00%,70.60%,27.30%,1.50%,0.60%,9.60%,87.70%,1.60%,0.00%,1.00%,0.10%,56.80%,39.20%,3.40%,0.60%,30.80%,44.10%,20.70%,0.70%,0.00%,3.70%,0.00%,63.00%,17.70%,15.40%,0.00%,3.90%,0.00%,79.60%,20.20%,0.20%,0.00%,62.60%,34.30%,3.10%,0.00%,54.20%,44.30%,1.40%,0.00%
,Employment Status,Employed full time for an employer,60.30%,19.80%,19.90%,15.20%,84.80%,0.00%,0.00%,73.40%,25.30%,1.30%,0.00%,68.80%,31.10%,0.10%,0.00%,64.20%,32.70%,3.10%,0.00%,15.20%,79.70%,2.60%,1.10%,1.30%,0.10%,59.30%,39.10%,1.60%,0.00%,28.30%,44.90%,24.20%,1.00%,0.40%,1.30%,0.00%,75.70%,12.60%,10.60%,0.00%,1.10%,0.00%,70.70%,29.00%,0.30%,0.00%,68.60%,28.90%,2.50%,0.00%,50.60%,46.90%,2.60%,0.00%
,,Employed full time for self,69.20%,12.80%,18.00%,19.10%,80.90%,0.00%,0.00%,74.10%,25.70%,0.30%,0.00%,65.70%,32.60%,1.70%,0.00%,65.90%,32.80%,0.90%,0.50%,9.50%,88.50%,1.30%,0.80%,0.00%,0.00%,61.20%,35.00%,3.80%,0.00%,22.50%,50.30%,23.10%,0.70%,0.00%,3.40%,0.00%,68.20%,18.20%,11.20%,0.00%,2.40%,0.00%,80.70%,19.00%,0.30%,0.00%,74.10%,22.00%,3.90%,0.00%,67.00%,33.00%,0.00%,0.00%
,,Employed part time do not want full time,61.00%,10.00%,29.00%,12.70%,87.30%,0.00%,0.00%,81.90%,11.40%,6.80%,0.00%,77.90%,19.50%,2.60%,0.00%,80.70%,18.50%,0.80%,0.00%,13.30%,84.40%,0.00%,0.00%,2.30%,0.00%,60.70%,39.30%,0.00%,0.00%,23.80%,59.00%,17.30%,0.00%,0.00%,0.00%,0.00%,72.00%,8.50%,11.20%,0.00%,8.30%,0.00%,88.10%,11.90%,0.00%,0.00%,69.60%,26.80%,3.50%,0.00%,46.00%,46.40%,7.60%,0.00%
,,Unemployed,60.40%,26.50%,13.20%,20.90%,79.10%,0.00%,0.00%,51.90%,48.10%,0.00%,0.00%,70.00%,22.60%,7.40%,0.00%,54.00%,41.80%,1.80%,2.40%,11.70%,85.90%,1.60%,0.00%,0.80%,0.00%,37.00%,58.20%,2.40%,2.40%,22.00%,50.80%,19.90%,2.40%,0.00%,4.90%,0.00%,71.20%,18.90%,8.40%,0.00%,1.60%,0.00%,0.00%,0.00%,0.00%,0.00%,0.00%,0.00%,0.00%,0.00%,0.00%,0.00%,0.00%,0.00%
,,Employed part time want full time,66.50%,22.50%,11.00%,25.00%,75.00%,0.00%,0.00%,65.40%,34.60%,0.00%,0.00%,63.20%,36.80%,0.00%,0.00%,58.70%,41.30%,0.00%,0.00%,24.80%,65.30%,9.90%,0.00%,0.00%,0.00%,41.70%,58.30%,0.00%,0.00%,30.80%,42.10%,22.70%,0.00%,0.00%,4.40%,0.00%,77.00%,10.90%,11.80%,0.00%,0.30%,0.00%,76.90%,21.90%,1.20%,0.00%,62.30%,29.70%,8.00%,0.00%,59.10%,39.50%,1.30%,0.00%
,,Out of workforce,63.60%,15.90%,20.60%,26.50%,72.70%,0.70%,0.00%,74.20%,24.40%,1.40%,0.00%,77.10%,22.80%,0.20%,0.00%,71.30%,27.20%,1.50%,0.00%,12.70%,84.70%,1.20%,0.00%,1.50%,0.00%,60.30%,37.40%,2.30%,0.00%,32.60%,45.30%,19.20%,1.50%,0.00%,1.40%,0.00%,65.00%,17.40%,13.80%,0.60%,3.20%,0.00%,0.00%,0.00%,0.00%,0.00%,0.00%,0.00%,0.00%,0.00%,0.00%,0.00%,0.00%,0.00%
,Per Capita Income Quintiles,Poorest 20%,60.40%,23.30%,16.30%,28.70%,69.80%,1.50%,0.00%,56.10%,40.50%,3.30%,0.00%,68.50%,31.50%,0.00%,0.00%,64.10%,33.40%,0.70%,1.80%,5.40%,90.90%,2.90%,0.00%,0.80%,0.00%,43.70%,52.90%,1.90%,1.50%,20.10%,46.20%,29.50%,2.60%,0.00%,1.50%,0.00%,64.00%,18.80%,8.70%,1.10%,7.40%,0.00%,71.20%,28.80%,0.00%,0.00%,52.10%,44.60%,3.30%,0.00%,32.30%,63.20%,4.40%,0.00%
,,Second 20%,64.70%,26.50%,8.90%,23.00%,77.00%,0.00%,0.00%,61.20%,38.70%,0.10%,0.00%,66.90%,30.10%,3.00%,0.00%,64.70%,32.50%,2.80%,0.00%,9.10%,89.50%,0.50%,0.50%,0.50%,0.00%,45.00%,49.70%,5.20%,0.00%,20.90%,57.00%,18.90%,0.10%,0.00%,3.10%,0.00%,73.70%,14.30%,11.00%,0.00%,1.00%,0.00%,72.20%,27.10%,0.70%,0.00%,67.30%,27.70%,5.00%,0.00%,68.20%,29.30%,2.50%,0.00%
,,Middle 20%,62.30%,15.30%,22.40%,17.40%,82.60%,0.00%,0.00%,75.30%,24.30%,0.40%,0.00%,72.90%,25.40%,1.70%,0.00%,64.30%,32.60%,3.00%,0.00%,12.90%,83.70%,1.80%,0.10%,1.50%,0.00%,62.50%,35.70%,1.90%,0.00%,28.70%,47.50%,22.40%,0.00%,0.00%,1.50%,0.00%,70.30%,19.00%,9.70%,0.00%,1.10%,0.00%,77.20%,22.00%,0.80%,0.00%,73.20%,25.80%,1.00%,0.00%,59.20%,40.80%,0.00%,0.00%
,,Fourth 20%,66.60%,15.20%,18.20%,24.60%,75.40%,0.00%,0.00%,77.40%,21.70%,1.00%,0.00%,73.30%,25.20%,1.50%,0.00%,70.30%,29.30%,0.50%,0.00%,13.20%,83.80%,1.50%,0.00%,1.40%,0.00%,64.30%,34.30%,1.40%,0.00%,31.00%,47.10%,16.10%,1.80%,0.50%,3.50%,0.00%,74.40%,12.70%,10.80%,0.00%,2.10%,0.00%,79.40%,20.40%,0.20%,0.00%,72.00%,20.50%,7.50%,0.00%,50.20%,46.20%,3.60%,0.00%
,,Richest 20%,61.50%,10.30%,28.30%,13.40%,86.60%,0.00%,0.00%,85.00%,13.70%,1.30%,0.00%,78.30%,21.20%,0.60%,0.00%,68.70%,29.70%,1.60%,0.00%,26.80%,66.80%,3.50%,1.30%,1.50%,0.20%,65.70%,34.30%,0.00%,0.00%,41.60%,36.90%,18.60%,1.50%,0.00%,1.40%,0.00%,66.70%,14.00%,18.70%,0.00%,0.50%,0.00%,76.00%,23.70%,0.30%,0.00%,75.80%,23.60%,0.50%,0.00%,62.20%,36.90%,0.90%,0.00%
,Feelings About Household Income,Living comfortably on present income,57.30%,2.90%,39.80%,13.20%,86.80%,0.00%,0.00%,80.00%,20.00%,0.00%,0.00%,86.50%,12.80%,0.70%,0.00%,76.10%,22.20%,1.60%,0.00%,17.60%,77.40%,3.70%,1.30%,0.00%,0.00%,77.20%,20.70%,2.10%,0.00%,33.40%,46.60%,17.90%,0.10%,0.00%,2.00%,0.00%,73.00%,12.80%,11.30%,0.00%,2.90%,0.00%,88.20%,11.50%,0.30%,0.00%,80.90%,14.20%,4.90%,0.00%,65.90%,30.20%,4.00%,0.00%
,,Getting by on present income,68.70%,12.80%,18.50%,16.40%,83.60%,0.00%,0.00%,79.80%,18.40%,1.80%,0.00%,76.80%,21.10%,2.10%,0.00%,68.60%,30.10%,1.30%,0.00%,17.30%,79.90%,1.90%,0.00%,0.70%,0.10%,61.50%,37.30%,1.20%,0.00%,36.30%,45.20%,16.50%,0.00%,0.30%,1.70%,0.00%,71.30%,13.40%,13.80%,0.00%,1.50%,0.00%,79.70%,19.10%,1.20%,0.00%,75.80%,20.20%,4.00%,0.00%,53.40%,46.10%,0.60%,0.00%
,,Finding it difficult on present income,66.60%,20.00%,13.40%,19.40%,80.60%,0.00%,0.00%,70.90%,28.60%,0.60%,0.00%,65.90%,32.90%,1.20%,0.00%,66.90%,32.20%,0.90%,0.00%,12.10%,84.80%,1.40%,0.10%,1.60%,0.00%,56.00%,41.30%,2.70%,0.00%,23.80%,51.30%,20.90%,2.40%,0.00%,1.60%,0.00%,71.80%,17.50%,10.30%,0.00%,0.40%,0.00%,66.90%,33.10%,0.00%,0.00%,65.90%,30.30%,3.80%,0.00%,51.50%,45.60%,2.90%,0.00%
,,Finding it very difficult on present income,57.30%,34.60%,8.20%,31.50%,67.00%,1.40%,0.00%,50.90%,46.90%,2.20%,0.00%,58.50%,40.00%,1.40%,0.00%,51.60%,42.90%,3.70%,1.70%,7.40%,88.20%,1.80%,0.50%,2.10%,0.00%,32.10%,63.50%,2.90%,1.40%,22.00%,44.50%,28.10%,1.10%,0.00%,4.30%,0.00%,66.50%,18.00%,8.30%,1.10%,6.20%,0.00%,70.80%,29.20%,0.00%,0.00%,54.90%,42.90%,2.20%,0.00%,54.30%,43.40%,2.30%,0.00%
,Urban/Rural,A rural area or on a farm,51.70%,31.70%,16.70%,24.90%,73.30%,1.80%,0.00%,65.80%,32.50%,1.80%,0.00%,67.70%,32.30%,0.00%,0.00%,71.50%,27.90%,0.60%,0.00%,6.10%,93.30%,0.00%,0.00%,0.60%,0.00%,48.10%,48.00%,3.80%,0.00%,19.90%,48.70%,27.60%,1.30%,0.00%,2.50%,0.00%,68.10%,16.70%,7.10%,1.30%,6.80%,0.00%,74.20%,25.80%,0.00%,0.00%,68.10%,24.70%,7.20%,0.00%,63.90%,32.10%,4.00%,0.00%
,,A small town or villAge,66.90%,22.80%,10.20%,31.90%,68.10%,0.00%,0.00%,62.20%,37.30%,0.50%,0.00%,75.90%,19.60%,4.50%,0.00%,64.50%,31.60%,1.50%,2.40%,12.50%,84.70%,1.80%,0.00%,1.00%,0.00%,51.60%,46.60%,1.80%,0.00%,31.60%,48.40%,16.70%,0.10%,0.00%,3.10%,0.00%,80.00%,13.90%,4.60%,0.00%,1.60%,0.00%,80.50%,17.60%,1.80%,0.00%,74.30%,24.20%,1.50%,0.00%,47.50%,47.30%,5.20%,0.00%
,,A large city,68.50%,11.30%,20.20%,16.90%,83.10%,0.00%,0.00%,76.30%,22.80%,1.00%,0.00%,71.90%,27.90%,0.20%,0.00%,68.10%,31.50%,0.40%,0.00%,15.60%,77.60%,3.40%,1.00%,2.30%,0.10%,59.60%,37.30%,3.10%,0.00%,30.80%,44.90%,19.90%,1.80%,0.20%,2.30%,0.00%,70.10%,15.20%,13.80%,0.00%,0.90%,0.00%,76.40%,23.50%,0.20%,0.00%,68.20%,26.70%,5.10%,0.00%,59.00%,40.20%,0.80%,0.00%
,,A suburb of a large city,60.40%,16.10%,23.60%,18.30%,81.70%,0.00%,0.00%,71.90%,26.40%,1.60%,0.00%,73.50%,24.40%,2.10%,0.00%,62.00%,33.80%,4.20%,0.00%,16.00%,82.40%,1.60%,0.00%,0.00%,0.00%,59.70%,39.30%,0.00%,1.00%,28.30%,49.30%,20.00%,1.00%,0.00%,1.50%,0.00%,65.40%,16.50%,15.80%,0.00%,2.40%,0.00%,73.40%,26.30%,0.30%,0.00%,69.00%,30.30%,0.80%,0.00%,49.10%,48.80%,2.10%,0.00%
United Arab Emirates,Age,15-24,51.00%,6.90%,42.10%,10.30%,89.70%,0.00%,0.00%,81.00%,18.20%,0.70%,0.00%,69.60%,28.80%,1.60%,0.00%,93.10%,5.60%,1.30%,0.00%,46.30%,48.00%,5.70%,0.00%,0.00%,0.00%,75.70%,22.80%,1.40%,0.00%,22.00%,43.40%,31.10%,0.00%,0.00%,1.70%,1.90%,45.30%,33.50%,20.60%,0.00%,0.60%,0.00%,80.10%,10.90%,9.00%,0.00%,77.70%,18.80%,3.50%,0.00%,80.10%,18.50%,1.30%,0.00%
,,25-34,55.80%,3.00%,41.20%,9.60%,90.20%,0.20%,0.00%,81.20%,18.60%,0.30%,0.00%,67.70%,31.30%,1.00%,0.00%,84.70%,14.30%,1.00%,0.00%,37.60%,53.10%,8.20%,0.30%,0.80%,0.00%,71.20%,26.70%,1.90%,0.30%,14.90%,48.30%,33.90%,0.20%,0.30%,2.20%,0.20%,44.30%,34.90%,20.10%,0.00%,0.70%,0.00%,87.40%,12.10%,0.50%,0.00%,83.40%,16.10%,0.50%,0.00%,80.00%,19.80%,0.30%,0.00%
,,35-44,50.00%,2.50%,47.50%,7.40%,92.60%,0.00%,0.00%,78.10%,20.90%,1.10%,0.00%,71.30%,28.20%,0.50%,0.00%,89.80%,8.40%,1.60%,0.20%,22.90%,67.10%,6.80%,0.00%,2.80%,0.30%,76.30%,22.60%,1.10%,0.00%,18.60%,55.10%,22.70%,1.00%,0.00%,2.30%,0.30%,45.30%,32.10%,20.10%,0.00%,1.90%,0.70%,86.60%,11.00%,2.40%,0.00%,84.90%,12.20%,2.90%,0.00%,72.90%,26.20%,0.80%,0.00%
,,45-64,42.60%,2.00%,55.30%,13.00%,85.30%,1.70%,0.00%,81.50%,16.70%,1.80%,0.00%,82.40%,16.60%,1.10%,0.00%,95.00%,5.00%,0.00%,0.00%,26.20%,61.30%,12.50%,0.00%,0.00%,0.00%,81.40%,16.80%,1.80%,0.00%,13.60%,58.60%,24.20%,0.90%,0.60%,2.20%,0.00%,49.20%,21.00%,28.80%,0.00%,0.90%,0.00%,96.20%,1.00%,0.00%,2.80%,92.70%,7.30%,0.00%,0.00%,72.70%,22.10%,5.20%,0.00%
,,65+,56.90%,0.00%,43.10%,54.20%,45.80%,0.00%,0.00%,85.40%,14.60%,0.00%,0.00%,79.90%,20.10%,0.00%,0.00%,100.00%,0.00%,0.00%,0.00%,0.00%,100.00%,0.00%,0.00%,0.00%,0.00%,100.00%,0.00%,0.00%,0.00%,0.00%,39.60%,45.80%,14.60%,0.00%,0.00%,0.00%,34.70%,39.60%,25.70%,0.00%,0.00%,0.00%,0.00%,0.00%,0.00%,0.00%,0.00%,0.00%,0.00%,0.00%,0.00%,0.00%,0.00%,0.00%
,Gender,Male,54.90%,4.30%,40.80%,9.50%,90.20%,0.20%,0.00%,78.60%,20.60%,0.90%,0.00%,69.70%,29.30%,1.00%,0.00%,88.10%,10.90%,1.00%,0.00%,32.20%,59.90%,6.60%,0.20%,1.10%,0.10%,73.40%,24.80%,1.80%,0.10%,13.20%,50.10%,32.70%,0.80%,0.30%,2.50%,0.50%,44.10%,32.20%,22.40%,0.00%,1.10%,0.20%,86.60%,10.80%,2.10%,0.50%,84.90%,13.70%,1.40%,0.00%,77.40%,21.30%,1.30%,0.00%
,,Female,43.70%,1.00%,55.20%,11.20%,88.20%,0.50%,0.00%,84.80%,14.70%,0.40%,0.00%,75.60%,23.60%,0.80%,0.00%,91.00%,7.50%,1.30%,0.20%,36.00%,51.30%,11.60%,0.00%,1.10%,0.00%,78.50%,20.20%,1.00%,0.30%,26.40%,52.40%,19.70%,0.00%,0.00%,1.20%,0.30%,49.60%,31.30%,18.40%,0.00%,0.70%,0.00%,92.80%,6.80%,0.40%,0.00%,83.80%,14.80%,1.40%,0.00%,75.30%,23.80%,0.90%,0.00%
,Employment Status,Employed full time for an employer,51.60%,3.40%,45.00%,9.30%,90.50%,0.20%,0.00%,84.20%,15.20%,0.60%,0.00%,70.20%,28.80%,1.00%,0.00%,87.80%,11.00%,1.00%,0.10%,32.90%,58.30%,7.50%,0.10%,1.00%,0.20%,75.30%,23.00%,1.70%,0.10%,14.30%,53.30%,28.70%,0.40%,0.10%,2.50%,0.70%,44.30%,32.80%,21.20%,0.00%,1.40%,0.30%,87.90%,10.60%,1.10%,0.50%,85.10%,13.90%,1.00%,0.00%,77.80%,20.70%,1.50%,0.00%
,,Employed full time for self,56.60%,1.80%,41.60%,4.60%,92.90%,2.40%,0.00%,68.60%,30.30%,1.10%,0.00%,69.60%,25.70%,4.70%,0.00%,97.30%,1.60%,1.20%,0.00%,27.10%,60.20%,11.60%,0.00%,1.10%,0.00%,76.40%,23.60%,0.00%,0.00%,11.10%,43.60%,39.50%,0.00%,1.20%,4.60%,0.00%,55.00%,23.90%,21.20%,0.00%,0.00%,0.00%,93.50%,4.20%,2.30%,0.00%,79.90%,19.00%,1.10%,0.00%,69.30%,30.70%,0.00%,0.00%
,,Employed part time do not want full time,33.30%,12.20%,54.60%,17.40%,82.60%,0.00%,0.00%,81.40%,18.60%,0.00%,0.00%,80.40%,19.60%,0.00%,0.00%,81.60%,14.20%,4.10%,0.00%,37.10%,62.90%,0.00%,0.00%,0.00%,0.00%,78.00%,18.20%,3.80%,0.00%,22.80%,54.80%,18.80%,0.00%,0.00%,3.60%,0.00%,44.30%,33.00%,17.90%,0.00%,4.80%,0.00%,91.10%,5.10%,3.80%,0.00%,78.20%,13.80%,8.00%,0.00%,74.80%,25.20%,0.00%,0.00%
,,Unemployed,46.30%,11.90%,41.80%,11.20%,87.50%,1.30%,0.00%,51.30%,48.70%,0.00%,0.00%,61.10%,38.90%,0.00%,0.00%,83.90%,13.30%,2.80%,0.00%,41.00%,58.60%,0.40%,0.00%,0.00%,0.00%,64.40%,31.90%,2.60%,1.10%,21.60%,43.60%,30.90%,0.00%,0.00%,2.80%,1.10%,37.20%,46.40%,16.30%,0.00%,0.00%,0.00%,0.00%,0.00%,0.00%,0.00%,0.00%,0.00%,0.00%,0.00%,0.00%,0.00%,0.00%,0.00%
,,Employed part time want full time,57.40%,0.00%,42.60%,12.60%,87.40%,0.00%,0.00%,76.40%,23.60%,0.00%,0.00%,79.20%,20.80%,0.00%,0.00%,86.70%,13.30%,0.00%,0.00%,24.70%,51.90%,17.10%,0.00%,6.30%,0.00%,74.00%,20.60%,5.40%,0.00%,24.90%,49.60%,24.00%,0.00%,0.00%,1.50%,0.00%,48.50%,20.50%,29.60%,0.00%,1.50%,0.00%,78.00%,12.70%,9.30%,0.00%,89.50%,7.40%,3.10%,0.00%,78.40%,21.60%,0.00%,0.00%
,,Out of workforce,53.20%,1.00%,45.80%,11.40%,88.60%,0.00%,0.00%,82.50%,15.90%,1.60%,0.00%,74.90%,24.60%,0.40%,0.00%,92.00%,7.50%,0.50%,0.00%,34.50%,55.40%,9.20%,0.30%,0.50%,0.00%,75.90%,23.70%,0.30%,0.00%,21.00%,47.60%,29.40%,1.50%,0.20%,0.20%,0.00%,48.50%,29.70%,21.80%,0.00%,0.00%,0.00%,0.00%,0.00%,0.00%,0.00%,0.00%,0.00%,0.00%,0.00%,0.00%,0.00%,0.00%,0.00%
,Per Capita Income Quintiles,Poorest 20%,61.90%,7.10%,31.00%,16.60%,83.00%,0.40%,0.00%,67.80%,30.10%,2.10%,0.00%,69.10%,29.80%,1.10%,0.00%,81.10%,17.70%,1.20%,0.00%,32.20%,61.20%,5.90%,0.30%,0.50%,0.00%,62.80%,35.20%,2.00%,0.00%,11.30%,49.50%,35.90%,1.10%,0.00%,2.20%,0.00%,51.60%,28.70%,17.60%,0.00%,2.10%,0.00%,86.40%,12.30%,1.30%,0.00%,76.90%,21.70%,1.50%,0.00%,81.50%,15.20%,3.30%,0.00%
,,Second 20%,59.60%,5.90%,34.50%,8.50%,91.00%,0.50%,0.00%,79.60%,20.40%,0.00%,0.00%,66.90%,31.20%,2.00%,0.00%,90.20%,9.30%,0.60%,0.00%,31.50%,61.70%,4.70%,0.00%,2.10%,0.00%,75.30%,21.70%,3.00%,0.00%,16.70%,50.90%,30.00%,1.00%,0.30%,1.20%,0.00%,38.30%,39.70%,20.60%,0.00%,1.00%,0.40%,88.20%,7.30%,2.60%,1.90%,86.10%,11.90%,2.10%,0.00%,74.60%,24.90%,0.50%,0.00%
,,Middle 20%,53.30%,1.30%,45.40%,8.60%,90.60%,0.70%,0.00%,85.40%,14.60%,0.00%,0.00%,68.80%,29.60%,1.70%,0.00%,87.80%,11.60%,0.60%,0.00%,31.70%,55.50%,10.90%,0.00%,1.80%,0.00%,74.80%,24.30%,0.60%,0.40%,15.30%,52.90%,26.50%,0.40%,0.30%,2.70%,1.80%,45.70%,30.20%,23.20%,0.00%,0.90%,0.00%,87.30%,11.90%,0.90%,0.00%,87.40%,11.90%,0.70%,0.00%,76.00%,24.00%,0.00%,0.00%
,,Fourth 20%,42.40%,1.50%,56.10%,8.40%,91.60%,0.00%,0.00%,84.80%,14.10%,1.00%,0.00%,69.00%,31.00%,0.00%,0.00%,90.10%,7.00%,2.70%,0.30%,37.90%,53.40%,8.40%,0.30%,0.00%,0.00%,78.00%,21.00%,1.00%,0.00%,20.60%,51.70%,25.10%,0.30%,0.40%,1.80%,0.00%,46.40%,32.40%,20.50%,0.00%,0.60%,0.00%,86.90%,10.80%,2.30%,0.00%,83.00%,14.10%,2.90%,0.00%,76.60%,21.70%,1.70%,0.00%
,,Richest 20%,42.70%,1.20%,56.10%,7.80%,92.20%,0.00%,0.00%,83.60%,15.80%,0.60%,0.00%,82.50%,17.30%,0.10%,0.00%,95.10%,4.50%,0.40%,0.00%,32.70%,56.10%,9.80%,0.00%,0.90%,0.40%,82.80%,15.70%,1.20%,0.30%,19.90%,48.50%,28.50%,0.00%,0.00%,2.70%,0.40%,45.80%,28.70%,24.60%,0.00%,0.40%,0.40%,90.10%,7.80%,2.10%,0.00%,90.10%,9.90%,0.00%,0.00%,76.40%,23.00%,0.70%,0.00%
,Feelings About Household Income,Living comfortably on present income,37.00%,2.50%,60.50%,8.90%,90.60%,0.50%,0.00%,86.20%,13.00%,0.80%,0.00%,78.00%,20.70%,1.40%,0.00%,95.10%,4.30%,0.50%,0.10%,31.20%,58.30%,8.70%,0.00%,1.70%,0.20%,80.00%,18.10%,1.70%,0.10%,16.10%,53.40%,25.30%,0.60%,0.00%,3.60%,1.00%,44.70%,30.20%,23.10%,0.00%,1.60%,0.50%,93.30%,5.00%,0.70%,1.00%,90.70%,8.70%,0.60%,0.00%,78.60%,20.10%,1.30%,0.00%
,,Getting by on present income,52.00%,3.80%,44.20%,9.20%,90.80%,0.00%,0.00%,84.10%,15.10%,0.80%,0.00%,72.20%,27.60%,0.30%,0.00%,92.70%,6.50%,0.70%,0.00%,33.70%,53.70%,11.40%,0.20%,1.00%,0.00%,78.80%,19.20%,2.00%,0.00%,21.80%,53.90%,22.30%,0.90%,0.30%,0.80%,0.00%,45.80%,26.80%,26.20%,0.00%,1.20%,0.00%,91.30%,6.60%,2.10%,0.00%,85.60%,12.90%,1.40%,0.00%,76.00%,23.50%,0.50%,0.00%
,,Finding it difficult on present income,65.40%,2.30%,32.30%,10.20%,89.80%,0.00%,0.00%,76.90%,22.00%,1.10%,0.00%,67.90%,31.10%,1.00%,0.00%,80.80%,16.60%,2.60%,0.00%,34.30%,59.30%,5.30%,0.30%,0.70%,0.00%,71.40%,26.90%,1.40%,0.30%,15.90%,46.60%,34.30%,0.50%,0.30%,2.10%,0.30%,45.80%,37.70%,16.50%,0.00%,0.00%,0.00%,78.10%,18.00%,3.90%,0.00%,78.10%,18.40%,3.50%,0.00%,78.40%,21.00%,0.60%,0.00%
,,Finding it very difficult on present income,73.70%,7.50%,18.90%,15.50%,83.20%,1.30%,0.00%,57.50%,42.50%,0.00%,0.00%,55.60%,43.10%,1.30%,0.00%,75.40%,24.00%,0.60%,0.00%,38.10%,59.30%,2.60%,0.00%,0.00%,0.00%,52.70%,46.80%,0.50%,0.00%,10.30%,40.80%,48.20%,0.00%,0.00%,0.60%,0.00%,46.30%,40.30%,12.80%,0.00%,0.60%,0.00%,79.60%,20.40%,0.00%,0.00%,73.20%,26.80%,0.00%,0.00%,74.80%,21.40%,3.80%,0.00%
,Urban/Rural,A rural area or on a farm,43.20%,14.90%,41.90%,11.20%,88.80%,0.00%,0.00%,79.80%,20.20%,0.00%,0.00%,76.80%,23.20%,0.00%,0.00%,95.50%,4.50%,0.00%,0.00%,19.50%,78.90%,1.60%,0.00%,0.00%,0.00%,73.00%,25.00%,2.00%,0.00%,4.10%,49.20%,38.00%,2.80%,1.60%,4.30%,0.00%,32.70%,43.20%,24.10%,0.00%,0.00%,0.00%,91.60%,4.70%,3.70%,0.00%,88.90%,11.10%,0.00%,0.00%,74.40%,16.70%,8.90%,0.00%
,,A small town or villAge,61.80%,5.40%,32.80%,12.30%,87.10%,0.60%,0.00%,70.80%,27.60%,1.60%,0.00%,63.10%,36.40%,0.50%,0.00%,82.10%,14.90%,3.00%,0.00%,31.00%,65.60%,2.00%,0.00%,1.40%,0.00%,67.60%,31.40%,1.10%,0.00%,14.90%,43.60%,39.60%,0.00%,0.00%,1.90%,0.00%,43.10%,40.00%,16.30%,0.00%,0.00%,0.60%,85.10%,13.40%,1.50%,0.00%,82.90%,14.40%,2.70%,0.00%,81.10%,17.60%,1.30%,0.00%
,,A large city,51.90%,2.30%,45.80%,9.00%,90.70%,0.40%,0.00%,83.60%,15.70%,0.70%,0.00%,71.30%,27.40%,1.30%,0.00%,89.10%,9.90%,0.90%,0.10%,35.10%,54.60%,9.20%,0.10%,0.80%,0.10%,77.60%,20.70%,1.60%,0.10%,18.60%,53.60%,24.10%,0.60%,0.20%,2.20%,0.60%,46.30%,28.50%,23.90%,0.00%,1.10%,0.10%,87.00%,10.90%,1.40%,0.60%,85.30%,14.00%,0.70%,0.00%,76.50%,23.00%,0.50%,0.00%
,,A suburb of a large city,43.70%,2.90%,53.40%,12.40%,87.60%,0.00%,0.00%,76.50%,23.50%,0.00%,0.00%,77.20%,22.80%,0.00%,0.00%,92.80%,6.80%,0.50%,0.00%,32.40%,55.30%,11.60%,0.40%,0.40%,0.00%,70.70%,27.30%,1.50%,0.50%,14.80%,46.40%,36.50%,0.70%,0.00%,1.20%,0.50%,48.50%,32.20%,18.10%,0.00%,1.20%,0.00%,91.20%,5.60%,3.20%,0.00%,81.20%,15.60%,3.20%,0.00%,73.40%,24.50%,2.10%,0.00%