,,,Struggling Index,Suffering Index,Thriving Index,Health Problems,,,,Count On to Help,,,,Experience Calmness Yesterday,,,,Feel at Peace With Life,,,,Exciting Life or Calm Life,,,,,,Various Aspects of Life in Balance,,,,Main Purpose in Life,,,,,,,Focus on Taking Care of Themselves or Taking Care of Others,,,,,,Enjoy the Work You Do Every Day,,,,Work Significantly Improves the Lives of Others Outside of Household,,,,Many Choices in Type of Work,,,
,,,Rate,Rate,Rate,Yes,No,(DK),(Refused),Yes,No,(DK),(Refused),Yes,No,(DK),(Refused),Yes,No,(DK),(Refused),An exciting life,A calm life,(Both),(Neither),(DK),(Refused),Yes,No,(DK),(Refused),Being good at what you do in your daily life,Caring for family and close friends,Helping other people who need help,(None of these),(I do not know my purpose in life),(DK),(Refused),Taking care of themselves,Taking care of others,(Both),(Neither),(DK),(Refused),Yes,No,(DK),(Refused),Yes,No,(DK),(Refused),Yes,No,(DK),(Refused)
,,,% Response Rate  ,% Response Rate  ,% Response Rate  ,% Response Rate  ,% Response Rate  ,% Response Rate  ,% Response Rate  ,% Response Rate  ,% Response Rate  ,% Response Rate  ,% Response Rate  ,% Response Rate  ,% Response Rate  ,% Response Rate  ,% Response Rate  ,% Response Rate  ,% Response Rate  ,% Response Rate  ,% Response Rate  ,% Response Rate  ,% Response Rate  ,% Response Rate  ,% Response Rate  ,% Response Rate  ,% Response Rate  ,% Response Rate  ,% Response Rate  ,% Response Rate  ,% Response Rate  ,% Response Rate  ,% Response Rate  ,% Response Rate  ,% Response Rate  ,% Response Rate  ,% Response Rate  ,% Response Rate  ,% Response Rate  ,% Response Rate  ,% Response Rate  ,% Response Rate  ,% Response Rate  ,% Response Rate  ,% Response Rate  ,% Response Rate  ,% Response Rate  ,% Response Rate  ,% Response Rate  ,% Response Rate  ,% Response Rate  ,% Response Rate  ,% Response Rate  ,% Response Rate  ,% Response Rate  ,% Response Rate  
United States,Age,15-24,48.0%,5.2%,46.9%,11.6%,88.4%,0.0%,0.0%,98.8%,1.2%,0.0%,0.0%,69.4%,30.6%,0.0%,0.0%,76.2%,23.8%,0.0%,0.0%,42.4%,54.8%,2.7%,0.0%,0.0%,0.0%,66.9%,33.1%,0.0%,0.0%,42.6%,37.8%,19.6%,0.0%,0.0%,0.0%,0.0%,51.2%,45.9%,2.9%,0.0%,0.0%,0.0%,87.2%,12.8%,0.0%,0.0%,71.0%,29.0%,0.0%,0.0%,69.8%,30.2%,0.0%,0.0%
,,25-34,34.2%,1.7%,64.1%,13.3%,86.7%,0.0%,0.0%,89.6%,10.4%,0.0%,0.0%,75.1%,24.1%,0.0%,0.8%,92.3%,6.9%,0.0%,0.8%,33.7%,64.6%,0.9%,0.0%,0.0%,0.8%,70.6%,28.6%,0.0%,0.8%,34.2%,38.8%,26.2%,0.0%,0.0%,0.0%,0.8%,56.0%,37.2%,5.2%,0.9%,0.0%,0.8%,80.4%,18.5%,0.0%,1.1%,85.0%,14.0%,0.0%,1.1%,75.6%,23.3%,0.0%,1.1%
,,35-44,40.3%,3.2%,56.5%,12.2%,87.8%,0.0%,0.0%,81.9%,18.1%,0.0%,0.0%,73.5%,26.5%,0.0%,0.0%,86.7%,13.3%,0.0%,0.0%,15.9%,76.7%,7.4%,0.0%,0.0%,0.0%,73.5%,26.5%,0.0%,0.0%,23.8%,61.6%,13.2%,1.4%,0.0%,0.0%,0.0%,57.0%,36.0%,6.6%,0.4%,0.0%,0.0%,87.9%,12.1%,0.0%,0.0%,83.3%,16.7%,0.0%,0.0%,86.7%,13.3%,0.0%,0.0%
,,45-64,41.1%,3.1%,55.8%,21.8%,78.2%,0.0%,0.0%,96.6%,3.4%,0.0%,0.0%,82.4%,17.4%,0.2%,0.0%,88.8%,11.2%,0.0%,0.0%,15.1%,83.0%,1.5%,0.0%,0.4%,0.0%,75.4%,23.6%,1.0%,0.0%,24.3%,54.5%,20.5%,0.2%,0.0%,0.0%,0.4%,51.2%,45.0%,3.8%,0.0%,0.0%,0.0%,84.9%,15.1%,0.0%,0.0%,88.3%,11.7%,0.0%,0.0%,76.2%,23.8%,0.0%,0.0%
,,65+,43.0%,2.3%,54.7%,23.8%,75.6%,0.2%,0.5%,96.9%,2.0%,1.1%,0.0%,88.9%,11.1%,0.0%,0.0%,94.6%,5.4%,0.0%,0.0%,10.0%,87.2%,1.6%,1.2%,0.0%,0.0%,84.9%,15.1%,0.0%,0.0%,23.5%,60.8%,13.6%,1.3%,0.0%,0.8%,0.0%,45.6%,42.8%,10.9%,0.2%,0.4%,0.0%,93.7%,5.2%,0.0%,1.1%,92.0%,7.0%,1.0%,0.0%,73.7%,26.3%,0.0%,0.0%
,Gender,Male,41.7%,2.9%,55.5%,15.4%,84.6%,0.0%,0.0%,92.8%,6.8%,0.4%,0.0%,83.9%,15.7%,0.1%,0.3%,88.3%,11.4%,0.0%,0.3%,25.6%,70.4%,3.1%,0.5%,0.1%,0.3%,77.0%,22.7%,0.0%,0.3%,32.7%,49.0%,17.0%,0.8%,0.0%,0.1%,0.5%,52.3%,41.6%,5.4%,0.4%,0.1%,0.3%,87.6%,12.0%,0.0%,0.5%,84.4%,15.0%,0.1%,0.5%,80.7%,18.9%,0.0%,0.5%
,,Female,40.8%,3.2%,56.0%,19.7%,80.1%,0.1%,0.2%,94.3%,5.7%,0.0%,0.0%,74.4%,25.6%,0.0%,0.0%,88.2%,11.8%,0.0%,0.0%,17.8%,79.9%,2.1%,0.0%,0.1%,0.0%,73.0%,26.4%,0.6%,0.0%,24.9%,53.9%,20.4%,0.2%,0.0%,0.2%,0.2%,51.3%,42.4%,6.1%,0.1%,0.1%,0.0%,83.1%,16.7%,0.0%,0.2%,84.5%,15.5%,0.0%,0.0%,72.8%,27.2%,0.0%,0.0%
,Employment Status,Employed full time for an employer,35.2%,1.6%,63.2%,9.0%,91.0%,0.0%,0.0%,94.7%,5.3%,0.0%,0.0%,79.0%,20.7%,0.0%,0.3%,92.2%,7.5%,0.0%,0.3%,25.7%,72.7%,1.1%,0.1%,0.0%,0.3%,76.0%,23.7%,0.0%,0.3%,29.4%,51.4%,18.7%,0.1%,0.0%,0.0%,0.3%,52.3%,44.0%,2.7%,0.6%,0.0%,0.3%,84.6%,15.1%,0.0%,0.3%,85.0%,14.7%,0.0%,0.3%,78.2%,21.5%,0.0%,0.3%
,,Employed full time for self,37.6%,1.8%,60.6%,15.1%,84.9%,0.0%,0.0%,96.1%,3.9%,0.0%,0.0%,73.5%,26.5%,0.0%,0.0%,87.0%,13.0%,0.0%,0.0%,20.1%,70.7%,7.6%,0.0%,1.6%,0.0%,77.9%,22.1%,0.0%,0.0%,44.1%,39.9%,14.2%,0.0%,0.0%,0.0%,1.8%,51.9%,43.6%,4.5%,0.0%,0.0%,0.0%,91.0%,9.0%,0.0%,0.0%,88.1%,11.9%,0.0%,0.0%,85.7%,14.3%,0.0%,0.0%
,,Employed part time do not want full time,38.8%,0.0%,61.2%,16.1%,83.9%,0.0%,0.0%,97.5%,2.5%,0.0%,0.0%,83.0%,17.0%,0.0%,0.0%,97.8%,2.2%,0.0%,0.0%,18.2%,79.4%,2.3%,0.0%,0.0%,0.0%,80.5%,19.5%,0.0%,0.0%,23.4%,61.3%,15.3%,0.0%,0.0%,0.0%,0.0%,43.4%,49.4%,7.2%,0.0%,0.0%,0.0%,88.6%,11.4%,0.0%,0.0%,86.6%,12.6%,0.8%,0.0%,71.0%,29.0%,0.0%,0.0%
,,Unemployed,45.9%,11.5%,42.6%,19.3%,80.7%,0.0%,0.0%,74.3%,25.7%,0.0%,0.0%,54.6%,45.4%,0.0%,0.0%,66.6%,33.4%,0.0%,0.0%,42.9%,45.2%,10.9%,0.0%,1.0%,0.0%,63.6%,36.4%,0.0%,0.0%,25.5%,48.9%,21.4%,4.2%,0.0%,0.0%,0.0%,51.6%,39.8%,8.6%,0.0%,0.0%,0.0%,0.0%,0.0%,0.0%,0.0%,0.0%,0.0%,0.0%,0.0%,0.0%,0.0%,0.0%,0.0%
,,Employed part time want full time,50.1%,13.9%,36.0%,17.4%,82.6%,0.0%,0.0%,89.4%,10.6%,0.0%,0.0%,79.1%,20.9%,0.0%,0.0%,74.8%,25.2%,0.0%,0.0%,14.3%,85.7%,0.0%,0.0%,0.0%,0.0%,53.2%,41.4%,5.4%,0.0%,32.9%,27.3%,39.8%,0.0%,0.0%,0.0%,0.0%,47.3%,49.8%,2.9%,0.0%,0.0%,0.0%,84.6%,14.6%,0.0%,0.8%,75.6%,24.4%,0.0%,0.0%,66.6%,33.4%,0.0%,0.0%
,,Out of workforce,46.4%,2.4%,51.2%,26.8%,72.9%,0.1%,0.2%,94.7%,4.7%,0.5%,0.0%,82.5%,17.4%,0.1%,0.0%,88.0%,12.0%,0.0%,0.0%,16.2%,80.5%,2.9%,0.5%,0.0%,0.0%,77.4%,22.6%,0.0%,0.0%,26.6%,55.6%,16.5%,0.7%,0.0%,0.4%,0.3%,52.9%,38.0%,8.9%,0.0%,0.2%,0.0%,0.0%,0.0%,0.0%,0.0%,0.0%,0.0%,0.0%,0.0%,0.0%,0.0%,0.0%,0.0%
,Per Capita Income Quintiles,Poorest 20%,43.8%,10.1%,46.1%,33.0%,67.0%,0.0%,0.0%,86.9%,13.1%,0.0%,0.0%,77.0%,23.0%,0.0%,0.0%,78.9%,21.1%,0.0%,0.0%,20.8%,71.8%,7.4%,0.0%,0.0%,0.0%,65.1%,34.9%,0.0%,0.0%,19.6%,50.2%,28.7%,1.5%,0.0%,0.0%,0.0%,59.5%,32.8%,7.7%,0.0%,0.0%,0.0%,83.0%,17.0%,0.0%,0.0%,79.3%,20.7%,0.0%,0.0%,72.6%,27.4%,0.0%,0.0%
,,Second 20%,47.2%,3.1%,49.8%,20.5%,79.5%,0.0%,0.0%,94.2%,5.8%,0.0%,0.0%,74.3%,24.7%,0.3%,0.7%,88.1%,11.2%,0.0%,0.7%,19.5%,78.2%,1.6%,0.0%,0.0%,0.7%,74.3%,25.0%,0.0%,0.7%,31.1%,55.6%,12.7%,0.0%,0.0%,0.0%,0.7%,54.1%,38.7%,6.3%,0.3%,0.0%,0.7%,88.2%,10.2%,0.0%,1.7%,85.3%,13.4%,0.0%,1.3%,74.1%,24.6%,0.0%,1.3%
,,Middle 20%,45.6%,0.8%,53.6%,11.2%,88.3%,0.0%,0.5%,96.0%,4.0%,0.0%,0.0%,79.9%,20.1%,0.0%,0.0%,91.0%,9.0%,0.0%,0.0%,21.1%,78.1%,0.8%,0.0%,0.0%,0.0%,76.7%,21.7%,1.5%,0.0%,22.5%,54.3%,22.1%,0.0%,0.0%,0.6%,0.4%,44.1%,48.4%,7.1%,0.2%,0.2%,0.0%,82.7%,17.3%,0.0%,0.0%,87.0%,13.0%,0.0%,0.0%,75.4%,24.6%,0.0%,0.0%
,,Fourth 20%,40.4%,1.2%,58.3%,14.4%,85.6%,0.0%,0.0%,98.0%,2.0%,0.0%,0.0%,79.8%,20.2%,0.0%,0.0%,89.7%,10.3%,0.0%,0.0%,17.7%,79.2%,2.5%,0.4%,0.3%,0.0%,77.5%,22.5%,0.0%,0.0%,32.9%,50.8%,15.9%,0.2%,0.0%,0.0%,0.2%,52.0%,44.3%,3.6%,0.0%,0.2%,0.0%,89.6%,10.4%,0.0%,0.0%,86.7%,13.3%,0.0%,0.0%,82.3%,17.7%,0.0%,0.0%
,,Richest 20%,29.4%,0.0%,70.6%,8.9%,90.9%,0.2%,0.0%,92.5%,6.4%,1.1%,0.0%,84.1%,15.9%,0.0%,0.0%,93.5%,6.5%,0.0%,0.0%,29.0%,69.1%,0.7%,0.8%,0.4%,0.0%,80.9%,19.1%,0.0%,0.0%,37.1%,46.7%,14.6%,1.0%,0.0%,0.2%,0.4%,49.3%,45.8%,4.1%,0.7%,0.0%,0.0%,84.2%,15.8%,0.0%,0.0%,83.0%,16.7%,0.3%,0.0%,79.4%,20.6%,0.0%,0.0%
,Feelings About Household Income,Living comfortably on present income,33.1%,0.2%,66.7%,12.7%,87.2%,0.1%,0.0%,98.2%,1.5%,0.3%,0.0%,84.4%,15.6%,0.0%,0.0%,95.2%,4.8%,0.0%,0.0%,24.9%,73.4%,1.1%,0.4%,0.1%,0.0%,84.8%,15.2%,0.0%,0.0%,32.2%,52.1%,14.8%,0.5%,0.0%,0.1%,0.3%,49.8%,44.7%,4.9%,0.5%,0.2%,0.0%,89.0%,11.0%,0.0%,0.0%,86.7%,13.2%,0.1%,0.0%,83.6%,16.4%,0.0%,0.0%
,,Getting by on present income,45.2%,2.5%,52.2%,16.2%,83.5%,0.0%,0.3%,92.7%,7.2%,0.1%,0.0%,75.5%,24.5%,0.0%,0.0%,90.1%,9.9%,0.0%,0.0%,15.8%,82.2%,1.7%,0.1%,0.2%,0.0%,74.8%,25.2%,0.0%,0.0%,25.4%,53.1%,20.8%,0.3%,0.0%,0.4%,0.0%,55.1%,39.1%,5.8%,0.0%,0.0%,0.0%,83.3%,16.7%,0.0%,0.0%,87.5%,12.5%,0.0%,0.0%,75.7%,24.3%,0.0%,0.0%
,,Finding it difficult on present income,60.6%,10.0%,29.3%,26.7%,73.3%,0.0%,0.0%,92.1%,7.9%,0.0%,0.0%,76.3%,23.7%,0.0%,0.0%,67.5%,32.5%,0.0%,0.0%,20.8%,74.3%,4.9%,0.0%,0.0%,0.0%,48.5%,48.5%,3.0%,0.0%,32.4%,44.1%,20.9%,2.2%,0.0%,0.0%,0.4%,44.5%,51.5%,3.9%,0.0%,0.0%,0.0%,76.1%,23.1%,0.0%,0.8%,76.7%,23.3%,0.0%,0.0%,52.3%,47.7%,0.0%,0.0%
,,Finding it very difficult on present income,58.0%,18.8%,23.1%,51.2%,48.8%,0.0%,0.0%,61.2%,38.8%,0.0%,0.0%,59.0%,40.1%,0.9%,0.0%,56.9%,43.1%,0.0%,0.0%,26.0%,58.3%,15.6%,0.0%,0.0%,0.0%,37.7%,62.3%,0.0%,0.0%,9.2%,52.4%,38.4%,0.0%,0.0%,0.0%,0.0%,62.7%,21.7%,15.6%,0.0%,0.0%,0.0%,88.4%,11.6%,0.0%,0.0%,50.5%,49.5%,0.0%,0.0%,68.7%,31.3%,0.0%,0.0%
,Urban/Rural,A rural area or on a farm,40.1%,3.1%,56.9%,19.7%,79.8%,0.0%,0.5%,94.8%,5.2%,0.0%,0.0%,81.6%,18.4%,0.0%,0.0%,89.5%,10.5%,0.0%,0.0%,19.0%,77.9%,3.1%,0.0%,0.0%,0.0%,71.5%,26.8%,1.7%,0.0%,27.9%,55.0%,15.4%,0.8%,0.0%,0.7%,0.2%,50.9%,40.9%,7.8%,0.2%,0.3%,0.0%,83.8%,16.2%,0.0%,0.0%,87.9%,12.1%,0.0%,0.0%,77.3%,22.7%,0.0%,0.0%
,,A small town or villAge,39.7%,1.4%,58.9%,14.9%,84.9%,0.2%,0.0%,97.0%,3.0%,0.0%,0.0%,75.9%,23.3%,0.2%,0.6%,92.2%,7.3%,0.0%,0.6%,17.8%,80.1%,1.3%,0.0%,0.2%,0.6%,83.0%,16.5%,0.0%,0.6%,33.0%,53.9%,12.0%,0.0%,0.0%,0.2%,0.9%,56.1%,36.9%,6.1%,0.2%,0.2%,0.6%,89.0%,10.0%,0.0%,1.0%,85.5%,13.5%,0.0%,1.0%,75.8%,23.2%,0.0%,1.0%
,,A large city,44.8%,4.5%,50.7%,19.2%,80.8%,0.0%,0.0%,92.4%,7.6%,0.0%,0.0%,78.4%,21.6%,0.0%,0.0%,86.0%,14.0%,0.0%,0.0%,25.7%,69.6%,4.7%,0.0%,0.0%,0.0%,70.9%,29.1%,0.0%,0.0%,26.8%,44.8%,26.6%,1.5%,0.0%,0.0%,0.3%,58.0%,36.1%,5.2%,0.6%,0.0%,0.0%,83.7%,16.3%,0.0%,0.0%,83.6%,16.1%,0.3%,0.0%,77.3%,22.7%,0.0%,0.0%
,,A suburb of a large city,40.2%,3.2%,56.5%,17.2%,82.8%,0.0%,0.0%,90.9%,8.5%,0.7%,0.0%,80.4%,19.6%,0.0%,0.0%,86.2%,13.8%,0.0%,0.0%,22.8%,74.5%,1.7%,0.7%,0.2%,0.0%,73.6%,26.4%,0.0%,0.0%,26.5%,53.1%,20.3%,0.1%,0.0%,0.0%,0.0%,45.0%,50.1%,4.9%,0.0%,0.0%,0.0%,84.7%,15.1%,0.0%,0.2%,82.7%,17.3%,0.0%,0.0%,77.1%,22.9%,0.0%,0.0%
Egypt,Age,15-24,67.8%,14.6%,17.6%,9.9%,90.1%,0.0%,0.0%,80.6%,18.0%,1.4%,0.0%,66.3%,32.4%,1.3%,0.0%,77.9%,22.1%,0.0%,0.0%,19.9%,73.7%,5.6%,0.5%,0.2%,0.0%,62.0%,34.9%,3.1%,0.0%,33.7%,38.8%,25.0%,2.2%,0.2%,0.1%,0.0%,45.3%,31.8%,21.5%,0.0%,1.4%,0.0%,77.9%,22.1%,0.0%,0.0%,69.4%,30.4%,0.3%,0.0%,57.2%,42.8%,0.0%,0.0%
,,25-34,54.0%,30.1%,15.9%,16.4%,83.6%,0.0%,0.0%,66.9%,32.4%,0.7%,0.0%,65.2%,34.8%,0.0%,0.0%,76.6%,20.6%,2.4%,0.3%,9.6%,86.9%,1.8%,0.0%,1.6%,0.0%,57.4%,37.9%,4.7%,0.0%,22.6%,54.7%,22.4%,0.3%,0.0%,0.0%,0.0%,50.5%,22.6%,25.4%,0.0%,1.5%,0.0%,69.0%,30.5%,0.5%,0.0%,68.8%,30.2%,1.0%,0.0%,45.5%,51.2%,3.3%,0.0%
,,35-44,63.9%,21.2%,14.8%,29.4%,70.6%,0.0%,0.0%,59.3%,40.7%,0.0%,0.0%,73.3%,26.7%,0.0%,0.0%,88.4%,11.4%,0.2%,0.0%,4.6%,93.8%,1.6%,0.0%,0.0%,0.0%,69.0%,30.3%,0.7%,0.0%,14.8%,62.4%,20.7%,0.0%,2.2%,0.0%,0.0%,54.8%,31.5%,13.3%,0.0%,0.3%,0.0%,90.6%,9.1%,0.3%,0.0%,76.2%,23.5%,0.3%,0.0%,57.9%,41.7%,0.3%,0.0%
,,45-64,59.1%,19.0%,21.9%,51.1%,48.9%,0.0%,0.0%,59.4%,40.4%,0.2%,0.0%,70.8%,28.9%,0.3%,0.0%,90.3%,9.6%,0.2%,0.0%,1.3%,96.7%,2.0%,0.0%,0.0%,0.0%,76.3%,23.7%,0.0%,0.0%,11.5%,56.9%,30.0%,0.0%,1.6%,0.0%,0.0%,39.8%,34.2%,26.0%,0.0%,0.0%,0.0%,87.8%,12.2%,0.0%,0.0%,92.4%,7.6%,0.0%,0.0%,60.6%,39.4%,0.0%,0.0%
,,65+,71.5%,0.0%,28.5%,46.3%,53.7%,0.0%,0.0%,43.9%,56.1%,0.0%,0.0%,81.8%,18.2%,0.0%,0.0%,100.0%,0.0%,0.0%,0.0%,6.2%,93.8%,0.0%,0.0%,0.0%,0.0%,93.8%,6.2%,0.0%,0.0%,12.4%,46.2%,41.4%,0.0%,0.0%,0.0%,0.0%,24.6%,40.9%,34.5%,0.0%,0.0%,0.0%,100.0%,0.0%,0.0%,0.0%,100.0%,0.0%,0.0%,0.0%,100.0%,0.0%,0.0%,0.0%
,Gender,Male,58.8%,24.6%,16.5%,18.7%,81.3%,0.0%,0.0%,64.7%,34.5%,0.8%,0.0%,73.2%,26.1%,0.7%,0.0%,83.3%,16.2%,0.3%,0.1%,11.5%,84.7%,3.0%,0.0%,0.9%,0.0%,62.6%,35.1%,2.4%,0.0%,22.8%,51.2%,24.0%,1.2%,0.7%,0.1%,0.0%,47.1%,32.7%,19.4%,0.0%,0.8%,0.0%,80.7%,19.1%,0.3%,0.0%,73.9%,25.5%,0.6%,0.0%,56.0%,42.7%,1.3%,0.0%
,,Female,65.4%,15.1%,19.5%,35.1%,64.9%,0.0%,0.0%,69.5%,30.1%,0.3%,0.0%,63.6%,36.2%,0.2%,0.0%,83.0%,15.8%,1.1%,0.0%,7.0%,90.0%,2.7%,0.3%,0.0%,0.0%,71.0%,26.9%,2.0%,0.0%,19.4%,53.2%,26.2%,0.0%,1.1%,0.0%,0.0%,46.4%,27.2%,25.6%,0.0%,0.9%,0.0%,79.9%,20.1%,0.0%,0.0%,83.4%,16.6%,0.0%,0.0%,49.1%,50.9%,0.0%,0.0%
,Employment Status,Employed full time for an employer,58.7%,25.2%,16.1%,23.1%,76.9%,0.0%,0.0%,68.9%,31.1%,0.0%,0.0%,70.9%,28.9%,0.1%,0.0%,83.2%,16.1%,0.8%,0.0%,7.2%,87.6%,5.1%,0.0%,0.0%,0.0%,61.0%,37.8%,1.3%,0.0%,20.6%,59.3%,17.5%,1.1%,1.4%,0.1%,0.0%,47.2%,32.8%,20.0%,0.0%,0.0%,0.0%,79.6%,20.3%,0.1%,0.0%,76.6%,23.1%,0.3%,0.0%,49.8%,48.6%,1.6%,0.0%
,,Employed full time for self,67.6%,15.2%,17.1%,17.1%,82.9%,0.0%,0.0%,71.0%,25.5%,3.5%,0.0%,70.7%,29.3%,0.0%,0.0%,86.4%,12.2%,0.7%,0.7%,7.1%,90.1%,1.9%,0.0%,0.9%,0.0%,71.5%,20.5%,8.0%,0.0%,23.1%,50.7%,22.7%,3.5%,0.0%,0.0%,0.0%,53.5%,28.1%,18.3%,0.0%,0.0%,0.0%,87.1%,12.3%,0.6%,0.0%,73.5%,25.2%,1.3%,0.0%,66.0%,33.4%,0.6%,0.0%
,,Employed part time do not want full time,62.4%,4.1%,33.5%,13.0%,87.0%,0.0%,0.0%,70.6%,29.4%,0.0%,0.0%,74.8%,25.2%,0.0%,0.0%,81.7%,16.2%,2.2%,0.0%,1.8%,96.0%,2.2%,0.0%,0.0%,0.0%,75.7%,24.3%,0.0%,0.0%,50.4%,32.7%,13.3%,0.0%,3.6%,0.0%,0.0%,74.0%,20.4%,5.5%,0.0%,0.0%,0.0%,77.3%,22.7%,0.0%,0.0%,65.2%,34.8%,0.0%,0.0%,66.0%,34.0%,0.0%,0.0%
,,Unemployed,69.2%,24.8%,6.0%,22.1%,77.9%,0.0%,0.0%,47.5%,52.5%,0.0%,0.0%,73.9%,26.1%,0.0%,0.0%,80.6%,19.4%,0.0%,0.0%,14.9%,82.4%,2.7%,0.0%,0.0%,0.0%,49.2%,49.0%,1.8%,0.0%,20.2%,59.0%,20.8%,0.0%,0.0%,0.0%,0.0%,48.4%,32.2%,19.4%,0.0%,0.0%,0.0%,0.0%,0.0%,0.0%,0.0%,0.0%,0.0%,0.0%,0.0%,0.0%,0.0%,0.0%,0.0%
,,Employed part time want full time,57.7%,31.6%,10.6%,29.2%,70.8%,0.0%,0.0%,51.3%,47.4%,1.2%,0.0%,69.4%,24.7%,5.9%,0.0%,66.7%,33.3%,0.0%,0.0%,8.7%,89.4%,1.9%,0.0%,0.0%,0.0%,61.1%,38.9%,0.0%,0.0%,26.6%,51.3%,22.1%,0.0%,0.0%,0.0%,0.0%,27.0%,30.0%,42.9%,0.0%,0.0%,0.0%,74.1%,25.9%,0.0%,0.0%,78.7%,21.3%,0.0%,0.0%,52.2%,47.8%,0.0%,0.0%
,,Out of workforce,60.5%,16.4%,23.0%,31.8%,68.2%,0.0%,0.0%,72.6%,27.1%,0.3%,0.0%,65.2%,34.7%,0.1%,0.0%,85.7%,13.4%,0.9%,0.0%,10.3%,86.6%,1.9%,0.3%,0.9%,0.0%,74.2%,23.9%,1.8%,0.0%,19.4%,46.8%,32.7%,0.0%,1.1%,0.0%,0.0%,45.9%,29.0%,23.1%,0.0%,2.0%,0.0%,0.0%,0.0%,0.0%,0.0%,0.0%,0.0%,0.0%,0.0%,0.0%,0.0%,0.0%,0.0%
,Per Capita Income Quintiles,Poorest 20%,45.5%,45.4%,9.1%,35.2%,64.8%,0.0%,0.0%,49.6%,50.1%,0.2%,0.0%,64.1%,34.1%,1.8%,0.0%,76.8%,23.2%,0.0%,0.0%,8.0%,86.3%,3.8%,0.0%,1.9%,0.0%,60.9%,36.7%,2.5%,0.0%,15.6%,55.7%,26.8%,0.0%,1.9%,0.0%,0.0%,39.2%,40.3%,18.6%,0.0%,1.9%,0.0%,66.3%,32.9%,0.8%,0.0%,67.8%,31.4%,0.8%,0.0%,40.8%,58.4%,0.8%,0.0%
,,Second 20%,70.5%,19.2%,10.2%,27.7%,72.3%,0.0%,0.0%,61.3%,36.8%,1.9%,0.0%,65.0%,34.8%,0.2%,0.0%,77.6%,22.4%,0.0%,0.0%,6.9%,90.4%,2.0%,0.7%,0.0%,0.0%,61.0%,35.3%,3.7%,0.0%,23.1%,50.6%,23.7%,1.9%,0.6%,0.0%,0.0%,46.9%,25.2%,27.5%,0.0%,0.4%,0.0%,89.9%,9.6%,0.5%,0.0%,80.4%,19.6%,0.0%,0.0%,68.5%,31.5%,0.0%,0.0%
,,Middle 20%,62.4%,18.8%,18.8%,25.9%,74.1%,0.0%,0.0%,61.4%,37.9%,0.7%,0.0%,69.3%,30.7%,0.0%,0.0%,87.3%,12.0%,0.7%,0.0%,7.0%,90.8%,2.2%,0.0%,0.0%,0.0%,67.7%,31.2%,1.1%,0.0%,14.2%,61.6%,22.6%,0.0%,1.6%,0.0%,0.0%,48.4%,30.3%,21.4%,0.0%,0.0%,0.0%,81.1%,18.9%,0.0%,0.0%,73.3%,26.3%,0.4%,0.0%,47.5%,48.7%,3.8%,0.0%
,,Fourth 20%,65.7%,13.9%,20.3%,23.2%,76.8%,0.0%,0.0%,76.9%,23.1%,0.0%,0.0%,69.8%,30.0%,0.2%,0.0%,82.9%,15.0%,2.1%,0.0%,11.1%,86.0%,2.7%,0.0%,0.2%,0.0%,65.2%,31.9%,2.9%,0.0%,20.0%,48.3%,30.0%,1.5%,0.0%,0.1%,0.0%,50.3%,26.1%,21.7%,0.0%,1.9%,0.0%,76.6%,23.4%,0.0%,0.0%,79.4%,20.2%,0.3%,0.0%,55.8%,44.2%,0.0%,0.0%
,,Richest 20%,62.5%,8.9%,28.6%,18.7%,81.3%,0.0%,0.0%,84.9%,15.0%,0.1%,0.0%,76.2%,23.8%,0.0%,0.0%,91.3%,7.6%,0.7%,0.4%,14.1%,81.9%,3.6%,0.0%,0.3%,0.0%,77.2%,21.9%,0.9%,0.0%,33.2%,44.6%,21.9%,0.0%,0.3%,0.0%,0.0%,48.9%,29.4%,21.7%,0.0%,0.0%,0.0%,87.1%,12.9%,0.0%,0.0%,77.2%,22.1%,0.8%,0.0%,60.4%,39.2%,0.4%,0.0%
,Feelings About Household Income,Living comfortably on present income,55.4%,1.4%,43.2%,18.1%,81.9%,0.0%,0.0%,84.9%,15.1%,0.0%,0.0%,77.7%,22.3%,0.0%,0.0%,92.6%,5.2%,1.4%,0.7%,21.2%,71.8%,6.4%,0.0%,0.6%,0.0%,87.7%,11.2%,1.1%,0.0%,37.1%,37.6%,25.4%,0.0%,0.0%,0.0%,0.0%,43.8%,40.9%,15.2%,0.0%,0.0%,0.0%,90.5%,9.5%,0.0%,0.0%,74.4%,24.2%,1.4%,0.0%,67.9%,32.1%,0.0%,0.0%
,,Getting by on present income,65.1%,12.8%,22.1%,20.3%,79.7%,0.0%,0.0%,74.7%,25.3%,0.1%,0.0%,72.9%,26.9%,0.2%,0.0%,89.0%,9.7%,1.2%,0.0%,9.1%,85.8%,3.9%,0.3%,0.9%,0.0%,74.9%,22.2%,2.9%,0.0%,22.7%,49.3%,27.8%,0.0%,0.1%,0.1%,0.0%,47.3%,29.6%,21.2%,0.0%,2.0%,0.0%,85.9%,14.1%,0.0%,0.0%,75.2%,24.5%,0.3%,0.0%,59.7%,40.1%,0.2%,0.0%
,,Finding it difficult on present income,70.4%,21.3%,8.2%,32.3%,67.7%,0.0%,0.0%,64.3%,34.2%,1.5%,0.0%,63.2%,36.8%,0.0%,0.0%,80.1%,19.9%,0.0%,0.0%,8.9%,89.5%,1.6%,0.0%,0.0%,0.0%,58.1%,38.6%,3.3%,0.0%,15.1%,55.4%,25.5%,2.4%,1.5%,0.0%,0.0%,45.1%,28.6%,26.3%,0.0%,0.0%,0.0%,79.4%,20.6%,0.0%,0.0%,78.6%,21.4%,0.0%,0.0%,47.9%,52.1%,0.0%,0.0%
,,Finding it very difficult on present income,50.0%,44.1%,6.0%,34.4%,65.6%,0.0%,0.0%,45.3%,53.8%,0.9%,0.0%,62.5%,35.8%,1.7%,0.0%,70.2%,29.6%,0.2%,0.0%,5.6%,93.7%,0.6%,0.0%,0.1%,0.0%,50.1%,49.8%,0.1%,0.0%,16.9%,61.8%,18.8%,0.3%,2.1%,0.0%,0.0%,47.9%,29.0%,23.2%,0.0%,0.0%,0.0%,65.5%,33.6%,1.0%,0.0%,73.6%,25.8%,0.6%,0.0%,45.7%,53.6%,0.6%,0.0%
,Urban/Rural,A rural area or on a farm,66.6%,17.0%,16.5%,25.3%,74.7%,0.0%,0.0%,67.1%,32.9%,0.0%,0.0%,71.9%,26.0%,2.1%,0.0%,88.0%,11.5%,0.0%,0.4%,10.3%,88.4%,1.3%,0.0%,0.0%,0.0%,72.5%,26.9%,0.6%,0.0%,24.1%,46.1%,29.4%,0.0%,0.3%,0.0%,0.0%,49.6%,21.8%,28.6%,0.0%,0.0%,0.0%,88.3%,11.0%,0.7%,0.0%,77.4%,21.9%,0.7%,0.0%,46.7%,52.6%,0.7%,0.0%
,,A small town or villAge,57.1%,28.5%,14.5%,19.9%,80.1%,0.0%,0.0%,68.3%,30.5%,1.3%,0.0%,71.5%,28.4%,0.1%,0.0%,81.5%,18.0%,0.4%,0.0%,9.4%,86.5%,2.7%,0.0%,1.5%,0.0%,62.7%,35.4%,1.9%,0.0%,20.2%,56.4%,20.6%,1.3%,1.5%,0.0%,0.0%,45.4%,32.6%,20.7%,0.0%,1.3%,0.0%,73.8%,25.9%,0.3%,0.0%,75.5%,24.2%,0.3%,0.0%,55.4%,42.1%,2.6%,0.0%
,,A large city,62.6%,14.4%,23.0%,28.4%,71.6%,0.0%,0.0%,64.5%,35.1%,0.5%,0.0%,70.5%,29.4%,0.1%,0.0%,84.1%,14.5%,1.4%,0.0%,9.4%,86.8%,3.4%,0.3%,0.1%,0.0%,68.4%,28.0%,3.6%,0.0%,20.5%,51.5%,26.3%,0.7%,0.9%,0.1%,0.0%,45.1%,32.3%,21.4%,0.0%,1.1%,0.0%,85.8%,14.2%,0.0%,0.0%,71.0%,28.4%,0.6%,0.0%,57.1%,42.7%,0.2%,0.0%
,,A suburb of a large city,63.7%,25.5%,10.7%,36.0%,64.0%,0.0%,0.0%,71.6%,28.1%,0.3%,0.0%,50.5%,49.5%,0.0%,0.0%,76.7%,23.3%,0.0%,0.0%,8.5%,87.9%,3.6%,0.0%,0.0%,0.0%,59.4%,40.3%,0.3%,0.0%,22.4%,52.3%,25.4%,0.0%,0.0%,0.0%,0.0%,52.2%,29.0%,18.7%,0.0%,0.0%,0.0%,67.7%,32.3%,0.0%,0.0%,89.4%,10.6%,0.0%,0.0%,59.7%,40.3%,0.0%,0.0%
Morocco,Age,15-24,61.5%,4.5%,33.9%,9.2%,90.5%,0.3%,0.0%,72.7%,25.9%,1.4%,0.0%,74.5%,22.4%,3.2%,0.0%,63.4%,31.6%,4.9%,0.0%,13.3%,75.7%,8.6%,0.0%,2.5%,0.0%,52.2%,44.2%,3.6%,0.0%,28.2%,42.4%,27.6%,0.0%,0.5%,1.1%,0.3%,53.6%,23.1%,21.2%,0.0%,2.1%,0.0%,64.7%,31.9%,3.5%,0.0%,55.3%,38.9%,5.8%,0.0%,59.9%,37.8%,2.4%,0.0%
,,25-34,64.1%,12.7%,23.2%,15.1%,84.9%,0.0%,0.0%,56.7%,42.2%,1.1%,0.0%,68.9%,27.0%,4.1%,0.0%,54.1%,38.8%,6.4%,0.7%,4.5%,89.4%,4.9%,0.0%,1.2%,0.0%,47.1%,45.8%,7.0%,0.0%,19.1%,49.7%,26.1%,0.2%,0.8%,4.0%,0.0%,49.0%,20.9%,29.0%,0.0%,1.1%,0.0%,69.9%,27.1%,3.0%,0.0%,71.1%,22.2%,6.7%,0.0%,59.6%,39.5%,1.0%,0.0%
,,35-44,64.5%,11.2%,24.3%,18.3%,81.0%,0.6%,0.0%,41.7%,57.0%,1.3%,0.0%,73.9%,21.1%,5.0%,0.0%,62.8%,33.4%,3.8%,0.0%,2.1%,90.8%,2.8%,0.5%,3.8%,0.0%,54.9%,31.7%,13.5%,0.0%,19.1%,53.3%,23.1%,0.0%,0.0%,4.6%,0.0%,47.0%,16.6%,32.9%,0.0%,3.5%,0.0%,84.3%,12.7%,2.9%,0.0%,75.7%,19.5%,4.7%,0.0%,56.9%,38.9%,4.2%,0.0%
,,45-64,66.6%,7.9%,25.6%,42.2%,57.8%,0.0%,0.0%,46.7%,51.8%,1.4%,0.0%,74.6%,22.4%,3.0%,0.0%,73.6%,18.8%,7.6%,0.0%,1.2%,93.3%,1.3%,0.0%,4.1%,0.0%,68.3%,26.2%,5.4%,0.0%,10.1%,45.9%,37.4%,1.3%,0.0%,5.4%,0.0%,41.3%,19.5%,33.7%,0.7%,4.8%,0.0%,89.3%,6.9%,3.9%,0.0%,78.7%,13.9%,7.3%,0.0%,65.5%,31.0%,3.5%,0.0%
,,65+,69.6%,8.1%,22.3%,62.7%,37.3%,0.0%,0.0%,41.2%,58.8%,0.0%,0.0%,88.6%,5.7%,5.7%,0.0%,88.1%,11.9%,0.0%,0.0%,4.3%,90.0%,0.0%,0.0%,5.7%,0.0%,62.8%,19.4%,17.8%,0.0%,9.4%,44.3%,44.3%,0.0%,0.0%,2.0%,0.0%,30.8%,16.3%,41.5%,0.0%,11.4%,0.0%,67.8%,32.2%,0.0%,0.0%,46.8%,32.2%,20.9%,0.0%,22.8%,77.2%,0.0%,0.0%
,Gender,Male,63.9%,12.9%,23.2%,19.7%,80.2%,0.1%,0.0%,45.1%,52.9%,2.0%,0.0%,76.4%,20.5%,3.1%,0.0%,64.9%,30.6%,4.6%,0.0%,6.4%,84.9%,5.0%,0.1%,3.6%,0.0%,56.1%,38.0%,5.9%,0.0%,17.0%,48.9%,28.3%,0.8%,0.5%,4.5%,0.0%,49.3%,22.8%,25.8%,0.0%,2.2%,0.0%,77.1%,19.3%,3.7%,0.0%,70.1%,22.6%,7.3%,0.0%,61.7%,36.3%,2.0%,0.0%
,,Female,64.2%,3.9%,31.9%,27.5%,72.2%,0.3%,0.0%,64.3%,35.2%,0.5%,0.0%,70.9%,24.6%,4.5%,0.0%,64.9%,28.3%,6.5%,0.3%,4.6%,89.4%,3.5%,0.1%,2.4%,0.0%,56.3%,34.6%,9.1%,0.0%,20.3%,45.5%,31.1%,0.0%,0.1%,2.9%,0.2%,44.4%,17.5%,33.4%,0.4%,4.4%,0.0%,80.0%,18.5%,1.5%,0.0%,73.9%,22.5%,3.6%,0.0%,52.0%,42.8%,5.2%,0.0%
,Employment Status,Employed full time for an employer,56.1%,13.2%,30.7%,12.7%,86.5%,0.8%,0.0%,45.7%,53.6%,0.6%,0.0%,71.4%,26.1%,2.6%,0.0%,62.2%,33.8%,4.0%,0.0%,5.3%,85.2%,4.5%,0.3%,4.7%,0.0%,53.7%,42.9%,3.3%,0.0%,20.6%,55.0%,20.2%,0.4%,0.0%,3.8%,0.0%,47.4%,23.3%,24.9%,0.0%,4.4%,0.0%,74.4%,20.8%,4.8%,0.0%,71.2%,21.0%,7.8%,0.0%,60.4%,36.0%,3.6%,0.0%
,,Employed full time for self,73.9%,14.0%,12.1%,16.0%,84.0%,0.0%,0.0%,46.2%,51.9%,1.9%,0.0%,80.1%,16.7%,3.2%,0.0%,63.2%,32.8%,4.0%,0.0%,6.0%,89.2%,4.4%,0.5%,0.0%,0.0%,51.2%,41.0%,7.8%,0.0%,20.8%,39.6%,33.6%,0.0%,0.0%,6.0%,0.0%,50.7%,27.8%,21.6%,0.0%,0.0%,0.0%,84.1%,13.5%,2.3%,0.0%,75.3%,20.8%,4.0%,0.0%,56.8%,41.3%,1.9%,0.0%
,,Employed part time do not want full time,76.5%,1.4%,22.1%,24.9%,75.1%,0.0%,0.0%,62.3%,33.3%,4.4%,0.0%,68.0%,28.8%,3.2%,0.0%,58.8%,30.3%,10.9%,0.0%,7.8%,90.2%,2.0%,0.0%,0.0%,0.0%,54.6%,40.2%,5.2%,0.0%,17.0%,38.9%,38.1%,6.0%,0.0%,0.0%,0.0%,66.0%,11.1%,22.9%,0.0%,0.0%,0.0%,82.6%,15.4%,2.1%,0.0%,66.3%,21.9%,11.8%,0.0%,38.8%,58.0%,3.2%,0.0%
,,Unemployed,68.9%,11.1%,20.0%,17.6%,82.4%,0.0%,0.0%,51.3%,48.1%,0.6%,0.0%,64.6%,31.5%,3.8%,0.0%,52.3%,39.6%,7.0%,1.1%,11.8%,79.7%,3.1%,0.0%,5.4%,0.0%,43.8%,48.0%,8.2%,0.0%,22.5%,43.7%,30.3%,0.0%,0.4%,3.0%,0.0%,46.9%,17.7%,33.5%,0.0%,1.9%,0.0%,0.0%,0.0%,0.0%,0.0%,0.0%,0.0%,0.0%,0.0%,0.0%,0.0%,0.0%,0.0%
,,Employed part time want full time,65.4%,13.5%,21.1%,26.9%,73.1%,0.0%,0.0%,45.5%,54.5%,0.0%,0.0%,72.0%,23.2%,4.8%,0.0%,61.8%,32.6%,5.6%,0.0%,3.3%,87.8%,7.0%,0.0%,1.9%,0.0%,62.2%,31.5%,6.3%,0.0%,12.1%,49.7%,32.4%,1.3%,0.7%,3.7%,0.0%,44.2%,27.3%,26.1%,0.0%,2.4%,0.0%,75.5%,22.6%,1.9%,0.0%,68.0%,27.0%,5.0%,0.0%,68.6%,29.7%,1.7%,0.0%
,,Out of workforce,61.9%,4.3%,33.8%,29.7%,70.1%,0.2%,0.0%,61.5%,36.9%,1.6%,0.0%,76.9%,18.9%,4.2%,0.0%,71.2%,23.4%,5.4%,0.0%,3.8%,89.3%,4.1%,0.0%,2.7%,0.0%,60.7%,30.2%,9.0%,0.0%,17.7%,47.2%,30.8%,0.0%,0.4%,3.7%,0.2%,45.2%,17.5%,32.5%,0.4%,4.4%,0.0%,0.0%,0.0%,0.0%,0.0%,0.0%,0.0%,0.0%,0.0%,0.0%,0.0%,0.0%,0.0%
,Per Capita Income Quintiles,Poorest 20%,67.5%,10.1%,22.4%,28.6%,71.4%,0.0%,0.0%,43.0%,56.0%,1.0%,0.0%,69.5%,27.7%,2.8%,0.0%,58.8%,33.7%,7.6%,0.0%,5.6%,83.9%,3.1%,0.0%,7.4%,0.0%,51.8%,33.8%,14.4%,0.0%,16.3%,42.7%,32.6%,1.0%,0.0%,7.3%,0.0%,38.4%,19.7%,38.9%,0.0%,3.0%,0.0%,72.8%,21.9%,5.4%,0.0%,70.9%,21.3%,7.8%,0.0%,62.9%,31.7%,5.4%,0.0%
,,Second 20%,69.4%,8.5%,22.0%,22.0%,78.0%,0.0%,0.0%,46.6%,52.1%,1.4%,0.0%,73.6%,23.4%,3.0%,0.0%,68.0%,26.9%,5.1%,0.0%,4.8%,92.3%,2.4%,0.0%,0.5%,0.0%,56.5%,34.9%,8.6%,0.0%,19.4%,54.4%,23.4%,0.0%,0.6%,2.3%,0.0%,49.7%,21.4%,24.5%,0.0%,4.3%,0.0%,85.5%,10.6%,3.9%,0.0%,67.3%,27.3%,5.5%,0.0%,56.9%,41.8%,1.3%,0.0%
,,Middle 20%,70.9%,10.3%,18.7%,26.6%,72.8%,0.6%,0.0%,55.3%,42.4%,2.3%,0.0%,68.3%,24.8%,6.8%,0.0%,60.5%,37.0%,2.4%,0.0%,6.1%,86.5%,4.6%,0.2%,2.5%,0.0%,47.2%,46.1%,6.7%,0.0%,15.6%,45.7%,35.8%,0.3%,0.7%,1.5%,0.4%,44.4%,21.0%,31.3%,0.0%,3.3%,0.0%,72.1%,26.1%,1.7%,0.0%,70.9%,19.0%,10.1%,0.0%,64.3%,33.1%,2.6%,0.0%
,,Fourth 20%,61.7%,8.8%,29.5%,19.9%,80.1%,0.0%,0.0%,58.8%,40.1%,1.2%,0.0%,74.5%,21.4%,4.2%,0.0%,61.6%,28.9%,8.7%,0.8%,5.6%,88.4%,4.7%,0.0%,1.2%,0.0%,58.1%,38.8%,3.1%,0.0%,16.8%,49.1%,31.1%,0.0%,0.3%,2.7%,0.0%,50.9%,20.6%,27.6%,0.0%,0.8%,0.0%,77.1%,21.0%,1.9%,0.0%,71.2%,25.7%,3.1%,0.0%,62.2%,35.4%,2.4%,0.0%
,,Richest 20%,51.8%,5.4%,42.8%,20.6%,79.0%,0.4%,0.0%,69.0%,30.6%,0.4%,0.0%,82.5%,15.3%,2.3%,0.0%,75.5%,20.8%,3.7%,0.0%,5.5%,84.4%,6.4%,0.2%,3.5%,0.0%,67.3%,27.9%,4.8%,0.0%,24.9%,44.2%,25.6%,0.7%,0.0%,4.7%,0.0%,50.8%,18.0%,25.4%,0.9%,4.9%,0.0%,77.9%,18.5%,3.6%,0.0%,73.9%,18.8%,7.3%,0.0%,54.9%,42.5%,2.5%,0.0%
,Feelings About Household Income,Living comfortably on present income,49.1%,4.1%,46.8%,13.2%,86.8%,0.0%,0.0%,69.4%,28.6%,2.0%,0.0%,80.6%,15.4%,4.0%,0.0%,89.8%,7.4%,2.8%,0.0%,6.7%,84.0%,7.4%,0.0%,1.9%,0.0%,80.4%,15.7%,3.9%,0.0%,21.4%,49.5%,25.4%,0.7%,1.0%,1.9%,0.0%,51.6%,17.5%,28.0%,1.0%,1.9%,0.0%,92.2%,7.4%,0.4%,0.0%,79.2%,16.4%,4.3%,0.0%,57.8%,37.9%,4.3%,0.0%
,,Getting by on present income,68.3%,6.8%,24.9%,22.1%,77.4%,0.4%,0.0%,62.9%,36.3%,0.7%,0.0%,78.1%,18.6%,3.4%,0.0%,69.8%,25.0%,5.3%,0.0%,5.6%,86.5%,4.8%,0.1%,2.9%,0.0%,60.5%,32.2%,7.4%,0.0%,20.2%,48.8%,27.7%,0.0%,0.2%,3.1%,0.0%,48.5%,18.3%,28.5%,0.0%,4.7%,0.0%,77.3%,20.6%,2.1%,0.0%,71.8%,23.7%,4.5%,0.0%,60.0%,38.6%,1.4%,0.0%
,,Finding it difficult on present income,65.7%,8.8%,25.5%,26.4%,73.4%,0.2%,0.0%,51.7%,47.4%,0.9%,0.0%,70.4%,24.9%,4.7%,0.0%,59.0%,35.7%,5.4%,0.0%,4.2%,91.8%,2.6%,0.3%,1.2%,0.0%,46.0%,46.7%,7.3%,0.0%,15.4%,48.4%,30.8%,1.1%,0.0%,4.2%,0.0%,47.7%,21.9%,28.9%,0.0%,1.5%,0.0%,79.6%,18.4%,2.1%,0.0%,69.9%,25.1%,5.0%,0.0%,59.4%,39.0%,1.6%,0.0%
,,Finding it very difficult on present income,66.3%,16.5%,17.2%,29.5%,70.5%,0.0%,0.0%,34.7%,63.6%,1.6%,0.0%,62.8%,33.0%,4.1%,0.0%,42.8%,49.3%,7.2%,0.7%,6.0%,88.7%,2.7%,0.0%,2.6%,0.0%,39.3%,52.2%,8.5%,0.0%,16.9%,42.9%,36.3%,0.2%,0.3%,3.0%,0.4%,42.2%,26.1%,30.8%,0.0%,0.9%,0.0%,68.2%,27.6%,4.3%,0.0%,65.4%,26.1%,8.5%,0.0%,64.5%,34.3%,1.2%,0.0%
,Urban/Rural,A rural area or on a farm,64.1%,11.5%,24.4%,19.6%,80.4%,0.0%,0.0%,51.9%,45.7%,2.4%,0.0%,71.9%,24.6%,3.5%,0.0%,63.4%,29.7%,6.9%,0.0%,3.2%,88.7%,2.5%,0.0%,5.7%,0.0%,57.1%,30.8%,12.1%,0.0%,18.5%,42.3%,31.5%,0.8%,0.3%,6.6%,0.0%,46.4%,22.8%,26.4%,0.0%,4.4%,0.0%,80.7%,14.1%,5.1%,0.0%,71.7%,19.1%,9.2%,0.0%,64.3%,30.7%,5.0%,0.0%
,,A small town or villAge,61.2%,11.3%,27.5%,19.7%,80.0%,0.3%,0.0%,56.2%,43.5%,0.3%,0.0%,76.3%,19.0%,4.7%,0.0%,63.6%,32.3%,4.0%,0.0%,7.0%,83.4%,6.8%,0.4%,2.5%,0.0%,55.9%,39.7%,4.5%,0.0%,16.3%,51.0%,29.3%,0.2%,0.7%,2.5%,0.0%,44.4%,21.2%,29.2%,0.7%,4.5%,0.0%,73.3%,24.2%,2.5%,0.0%,70.2%,23.2%,6.7%,0.0%,57.8%,38.6%,3.6%,0.0%
,,A large city,64.9%,5.5%,29.6%,28.7%,71.0%,0.3%,0.0%,58.1%,41.6%,0.4%,0.0%,72.4%,23.5%,4.1%,0.0%,65.6%,28.4%,5.6%,0.4%,6.1%,89.0%,3.3%,0.0%,1.6%,0.0%,54.1%,38.7%,7.3%,0.0%,19.9%,46.4%,29.9%,0.3%,0.2%,3.1%,0.2%,47.6%,18.0%,32.8%,0.0%,1.6%,0.0%,75.6%,21.9%,2.4%,0.0%,70.3%,24.3%,5.4%,0.0%,55.1%,44.2%,0.8%,0.0%
,,A suburb of a large city,73.9%,6.5%,19.5%,26.3%,73.7%,0.0%,0.0%,39.2%,54.4%,6.4%,0.0%,82.5%,17.5%,0.0%,0.0%,68.6%,26.0%,5.4%,0.0%,6.9%,84.0%,6.1%,0.0%,3.0%,0.0%,64.0%,34.5%,1.6%,0.0%,21.7%,55.1%,23.1%,0.0%,0.0%,0.0%,0.0%,51.6%,20.2%,25.2%,0.0%,3.0%,0.0%,91.5%,7.1%,1.5%,0.0%,71.0%,29.0%,0.0%,0.0%,72.1%,27.9%,0.0%,0.0%
Saudi Arabia,Age,15-24,53.2%,4.2%,42.6%,6.4%,93.6%,0.0%,0.0%,92.4%,7.6%,0.0%,0.0%,62.9%,37.1%,0.0%,0.0%,93.2%,6.8%,0.0%,0.0%,24.9%,71.7%,3.2%,0.0%,0.2%,0.0%,83.8%,15.5%,0.7%,0.0%,32.2%,35.2%,32.5%,0.1%,0.0%,0.0%,0.0%,81.1%,12.0%,6.8%,0.1%,0.0%,0.0%,85.2%,14.8%,0.0%,0.0%,80.6%,19.4%,0.0%,0.0%,68.0%,32.0%,0.0%,0.0%
,,25-34,53.6%,1.5%,44.9%,4.1%,95.5%,0.4%,0.0%,89.9%,10.0%,0.0%,0.1%,73.5%,26.5%,0.0%,0.0%,93.2%,6.8%,0.0%,0.0%,16.4%,77.5%,6.1%,0.0%,0.0%,0.0%,80.2%,19.3%,0.6%,0.0%,23.8%,46.7%,28.8%,0.7%,0.0%,0.0%,0.0%,65.2%,24.3%,10.6%,0.0%,0.0%,0.0%,84.8%,15.2%,0.0%,0.0%,76.0%,23.8%,0.1%,0.0%,71.1%,28.9%,0.0%,0.0%
,,35-44,55.3%,3.8%,41.0%,8.8%,91.2%,0.0%,0.0%,87.7%,12.3%,0.0%,0.0%,77.7%,22.3%,0.0%,0.0%,94.2%,5.5%,0.0%,0.3%,15.2%,81.6%,3.2%,0.0%,0.0%,0.0%,78.1%,20.9%,0.0%,1.0%,30.1%,53.6%,15.8%,0.4%,0.0%,0.0%,0.0%,67.2%,17.6%,15.2%,0.0%,0.0%,0.0%,83.6%,16.4%,0.0%,0.0%,72.0%,28.0%,0.0%,0.0%,69.2%,30.8%,0.0%,0.0%
,,45-64,46.4%,0.0%,53.6%,24.9%,75.1%,0.0%,0.0%,85.9%,14.1%,0.0%,0.0%,79.9%,20.1%,0.0%,0.0%,97.2%,2.8%,0.0%,0.0%,7.4%,87.8%,4.8%,0.0%,0.0%,0.0%,84.6%,15.4%,0.0%,0.0%,25.8%,64.0%,8.0%,2.3%,0.0%,0.0%,0.0%,51.6%,20.4%,26.5%,0.0%,1.4%,0.0%,86.2%,11.0%,2.8%,0.0%,69.1%,28.1%,2.8%,0.0%,56.1%,41.3%,2.6%,0.0%
,,65+,63.2%,0.0%,36.8%,55.1%,44.9%,0.0%,0.0%,100.0%,0.0%,0.0%,0.0%,100.0%,0.0%,0.0%,0.0%,100.0%,0.0%,0.0%,0.0%,0.0%,71.0%,29.0%,0.0%,0.0%,0.0%,100.0%,0.0%,0.0%,0.0%,26.1%,44.9%,29.0%,0.0%,0.0%,0.0%,0.0%,84.1%,0.0%,15.9%,0.0%,0.0%,0.0%,100.0%,0.0%,0.0%,0.0%,100.0%,0.0%,0.0%,0.0%,64.7%,35.3%,0.0%,0.0%
,Gender,Male,56.1%,3.5%,40.5%,10.4%,89.4%,0.2%,0.0%,87.8%,12.1%,0.0%,0.1%,76.8%,23.2%,0.0%,0.0%,92.8%,7.2%,0.0%,0.0%,17.7%,77.3%,5.0%,0.0%,0.1%,0.0%,76.5%,22.6%,0.5%,0.5%,24.5%,56.7%,17.4%,1.4%,0.0%,0.0%,0.0%,66.5%,17.4%,15.6%,0.0%,0.5%,0.0%,83.4%,15.9%,0.7%,0.0%,72.8%,26.5%,0.7%,0.0%,68.1%,31.3%,0.6%,0.0%
,,Female,47.4%,0.8%,51.8%,12.4%,87.6%,0.0%,0.0%,90.7%,9.3%,0.0%,0.0%,70.5%,29.5%,0.0%,0.0%,96.9%,2.8%,0.0%,0.2%,12.5%,83.3%,4.2%,0.0%,0.0%,0.0%,89.1%,10.9%,0.0%,0.0%,32.7%,40.6%,26.5%,0.1%,0.0%,0.0%,0.0%,65.6%,20.6%,13.7%,0.1%,0.0%,0.0%,89.0%,11.0%,0.0%,0.0%,78.5%,21.5%,0.0%,0.0%,64.0%,36.0%,0.0%,0.0%
,Employment Status,Employed full time for an employer,50.1%,2.7%,47.2%,10.3%,89.5%,0.2%,0.0%,88.5%,11.4%,0.0%,0.1%,77.0%,23.0%,0.0%,0.0%,94.3%,5.7%,0.0%,0.0%,15.6%,78.3%,6.0%,0.0%,0.1%,0.0%,79.8%,19.3%,0.3%,0.6%,23.4%,54.3%,20.7%,1.7%,0.0%,0.0%,0.0%,64.1%,18.7%,17.2%,0.0%,0.0%,0.0%,84.3%,15.0%,0.6%,0.0%,74.9%,24.4%,0.7%,0.0%,68.2%,31.2%,0.6%,0.0%
,,Employed full time for self,67.1%,3.5%,29.4%,16.7%,83.3%,0.0%,0.0%,86.5%,13.5%,0.0%,0.0%,74.2%,25.8%,0.0%,0.0%,98.2%,1.8%,0.0%,0.0%,9.8%,83.9%,6.3%,0.0%,0.0%,0.0%,74.4%,25.6%,0.0%,0.0%,29.2%,51.5%,19.4%,0.0%,0.0%,0.0%,0.0%,53.4%,40.1%,5.8%,0.6%,0.0%,0.0%,86.9%,13.1%,0.0%,0.0%,78.1%,21.9%,0.0%,0.0%,70.3%,29.7%,0.0%,0.0%
,,Employed part time do not want full time,36.7%,0.0%,63.3%,13.5%,86.5%,0.0%,0.0%,90.1%,9.9%,0.0%,0.0%,72.6%,27.4%,0.0%,0.0%,87.0%,13.0%,0.0%,0.0%,21.3%,78.0%,0.7%,0.0%,0.0%,0.0%,90.8%,9.2%,0.0%,0.0%,25.5%,50.2%,24.4%,0.0%,0.0%,0.0%,0.0%,71.3%,16.4%,12.3%,0.0%,0.0%,0.0%,94.8%,5.2%,0.0%,0.0%,75.5%,24.5%,0.0%,0.0%,57.6%,42.4%,0.0%,0.0%
,,Unemployed,71.6%,5.7%,22.7%,5.2%,94.8%,0.0%,0.0%,84.8%,15.2%,0.0%,0.0%,58.9%,41.1%,0.0%,0.0%,96.2%,3.8%,0.0%,0.0%,18.9%,79.3%,1.8%,0.0%,0.0%,0.0%,72.4%,27.6%,0.0%,0.0%,32.0%,39.3%,28.7%,0.0%,0.0%,0.0%,0.0%,70.5%,24.7%,4.8%,0.0%,0.0%,0.0%,0.0%,0.0%,0.0%,0.0%,0.0%,0.0%,0.0%,0.0%,0.0%,0.0%,0.0%,0.0%
,,Employed part time want full time,74.2%,0.9%,24.9%,7.9%,92.1%,0.0%,0.0%,90.9%,9.1%,0.0%,0.0%,80.3%,19.7%,0.0%,0.0%,87.9%,12.1%,0.0%,0.0%,22.1%,67.2%,10.7%,0.0%,0.0%,0.0%,68.5%,31.5%,0.0%,0.0%,41.2%,48.7%,10.1%,0.0%,0.0%,0.0%,0.0%,77.4%,8.3%,14.2%,0.0%,0.0%,0.0%,79.3%,20.7%,0.0%,0.0%,59.7%,40.3%,0.0%,0.0%,59.2%,40.8%,0.0%,0.0%
,,Out of workforce,47.2%,1.0%,51.8%,14.1%,85.9%,0.0%,0.0%,91.1%,8.9%,0.0%,0.0%,73.7%,26.3%,0.0%,0.0%,95.6%,4.1%,0.0%,0.3%,13.8%,83.8%,2.4%,0.0%,0.0%,0.0%,89.3%,10.2%,0.5%,0.0%,32.3%,46.7%,20.9%,0.1%,0.0%,0.0%,0.0%,68.0%,15.2%,15.6%,0.0%,1.1%,0.0%,0.0%,0.0%,0.0%,0.0%,0.0%,0.0%,0.0%,0.0%,0.0%,0.0%,0.0%,0.0%
,Per Capita Income Quintiles,Poorest 20%,55.6%,1.5%,42.9%,13.8%,86.2%,0.0%,0.0%,88.0%,12.0%,0.0%,0.0%,78.6%,21.4%,0.0%,0.0%,93.5%,6.5%,0.0%,0.0%,10.7%,88.0%,1.2%,0.0%,0.0%,0.0%,74.4%,23.3%,0.9%,1.4%,18.7%,66.5%,14.8%,0.0%,0.0%,0.0%,0.0%,64.1%,16.7%,17.6%,0.0%,1.6%,0.0%,82.9%,13.6%,3.5%,0.0%,70.7%,25.8%,3.5%,0.0%,72.5%,27.5%,0.0%,0.0%
,,Second 20%,60.6%,5.1%,34.3%,16.5%,83.5%,0.0%,0.0%,82.2%,17.8%,0.0%,0.0%,74.6%,25.4%,0.0%,0.0%,95.5%,4.5%,0.0%,0.0%,13.8%,79.5%,6.8%,0.0%,0.0%,0.0%,78.6%,21.4%,0.0%,0.0%,35.5%,44.7%,18.2%,1.6%,0.0%,0.0%,0.0%,61.7%,18.3%,19.9%,0.0%,0.0%,0.0%,86.4%,13.6%,0.0%,0.0%,68.8%,31.2%,0.0%,0.0%,79.4%,20.6%,0.0%,0.0%
,,Middle 20%,45.3%,1.8%,52.9%,6.9%,93.1%,0.0%,0.0%,91.6%,8.4%,0.0%,0.0%,73.4%,26.6%,0.0%,0.0%,95.4%,4.6%,0.0%,0.0%,14.1%,81.5%,4.3%,0.0%,0.0%,0.0%,84.5%,15.5%,0.0%,0.0%,28.3%,45.2%,26.5%,0.0%,0.0%,0.0%,0.0%,65.8%,21.2%,13.0%,0.0%,0.0%,0.0%,82.5%,17.5%,0.0%,0.0%,73.4%,26.6%,0.0%,0.0%,59.0%,41.0%,0.0%,0.0%
,,Fourth 20%,56.6%,2.8%,40.6%,8.9%,90.5%,0.6%,0.0%,94.7%,5.3%,0.0%,0.0%,68.0%,32.0%,0.0%,0.0%,95.5%,4.5%,0.0%,0.0%,16.6%,76.8%,6.6%,0.0%,0.0%,0.0%,87.1%,12.9%,0.0%,0.0%,22.8%,49.0%,26.3%,1.9%,0.0%,0.0%,0.0%,65.8%,19.7%,14.5%,0.0%,0.0%,0.0%,88.9%,11.1%,0.0%,0.0%,77.3%,22.5%,0.2%,0.0%,64.8%,35.2%,0.0%,0.0%
,,Richest 20%,44.6%,0.8%,54.6%,10.0%,90.0%,0.0%,0.0%,88.6%,11.3%,0.0%,0.2%,76.7%,23.3%,0.0%,0.0%,92.6%,6.9%,0.0%,0.5%,22.6%,72.9%,4.2%,0.0%,0.2%,0.0%,83.1%,16.3%,0.6%,0.0%,33.5%,45.9%,19.8%,0.8%,0.0%,0.0%,0.0%,73.3%,17.6%,9.0%,0.1%,0.0%,0.0%,83.0%,17.0%,0.0%,0.0%,79.5%,20.5%,0.0%,0.0%,61.3%,36.6%,2.1%,0.0%
,Feelings About Household Income,Living comfortably on present income,44.5%,0.5%,54.9%,6.3%,93.4%,0.4%,0.0%,92.1%,7.8%,0.0%,0.1%,76.8%,23.2%,0.0%,0.0%,95.9%,4.1%,0.0%,0.0%,21.0%,74.0%,4.9%,0.0%,0.1%,0.0%,89.9%,8.8%,0.4%,0.9%,30.4%,49.3%,19.6%,0.8%,0.0%,0.0%,0.0%,68.5%,21.3%,10.3%,0.0%,0.0%,0.0%,87.6%,10.9%,1.5%,0.0%,82.1%,17.9%,0.0%,0.0%,71.8%,28.2%,0.0%,0.0%
,,Getting by on present income,50.1%,2.6%,47.2%,13.8%,86.2%,0.0%,0.0%,89.8%,10.2%,0.0%,0.0%,73.2%,26.8%,0.0%,0.0%,94.3%,5.5%,0.0%,0.2%,11.7%,83.1%,5.2%,0.0%,0.0%,0.0%,82.3%,17.3%,0.3%,0.0%,26.0%,51.5%,22.0%,0.4%,0.0%,0.0%,0.0%,65.6%,18.1%,15.7%,0.0%,0.7%,0.0%,86.2%,13.8%,0.0%,0.0%,72.7%,27.3%,0.0%,0.0%,66.6%,32.3%,1.1%,0.0%
,,Finding it difficult on present income,69.4%,5.7%,24.9%,16.7%,83.3%,0.0%,0.0%,81.9%,18.1%,0.0%,0.0%,73.7%,26.3%,0.0%,0.0%,95.6%,4.4%,0.0%,0.0%,12.9%,84.2%,2.9%,0.0%,0.0%,0.0%,68.7%,31.3%,0.0%,0.0%,27.6%,54.5%,15.7%,2.1%,0.0%,0.0%,0.0%,61.1%,16.0%,22.9%,0.0%,0.0%,0.0%,81.7%,18.3%,0.0%,0.0%,63.8%,33.1%,3.1%,0.0%,59.6%,40.4%,0.0%,0.0%
,,Finding it very difficult on present income,79.0%,1.8%,19.3%,1.5%,98.5%,0.0%,0.0%,87.8%,12.2%,0.0%,0.0%,64.9%,35.1%,0.0%,0.0%,80.0%,20.0%,0.0%,0.0%,26.6%,70.5%,2.9%,0.0%,0.0%,0.0%,53.7%,46.3%,0.0%,0.0%,31.8%,26.5%,41.7%,0.0%,0.0%,0.0%,0.0%,68.3%,18.0%,13.0%,0.7%,0.0%,0.0%,56.5%,43.5%,0.0%,0.0%,70.9%,29.1%,0.0%,0.0%,67.2%,32.8%,0.0%,0.0%
,Urban/Rural,A rural area or on a farm,69.2%,6.8%,24.1%,15.3%,84.7%,0.0%,0.0%,93.5%,5.6%,0.0%,0.9%,59.7%,40.3%,0.0%,0.0%,95.4%,4.6%,0.0%,0.0%,17.5%,77.2%,5.2%,0.0%,0.0%,0.0%,79.0%,21.0%,0.0%,0.0%,25.4%,47.2%,27.4%,0.0%,0.0%,0.0%,0.0%,50.8%,30.0%,19.2%,0.0%,0.0%,0.0%,95.5%,4.5%,0.0%,0.0%,78.3%,21.7%,0.0%,0.0%,64.6%,35.4%,0.0%,0.0%
,,A small town or villAge,43.4%,2.9%,53.7%,16.7%,83.3%,0.0%,0.0%,80.6%,19.4%,0.0%,0.0%,84.1%,15.9%,0.0%,0.0%,93.9%,6.1%,0.0%,0.0%,6.9%,92.6%,0.5%,0.0%,0.0%,0.0%,66.2%,24.7%,3.0%,6.1%,26.6%,66.3%,7.2%,0.0%,0.0%,0.0%,0.0%,57.7%,23.5%,11.9%,0.0%,6.9%,0.0%,91.9%,8.1%,0.0%,0.0%,77.6%,21.7%,0.7%,0.0%,48.7%,51.3%,0.0%,0.0%
,,A large city,52.6%,2.4%,44.9%,10.0%,90.0%,0.0%,0.0%,88.8%,11.2%,0.0%,0.0%,74.0%,26.0%,0.0%,0.0%,95.1%,4.8%,0.0%,0.1%,16.9%,77.9%,5.1%,0.0%,0.1%,0.0%,82.3%,17.5%,0.2%,0.0%,28.7%,47.9%,22.3%,1.0%,0.0%,0.0%,0.0%,67.4%,18.6%,14.0%,0.0%,0.0%,0.0%,83.6%,15.8%,0.6%,0.0%,73.9%,25.5%,0.6%,0.0%,69.5%,29.9%,0.6%,0.0%
,,A suburb of a large city,49.4%,0.0%,50.6%,18.4%,80.2%,1.3%,0.0%,93.7%,6.3%,0.0%,0.0%,77.7%,22.3%,0.0%,0.0%,88.7%,11.3%,0.0%,0.0%,6.7%,91.4%,1.9%,0.0%,0.0%,0.0%,83.5%,16.5%,0.0%,0.0%,20.5%,64.9%,14.4%,0.2%,0.0%,0.0%,0.0%,65.3%,12.1%,22.6%,0.0%,0.0%,0.0%,88.0%,12.0%,0.0%,0.0%,73.4%,26.6%,0.0%,0.0%,55.7%,44.3%,0.0%,0.0%
Turkey,Age,15-24,61.3%,14.0%,24.7%,8.1%,91.9%,0.0%,0.0%,88.3%,11.2%,0.5%,0.0%,72.0%,27.7%,0.2%,0.0%,58.6%,38.1%,3.3%,0.0%,41.9%,54.8%,1.7%,0.9%,0.7%,0.0%,50.9%,46.1%,3.0%,0.0%,30.2%,19.0%,31.2%,8.5%,7.4%,3.8%,0.0%,73.9%,19.2%,5.8%,0.0%,1.1%,0.0%,47.1%,49.7%,3.2%,0.0%,67.9%,30.3%,1.7%,0.0%,43.5%,56.5%,0.0%,0.0%
,,25-34,52.8%,25.6%,21.6%,7.2%,92.8%,0.0%,0.0%,83.1%,15.5%,1.3%,0.0%,69.9%,27.1%,3.0%,0.0%,62.1%,35.2%,2.6%,0.0%,29.0%,64.5%,4.6%,1.6%,0.3%,0.0%,45.2%,50.0%,4.9%,0.0%,25.4%,30.4%,34.9%,3.3%,2.7%,2.5%,0.7%,65.3%,25.0%,8.1%,1.0%,0.6%,0.0%,59.1%,36.7%,3.5%,0.7%,64.6%,26.2%,8.3%,0.9%,36.3%,63.2%,0.5%,0.0%
,,35-44,51.8%,27.1%,21.1%,13.4%,86.6%,0.0%,0.0%,86.3%,13.7%,0.0%,0.0%,64.7%,31.2%,4.1%,0.0%,59.4%,39.7%,0.8%,0.0%,15.1%,72.3%,9.2%,2.5%,0.7%,0.1%,45.7%,50.7%,3.7%,0.0%,25.6%,38.7%,28.9%,2.9%,1.0%,2.7%,0.3%,63.8%,19.7%,14.6%,0.0%,1.8%,0.0%,58.5%,35.4%,6.1%,0.0%,62.5%,31.0%,6.5%,0.0%,27.5%,72.5%,0.0%,0.0%
,,45-64,53.9%,29.0%,17.1%,27.7%,72.3%,0.0%,0.0%,79.4%,18.6%,2.0%,0.0%,75.1%,20.3%,4.7%,0.0%,60.6%,34.3%,5.1%,0.0%,12.6%,79.5%,6.6%,0.7%,0.6%,0.0%,50.6%,40.5%,7.8%,1.1%,16.8%,27.8%,47.2%,3.3%,3.0%,1.8%,0.0%,64.3%,17.6%,16.8%,1.1%,0.2%,0.0%,48.7%,37.5%,7.1%,6.6%,63.5%,24.4%,8.1%,4.0%,23.5%,76.1%,0.4%,0.0%
,,65+,57.8%,22.6%,19.7%,24.7%,75.3%,0.0%,0.0%,98.7%,0.0%,1.3%,0.0%,64.9%,35.1%,0.0%,0.0%,69.6%,30.4%,0.0%,0.0%,4.0%,79.3%,16.7%,0.0%,0.0%,0.0%,49.5%,39.4%,11.1%,0.0%,21.4%,26.1%,41.5%,0.0%,5.6%,5.4%,0.0%,50.8%,15.7%,29.5%,0.0%,4.0%,0.0%,100.0%,0.0%,0.0%,0.0%,62.1%,37.9%,0.0%,0.0%,77.8%,22.2%,0.0%,0.0%
,Gender,Male,51.9%,31.9%,16.2%,11.6%,88.4%,0.0%,0.0%,81.7%,16.2%,2.0%,0.1%,70.5%,26.6%,2.9%,0.0%,57.5%,40.3%,2.2%,0.0%,26.5%,65.2%,5.1%,2.1%,1.1%,0.1%,46.1%,49.0%,4.9%,0.0%,21.6%,28.0%,37.3%,3.8%,4.5%,4.4%,0.4%,59.8%,24.1%,13.9%,1.0%,1.1%,0.0%,54.3%,40.3%,5.2%,0.3%,60.1%,32.7%,7.0%,0.3%,34.8%,64.8%,0.4%,0.0%
,,Female,58.8%,15.4%,25.8%,19.6%,80.4%,0.0%,0.0%,87.8%,12.1%,0.1%,0.0%,70.6%,26.4%,2.9%,0.0%,64.1%,32.2%,3.8%,0.0%,19.3%,72.7%,7.3%,0.5%,0.3%,0.0%,50.8%,42.7%,5.9%,0.6%,26.0%,28.9%,36.2%,4.6%,2.8%,1.2%,0.3%,71.7%,15.7%,11.3%,0.1%,0.9%,0.3%,53.9%,35.0%,5.2%,5.9%,72.7%,17.7%,5.8%,3.8%,27.5%,72.5%,0.0%,0.0%
,Employment Status,Employed full time for an employer,56.5%,21.7%,21.9%,13.2%,86.8%,0.0%,0.0%,86.9%,11.0%,2.0%,0.0%,73.3%,26.5%,0.2%,0.0%,54.2%,44.9%,0.9%,0.0%,22.5%,69.1%,7.0%,1.0%,0.3%,0.0%,47.2%,48.6%,4.2%,0.0%,25.8%,31.1%,31.6%,4.8%,4.0%,2.1%,0.7%,59.9%,22.3%,16.5%,0.7%,0.6%,0.0%,57.8%,35.5%,4.7%,2.0%,68.0%,27.3%,4.6%,0.0%,35.9%,63.5%,0.6%,0.0%
,,Employed full time for self,55.4%,25.4%,19.3%,8.8%,91.2%,0.0%,0.0%,89.0%,10.3%,0.0%,0.7%,90.3%,5.8%,3.9%,0.0%,68.4%,23.3%,8.3%,0.0%,34.0%,53.1%,7.5%,5.5%,0.0%,0.0%,56.6%,41.7%,1.7%,0.0%,18.1%,44.0%,32.8%,0.4%,3.9%,0.8%,0.0%,54.1%,25.2%,19.9%,0.0%,0.8%,0.0%,65.0%,30.7%,4.2%,0.0%,68.4%,24.0%,7.6%,0.0%,29.3%,70.7%,0.0%,0.0%
,,Employed part time do not want full time,51.1%,20.0%,29.0%,21.5%,78.5%,0.0%,0.0%,91.6%,6.3%,2.1%,0.0%,66.2%,27.5%,6.3%,0.0%,64.8%,32.7%,2.4%,0.0%,20.6%,74.7%,2.1%,0.0%,2.6%,0.0%,52.3%,36.4%,8.6%,2.7%,24.9%,25.5%,35.7%,1.7%,6.6%,4.3%,1.4%,66.3%,21.9%,6.7%,3.1%,0.8%,1.1%,49.3%,40.8%,5.4%,4.5%,53.3%,33.0%,9.2%,4.5%,35.7%,64.3%,0.0%,0.0%
,,Unemployed,60.2%,29.0%,10.8%,8.3%,91.7%,0.0%,0.0%,81.0%,16.3%,2.7%,0.0%,66.3%,33.7%,0.0%,0.0%,44.0%,55.4%,0.7%,0.0%,30.0%,59.9%,5.5%,4.3%,0.0%,0.4%,44.4%,51.6%,3.9%,0.0%,15.4%,27.4%,46.8%,5.9%,2.9%,0.7%,0.8%,64.1%,24.0%,11.9%,0.0%,0.0%,0.0%,0.0%,0.0%,0.0%,0.0%,0.0%,0.0%,0.0%,0.0%,0.0%,0.0%,0.0%,0.0%
,,Employed part time want full time,37.9%,50.9%,11.2%,19.4%,80.6%,0.0%,0.0%,76.7%,23.3%,0.0%,0.0%,49.9%,46.2%,3.9%,0.0%,51.1%,42.8%,6.1%,0.0%,21.3%,74.1%,1.3%,1.8%,1.5%,0.0%,29.6%,64.0%,6.4%,0.0%,19.5%,20.2%,53.1%,4.0%,0.3%,2.9%,0.0%,63.5%,21.0%,15.6%,0.0%,0.0%,0.0%,45.3%,46.5%,6.5%,1.6%,67.5%,23.9%,6.7%,2.0%,23.4%,76.6%,0.0%,0.0%
,,Out of workforce,58.9%,18.2%,22.8%,16.4%,83.6%,0.0%,0.0%,83.8%,15.7%,0.5%,0.0%,73.0%,23.6%,3.3%,0.0%,66.6%,30.5%,2.9%,0.0%,21.2%,70.0%,7.9%,0.5%,0.4%,0.0%,51.8%,42.6%,5.7%,0.0%,25.9%,27.7%,34.4%,4.9%,3.6%,3.4%,0.0%,70.8%,16.6%,10.7%,0.1%,1.7%,0.0%,0.0%,0.0%,0.0%,0.0%,0.0%,0.0%,0.0%,0.0%,0.0%,0.0%,0.0%,0.0%
,Per Capita Income Quintiles,Poorest 20%,50.0%,39.1%,10.9%,17.2%,82.8%,0.0%,0.0%,68.0%,28.6%,3.4%,0.0%,60.9%,34.0%,5.0%,0.0%,47.7%,48.6%,3.7%,0.0%,21.1%,68.7%,8.4%,1.0%,0.8%,0.0%,30.8%,61.5%,7.7%,0.0%,19.6%,23.3%,41.2%,9.5%,4.5%,1.9%,0.0%,62.3%,24.7%,9.2%,1.0%,2.8%,0.0%,47.7%,44.8%,5.3%,2.1%,62.4%,28.5%,6.5%,2.5%,26.7%,73.3%,0.0%,0.0%
,,Second 20%,61.4%,25.2%,13.5%,17.2%,82.8%,0.0%,0.0%,79.5%,19.9%,0.6%,0.0%,66.8%,30.1%,3.1%,0.0%,47.4%,47.6%,5.0%,0.0%,21.0%,72.3%,4.1%,2.5%,0.0%,0.1%,38.3%,56.2%,5.5%,0.0%,22.7%,27.6%,41.1%,2.6%,2.4%,3.5%,0.1%,68.2%,20.0%,11.5%,0.2%,0.0%,0.0%,47.9%,49.6%,2.5%,0.0%,63.9%,23.3%,12.8%,0.0%,26.6%,73.4%,0.0%,0.0%
,,Middle 20%,50.5%,24.3%,25.2%,15.5%,84.5%,0.0%,0.0%,89.4%,10.3%,0.0%,0.2%,74.0%,24.3%,1.7%,0.0%,67.1%,31.5%,1.4%,0.0%,23.8%,68.5%,6.7%,0.3%,0.7%,0.0%,49.0%,44.5%,5.0%,1.5%,27.4%,28.6%,36.0%,2.7%,2.8%,2.5%,0.0%,68.7%,17.8%,11.8%,0.0%,1.6%,0.0%,47.2%,44.0%,5.8%,3.0%,64.4%,31.3%,1.3%,3.0%,24.1%,75.9%,0.0%,0.0%
,,Fourth 20%,63.1%,14.9%,21.9%,15.2%,84.8%,0.0%,0.0%,91.9%,7.5%,0.7%,0.0%,74.9%,23.6%,1.5%,0.0%,66.6%,30.7%,2.7%,0.0%,23.3%,69.3%,5.7%,1.0%,0.6%,0.0%,63.0%,36.1%,0.9%,0.0%,27.8%,27.9%,33.8%,2.6%,3.2%,3.4%,1.4%,72.3%,16.9%,9.0%,0.7%,0.4%,0.6%,60.4%,28.9%,8.8%,1.9%,67.7%,26.3%,4.2%,1.8%,41.8%,57.5%,0.6%,0.0%
,,Richest 20%,50.9%,16.6%,32.5%,12.6%,87.4%,0.0%,0.0%,94.5%,4.8%,0.7%,0.0%,76.2%,20.7%,3.1%,0.0%,74.9%,22.9%,2.2%,0.0%,25.4%,65.9%,6.0%,1.6%,1.2%,0.0%,60.8%,31.3%,7.8%,0.0%,21.5%,34.7%,31.7%,3.9%,5.4%,2.6%,0.2%,57.3%,20.2%,21.3%,0.8%,0.4%,0.0%,67.0%,25.6%,3.5%,3.8%,64.1%,27.4%,8.6%,0.0%,42.3%,57.1%,0.6%,0.0%
,Feelings About Household Income,Living comfortably on present income,40.8%,15.3%,43.8%,11.3%,88.7%,0.0%,0.0%,96.1%,3.3%,0.6%,0.0%,72.6%,22.0%,5.3%,0.0%,89.1%,9.9%,1.0%,0.0%,32.7%,59.5%,6.9%,0.3%,0.6%,0.0%,72.1%,21.4%,6.5%,0.0%,23.5%,33.9%,29.4%,1.7%,7.3%,3.5%,0.9%,59.2%,15.6%,24.8%,0.0%,0.5%,0.0%,79.3%,16.8%,0.6%,3.3%,71.2%,24.1%,3.2%,1.6%,55.3%,43.5%,1.2%,0.0%
,,Getting by on present income,61.1%,13.5%,25.4%,17.0%,83.0%,0.0%,0.0%,92.2%,7.6%,0.3%,0.0%,78.7%,20.5%,0.8%,0.0%,68.5%,29.5%,2.0%,0.0%,21.8%,71.0%,4.9%,1.9%,0.3%,0.0%,52.0%,42.7%,5.3%,0.0%,27.0%,27.5%,34.0%,3.9%,3.9%,3.7%,0.0%,67.1%,21.0%,10.1%,0.3%,1.5%,0.0%,57.6%,36.6%,4.7%,1.1%,68.2%,24.8%,5.3%,1.7%,29.2%,70.5%,0.3%,0.0%
,,Finding it difficult on present income,58.4%,27.9%,13.7%,15.5%,84.5%,0.0%,0.0%,76.1%,21.1%,2.8%,0.0%,69.1%,28.2%,2.6%,0.0%,54.9%,42.4%,2.6%,0.0%,23.1%,66.2%,9.9%,0.8%,0.0%,0.0%,47.2%,47.4%,4.1%,1.3%,18.1%,28.3%,44.7%,6.9%,0.8%,0.7%,0.5%,65.0%,18.4%,15.1%,1.0%,0.6%,0.0%,55.7%,34.0%,5.4%,4.9%,62.9%,27.2%,7.5%,2.4%,35.4%,64.6%,0.0%,0.0%
,,Finding it very difficult on present income,46.6%,46.8%,6.6%,16.2%,83.8%,0.0%,0.0%,73.1%,25.5%,1.1%,0.2%,52.8%,41.3%,5.9%,0.0%,35.2%,59.6%,5.2%,0.0%,21.4%,71.9%,4.7%,1.2%,0.8%,0.0%,30.4%,63.8%,5.8%,0.0%,23.5%,26.9%,39.6%,3.5%,4.9%,1.6%,0.0%,67.6%,21.9%,9.5%,0.8%,0.1%,0.0%,33.1%,58.1%,8.0%,0.8%,55.6%,34.6%,9.8%,0.0%,20.7%,79.3%,0.0%,0.0%
,Urban/Rural,A rural area or on a farm,40.0%,49.5%,10.5%,19.4%,80.6%,0.0%,0.0%,80.0%,20.0%,0.0%,0.0%,61.2%,35.5%,3.3%,0.0%,60.0%,36.2%,3.8%,0.0%,17.3%,62.1%,9.5%,7.1%,3.9%,0.0%,39.4%,57.9%,2.7%,0.0%,24.2%,33.8%,35.7%,1.3%,5.0%,0.0%,0.0%,56.4%,30.7%,10.8%,2.1%,0.0%,0.0%,50.1%,46.1%,3.8%,0.0%,46.6%,34.4%,18.1%,0.9%,24.5%,75.5%,0.0%,0.0%
,,A small town or villAge,57.5%,24.6%,17.9%,11.7%,88.3%,0.0%,0.0%,85.7%,13.1%,1.2%,0.0%,69.9%,27.2%,2.9%,0.0%,64.7%,33.1%,2.1%,0.0%,19.9%,71.8%,7.4%,0.8%,0.0%,0.1%,51.4%,43.4%,4.3%,1.0%,24.7%,22.6%,41.0%,6.3%,3.9%,1.3%,0.2%,63.9%,19.6%,15.9%,0.0%,0.6%,0.0%,51.6%,40.1%,4.4%,3.9%,68.3%,25.5%,2.3%,3.9%,35.4%,64.6%,0.0%,0.0%
,,A large city,56.8%,17.8%,25.4%,16.1%,83.9%,0.0%,0.0%,84.9%,13.9%,1.1%,0.0%,71.2%,27.2%,1.6%,0.0%,60.3%,37.3%,2.3%,0.0%,23.5%,70.5%,5.4%,0.1%,0.5%,0.0%,50.4%,44.1%,5.5%,0.0%,24.8%,31.2%,34.8%,3.6%,2.9%,2.5%,0.2%,68.4%,19.4%,10.8%,0.8%,0.6%,0.0%,60.1%,34.4%,3.8%,1.8%,68.6%,24.7%,6.3%,0.4%,32.8%,66.6%,0.5%,0.0%
,,A suburb of a large city,53.1%,30.9%,16.0%,21.3%,78.7%,0.0%,0.0%,84.5%,14.0%,1.1%,0.4%,76.8%,14.8%,8.4%,0.0%,52.0%,40.2%,7.8%,0.0%,33.5%,58.6%,3.3%,3.5%,1.1%,0.0%,38.0%,52.0%,10.0%,0.0%,16.5%,29.1%,33.7%,2.8%,5.4%,10.4%,2.0%,66.3%,15.4%,12.3%,0.0%,4.8%,1.1%,41.8%,43.3%,13.4%,1.5%,52.7%,37.6%,9.8%,0.0%,28.1%,71.9%,0.0%,0.0%
United Kingdom,Age,15-24,34.3%,1.5%,64.3%,5.7%,94.3%,0.0%,0.0%,93.7%,3.9%,2.4%,0.0%,71.0%,29.0%,0.0%,0.0%,68.8%,29.2%,2.0%,0.0%,30.0%,55.6%,13.4%,1.0%,0.0%,0.0%,52.6%,45.5%,1.9%,0.0%,28.2%,36.4%,18.8%,12.7%,3.2%,0.8%,0.0%,38.2%,43.1%,18.2%,0.4%,0.0%,0.0%,77.0%,23.0%,0.0%,0.0%,73.5%,26.5%,0.0%,0.0%,62.9%,37.1%,0.0%,0.0%
,,25-34,40.1%,3.5%,56.3%,9.1%,90.9%,0.0%,0.0%,92.8%,7.2%,0.0%,0.0%,62.5%,37.5%,0.0%,0.0%,80.3%,15.8%,2.6%,1.3%,34.2%,57.3%,7.7%,0.8%,0.0%,0.0%,64.7%,28.4%,6.3%,0.6%,30.8%,40.7%,21.2%,3.7%,3.6%,0.0%,0.0%,41.4%,36.5%,21.3%,0.2%,0.5%,0.0%,79.8%,16.8%,3.4%,0.0%,67.5%,32.0%,0.5%,0.0%,76.7%,21.5%,1.8%,0.0%
,,35-44,45.8%,4.8%,49.4%,10.4%,89.6%,0.0%,0.0%,91.7%,8.3%,0.0%,0.0%,69.7%,30.3%,0.0%,0.0%,85.5%,11.5%,1.9%,1.1%,30.4%,59.7%,8.6%,1.3%,0.0%,0.0%,82.5%,13.3%,2.5%,1.7%,26.3%,40.6%,27.3%,4.8%,1.0%,0.0%,0.0%,47.9%,31.0%,17.9%,1.5%,1.7%,0.0%,75.7%,22.2%,0.5%,1.6%,61.9%,37.4%,0.8%,0.0%,72.3%,26.2%,1.5%,0.0%
,,45-64,41.8%,2.8%,55.4%,15.8%,84.2%,0.0%,0.0%,94.2%,5.8%,0.0%,0.0%,68.5%,29.5%,2.0%,0.0%,88.9%,9.9%,1.3%,0.0%,22.7%,67.5%,9.1%,0.4%,0.3%,0.0%,72.6%,26.3%,0.3%,0.8%,28.7%,56.8%,8.5%,3.0%,2.1%,1.0%,0.0%,27.5%,50.4%,21.4%,0.7%,0.0%,0.0%,75.1%,24.2%,0.3%,0.4%,80.1%,17.4%,2.5%,0.0%,53.0%,44.6%,2.3%,0.0%
,,65+,53.1%,6.2%,40.7%,39.0%,61.0%,0.0%,0.0%,89.7%,9.8%,0.5%,0.0%,70.9%,29.1%,0.0%,0.0%,87.0%,11.2%,1.2%,0.6%,12.6%,74.1%,10.5%,0.9%,1.9%,0.0%,72.3%,24.2%,1.6%,1.8%,20.7%,57.1%,13.0%,5.5%,1.3%,2.4%,0.0%,39.0%,26.5%,30.7%,0.3%,3.4%,0.0%,83.7%,2.0%,14.2%,0.0%,64.5%,19.6%,15.9%,0.0%,44.3%,41.5%,14.2%,0.0%
,Gender,Male,37.9%,6.4%,55.7%,18.3%,81.7%,0.0%,0.0%,89.2%,10.2%,0.7%,0.0%,66.7%,32.5%,0.8%,0.0%,83.4%,15.7%,0.8%,0.0%,28.1%,62.1%,8.3%,1.3%,0.2%,0.0%,69.7%,27.1%,2.2%,1.0%,29.6%,47.6%,16.3%,3.5%,2.2%,0.8%,0.0%,42.5%,38.9%,16.9%,0.8%,1.0%,0.0%,78.2%,19.7%,1.3%,0.8%,72.0%,25.7%,2.3%,0.0%,59.9%,37.2%,2.9%,0.0%
,,Female,48.8%,1.3%,49.9%,16.7%,83.3%,0.0%,0.0%,95.7%,4.0%,0.3%,0.0%,70.5%,29.0%,0.5%,0.0%,83.8%,12.7%,2.5%,1.0%,21.4%,66.5%,11.0%,0.3%,0.8%,0.0%,70.2%,26.6%,2.1%,1.0%,24.1%,49.6%,16.0%,7.1%,2.0%,1.1%,0.0%,32.2%,38.5%,27.6%,0.5%,1.2%,0.0%,75.5%,22.4%,1.8%,0.2%,71.0%,27.7%,1.3%,0.0%,68.5%,30.1%,1.4%,0.0%
,Employment Status,Employed full time for an employer,39.1%,2.4%,58.6%,7.2%,92.8%,0.0%,0.0%,94.3%,5.1%,0.6%,0.0%,72.5%,27.0%,0.5%,0.0%,86.8%,11.4%,1.2%,0.6%,33.3%,57.7%,8.2%,0.2%,0.6%,0.0%,75.4%,21.5%,2.6%,0.5%,31.2%,44.2%,19.3%,2.7%,2.3%,0.3%,0.0%,39.0%,40.6%,19.0%,0.6%,0.8%,0.0%,74.5%,24.1%,1.2%,0.2%,71.5%,27.1%,1.4%,0.0%,64.2%,33.5%,2.3%,0.0%
,,Employed full time for self,36.3%,2.4%,61.4%,14.8%,85.2%,0.0%,0.0%,91.4%,8.6%,0.0%,0.0%,57.1%,38.0%,4.8%,0.0%,90.2%,3.6%,3.6%,2.6%,25.9%,64.2%,6.3%,3.0%,0.5%,0.0%,82.9%,13.5%,3.6%,0.0%,29.2%,51.8%,12.2%,3.9%,2.4%,0.5%,0.0%,24.1%,49.5%,24.6%,0.7%,1.1%,0.0%,84.0%,11.9%,1.0%,3.0%,73.0%,26.0%,1.0%,0.0%,68.3%,30.7%,1.0%,0.0%
,,Employed part time do not want full time,30.2%,3.1%,66.8%,10.1%,89.9%,0.0%,0.0%,96.7%,3.3%,0.0%,0.0%,82.6%,15.5%,2.0%,0.0%,81.6%,18.4%,0.0%,0.0%,27.7%,65.6%,4.7%,2.0%,0.0%,0.0%,69.9%,24.9%,3.5%,1.8%,19.7%,56.3%,17.8%,3.5%,2.7%,0.0%,0.0%,41.3%,26.1%,25.9%,3.0%,3.7%,0.0%,87.8%,12.2%,0.0%,0.0%,65.6%,34.4%,0.0%,0.0%,53.6%,46.4%,0.0%,0.0%
,,Unemployed,54.0%,4.7%,41.4%,13.5%,86.5%,0.0%,0.0%,88.0%,12.0%,0.0%,0.0%,59.7%,40.3%,0.0%,0.0%,76.8%,23.2%,0.0%,0.0%,24.7%,68.9%,5.1%,1.3%,0.0%,0.0%,47.7%,45.1%,2.6%,4.7%,28.4%,48.6%,15.7%,1.7%,5.6%,0.0%,0.0%,29.2%,53.6%,16.4%,0.9%,0.0%,0.0%,0.0%,0.0%,0.0%,0.0%,0.0%,0.0%,0.0%,0.0%,0.0%,0.0%,0.0%,0.0%
,,Employed part time want full time,58.7%,0.0%,41.3%,8.9%,91.1%,0.0%,0.0%,88.3%,7.7%,3.9%,0.0%,74.3%,25.7%,0.0%,0.0%,93.9%,4.4%,1.7%,0.0%,26.8%,63.4%,9.7%,0.0%,0.0%,0.0%,77.9%,22.1%,0.0%,0.0%,15.4%,46.3%,21.8%,13.0%,0.0%,3.5%,0.0%,44.1%,50.4%,4.6%,0.8%,0.0%,0.0%,70.6%,20.7%,8.7%,0.0%,79.1%,10.7%,10.2%,0.0%,71.5%,21.5%,7.0%,0.0%
,,Out of workforce,47.5%,5.6%,46.9%,30.0%,70.0%,0.0%,0.0%,91.6%,8.1%,0.3%,0.0%,66.1%,33.9%,0.0%,0.0%,80.1%,17.2%,2.4%,0.3%,15.8%,69.5%,13.1%,0.8%,0.7%,0.0%,66.0%,31.5%,1.5%,1.0%,24.2%,51.3%,13.2%,8.2%,1.4%,1.7%,0.0%,37.9%,33.2%,27.4%,0.2%,1.3%,0.0%,0.0%,0.0%,0.0%,0.0%,0.0%,0.0%,0.0%,0.0%,0.0%,0.0%,0.0%,0.0%
,Per Capita Income Quintiles,Poorest 20%,52.4%,10.5%,37.0%,22.5%,77.5%,0.0%,0.0%,90.1%,8.3%,1.6%,0.0%,58.9%,38.4%,2.7%,0.0%,75.2%,24.5%,0.3%,0.0%,20.8%,71.5%,6.2%,0.7%,0.7%,0.0%,65.4%,30.5%,3.8%,0.3%,22.1%,53.2%,13.6%,8.7%,2.2%,0.2%,0.0%,33.5%,39.6%,23.7%,1.5%,1.7%,0.0%,71.9%,25.5%,2.6%,0.0%,71.5%,24.9%,3.6%,0.0%,56.9%,40.5%,2.6%,0.0%
,,Second 20%,44.7%,2.4%,52.9%,15.4%,84.6%,0.0%,0.0%,96.1%,3.9%,0.0%,0.0%,68.7%,31.3%,0.0%,0.0%,86.8%,11.9%,1.3%,0.0%,23.5%,62.4%,13.7%,0.3%,0.0%,0.0%,70.9%,26.6%,1.6%,0.9%,28.2%,44.8%,19.1%,3.1%,3.2%,1.5%,0.0%,36.8%,42.3%,19.1%,0.9%,1.0%,0.0%,77.4%,22.3%,0.3%,0.0%,69.2%,30.1%,0.7%,0.0%,64.6%,33.6%,1.8%,0.0%
,,Middle 20%,46.7%,3.8%,49.5%,19.5%,80.5%,0.0%,0.0%,92.6%,7.4%,0.0%,0.0%,68.6%,31.4%,0.0%,0.0%,82.1%,12.5%,4.5%,0.9%,21.2%,66.2%,11.7%,0.9%,0.0%,0.0%,67.9%,28.3%,1.7%,2.0%,27.4%,47.7%,14.7%,7.0%,1.6%,1.5%,0.0%,36.1%,35.3%,26.2%,0.0%,2.4%,0.0%,84.3%,13.2%,2.0%,0.6%,72.4%,25.4%,2.2%,0.0%,64.9%,32.7%,2.3%,0.0%
,,Fourth 20%,38.0%,0.5%,61.6%,16.2%,83.8%,0.0%,0.0%,91.3%,8.0%,0.7%,0.0%,74.5%,25.5%,0.0%,0.0%,85.1%,12.4%,1.9%,0.6%,28.8%,61.1%,9.5%,0.5%,0.0%,0.0%,71.7%,25.5%,2.5%,0.3%,26.7%,51.0%,16.8%,4.3%,0.8%,0.4%,0.0%,43.8%,37.4%,18.2%,0.6%,0.0%,0.0%,73.9%,26.1%,0.0%,0.0%,73.2%,26.4%,0.4%,0.0%,65.3%,33.6%,1.0%,0.0%
,,Richest 20%,35.7%,1.5%,62.8%,13.6%,86.4%,0.0%,0.0%,92.5%,7.5%,0.0%,0.0%,72.6%,27.0%,0.4%,0.0%,88.9%,9.6%,0.4%,1.0%,29.0%,60.4%,7.3%,1.6%,1.8%,0.0%,73.7%,23.4%,1.2%,1.6%,29.6%,46.6%,16.5%,3.5%,2.7%,1.1%,0.0%,35.9%,38.9%,24.6%,0.1%,0.4%,0.0%,76.9%,18.2%,2.9%,2.0%,71.5%,26.2%,2.4%,0.0%,67.4%,29.4%,3.1%,0.0%
,Feelings About Household Income,Living comfortably on present income,36.1%,1.3%,62.6%,14.6%,85.4%,0.0%,0.0%,95.5%,4.5%,0.0%,0.0%,73.3%,26.4%,0.2%,0.0%,88.5%,9.1%,2.0%,0.4%,26.7%,64.3%,8.3%,0.4%,0.2%,0.0%,73.6%,23.6%,2.0%,0.8%,29.9%,48.7%,15.2%,3.4%,2.2%,0.7%,0.0%,41.1%,36.8%,19.9%,0.3%,1.9%,0.0%,81.2%,18.5%,0.3%,0.0%,76.3%,22.7%,0.9%,0.0%,65.9%,32.9%,1.2%,0.0%
,,Getting by on present income,48.8%,1.6%,49.6%,16.3%,83.7%,0.0%,0.0%,92.3%,7.3%,0.4%,0.0%,72.0%,26.7%,1.3%,0.0%,84.3%,14.1%,0.8%,0.8%,24.8%,62.7%,9.8%,1.6%,1.0%,0.0%,70.8%,26.7%,1.8%,0.8%,25.0%,47.3%,18.6%,6.7%,1.3%,1.1%,0.0%,34.5%,38.5%,26.3%,0.2%,0.5%,0.0%,73.8%,21.7%,3.2%,1.3%,68.2%,29.7%,2.1%,0.0%,64.7%,32.3%,3.0%,0.0%
,,Finding it difficult on present income,62.7%,10.5%,26.8%,33.6%,66.4%,0.0%,0.0%,81.0%,16.8%,2.1%,0.0%,48.6%,51.4%,0.0%,0.0%,71.2%,24.7%,4.1%,0.0%,19.3%,65.1%,15.6%,0.0%,0.0%,0.0%,67.5%,28.2%,2.9%,1.3%,19.5%,49.3%,14.0%,9.6%,6.3%,1.3%,0.0%,30.2%,40.0%,25.6%,4.2%,0.0%,0.0%,76.7%,22.5%,0.8%,0.0%,67.1%,28.8%,4.2%,0.0%,53.7%,41.5%,4.8%,0.0%
,,Finding it very difficult on present income,37.5%,42.8%,19.7%,30.0%,70.0%,0.0%,0.0%,83.5%,13.2%,3.3%,0.0%,32.9%,67.1%,0.0%,0.0%,46.0%,54.0%,0.0%,0.0%,15.6%,77.2%,7.3%,0.0%,0.0%,0.0%,17.3%,69.5%,6.9%,6.3%,27.4%,55.3%,11.4%,5.9%,0.0%,0.0%,0.0%,35.4%,60.0%,4.7%,0.0%,0.0%,0.0%,57.7%,42.3%,0.0%,0.0%,39.0%,52.0%,9.0%,0.0%,58.2%,41.8%,0.0%,0.0%
,Urban/Rural,A rural area or on a farm,49.9%,2.4%,47.7%,24.5%,75.5%,0.0%,0.0%,93.2%,6.8%,0.0%,0.0%,69.1%,30.9%,0.0%,0.0%,88.7%,11.3%,0.0%,0.0%,15.1%,68.9%,16.0%,0.0%,0.0%,0.0%,84.1%,13.8%,1.4%,0.6%,24.0%,57.7%,12.8%,4.1%,0.4%,0.9%,0.0%,40.9%,31.8%,24.7%,1.6%,1.1%,0.0%,68.8%,26.0%,5.2%,0.0%,73.3%,20.6%,6.1%,0.0%,55.5%,35.4%,9.1%,0.0%
,,A small town or villAge,44.5%,3.7%,51.8%,19.8%,80.2%,0.0%,0.0%,91.4%,7.9%,0.7%,0.0%,71.4%,27.6%,1.0%,0.0%,80.8%,16.9%,2.3%,0.0%,24.6%,65.8%,8.1%,0.9%,0.6%,0.0%,64.1%,32.5%,2.0%,1.4%,25.4%,49.0%,15.9%,5.8%,2.6%,1.3%,0.0%,37.5%,40.5%,19.9%,0.5%,1.6%,0.0%,80.7%,17.6%,1.4%,0.2%,73.1%,25.9%,1.0%,0.0%,64.5%,34.5%,1.0%,0.0%
,,A large city,43.2%,6.4%,50.4%,14.5%,85.5%,0.0%,0.0%,93.2%,6.8%,0.0%,0.0%,65.9%,33.4%,0.7%,0.0%,85.6%,12.3%,0.4%,1.7%,29.2%,58.6%,11.0%,0.1%,1.1%,0.0%,73.4%,22.2%,3.1%,1.3%,26.9%,45.2%,19.2%,5.1%,2.8%,0.7%,0.0%,37.4%,35.1%,25.5%,0.9%,1.1%,0.0%,79.9%,19.9%,0.3%,0.0%,70.5%,28.4%,1.0%,0.0%,63.0%,35.7%,1.3%,0.0%
,,A suburb of a large city,38.3%,1.7%,60.0%,11.7%,88.3%,0.0%,0.0%,93.7%,5.6%,0.7%,0.0%,65.8%,34.2%,0.0%,0.0%,84.8%,11.9%,2.7%,0.6%,25.5%,64.6%,8.2%,1.7%,0.0%,0.0%,70.9%,26.9%,1.9%,0.2%,31.7%,46.9%,14.4%,5.2%,1.2%,0.5%,0.0%,34.7%,42.1%,23.2%,0.0%,0.0%,0.0%,69.4%,26.9%,1.7%,2.0%,68.8%,28.6%,2.6%,0.0%,67.8%,29.5%,2.7%,0.0%
France,Age,15-24,56.1%,1.7%,42.2%,1.1%,98.9%,0.0%,0.0%,100.0%,0.0%,0.0%,0.0%,75.2%,21.6%,3.3%,0.0%,85.3%,14.7%,0.0%,0.0%,24.3%,67.0%,5.1%,3.6%,0.0%,0.0%,79.9%,18.7%,0.0%,1.4%,32.3%,46.5%,14.7%,5.4%,1.1%,0.0%,0.0%,21.0%,60.3%,15.1%,2.2%,1.4%,0.0%,84.9%,15.1%,0.0%,0.0%,58.6%,38.5%,3.0%,0.0%,66.6%,30.4%,3.0%,0.0%
,,25-34,47.2%,1.1%,51.7%,5.2%,94.8%,0.0%,0.0%,95.5%,4.5%,0.0%,0.0%,73.3%,26.7%,0.0%,0.0%,87.4%,11.7%,0.7%,0.3%,21.0%,70.0%,5.9%,2.9%,0.1%,0.0%,75.9%,18.3%,5.1%,0.8%,27.5%,53.6%,12.5%,4.5%,1.2%,0.7%,0.0%,26.0%,44.5%,26.1%,2.6%,0.8%,0.0%,86.9%,12.1%,0.5%,0.5%,64.0%,36.0%,0.0%,0.0%,72.5%,24.7%,2.8%,0.0%
,,35-44,63.8%,2.5%,33.7%,9.6%,90.4%,0.0%,0.0%,94.2%,5.8%,0.0%,0.0%,67.8%,31.5%,0.2%,0.5%,87.1%,11.6%,0.5%,0.9%,17.8%,75.0%,5.5%,1.2%,0.5%,0.0%,75.8%,23.1%,1.1%,0.0%,11.8%,75.8%,8.9%,2.3%,1.2%,0.0%,0.0%,37.2%,39.8%,19.6%,1.5%,1.3%,0.6%,89.0%,8.9%,2.1%,0.0%,87.9%,10.6%,1.5%,0.0%,59.3%,38.4%,2.3%,0.0%
,,45-64,66.6%,4.3%,29.1%,21.6%,78.4%,0.0%,0.0%,91.4%,7.4%,1.2%,0.0%,71.3%,26.9%,1.8%,0.0%,78.4%,19.2%,1.7%,0.7%,17.3%,75.6%,6.5%,0.0%,0.6%,0.1%,66.9%,31.1%,2.0%,0.0%,17.2%,73.7%,6.2%,2.6%,0.4%,0.0%,0.0%,41.6%,30.3%,25.6%,2.1%,0.4%,0.0%,82.3%,17.4%,0.3%,0.0%,86.1%,13.4%,0.2%,0.4%,55.1%,43.9%,1.0%,0.0%
,,65+,71.6%,4.8%,23.6%,32.3%,67.7%,0.0%,0.0%,95.6%,4.4%,0.0%,0.0%,78.2%,21.0%,0.8%,0.0%,90.5%,7.7%,1.8%,0.0%,22.0%,68.3%,8.0%,0.7%,0.9%,0.2%,82.2%,14.1%,3.8%,0.0%,20.9%,66.7%,5.4%,6.2%,0.7%,0.1%,0.0%,30.6%,40.0%,26.1%,1.7%,1.6%,0.0%,60.9%,33.4%,0.0%,5.7%,57.2%,42.8%,0.0%,0.0%,46.7%,47.3%,6.1%,0.0%
,Gender,Male,62.5%,3.8%,33.6%,16.6%,83.4%,0.0%,0.0%,92.3%,7.7%,0.0%,0.0%,73.9%,26.0%,0.2%,0.0%,81.8%,16.0%,1.5%,0.7%,21.0%,68.7%,8.3%,1.3%,0.6%,0.1%,72.5%,25.2%,2.0%,0.2%,25.4%,59.4%,10.7%,3.6%,0.5%,0.3%,0.2%,33.8%,42.2%,19.4%,2.8%,1.6%,0.2%,88.3%,10.3%,0.9%,0.5%,75.0%,24.4%,0.3%,0.3%,59.8%,38.3%,1.9%,0.0%
,,Female,63.5%,2.7%,33.8%,17.9%,81.6%,0.0%,0.5%,96.3%,3.0%,0.7%,0.0%,72.0%,25.6%,2.3%,0.2%,87.1%,11.5%,0.8%,0.6%,19.4%,73.6%,4.8%,1.3%,0.4%,0.6%,76.7%,19.5%,2.8%,0.9%,16.4%,70.5%,6.4%,5.1%,1.1%,0.0%,0.5%,32.0%,38.3%,26.9%,1.7%,0.5%,0.5%,79.6%,19.9%,0.5%,0.0%,81.5%,17.3%,1.2%,0.0%,62.4%,35.4%,2.2%,0.0%
,Employment Status,Employed full time for an employer,56.3%,2.5%,41.2%,7.7%,92.3%,0.0%,0.0%,95.0%,4.0%,1.0%,0.0%,72.9%,26.1%,1.0%,0.0%,85.7%,12.5%,1.3%,0.5%,17.5%,74.8%,6.1%,0.9%,0.7%,0.1%,75.8%,22.5%,1.7%,0.0%,25.4%,62.7%,9.5%,1.9%,0.5%,0.0%,0.0%,39.0%,35.3%,22.5%,2.6%,0.3%,0.2%,86.3%,13.0%,0.7%,0.0%,79.4%,20.1%,0.4%,0.0%,64.7%,34.3%,1.0%,0.0%
,,Employed full time for self,67.7%,4.5%,27.7%,3.6%,96.4%,0.0%,0.0%,92.8%,7.2%,0.0%,0.0%,81.4%,17.5%,0.0%,1.1%,79.7%,14.6%,2.7%,3.0%,14.6%,81.1%,4.3%,0.0%,0.0%,0.0%,80.0%,18.6%,1.4%,0.0%,17.1%,60.0%,12.6%,8.9%,1.5%,0.0%,0.0%,35.0%,34.1%,30.9%,0.0%,0.0%,0.0%,84.2%,14.4%,0.0%,1.3%,87.2%,12.8%,0.0%,0.0%,55.4%,39.3%,5.3%,0.0%
,,Employed part time do not want full time,66.8%,0.0%,33.2%,12.7%,87.3%,0.0%,0.0%,95.4%,4.6%,0.0%,0.0%,71.9%,23.0%,5.1%,0.0%,75.5%,22.8%,1.6%,0.0%,25.1%,69.1%,0.0%,4.4%,1.4%,0.0%,67.5%,29.6%,2.9%,0.0%,23.5%,59.9%,5.5%,6.7%,4.4%,0.0%,0.0%,28.3%,32.9%,37.0%,1.8%,0.0%,0.0%,80.9%,17.6%,1.5%,0.0%,63.0%,28.9%,5.9%,2.2%,52.3%,40.0%,7.7%,0.0%
,,Unemployed,63.6%,8.6%,27.7%,14.1%,85.9%,0.0%,0.0%,94.9%,5.1%,0.0%,0.0%,62.2%,37.8%,0.0%,0.0%,77.9%,22.1%,0.0%,0.0%,26.4%,55.7%,12.3%,5.7%,0.0%,0.0%,57.8%,35.7%,4.2%,2.2%,10.7%,72.9%,3.2%,10.0%,1.5%,1.8%,0.0%,36.3%,34.2%,21.1%,5.7%,2.7%,0.0%,0.0%,0.0%,0.0%,0.0%,0.0%,0.0%,0.0%,0.0%,0.0%,0.0%,0.0%,0.0%
,,Employed part time want full time,60.9%,8.9%,30.2%,15.8%,84.2%,0.0%,0.0%,96.1%,3.9%,0.0%,0.0%,52.8%,47.2%,0.0%,0.0%,65.6%,34.4%,0.0%,0.0%,13.4%,72.8%,13.8%,0.0%,0.0%,0.0%,50.2%,43.9%,5.9%,0.0%,38.5%,53.3%,8.2%,0.0%,0.0%,0.0%,0.0%,19.8%,62.0%,18.2%,0.0%,0.0%,0.0%,66.7%,29.3%,2.1%,1.8%,51.6%,48.4%,0.0%,0.0%,38.7%,61.3%,0.0%,0.0%
,,Out of workforce,67.4%,2.9%,29.7%,27.6%,71.8%,0.0%,0.6%,93.9%,6.1%,0.0%,0.0%,74.2%,24.2%,1.6%,0.0%,87.1%,11.5%,0.9%,0.6%,22.5%,68.8%,6.4%,1.1%,0.5%,0.7%,77.1%,19.2%,2.8%,1.0%,17.6%,68.1%,7.8%,5.0%,0.6%,0.1%,0.8%,28.6%,44.8%,22.3%,2.1%,1.7%,0.6%,0.0%,0.0%,0.0%,0.0%,0.0%,0.0%,0.0%,0.0%,0.0%,0.0%,0.0%,0.0%
,Per Capita Income Quintiles,Poorest 20%,67.9%,3.3%,28.8%,17.6%,81.1%,0.0%,1.3%,93.7%,6.3%,0.0%,0.0%,66.9%,33.1%,0.0%,0.0%,79.3%,18.4%,1.1%,1.3%,21.8%,68.8%,7.1%,1.0%,0.0%,1.3%,67.2%,30.1%,0.5%,2.3%,16.1%,66.4%,9.3%,5.6%,0.8%,0.5%,1.3%,25.0%,45.7%,25.1%,2.2%,0.7%,1.3%,79.2%,20.2%,0.0%,0.6%,70.7%,29.3%,0.0%,0.0%,60.9%,39.1%,0.0%,0.0%
,,Second 20%,64.5%,6.9%,28.7%,23.3%,76.7%,0.0%,0.0%,93.9%,4.6%,1.5%,0.0%,74.7%,24.1%,1.2%,0.0%,86.7%,12.4%,0.9%,0.0%,16.8%,75.8%,6.5%,0.8%,0.0%,0.0%,76.4%,20.1%,3.5%,0.0%,20.4%,61.6%,8.6%,7.8%,1.6%,0.0%,0.0%,30.7%,44.9%,20.7%,2.1%,1.6%,0.0%,81.9%,16.1%,2.0%,0.0%,76.4%,22.1%,1.5%,0.0%,59.0%,38.6%,2.4%,0.0%
,,Middle 20%,61.9%,2.2%,36.0%,16.4%,83.6%,0.0%,0.0%,98.0%,1.9%,0.1%,0.0%,67.8%,29.0%,2.7%,0.4%,84.4%,15.3%,0.0%,0.2%,23.1%,68.7%,7.1%,0.0%,0.7%,0.4%,73.1%,22.0%,4.3%,0.6%,17.2%,72.6%,7.5%,2.2%,0.5%,0.0%,0.0%,37.4%,36.9%,23.1%,2.4%,0.2%,0.0%,88.2%,10.4%,1.4%,0.0%,78.5%,19.1%,1.5%,0.9%,60.3%,38.8%,0.9%,0.0%
,,Fourth 20%,59.4%,2.7%,37.9%,13.2%,86.8%,0.0%,0.0%,94.5%,5.3%,0.2%,0.0%,72.9%,26.2%,0.9%,0.0%,85.8%,12.0%,2.2%,0.0%,17.9%,73.3%,5.7%,2.9%,0.2%,0.0%,77.6%,20.6%,1.8%,0.0%,28.2%,59.7%,7.3%,3.7%,0.7%,0.0%,0.4%,36.5%,32.3%,28.0%,2.6%,0.6%,0.0%,90.7%,9.3%,0.0%,0.0%,81.4%,18.1%,0.5%,0.0%,65.2%,30.4%,4.4%,0.0%
,,Richest 20%,61.6%,1.3%,37.1%,15.9%,84.1%,0.0%,0.0%,91.8%,8.2%,0.0%,0.0%,82.2%,16.3%,1.5%,0.0%,86.4%,10.4%,1.4%,1.7%,21.4%,69.6%,5.9%,1.7%,1.5%,0.0%,79.2%,18.6%,2.1%,0.0%,21.7%,65.7%,9.5%,2.5%,0.4%,0.2%,0.0%,34.7%,41.2%,19.5%,2.1%,2.1%,0.4%,82.3%,16.3%,0.5%,0.9%,81.3%,18.5%,0.3%,0.0%,58.8%,39.0%,2.3%,0.0%
,Feelings About Household Income,Living comfortably on present income,57.2%,1.3%,41.5%,9.5%,90.5%,0.0%,0.0%,96.3%,3.7%,0.0%,0.0%,78.4%,19.3%,2.0%,0.3%,91.8%,6.4%,1.0%,0.7%,18.8%,73.3%,5.7%,1.6%,0.4%,0.1%,84.4%,12.7%,2.9%,0.0%,25.3%,62.1%,9.0%,3.1%,0.5%,0.0%,0.0%,32.6%,40.5%,22.9%,2.3%,1.7%,0.0%,86.5%,12.8%,0.6%,0.0%,78.5%,20.0%,1.1%,0.4%,59.8%,37.7%,2.6%,0.0%
,,Getting by on present income,62.8%,1.5%,35.7%,16.2%,83.8%,0.0%,0.0%,95.3%,4.6%,0.1%,0.0%,75.7%,23.6%,0.7%,0.0%,84.5%,13.8%,1.4%,0.4%,21.6%,69.6%,7.0%,1.0%,0.7%,0.1%,74.7%,22.0%,2.6%,0.7%,20.8%,65.7%,9.0%,3.9%,0.6%,0.1%,0.0%,32.7%,41.8%,22.4%,2.4%,0.5%,0.2%,87.9%,10.6%,0.8%,0.7%,81.9%,18.0%,0.1%,0.0%,61.4%,37.1%,1.5%,0.0%
,,Finding it difficult on present income,74.5%,8.1%,17.4%,28.2%,71.8%,0.0%,0.0%,94.2%,5.8%,0.0%,0.0%,64.6%,33.6%,1.9%,0.0%,83.2%,15.7%,1.1%,0.0%,18.1%,75.9%,5.1%,0.9%,0.0%,0.0%,69.4%,28.6%,2.0%,0.0%,16.3%,71.1%,7.9%,3.5%,1.2%,0.0%,0.0%,36.4%,32.6%,29.2%,0.3%,1.4%,0.0%,77.8%,21.5%,0.7%,0.0%,68.2%,30.2%,1.6%,0.0%,63.4%,34.1%,2.5%,0.0%
,,Finding it very difficult on present income,64.6%,19.1%,16.2%,38.2%,61.8%,0.0%,0.0%,69.6%,23.1%,7.3%,0.0%,46.8%,53.2%,0.0%,0.0%,39.9%,60.1%,0.0%,0.0%,19.8%,64.8%,11.6%,3.9%,0.0%,0.0%,25.5%,74.5%,0.0%,0.0%,8.7%,59.9%,1.4%,24.0%,3.8%,2.3%,0.0%,29.3%,45.5%,16.3%,8.9%,0.0%,0.0%,50.7%,49.3%,0.0%,0.0%,65.9%,34.1%,0.0%,0.0%,54.4%,45.6%,0.0%,0.0%
,Urban/Rural,A rural area or on a farm,57.6%,8.5%,33.9%,20.0%,78.3%,0.0%,1.6%,94.7%,3.4%,1.9%,0.0%,69.6%,28.8%,1.1%,0.5%,84.0%,12.3%,2.1%,1.6%,16.3%,73.6%,5.6%,2.9%,0.0%,1.6%,71.9%,24.3%,2.1%,1.6%,15.9%,73.6%,4.1%,4.2%,0.6%,0.0%,1.6%,34.1%,38.8%,22.6%,2.4%,0.4%,1.6%,86.3%,13.0%,0.7%,0.0%,79.5%,19.2%,0.4%,0.9%,57.6%,41.5%,0.9%,0.0%
,,A small town or villAge,64.2%,3.1%,32.8%,19.7%,80.3%,0.0%,0.0%,94.7%,5.3%,0.0%,0.0%,76.5%,22.9%,0.6%,0.0%,84.6%,13.9%,1.0%,0.5%,17.7%,76.1%,5.2%,0.7%,0.1%,0.1%,75.2%,22.9%,1.9%,0.0%,18.5%,69.3%,7.1%,4.4%,0.4%,0.2%,0.0%,32.3%,41.9%,22.6%,2.1%,1.1%,0.0%,88.1%,11.9%,0.0%,0.0%,78.1%,21.1%,0.8%,0.0%,59.3%,37.9%,2.7%,0.0%
,,A large city,61.2%,2.0%,36.8%,12.2%,87.8%,0.0%,0.0%,93.0%,6.8%,0.2%,0.0%,73.9%,24.8%,1.3%,0.0%,84.7%,13.4%,1.4%,0.5%,26.4%,62.1%,9.5%,0.6%,1.1%,0.2%,75.9%,20.3%,3.3%,0.5%,24.3%,61.8%,9.9%,3.0%,1.0%,0.0%,0.0%,28.1%,41.4%,26.8%,2.1%,1.3%,0.4%,85.5%,12.0%,2.1%,0.5%,77.8%,21.0%,1.2%,0.0%,61.0%,36.6%,2.4%,0.0%
,,A suburb of a large city,67.9%,0.3%,31.8%,14.3%,85.7%,0.0%,0.0%,95.4%,4.6%,0.0%,0.0%,64.5%,32.2%,3.3%,0.0%,84.5%,15.2%,0.0%,0.3%,22.1%,68.9%,5.7%,2.3%,1.0%,0.0%,74.0%,21.7%,3.1%,1.3%,27.2%,49.2%,15.0%,6.7%,1.8%,0.2%,0.0%,41.5%,33.7%,20.8%,2.9%,1.0%,0.0%,69.8%,28.1%,0.8%,1.3%,75.2%,24.8%,0.0%,0.0%,69.0%,30.4%,0.6%,0.0%
Germany,Age,15-24,48.6%,1.4%,50.1%,20.4%,79.6%,0.0%,0.0%,99.8%,0.2%,0.0%,0.0%,66.0%,33.5%,0.5%,0.0%,76.7%,22.1%,1.2%,0.0%,27.3%,63.6%,2.9%,6.2%,0.0%,0.0%,69.1%,30.9%,0.0%,0.0%,21.3%,43.6%,17.3%,6.2%,7.7%,4.0%,0.0%,40.1%,43.3%,15.6%,1.0%,0.0%,0.0%,83.0%,13.2%,3.7%,0.0%,49.8%,46.4%,3.7%,0.0%,38.8%,61.2%,0.0%,0.0%
,,25-34,23.3%,0.0%,76.7%,9.2%,90.8%,0.0%,0.0%,87.6%,12.4%,0.0%,0.0%,85.8%,13.2%,1.0%,0.0%,90.5%,9.5%,0.0%,0.0%,33.5%,58.8%,5.6%,2.1%,0.0%,0.0%,73.6%,25.6%,0.8%,0.0%,41.9%,47.3%,5.0%,4.7%,1.1%,0.0%,0.0%,27.1%,52.1%,13.0%,6.1%,1.6%,0.0%,92.9%,7.1%,0.0%,0.0%,71.4%,26.5%,2.1%,0.0%,85.6%,14.1%,0.3%,0.0%
,,35-44,23.4%,6.1%,70.6%,19.5%,80.5%,0.0%,0.0%,93.1%,4.2%,2.7%,0.0%,79.6%,20.2%,0.1%,0.0%,95.8%,3.9%,0.3%,0.0%,33.8%,55.0%,5.9%,4.5%,0.8%,0.0%,76.5%,23.2%,0.3%,0.0%,38.6%,53.6%,2.4%,2.5%,0.0%,2.1%,0.7%,26.6%,58.4%,13.3%,1.5%,0.2%,0.0%,97.1%,2.6%,0.3%,0.0%,74.6%,24.7%,0.7%,0.0%,85.4%,10.9%,3.6%,0.0%
,,45-64,33.4%,2.9%,63.7%,19.1%,80.9%,0.0%,0.0%,86.7%,13.0%,0.2%,0.0%,77.4%,21.8%,0.7%,0.0%,87.0%,10.1%,1.9%,1.0%,19.8%,69.2%,8.4%,2.2%,0.3%,0.0%,81.9%,15.7%,1.6%,0.8%,42.4%,41.7%,11.2%,1.8%,1.4%,0.3%,1.1%,19.5%,58.3%,16.2%,3.6%,2.3%,0.1%,86.8%,12.6%,0.6%,0.0%,73.3%,23.4%,3.3%,0.0%,67.6%,31.7%,0.6%,0.0%
,,65+,49.6%,6.2%,44.2%,43.9%,56.1%,0.0%,0.0%,90.3%,9.7%,0.0%,0.0%,81.1%,18.1%,0.9%,0.0%,88.1%,9.4%,2.5%,0.0%,12.5%,73.5%,11.6%,2.4%,0.0%,0.0%,88.2%,9.6%,2.2%,0.0%,44.0%,35.3%,12.6%,4.0%,1.7%,2.2%,0.1%,14.1%,58.6%,19.6%,2.6%,5.0%,0.0%,98.5%,1.5%,0.0%,0.0%,80.7%,18.6%,0.6%,0.0%,66.4%,33.6%,0.0%,0.0%
,Gender,Male,37.9%,1.3%,60.7%,21.9%,78.1%,0.0%,0.0%,90.7%,9.1%,0.2%,0.0%,79.5%,19.3%,1.2%,0.0%,89.7%,8.9%,1.1%,0.3%,22.5%,67.5%,6.8%,3.1%,0.1%,0.0%,80.3%,17.8%,1.3%,0.6%,35.8%,46.8%,10.8%,3.4%,1.8%,1.1%,0.3%,21.9%,58.5%,15.1%,2.6%,1.9%,0.1%,89.6%,9.2%,1.2%,0.0%,76.3%,22.1%,1.6%,0.0%,72.4%,26.8%,0.8%,0.0%
,,Female,34.2%,5.8%,60.0%,26.5%,73.5%,0.0%,0.0%,89.5%,9.7%,0.8%,0.0%,78.0%,21.8%,0.3%,0.0%,86.6%,11.1%,1.8%,0.5%,22.8%,65.1%,8.9%,2.8%,0.4%,0.0%,80.2%,18.5%,1.3%,0.0%,44.0%,39.2%,9.2%,3.3%,1.9%,1.7%,0.8%,22.8%,53.7%,17.1%,3.6%,2.8%,0.0%,91.2%,8.7%,0.1%,0.0%,68.1%,28.7%,3.2%,0.0%,73.7%,24.8%,1.5%,0.0%
,Employment Status,Employed full time for an employer,29.7%,0.8%,69.4%,12.6%,87.4%,0.0%,0.0%,91.8%,8.0%,0.2%,0.0%,80.9%,18.8%,0.3%,0.0%,91.8%,7.3%,1.0%,0.0%,29.3%,59.5%,8.0%,2.9%,0.3%,0.0%,77.4%,21.6%,1.0%,0.0%,38.6%,50.3%,6.3%,2.8%,0.4%,0.1%,1.3%,27.5%,55.1%,15.1%,0.9%,1.5%,0.0%,92.3%,7.5%,0.2%,0.0%,74.7%,24.5%,0.8%,0.0%,76.5%,23.1%,0.5%,0.0%
,,Employed full time for self,29.7%,0.4%,70.0%,4.3%,95.7%,0.0%,0.0%,88.9%,11.1%,0.0%,0.0%,73.9%,26.1%,0.0%,0.0%,93.6%,1.3%,2.0%,3.1%,15.3%,70.4%,13.0%,0.6%,0.7%,0.0%,80.4%,10.8%,1.6%,7.1%,51.3%,41.7%,6.0%,0.4%,0.6%,0.0%,0.0%,13.0%,58.3%,19.5%,2.1%,7.1%,0.0%,87.6%,12.4%,0.0%,0.0%,78.8%,15.7%,5.4%,0.0%,77.1%,22.1%,0.9%,0.0%
,,Employed part time do not want full time,34.6%,1.4%,64.0%,19.4%,80.6%,0.0%,0.0%,84.7%,15.3%,0.0%,0.0%,74.8%,23.6%,1.6%,0.0%,97.2%,2.8%,0.0%,0.0%,24.2%,61.9%,10.4%,2.7%,0.9%,0.0%,88.1%,9.2%,2.6%,0.0%,47.1%,27.5%,20.2%,4.4%,0.0%,0.8%,0.0%,21.8%,54.3%,12.9%,7.7%,3.3%,0.0%,84.9%,13.5%,1.6%,0.0%,72.3%,22.4%,5.2%,0.0%,69.8%,26.1%,4.2%,0.0%
,,Unemployed,46.7%,12.5%,40.9%,39.8%,60.2%,0.0%,0.0%,81.8%,9.6%,8.6%,0.0%,64.3%,35.7%,0.0%,0.0%,56.2%,36.4%,7.3%,0.0%,20.5%,71.9%,2.8%,4.9%,0.0%,0.0%,45.2%,54.8%,0.0%,0.0%,23.7%,57.0%,16.0%,0.0%,3.3%,0.0%,0.0%,14.2%,54.6%,19.5%,10.8%,0.0%,0.9%,0.0%,0.0%,0.0%,0.0%,0.0%,0.0%,0.0%,0.0%,0.0%,0.0%,0.0%,0.0%
,,Employed part time want full time,44.7%,9.9%,45.4%,9.4%,90.6%,0.0%,0.0%,95.8%,4.2%,0.0%,0.0%,69.3%,30.7%,0.0%,0.0%,87.0%,12.5%,0.6%,0.0%,5.7%,82.1%,3.5%,8.8%,0.0%,0.0%,80.8%,19.2%,0.0%,0.0%,20.2%,44.3%,17.3%,9.5%,0.0%,8.8%,0.0%,22.5%,55.9%,20.9%,0.7%,0.0%,0.0%,88.8%,8.3%,2.9%,0.0%,43.2%,49.6%,7.2%,0.0%,47.7%,51.5%,0.7%,0.0%
,,Out of workforce,41.4%,5.7%,52.8%,39.3%,60.7%,0.0%,0.0%,90.1%,9.9%,0.0%,0.0%,80.9%,18.0%,1.1%,0.0%,85.5%,12.2%,1.7%,0.6%,18.6%,71.2%,7.8%,2.4%,0.0%,0.0%,85.4%,13.1%,1.5%,0.0%,42.9%,37.4%,9.9%,3.5%,4.0%,2.3%,0.0%,19.3%,57.4%,16.5%,3.6%,3.1%,0.0%,0.0%,0.0%,0.0%,0.0%,0.0%,0.0%,0.0%,0.0%,0.0%,0.0%,0.0%,0.0%
,Per Capita Income Quintiles,Poorest 20%,53.8%,9.3%,36.9%,30.5%,69.5%,0.0%,0.0%,88.6%,9.4%,2.0%,0.0%,72.5%,27.1%,0.4%,0.0%,76.0%,20.2%,2.7%,1.2%,23.1%,62.6%,9.2%,4.9%,0.3%,0.0%,70.1%,28.3%,1.6%,0.0%,39.4%,40.8%,9.2%,4.2%,2.4%,4.0%,0.0%,22.3%,52.0%,21.1%,4.6%,0.1%,0.0%,90.1%,8.1%,1.8%,0.0%,59.6%,37.8%,2.6%,0.0%,50.2%,45.2%,4.6%,0.0%
,,Second 20%,34.9%,2.5%,62.6%,19.9%,80.1%,0.0%,0.0%,90.5%,9.5%,0.0%,0.0%,73.6%,25.0%,1.4%,0.0%,86.5%,11.7%,1.1%,0.7%,18.4%,70.2%,6.6%,4.3%,0.6%,0.0%,79.4%,18.1%,1.0%,1.5%,36.9%,44.6%,11.0%,0.9%,3.1%,1.5%,2.0%,20.2%,58.1%,12.9%,4.4%,4.1%,0.2%,91.4%,8.3%,0.2%,0.0%,79.9%,17.1%,3.0%,0.0%,79.4%,20.3%,0.3%,0.0%
,,Middle 20%,29.2%,4.4%,66.4%,31.9%,68.1%,0.0%,0.0%,96.2%,3.8%,0.0%,0.0%,80.4%,19.1%,0.5%,0.0%,92.2%,5.3%,2.4%,0.0%,26.7%,65.0%,5.1%,3.0%,0.2%,0.0%,82.4%,17.1%,0.5%,0.0%,39.0%,45.3%,11.9%,0.9%,2.2%,0.7%,0.0%,23.2%,53.3%,16.9%,4.6%,2.0%,0.0%,92.4%,5.9%,1.7%,0.0%,72.7%,19.6%,7.7%,0.0%,73.4%,26.2%,0.4%,0.0%
,,Fourth 20%,34.0%,1.5%,64.5%,13.5%,86.5%,0.0%,0.0%,88.5%,11.5%,0.0%,0.0%,83.1%,16.8%,0.1%,0.0%,91.7%,7.7%,0.6%,0.0%,20.2%,70.5%,8.3%,0.8%,0.1%,0.0%,82.8%,15.7%,1.5%,0.0%,38.6%,42.8%,12.0%,5.0%,0.9%,0.0%,0.7%,24.2%,61.5%,11.5%,0.2%,2.6%,0.0%,91.6%,8.4%,0.0%,0.0%,73.9%,25.5%,0.6%,0.0%,74.0%,26.0%,0.0%,0.0%
,,Richest 20%,28.5%,0.6%,70.9%,25.4%,74.6%,0.0%,0.0%,86.6%,13.0%,0.4%,0.0%,83.8%,15.1%,1.1%,0.0%,93.9%,5.6%,0.5%,0.0%,24.8%,63.1%,10.2%,2.0%,0.0%,0.0%,86.6%,11.6%,1.8%,0.0%,46.3%,40.8%,5.9%,5.4%,0.7%,0.8%,0.0%,21.9%,55.4%,18.0%,1.7%,3.0%,0.0%,87.6%,12.4%,0.0%,0.0%,72.3%,27.5%,0.3%,0.0%,82.6%,16.4%,1.0%,0.0%
,Feelings About Household Income,Living comfortably on present income,22.0%,0.0%,78.0%,15.3%,84.7%,0.0%,0.0%,89.4%,10.6%,0.0%,0.0%,84.9%,14.9%,0.3%,0.0%,94.2%,4.9%,0.9%,0.0%,25.6%,63.4%,7.3%,3.5%,0.1%,0.0%,85.3%,13.5%,1.2%,0.0%,41.0%,46.6%,7.6%,3.1%,0.2%,0.6%,1.0%,23.2%,60.1%,12.1%,1.9%,2.7%,0.1%,90.1%,9.4%,0.5%,0.0%,74.5%,24.0%,1.5%,0.0%,81.5%,18.5%,0.0%,0.0%
,,Getting by on present income,40.1%,3.1%,56.7%,27.2%,72.8%,0.0%,0.0%,93.7%,6.3%,0.0%,0.0%,81.1%,17.9%,1.0%,0.0%,89.8%,8.0%,1.4%,0.9%,22.1%,68.2%,8.3%,1.0%,0.4%,0.0%,83.1%,15.2%,1.1%,0.7%,41.7%,38.9%,11.0%,2.6%,3.9%,1.7%,0.3%,23.3%,53.0%,17.6%,3.3%,2.8%,0.0%,92.8%,6.9%,0.3%,0.0%,71.8%,24.6%,3.6%,0.0%,65.9%,32.9%,1.3%,0.0%
,,Finding it difficult on present income,62.1%,11.8%,26.1%,42.8%,57.2%,0.0%,0.0%,89.2%,10.0%,0.8%,0.0%,58.8%,39.7%,1.5%,0.0%,70.3%,24.9%,4.8%,0.0%,19.5%,71.5%,6.9%,2.1%,0.0%,0.0%,60.0%,36.8%,3.2%,0.0%,30.0%,46.8%,15.7%,3.9%,2.1%,1.5%,0.0%,18.2%,60.3%,18.4%,2.6%,0.5%,0.0%,88.3%,8.9%,2.9%,0.0%,68.3%,28.9%,2.9%,0.0%,59.8%,40.2%,0.0%,0.0%
,,Finding it very difficult on present income,66.1%,24.0%,10.0%,44.6%,55.4%,0.0%,0.0%,64.7%,26.8%,8.4%,0.0%,42.5%,57.5%,0.0%,0.0%,64.1%,35.9%,0.0%,0.0%,14.5%,59.0%,8.3%,18.2%,0.0%,0.0%,50.2%,49.8%,0.0%,0.0%,29.3%,39.1%,13.7%,11.6%,0.0%,6.3%,0.0%,25.3%,41.1%,20.4%,13.2%,0.0%,0.0%,88.0%,12.0%,0.0%,0.0%,62.7%,33.7%,3.6%,0.0%,57.3%,26.8%,15.8%,0.0%
,Urban/Rural,A rural area or on a farm,46.8%,6.7%,46.5%,23.3%,76.7%,0.0%,0.0%,87.8%,12.2%,0.0%,0.0%,80.2%,19.8%,0.0%,0.0%,86.9%,10.6%,2.5%,0.0%,24.2%,70.0%,1.0%,4.7%,0.0%,0.0%,81.2%,16.6%,2.3%,0.0%,40.8%,45.0%,11.7%,1.2%,0.4%,0.0%,0.9%,15.3%,57.4%,21.4%,3.0%,2.9%,0.0%,87.0%,13.0%,0.0%,0.0%,69.4%,26.1%,4.6%,0.0%,75.8%,24.2%,0.0%,0.0%
,,A small town or villAge,36.7%,3.9%,59.3%,25.5%,74.5%,0.0%,0.0%,91.1%,7.9%,1.0%,0.0%,81.2%,17.8%,1.0%,0.0%,85.2%,13.1%,1.1%,0.6%,25.0%,61.3%,9.8%,3.6%,0.3%,0.0%,78.8%,18.8%,2.0%,0.4%,39.8%,45.5%,8.8%,2.7%,2.3%,0.9%,0.0%,23.2%,59.1%,12.7%,3.0%,1.8%,0.1%,92.3%,6.5%,1.2%,0.0%,70.5%,26.6%,2.9%,0.0%,71.8%,25.6%,2.6%,0.0%
,,A large city,30.1%,3.0%,66.9%,20.0%,80.0%,0.0%,0.0%,91.7%,8.3%,0.0%,0.0%,72.8%,26.4%,0.8%,0.0%,92.1%,7.0%,0.5%,0.4%,18.3%,71.0%,8.4%,2.0%,0.3%,0.0%,80.0%,19.4%,0.2%,0.4%,41.2%,38.8%,11.4%,4.2%,2.4%,2.0%,0.0%,20.8%,55.5%,18.2%,2.8%,2.7%,0.0%,90.8%,9.2%,0.0%,0.0%,72.2%,26.2%,1.6%,0.0%,72.0%,28.0%,0.0%,0.0%
,,A suburb of a large city,37.7%,1.4%,60.9%,35.4%,64.6%,0.0%,0.0%,83.3%,16.0%,0.8%,0.0%,86.2%,13.5%,0.2%,0.0%,86.1%,9.2%,4.7%,0.0%,26.3%,64.0%,7.4%,2.4%,0.0%,0.0%,84.2%,14.4%,1.4%,0.0%,37.3%,42.5%,8.6%,5.1%,0.4%,2.7%,3.5%,29.1%,47.2%,16.3%,4.7%,2.7%,0.0%,86.7%,12.9%,0.4%,0.0%,81.1%,18.3%,0.6%,0.0%,78.3%,20.6%,1.1%,0.0%
Netherlands,Age,15-24,15.0%,0.0%,85.0%,15.9%,84.1%,0.0%,0.0%,100.0%,0.0%,0.0%,0.0%,78.7%,21.3%,0.0%,0.0%,100.0%,0.0%,0.0%,0.0%,50.5%,42.4%,2.2%,2.4%,2.4%,0.0%,79.4%,20.6%,0.0%,0.0%,35.0%,49.9%,15.2%,0.0%,0.0%,0.0%,0.0%,31.8%,66.0%,2.2%,0.0%,0.0%,0.0%,92.8%,7.2%,0.0%,0.0%,78.2%,21.8%,0.0%,0.0%,93.6%,6.4%,0.0%,0.0%
,,25-34,13.0%,0.0%,87.0%,11.9%,88.1%,0.0%,0.0%,98.4%,1.6%,0.0%,0.0%,74.9%,25.1%,0.0%,0.0%,97.5%,1.6%,0.9%,0.0%,41.7%,51.9%,5.5%,0.0%,0.9%,0.0%,84.2%,15.8%,0.0%,0.0%,29.6%,53.1%,17.4%,0.0%,0.0%,0.0%,0.0%,26.6%,67.5%,6.0%,0.0%,0.0%,0.0%,93.2%,6.8%,0.0%,0.0%,71.9%,28.1%,0.0%,0.0%,86.7%,13.3%,0.0%,0.0%
,,35-44,23.9%,0.0%,76.1%,15.1%,83.2%,1.6%,0.0%,94.5%,3.9%,1.6%,0.0%,76.8%,23.2%,0.0%,0.0%,98.5%,1.5%,0.0%,0.0%,28.5%,69.4%,0.0%,0.0%,2.1%,0.0%,81.2%,18.8%,0.0%,0.0%,30.3%,60.8%,8.9%,0.0%,0.0%,0.0%,0.0%,29.1%,68.3%,2.7%,0.0%,0.0%,0.0%,92.7%,7.3%,0.0%,0.0%,70.9%,29.1%,0.0%,0.0%,85.5%,14.5%,0.0%,0.0%
,,45-64,31.7%,0.3%,68.0%,26.2%,73.6%,0.0%,0.1%,93.0%,6.8%,0.1%,0.0%,87.6%,12.4%,0.0%,0.0%,96.8%,3.2%,0.0%,0.0%,28.3%,66.3%,4.9%,0.0%,0.4%,0.0%,88.0%,11.3%,0.6%,0.0%,29.3%,53.2%,16.6%,0.7%,0.0%,0.2%,0.0%,23.3%,70.2%,5.6%,0.0%,0.9%,0.1%,93.9%,6.1%,0.0%,0.0%,68.3%,31.2%,0.5%,0.0%,77.1%,22.9%,0.0%,0.0%
,,65+,60.5%,1.1%,38.4%,34.1%,65.4%,0.5%,0.0%,90.0%,9.6%,0.5%,0.0%,89.8%,9.5%,0.7%,0.0%,97.0%,3.0%,0.0%,0.0%,14.8%,81.7%,3.4%,0.0%,0.1%,0.0%,92.7%,7.3%,0.0%,0.0%,25.9%,55.5%,16.0%,0.3%,0.0%,2.3%,0.0%,32.1%,60.7%,6.8%,0.0%,0.2%,0.2%,96.5%,3.5%,0.0%,0.0%,65.9%,34.1%,0.0%,0.0%,66.7%,33.3%,0.0%,0.0%
,Gender,Male,28.1%,0.1%,71.8%,17.4%,82.2%,0.5%,0.0%,95.8%,3.6%,0.6%,0.0%,86.8%,13.2%,0.0%,0.0%,97.9%,1.8%,0.3%,0.0%,33.0%,62.2%,2.8%,0.5%,1.5%,0.0%,89.4%,10.6%,0.0%,0.0%,30.7%,56.6%,11.9%,0.1%,0.0%,0.7%,0.0%,30.2%,64.6%,4.6%,0.0%,0.5%,0.2%,96.0%,4.0%,0.0%,0.0%,66.5%,33.1%,0.4%,0.0%,83.0%,17.0%,0.0%,0.0%
,,Female,37.4%,0.7%,62.0%,29.1%,70.6%,0.2%,0.1%,92.3%,7.5%,0.2%,0.0%,80.8%,18.8%,0.3%,0.0%,97.0%,3.0%,0.0%,0.0%,25.3%,69.8%,4.4%,0.0%,0.4%,0.0%,84.0%,15.6%,0.5%,0.0%,27.8%,52.6%,18.6%,0.5%,0.0%,0.5%,0.0%,25.4%,68.6%,5.7%,0.0%,0.2%,0.0%,90.4%,9.6%,0.0%,0.0%,75.7%,24.3%,0.0%,0.0%,79.8%,20.2%,0.0%,0.0%
,Employment Status,Employed full time for an employer,21.4%,0.1%,78.5%,12.3%,87.7%,0.0%,0.0%,95.6%,3.8%,0.6%,0.0%,84.9%,15.1%,0.0%,0.0%,98.8%,0.9%,0.4%,0.0%,33.0%,62.4%,2.8%,0.0%,1.8%,0.0%,88.8%,11.2%,0.0%,0.0%,35.5%,52.3%,12.1%,0.0%,0.0%,0.1%,0.0%,27.0%,67.9%,4.8%,0.0%,0.2%,0.0%,93.7%,6.3%,0.0%,0.0%,66.5%,33.3%,0.2%,0.0%,81.7%,18.3%,0.0%,0.0%
,,Employed full time for self,23.5%,0.0%,76.5%,12.8%,87.2%,0.0%,0.0%,98.0%,2.0%,0.0%,0.0%,84.6%,15.4%,0.0%,0.0%,98.2%,1.8%,0.0%,0.0%,44.2%,48.8%,3.9%,0.0%,3.0%,0.0%,84.5%,12.7%,2.9%,0.0%,33.9%,53.7%,12.4%,0.0%,0.0%,0.0%,0.0%,21.9%,70.5%,4.6%,0.0%,2.6%,0.4%,98.6%,1.4%,0.0%,0.0%,71.5%,27.7%,0.8%,0.0%,84.8%,15.2%,0.0%,0.0%
,,Employed part time do not want full time,21.1%,0.0%,78.9%,18.9%,81.1%,0.0%,0.0%,98.9%,0.9%,0.2%,0.0%,81.5%,18.5%,0.0%,0.0%,100.0%,0.0%,0.0%,0.0%,31.1%,62.0%,5.2%,1.7%,0.0%,0.0%,89.8%,10.2%,0.0%,0.0%,24.2%,61.9%,13.6%,0.2%,0.0%,0.2%,0.0%,20.3%,73.2%,6.1%,0.0%,0.2%,0.2%,91.3%,8.7%,0.0%,0.0%,75.9%,24.1%,0.0%,0.0%,81.6%,18.4%,0.0%,0.0%
,,Unemployed,36.6%,0.0%,63.4%,10.0%,90.0%,0.0%,0.0%,77.5%,20.2%,2.3%,0.0%,90.0%,10.0%,0.0%,0.0%,90.2%,9.8%,0.0%,0.0%,20.0%,80.0%,0.0%,0.0%,0.0%,0.0%,71.4%,28.6%,0.0%,0.0%,19.5%,79.6%,0.9%,0.0%,0.0%,0.0%,0.0%,34.6%,65.4%,0.0%,0.0%,0.0%,0.0%,0.0%,0.0%,0.0%,0.0%,0.0%,0.0%,0.0%,0.0%,0.0%,0.0%,0.0%,0.0%
,,Employed part time want full time,22.0%,0.0%,78.0%,15.1%,80.5%,4.5%,0.0%,91.3%,8.7%,0.0%,0.0%,67.1%,32.9%,0.0%,0.0%,94.5%,5.5%,0.0%,0.0%,46.0%,54.0%,0.0%,0.0%,0.0%,0.0%,71.9%,28.1%,0.0%,0.0%,43.5%,44.3%,12.2%,0.0%,0.0%,0.0%,0.0%,43.6%,56.4%,0.0%,0.0%,0.0%,0.0%,91.3%,8.7%,0.0%,0.0%,83.3%,16.7%,0.0%,0.0%,75.8%,24.2%,0.0%,0.0%
,,Out of workforce,56.2%,1.2%,42.7%,43.1%,56.4%,0.4%,0.2%,90.7%,9.1%,0.3%,0.0%,85.7%,13.8%,0.5%,0.0%,95.6%,4.4%,0.0%,0.0%,17.8%,77.4%,4.7%,0.0%,0.1%,0.0%,87.0%,13.0%,0.0%,0.0%,21.1%,54.3%,22.0%,1.0%,0.0%,1.7%,0.0%,30.3%,63.1%,6.5%,0.0%,0.1%,0.1%,0.0%,0.0%,0.0%,0.0%,0.0%,0.0%,0.0%,0.0%,0.0%,0.0%,0.0%,0.0%
,Per Capita Income Quintiles,Poorest 20%,40.6%,0.7%,58.7%,28.5%,70.1%,1.2%,0.2%,94.6%,5.4%,0.0%,0.0%,81.9%,18.1%,0.0%,0.0%,99.3%,0.7%,0.0%,0.0%,20.4%,73.9%,3.3%,0.0%,2.5%,0.0%,79.6%,20.4%,0.0%,0.0%,24.1%,62.8%,11.5%,1.2%,0.0%,0.4%,0.0%,26.3%,67.1%,6.0%,0.0%,0.5%,0.1%,94.9%,5.1%,0.0%,0.0%,68.5%,31.5%,0.0%,0.0%,76.5%,23.5%,0.0%,0.0%
,,Second 20%,44.2%,0.3%,55.5%,27.0%,72.3%,0.6%,0.0%,92.9%,7.1%,0.0%,0.0%,75.2%,24.0%,0.8%,0.0%,94.3%,5.7%,0.0%,0.0%,30.2%,68.2%,1.6%,0.0%,0.0%,0.0%,90.1%,9.9%,0.0%,0.0%,28.9%,50.1%,20.6%,0.2%,0.0%,0.2%,0.0%,34.4%,61.2%,4.3%,0.0%,0.0%,0.0%,90.8%,9.2%,0.0%,0.0%,73.3%,26.1%,0.6%,0.0%,78.3%,21.7%,0.0%,0.0%
,,Middle 20%,29.0%,0.6%,70.4%,22.8%,77.2%,0.0%,0.0%,92.8%,7.0%,0.2%,0.0%,84.1%,15.9%,0.0%,0.0%,97.8%,2.2%,0.0%,0.0%,21.4%,71.4%,5.7%,1.2%,0.2%,0.0%,85.8%,13.1%,1.1%,0.0%,25.9%,56.2%,17.8%,0.1%,0.0%,0.0%,0.0%,25.9%,67.6%,6.2%,0.0%,0.1%,0.2%,91.6%,8.4%,0.0%,0.0%,76.2%,23.8%,0.0%,0.0%,82.6%,17.4%,0.0%,0.0%
,,Fourth 20%,25.1%,0.1%,74.8%,22.8%,77.2%,0.0%,0.0%,94.5%,5.1%,0.5%,0.0%,87.9%,12.1%,0.0%,0.0%,99.0%,1.0%,0.0%,0.0%,30.1%,65.7%,3.8%,0.0%,0.4%,0.0%,90.1%,9.9%,0.0%,0.0%,29.7%,54.9%,13.2%,0.2%,0.0%,2.0%,0.0%,25.3%,69.2%,4.6%,0.0%,0.7%,0.1%,95.5%,4.5%,0.0%,0.0%,67.8%,31.6%,0.6%,0.0%,82.4%,17.6%,0.0%,0.0%
,,Richest 20%,24.8%,0.1%,75.1%,15.3%,84.7%,0.0%,0.0%,95.4%,3.3%,1.3%,0.0%,89.9%,10.1%,0.0%,0.0%,96.8%,2.5%,0.7%,0.0%,43.6%,50.9%,3.8%,0.0%,1.7%,0.0%,87.7%,12.3%,0.0%,0.0%,37.5%,48.9%,13.2%,0.0%,0.0%,0.4%,0.0%,27.0%,67.9%,4.6%,0.0%,0.5%,0.0%,94.2%,5.8%,0.0%,0.0%,68.1%,31.9%,0.0%,0.0%,86.2%,13.8%,0.0%,0.0%
,Feelings About Household Income,Living comfortably on present income,22.0%,0.2%,77.8%,13.7%,86.3%,0.0%,0.1%,97.1%,2.4%,0.6%,0.0%,85.8%,13.9%,0.3%,0.0%,98.5%,1.2%,0.3%,0.0%,33.5%,62.6%,2.5%,0.4%,1.0%,0.0%,90.5%,9.5%,0.0%,0.0%,35.1%,53.6%,10.8%,0.1%,0.0%,0.3%,0.0%,26.1%,67.9%,5.4%,0.0%,0.5%,0.1%,95.1%,4.9%,0.0%,0.0%,74.1%,25.5%,0.4%,0.0%,87.4%,12.6%,0.0%,0.0%
,,Getting by on present income,42.9%,0.7%,56.4%,32.2%,67.5%,0.3%,0.0%,92.2%,7.6%,0.3%,0.0%,83.9%,16.1%,0.0%,0.0%,98.1%,1.9%,0.0%,0.0%,24.6%,69.2%,5.5%,0.0%,0.7%,0.0%,85.5%,13.9%,0.6%,0.0%,23.3%,57.8%,18.3%,0.0%,0.0%,0.6%,0.0%,28.1%,67.2%,4.4%,0.0%,0.3%,0.1%,93.2%,6.8%,0.0%,0.0%,62.1%,37.9%,0.0%,0.0%,72.6%,27.4%,0.0%,0.0%
,,Finding it difficult on present income,55.0%,0.0%,45.0%,50.5%,45.4%,4.1%,0.0%,86.5%,13.5%,0.0%,0.0%,74.5%,25.5%,0.0%,0.0%,94.7%,5.3%,0.0%,0.0%,19.7%,77.7%,0.0%,0.0%,2.5%,0.0%,70.2%,29.8%,0.0%,0.0%,12.9%,41.9%,36.7%,4.4%,0.0%,4.1%,0.0%,27.9%,69.9%,2.2%,0.0%,0.0%,0.0%,85.4%,14.6%,0.0%,0.0%,76.6%,23.4%,0.0%,0.0%,77.2%,22.8%,0.0%,0.0%
,,Finding it very difficult on present income,58.0%,0.0%,42.0%,40.1%,59.9%,0.0%,0.0%,85.6%,14.4%,0.0%,0.0%,43.7%,56.3%,0.0%,0.0%,71.2%,28.8%,0.0%,0.0%,24.2%,62.2%,13.6%,0.0%,0.0%,0.0%,40.4%,59.6%,0.0%,0.0%,39.7%,39.8%,20.5%,0.0%,0.0%,0.0%,0.0%,42.8%,30.7%,26.5%,0.0%,0.0%,0.0%,65.1%,34.9%,0.0%,0.0%,100.0%,0.0%,0.0%,0.0%,41.3%,58.7%,0.0%,0.0%
,Urban/Rural,A rural area or on a farm,22.7%,0.0%,77.3%,22.0%,78.0%,0.0%,0.0%,95.5%,4.5%,0.0%,0.0%,84.3%,15.7%,0.0%,0.0%,100.0%,0.0%,0.0%,0.0%,27.7%,68.0%,4.3%,0.0%,0.0%,0.0%,89.8%,10.2%,0.0%,0.0%,35.4%,50.3%,14.4%,0.0%,0.0%,0.0%,0.0%,25.9%,70.3%,2.6%,0.0%,1.2%,0.0%,92.4%,7.6%,0.0%,0.0%,68.0%,31.0%,1.0%,0.0%,76.1%,23.9%,0.0%,0.0%
,,A small town or villAge,31.8%,0.3%,67.9%,21.5%,77.6%,0.8%,0.1%,96.2%,3.6%,0.1%,0.0%,83.5%,16.5%,0.0%,0.0%,98.2%,1.8%,0.0%,0.0%,32.6%,61.4%,4.7%,0.5%,0.8%,0.0%,86.3%,13.2%,0.5%,0.0%,31.6%,54.2%,13.4%,0.0%,0.0%,0.8%,0.0%,33.0%,61.6%,5.2%,0.0%,0.1%,0.0%,93.0%,7.0%,0.0%,0.0%,69.2%,30.5%,0.3%,0.0%,81.7%,18.3%,0.0%,0.0%
,,A large city,33.6%,0.6%,65.8%,25.3%,74.7%,0.0%,0.0%,92.6%,6.1%,1.3%,0.0%,80.9%,19.1%,0.0%,0.0%,95.6%,3.9%,0.5%,0.0%,28.3%,65.6%,3.9%,0.0%,2.2%,0.0%,84.4%,15.6%,0.0%,0.0%,24.1%,56.1%,19.0%,0.2%,0.0%,0.6%,0.0%,20.1%,73.2%,5.7%,0.0%,0.8%,0.2%,92.9%,7.1%,0.0%,0.0%,69.7%,30.3%,0.0%,0.0%,82.7%,17.3%,0.0%,0.0%
,,A suburb of a large city,38.2%,0.5%,61.3%,25.4%,74.6%,0.0%,0.0%,89.8%,10.2%,0.0%,0.0%,89.6%,9.6%,0.9%,0.0%,97.2%,2.8%,0.0%,0.0%,22.5%,77.5%,0.0%,0.0%,0.0%,0.0%,89.5%,10.5%,0.0%,0.0%,28.4%,54.8%,14.9%,1.5%,0.0%,0.4%,0.0%,25.9%,68.8%,5.3%,0.0%,0.0%,0.0%,97.4%,2.6%,0.0%,0.0%,77.0%,23.0%,0.0%,0.0%,82.3%,17.7%,0.0%,0.0%
Belgium,Age,15-24,45.9%,6.0%,48.1%,21.1%,78.9%,0.0%,0.0%,86.4%,11.8%,1.8%,0.0%,59.5%,40.5%,0.0%,0.0%,83.5%,16.5%,0.0%,0.0%,23.9%,59.6%,16.5%,0.0%,0.0%,0.0%,71.0%,27.9%,1.1%,0.0%,39.3%,48.1%,6.6%,1.7%,4.3%,0.0%,0.0%,30.1%,37.2%,32.7%,0.0%,0.0%,0.0%,81.0%,17.9%,1.1%,0.0%,65.1%,34.9%,0.0%,0.0%,71.4%,28.6%,0.0%,0.0%
,,25-34,47.4%,4.7%,47.9%,17.7%,82.3%,0.0%,0.0%,90.0%,10.0%,0.0%,0.0%,57.7%,42.3%,0.0%,0.0%,84.5%,15.5%,0.0%,0.0%,26.2%,51.3%,20.6%,1.9%,0.0%,0.0%,69.6%,28.2%,2.2%,0.0%,41.1%,51.0%,5.1%,0.0%,2.5%,0.3%,0.0%,31.8%,26.5%,41.1%,0.0%,0.6%,0.0%,78.8%,18.7%,2.5%,0.0%,69.8%,29.7%,0.5%,0.0%,68.9%,31.1%,0.0%,0.0%
,,35-44,41.8%,0.8%,57.3%,10.0%,90.0%,0.0%,0.0%,91.8%,7.8%,0.4%,0.0%,58.9%,40.7%,0.4%,0.0%,93.6%,6.4%,0.0%,0.0%,25.3%,51.8%,23.0%,0.0%,0.0%,0.0%,77.4%,22.4%,0.2%,0.0%,28.4%,57.2%,10.5%,0.2%,2.7%,1.0%,0.0%,22.0%,35.3%,41.2%,0.0%,1.5%,0.0%,88.9%,10.5%,0.6%,0.0%,71.6%,26.6%,1.9%,0.0%,64.8%,35.2%,0.0%,0.0%
,,45-64,52.2%,3.5%,44.3%,19.1%,80.4%,0.4%,0.0%,89.9%,9.5%,0.6%,0.0%,59.1%,40.4%,0.0%,0.5%,89.7%,8.3%,1.9%,0.0%,20.6%,61.1%,18.0%,0.0%,0.0%,0.3%,78.5%,21.2%,0.2%,0.0%,40.0%,53.6%,5.0%,0.0%,1.1%,0.4%,0.0%,31.9%,30.1%,37.5%,0.2%,0.3%,0.0%,89.2%,10.0%,0.8%,0.0%,70.7%,26.1%,3.1%,0.0%,62.6%,34.6%,2.7%,0.0%
,,65+,68.6%,6.2%,25.3%,35.3%,64.5%,0.2%,0.0%,90.0%,9.4%,0.6%,0.0%,71.1%,28.1%,0.8%,0.0%,92.2%,6.3%,1.5%,0.0%,9.0%,82.2%,8.8%,0.0%,0.0%,0.0%,78.9%,19.4%,1.7%,0.0%,42.2%,51.7%,5.1%,0.7%,0.3%,0.0%,0.0%,30.3%,28.4%,40.5%,0.2%,0.6%,0.0%,100.0%,0.0%,0.0%,0.0%,69.4%,20.4%,10.2%,0.0%,82.0%,18.0%,0.0%,0.0%
,Gender,Male,49.4%,5.0%,45.6%,18.8%,80.9%,0.3%,0.0%,92.2%,7.1%,0.8%,0.0%,62.7%,36.8%,0.5%,0.0%,89.6%,10.0%,0.4%,0.0%,23.7%,55.9%,19.6%,0.6%,0.0%,0.2%,75.1%,23.4%,1.5%,0.0%,40.9%,50.2%,5.1%,0.6%,2.9%,0.2%,0.0%,31.9%,31.9%,35.4%,0.1%,0.6%,0.0%,87.7%,10.9%,1.4%,0.0%,69.3%,28.1%,2.6%,0.0%,70.8%,28.0%,1.2%,0.0%
,,Female,55.8%,3.4%,40.8%,24.0%,75.9%,0.1%,0.0%,87.5%,12.0%,0.5%,0.0%,60.7%,39.0%,0.0%,0.3%,89.0%,9.5%,1.6%,0.0%,16.4%,69.4%,14.3%,0.0%,0.0%,0.0%,77.0%,22.5%,0.5%,0.0%,36.6%,54.9%,7.1%,0.2%,0.7%,0.4%,0.0%,27.6%,30.0%,41.9%,0.1%,0.5%,0.0%,84.6%,14.7%,0.7%,0.0%,70.7%,27.6%,1.7%,0.0%,60.8%,38.4%,0.9%,0.0%
,Employment Status,Employed full time for an employer,41.3%,2.9%,55.8%,7.8%,92.2%,0.0%,0.0%,91.4%,7.6%,0.9%,0.0%,59.1%,40.7%,0.2%,0.0%,94.5%,5.2%,0.3%,0.0%,28.9%,50.6%,19.5%,0.8%,0.0%,0.2%,81.9%,17.4%,0.7%,0.0%,34.8%,57.9%,6.2%,0.6%,0.6%,0.0%,0.0%,30.3%,33.6%,35.6%,0.1%,0.4%,0.0%,86.5%,12.0%,1.5%,0.0%,70.6%,27.2%,2.1%,0.0%,65.9%,32.9%,1.2%,0.0%
,,Employed full time for self,14.7%,2.7%,82.6%,19.8%,80.2%,0.0%,0.0%,100.0%,0.0%,0.0%,0.0%,72.4%,27.6%,0.0%,0.0%,90.3%,9.7%,0.0%,0.0%,31.6%,41.0%,27.4%,0.0%,0.0%,0.0%,65.9%,33.3%,0.8%,0.0%,41.6%,45.1%,13.2%,0.0%,0.0%,0.0%,0.0%,38.2%,30.3%,31.4%,0.0%,0.0%,0.0%,94.7%,5.3%,0.0%,0.0%,74.2%,25.8%,0.0%,0.0%,88.4%,11.6%,0.0%,0.0%
,,Employed part time do not want full time,45.4%,1.2%,53.4%,7.8%,92.2%,0.0%,0.0%,93.2%,6.8%,0.0%,0.0%,65.0%,35.0%,0.0%,0.0%,88.4%,7.8%,3.8%,0.0%,19.1%,67.5%,13.4%,0.0%,0.0%,0.0%,83.5%,15.5%,1.0%,0.0%,37.4%,54.8%,6.1%,0.0%,1.7%,0.0%,0.0%,21.1%,36.0%,42.9%,0.0%,0.0%,0.0%,87.5%,12.5%,0.0%,0.0%,70.6%,28.5%,0.9%,0.0%,61.5%,38.5%,0.0%,0.0%
,,Unemployed,68.3%,4.1%,27.6%,6.0%,94.0%,0.0%,0.0%,84.4%,14.4%,1.2%,0.0%,45.3%,54.7%,0.0%,0.0%,54.0%,44.9%,1.2%,0.0%,33.3%,38.8%,27.9%,0.0%,0.0%,0.0%,28.3%,70.5%,1.2%,0.0%,43.2%,34.6%,7.3%,0.0%,14.9%,0.0%,0.0%,27.4%,30.2%,38.3%,0.0%,4.1%,0.0%,0.0%,0.0%,0.0%,0.0%,0.0%,0.0%,0.0%,0.0%,0.0%,0.0%,0.0%,0.0%
,,Employed part time want full time,23.1%,0.0%,76.9%,7.1%,92.9%,0.0%,0.0%,94.0%,6.0%,0.0%,0.0%,52.3%,47.7%,0.0%,0.0%,86.7%,13.3%,0.0%,0.0%,13.5%,56.2%,30.3%,0.0%,0.0%,0.0%,77.1%,22.9%,0.0%,0.0%,48.5%,40.0%,7.1%,0.0%,4.4%,0.0%,0.0%,19.7%,47.6%,32.7%,0.0%,0.0%,0.0%,61.0%,39.0%,0.0%,0.0%,42.4%,44.5%,13.1%,0.0%,52.3%,43.8%,3.9%,0.0%
,,Out of workforce,66.2%,6.1%,27.7%,38.1%,61.5%,0.4%,0.0%,87.5%,12.0%,0.5%,0.0%,65.0%,34.3%,0.4%,0.3%,89.5%,9.2%,1.2%,0.0%,9.9%,77.8%,12.3%,0.0%,0.0%,0.0%,77.0%,21.8%,1.3%,0.0%,41.1%,51.2%,5.3%,0.4%,1.2%,0.7%,0.0%,30.6%,27.4%,41.6%,0.1%,0.4%,0.0%,0.0%,0.0%,0.0%,0.0%,0.0%,0.0%,0.0%,0.0%,0.0%,0.0%,0.0%,0.0%
,Per Capita Income Quintiles,Poorest 20%,61.2%,5.9%,32.9%,20.4%,79.6%,0.0%,0.0%,88.5%,11.5%,0.0%,0.0%,53.9%,45.4%,0.0%,0.8%,86.2%,13.8%,0.0%,0.0%,18.6%,56.5%,24.9%,0.0%,0.0%,0.0%,67.8%,31.4%,0.8%,0.0%,27.9%,57.5%,9.2%,0.7%,3.9%,0.8%,0.0%,29.3%,30.1%,40.3%,0.2%,0.0%,0.0%,84.7%,15.3%,0.0%,0.0%,59.7%,38.6%,1.7%,0.0%,70.2%,29.8%,0.0%,0.0%
,,Second 20%,59.8%,2.9%,37.3%,25.8%,73.6%,0.6%,0.0%,89.5%,9.8%,0.7%,0.0%,58.9%,40.1%,0.9%,0.0%,86.6%,12.1%,1.3%,0.0%,20.4%,62.9%,16.7%,0.0%,0.0%,0.0%,75.0%,24.3%,0.7%,0.0%,37.5%,57.0%,4.5%,0.0%,0.7%,0.4%,0.0%,33.6%,20.0%,46.4%,0.0%,0.0%,0.0%,89.0%,11.0%,0.0%,0.0%,75.7%,24.3%,0.0%,0.0%,62.1%,37.9%,0.0%,0.0%
,,Middle 20%,52.1%,3.5%,44.4%,26.4%,73.2%,0.4%,0.0%,92.9%,6.7%,0.4%,0.0%,62.2%,37.5%,0.3%,0.0%,86.1%,12.0%,1.9%,0.0%,27.5%,60.2%,10.8%,1.5%,0.0%,0.0%,73.1%,26.9%,0.0%,0.0%,49.8%,43.6%,3.9%,0.2%,2.2%,0.2%,0.0%,26.5%,35.6%,36.6%,0.0%,1.3%,0.0%,82.2%,17.8%,0.0%,0.0%,66.1%,31.1%,2.8%,0.0%,65.2%,32.6%,2.1%,0.0%
,,Fourth 20%,43.1%,3.6%,53.3%,17.0%,83.0%,0.0%,0.0%,89.6%,9.8%,0.6%,0.0%,64.8%,35.2%,0.0%,0.0%,96.2%,2.7%,1.1%,0.0%,18.0%,67.8%,13.8%,0.0%,0.0%,0.4%,85.6%,14.0%,0.4%,0.0%,42.1%,48.4%,6.9%,0.8%,1.8%,0.0%,0.0%,26.3%,35.9%,36.7%,0.3%,0.8%,0.0%,89.6%,9.1%,1.3%,0.0%,79.2%,17.8%,3.0%,0.0%,70.2%,27.8%,2.0%,0.0%
,,Richest 20%,46.8%,5.1%,48.1%,17.6%,82.4%,0.0%,0.0%,88.5%,10.1%,1.4%,0.0%,68.5%,31.5%,0.0%,0.0%,91.3%,8.1%,0.6%,0.0%,15.4%,66.4%,18.2%,0.0%,0.0%,0.0%,78.8%,18.2%,3.0%,0.0%,36.3%,56.7%,6.1%,0.3%,0.4%,0.3%,0.0%,32.9%,32.9%,33.6%,0.0%,0.6%,0.0%,85.5%,10.6%,4.0%,0.0%,66.4%,30.2%,3.4%,0.0%,64.9%,34.1%,1.1%,0.0%
,Feelings About Household Income,Living comfortably on present income,44.4%,1.8%,53.8%,16.0%,84.0%,0.0%,0.0%,94.1%,5.7%,0.2%,0.0%,78.5%,21.5%,0.0%,0.0%,97.9%,1.7%,0.4%,0.0%,26.5%,58.0%,15.3%,0.0%,0.0%,0.2%,87.3%,12.3%,0.3%,0.0%,35.4%,57.1%,6.1%,0.4%,0.6%,0.5%,0.0%,26.4%,47.4%,25.3%,0.2%,0.6%,0.0%,91.4%,8.0%,0.6%,0.0%,81.4%,16.2%,2.4%,0.0%,81.9%,17.5%,0.6%,0.0%
,,Getting by on present income,50.9%,4.6%,44.5%,16.5%,83.1%,0.4%,0.0%,89.0%,9.8%,1.1%,0.0%,64.4%,34.5%,0.7%,0.4%,93.1%,6.0%,0.9%,0.0%,17.7%,64.5%,17.0%,0.8%,0.0%,0.0%,81.0%,16.7%,2.3%,0.0%,35.3%,58.0%,6.2%,0.1%,0.4%,0.0%,0.0%,33.3%,25.7%,41.0%,0.0%,0.0%,0.0%,88.7%,9.4%,1.9%,0.0%,68.3%,29.1%,2.6%,0.0%,60.9%,37.2%,2.0%,0.0%
,,Finding it difficult on present income,62.4%,5.7%,32.0%,36.0%,64.0%,0.0%,0.0%,89.4%,9.7%,0.9%,0.0%,37.0%,63.0%,0.0%,0.0%,81.6%,16.0%,2.4%,0.0%,15.0%,65.8%,19.2%,0.0%,0.0%,0.0%,63.8%,36.2%,0.0%,0.0%,48.3%,44.2%,5.4%,1.2%,1.1%,0.0%,0.0%,26.1%,14.6%,59.0%,0.3%,0.0%,0.0%,65.5%,34.5%,0.0%,0.0%,33.8%,66.2%,0.0%,0.0%,30.0%,70.0%,0.0%,0.0%
,,Finding it very difficult on present income,75.3%,9.9%,14.9%,38.6%,61.1%,0.4%,0.0%,75.6%,24.4%,0.0%,0.0%,28.0%,72.0%,0.0%,0.0%,48.6%,50.1%,1.2%,0.0%,11.5%,70.4%,18.2%,0.0%,0.0%,0.0%,27.1%,72.9%,0.0%,0.0%,48.5%,29.5%,5.9%,0.4%,13.9%,1.8%,0.0%,34.6%,14.0%,47.5%,0.0%,3.9%,0.0%,33.3%,62.4%,4.3%,0.0%,25.6%,70.1%,4.3%,0.0%,17.4%,82.6%,0.0%,0.0%
,Urban/Rural,A rural area or on a farm,38.8%,2.0%,59.2%,21.0%,79.0%,0.0%,0.0%,97.0%,2.3%,0.6%,0.0%,82.4%,17.6%,0.0%,0.0%,98.1%,1.9%,0.0%,0.0%,25.7%,64.6%,8.9%,0.0%,0.0%,0.8%,89.2%,8.5%,2.3%,0.0%,38.8%,50.0%,9.0%,0.4%,0.6%,1.1%,0.0%,39.4%,35.1%,24.5%,0.4%,0.5%,0.0%,97.9%,1.1%,1.0%,0.0%,88.1%,10.8%,1.1%,0.0%,79.5%,18.5%,2.0%,0.0%
,,A small town or villAge,55.4%,4.0%,40.6%,20.8%,78.9%,0.3%,0.0%,90.1%,9.2%,0.7%,0.0%,57.2%,42.4%,0.4%,0.0%,92.1%,6.4%,1.5%,0.0%,17.5%,63.6%,18.3%,0.5%,0.0%,0.0%,79.7%,19.5%,0.7%,0.0%,36.7%,56.7%,4.5%,0.3%,1.5%,0.4%,0.0%,27.6%,26.9%,45.1%,0.0%,0.4%,0.0%,90.2%,8.7%,1.1%,0.0%,69.2%,27.7%,3.1%,0.0%,67.0%,32.5%,0.5%,0.0%
,,A large city,54.6%,5.4%,40.0%,20.8%,79.1%,0.1%,0.0%,85.1%,14.3%,0.6%,0.0%,58.3%,41.1%,0.0%,0.6%,79.7%,19.6%,0.7%,0.0%,21.8%,60.0%,18.3%,0.0%,0.0%,0.0%,61.9%,37.0%,1.2%,0.0%,45.3%,41.4%,8.8%,0.9%,3.6%,0.0%,0.0%,30.7%,32.2%,36.1%,0.0%,1.1%,0.0%,74.2%,25.8%,0.0%,0.0%,58.3%,41.2%,0.5%,0.0%,58.0%,42.0%,0.0%,0.0%
,,A suburb of a large city,46.1%,4.6%,49.3%,27.7%,72.3%,0.0%,0.0%,93.5%,6.1%,0.5%,0.0%,72.9%,27.1%,0.0%,0.0%,88.0%,12.0%,0.0%,0.0%,23.4%,62.6%,14.0%,0.0%,0.0%,0.0%,77.4%,22.3%,0.3%,0.0%,33.3%,61.7%,5.0%,0.0%,0.0%,0.0%,0.0%,27.4%,46.9%,25.0%,0.6%,0.0%,0.0%,79.7%,16.5%,3.8%,0.0%,75.8%,20.9%,3.3%,0.0%,66.1%,29.0%,4.9%,0.0%
Spain,Age,15-24,49.4%,2.9%,47.7%,2.1%,97.9%,0.0%,0.0%,98.1%,1.9%,0.0%,0.0%,70.5%,29.5%,0.0%,0.0%,85.5%,11.0%,3.5%,0.0%,47.0%,46.7%,4.2%,0.0%,2.1%,0.0%,80.4%,17.6%,2.0%,0.0%,62.4%,24.4%,5.3%,4.5%,3.4%,0.0%,0.0%,66.2%,20.6%,11.2%,2.1%,0.0%,0.0%,94.0%,6.0%,0.0%,0.0%,67.0%,33.0%,0.0%,0.0%,69.0%,31.0%,0.0%,0.0%
,,25-34,48.7%,4.5%,46.9%,4.7%,95.3%,0.0%,0.0%,92.3%,7.7%,0.0%,0.0%,62.9%,35.7%,0.7%,0.6%,75.7%,22.0%,2.3%,0.0%,33.6%,51.8%,12.8%,1.6%,0.2%,0.0%,77.3%,21.0%,1.4%,0.3%,62.9%,25.9%,9.9%,0.1%,0.0%,1.2%,0.0%,59.8%,29.7%,8.8%,1.6%,0.0%,0.0%,79.7%,17.4%,0.9%,2.1%,69.8%,29.6%,0.6%,0.0%,66.5%,28.8%,4.1%,0.6%
,,35-44,55.3%,5.6%,39.1%,7.8%,92.2%,0.0%,0.0%,90.5%,9.5%,0.0%,0.0%,59.3%,40.7%,0.0%,0.0%,84.2%,10.1%,5.7%,0.0%,15.1%,76.5%,5.9%,1.6%,0.9%,0.0%,88.7%,8.2%,3.2%,0.0%,44.2%,38.7%,14.6%,1.3%,1.3%,0.0%,0.0%,41.6%,53.8%,2.1%,2.5%,0.0%,0.0%,86.4%,12.7%,0.9%,0.0%,73.0%,24.6%,1.9%,0.5%,72.6%,25.4%,2.0%,0.0%
,,45-64,61.2%,7.8%,31.0%,23.1%,76.5%,0.4%,0.0%,93.8%,6.2%,0.0%,0.0%,64.6%,34.7%,0.0%,0.7%,84.3%,12.4%,2.9%,0.4%,13.3%,77.3%,6.5%,0.3%,2.5%,0.2%,80.5%,17.2%,2.3%,0.0%,37.4%,49.7%,6.3%,2.4%,3.3%,0.2%,0.6%,44.5%,42.3%,8.8%,4.2%,0.2%,0.0%,83.6%,13.2%,2.2%,1.0%,80.7%,15.8%,3.5%,0.0%,63.6%,35.8%,0.6%,0.0%
,,65+,63.3%,6.9%,29.7%,27.9%,72.1%,0.0%,0.0%,94.9%,5.1%,0.0%,0.0%,69.6%,30.4%,0.0%,0.0%,90.9%,6.1%,3.0%,0.0%,8.5%,82.3%,6.0%,0.0%,3.2%,0.0%,77.0%,20.5%,2.1%,0.4%,28.9%,53.4%,13.8%,2.7%,0.0%,0.2%,1.0%,33.9%,58.1%,2.5%,4.7%,0.8%,0.0%,87.6%,7.5%,4.9%,0.0%,41.9%,56.5%,1.7%,0.0%,75.2%,24.8%,0.0%,0.0%
,Gender,Male,54.9%,7.9%,37.2%,13.7%,86.2%,0.1%,0.0%,93.1%,6.9%,0.0%,0.0%,65.5%,33.9%,0.0%,0.7%,81.1%,15.0%,3.7%,0.2%,23.1%,67.3%,6.9%,0.5%,2.0%,0.1%,85.6%,12.4%,1.9%,0.1%,46.5%,41.5%,8.5%,2.2%,0.9%,0.2%,0.2%,48.5%,42.4%,5.9%,2.8%,0.3%,0.0%,85.3%,12.8%,1.3%,0.6%,73.2%,25.7%,1.1%,0.0%,72.1%,25.5%,2.4%,0.0%
,,Female,57.5%,4.2%,38.4%,15.1%,84.8%,0.1%,0.0%,93.8%,6.2%,0.0%,0.0%,64.0%,35.7%,0.3%,0.0%,86.4%,10.4%,3.2%,0.0%,18.8%,71.0%,7.7%,1.0%,1.5%,0.0%,76.6%,20.8%,2.5%,0.1%,44.6%,38.9%,11.4%,1.7%,2.4%,0.5%,0.5%,46.9%,42.4%,7.2%,3.4%,0.0%,0.0%,83.2%,13.9%,1.7%,1.2%,71.9%,24.8%,3.0%,0.3%,62.9%,35.6%,1.1%,0.3%
,Employment Status,Employed full time for an employer,51.6%,2.2%,46.3%,4.4%,95.6%,0.0%,0.0%,97.5%,2.5%,0.0%,0.0%,62.7%,36.2%,0.5%,0.6%,85.4%,10.2%,4.4%,0.0%,20.5%,67.9%,9.7%,0.4%,1.3%,0.2%,84.6%,13.2%,2.1%,0.2%,50.7%,38.7%,9.1%,0.0%,0.9%,0.1%,0.5%,46.0%,41.3%,8.7%,3.9%,0.1%,0.0%,83.8%,15.0%,0.5%,0.6%,75.2%,22.9%,1.7%,0.2%,68.2%,29.8%,2.1%,0.0%
,,Employed full time for self,53.7%,0.4%,45.9%,7.3%,91.5%,1.2%,0.0%,89.6%,10.4%,0.0%,0.0%,67.9%,32.1%,0.0%,0.0%,87.6%,12.4%,0.0%,0.0%,21.8%,61.8%,13.4%,0.0%,3.1%,0.0%,91.0%,4.7%,4.3%,0.0%,44.8%,46.1%,8.0%,0.3%,0.0%,0.7%,0.0%,54.7%,37.1%,8.2%,0.0%,0.0%,0.0%,89.2%,4.6%,2.2%,3.9%,69.5%,24.9%,5.5%,0.0%,73.9%,24.8%,0.0%,1.3%
,,Employed part time do not want full time,53.9%,1.3%,44.8%,5.7%,94.3%,0.0%,0.0%,99.3%,0.7%,0.0%,0.0%,61.5%,36.3%,0.0%,2.2%,88.6%,8.4%,3.0%,0.0%,30.9%,64.1%,5.1%,0.0%,0.0%,0.0%,86.2%,13.8%,0.0%,0.0%,66.4%,21.9%,10.0%,1.3%,0.0%,0.4%,0.0%,57.0%,36.9%,5.8%,0.0%,0.3%,0.0%,81.7%,13.1%,5.2%,0.0%,62.4%,37.6%,0.0%,0.0%,65.1%,33.7%,1.3%,0.0%
,,Unemployed,63.4%,11.3%,25.3%,10.4%,89.6%,0.0%,0.0%,75.5%,24.5%,0.0%,0.0%,45.9%,54.1%,0.0%,0.0%,72.6%,27.1%,0.3%,0.0%,25.2%,71.0%,3.5%,0.0%,0.3%,0.0%,77.3%,21.4%,1.3%,0.0%,38.9%,33.0%,18.6%,5.6%,3.5%,0.0%,0.3%,61.6%,35.8%,2.6%,0.0%,0.0%,0.0%,0.0%,0.0%,0.0%,0.0%,0.0%,0.0%,0.0%,0.0%,0.0%,0.0%,0.0%,0.0%
,,Employed part time want full time,58.0%,5.8%,36.2%,13.8%,86.2%,0.0%,0.0%,92.5%,7.5%,0.0%,0.0%,65.0%,35.0%,0.0%,0.0%,83.3%,14.8%,1.9%,0.0%,23.9%,67.2%,3.6%,2.9%,2.4%,0.0%,81.1%,15.3%,3.6%,0.0%,42.8%,49.1%,1.4%,1.3%,1.7%,3.6%,0.0%,48.4%,43.6%,6.0%,2.0%,0.0%,0.0%,85.4%,12.9%,1.3%,0.3%,74.0%,24.2%,1.8%,0.0%,64.9%,32.3%,2.8%,0.0%
,,Out of workforce,58.6%,9.1%,32.3%,24.9%,75.0%,0.1%,0.0%,94.2%,5.8%,0.0%,0.0%,70.2%,29.8%,0.0%,0.0%,83.9%,11.7%,4.2%,0.2%,18.2%,71.8%,6.5%,1.1%,2.4%,0.0%,77.0%,20.4%,2.4%,0.2%,40.4%,43.5%,10.3%,3.0%,2.2%,0.1%,0.4%,43.5%,46.0%,5.9%,4.3%,0.3%,0.0%,0.0%,0.0%,0.0%,0.0%,0.0%,0.0%,0.0%,0.0%,0.0%,0.0%,0.0%,0.0%
,Per Capita Income Quintiles,Poorest 20%,59.1%,19.0%,21.9%,24.9%,75.1%,0.0%,0.0%,87.7%,12.3%,0.0%,0.0%,57.1%,42.9%,0.0%,0.0%,76.1%,23.4%,0.4%,0.0%,24.3%,71.1%,3.0%,0.0%,1.6%,0.0%,69.6%,28.9%,1.5%,0.0%,40.9%,36.1%,14.5%,3.5%,4.2%,0.0%,0.9%,58.4%,33.9%,5.1%,2.5%,0.0%,0.0%,83.3%,16.2%,0.0%,0.5%,82.8%,11.7%,5.5%,0.0%,78.2%,21.8%,0.0%,0.0%
,,Second 20%,64.9%,7.5%,27.6%,13.5%,86.5%,0.0%,0.0%,92.2%,7.8%,0.0%,0.0%,64.3%,35.7%,0.0%,0.0%,84.3%,11.4%,3.8%,0.5%,20.9%,67.7%,10.1%,0.0%,1.3%,0.0%,80.7%,16.8%,2.2%,0.3%,48.8%,40.6%,9.7%,0.8%,0.0%,0.2%,0.0%,47.3%,42.6%,9.7%,0.3%,0.0%,0.0%,85.5%,13.0%,1.6%,0.0%,70.3%,28.5%,1.2%,0.0%,61.6%,38.4%,0.0%,0.0%
,,Middle 20%,49.7%,1.8%,48.5%,11.2%,88.8%,0.0%,0.0%,96.1%,3.9%,0.0%,0.0%,66.3%,32.3%,0.8%,0.7%,88.5%,8.8%,2.7%,0.0%,17.4%,72.8%,6.3%,1.9%,1.6%,0.0%,85.1%,12.7%,2.2%,0.0%,43.3%,45.4%,6.6%,1.4%,1.3%,1.2%,0.8%,49.8%,43.1%,4.7%,2.3%,0.1%,0.0%,86.9%,10.5%,0.5%,2.1%,70.6%,29.4%,0.0%,0.0%,66.3%,31.9%,1.2%,0.7%
,,Fourth 20%,50.6%,0.9%,48.4%,10.8%,89.0%,0.3%,0.0%,95.3%,4.7%,0.0%,0.0%,70.6%,28.6%,0.0%,0.7%,82.7%,11.7%,5.6%,0.0%,27.4%,64.5%,7.2%,0.5%,0.5%,0.0%,87.1%,11.4%,1.2%,0.3%,51.2%,34.1%,10.8%,3.3%,0.6%,0.0%,0.0%,48.0%,39.3%,7.2%,5.0%,0.5%,0.0%,82.4%,14.8%,2.8%,0.0%,76.1%,22.6%,0.6%,0.6%,67.0%,30.7%,2.2%,0.0%
,,Richest 20%,56.9%,1.0%,42.2%,11.9%,87.8%,0.3%,0.0%,96.2%,3.8%,0.0%,0.0%,65.1%,34.6%,0.0%,0.3%,87.4%,7.9%,4.7%,0.0%,14.6%,70.0%,9.9%,1.3%,3.8%,0.3%,82.4%,13.6%,4.0%,0.0%,43.3%,44.9%,8.5%,0.9%,2.0%,0.3%,0.2%,35.0%,53.0%,6.1%,5.5%,0.3%,0.0%,83.8%,13.1%,1.7%,1.5%,67.1%,29.2%,3.7%,0.0%,70.1%,25.4%,4.5%,0.0%
,Feelings About Household Income,Living comfortably on present income,51.5%,0.5%,48.1%,10.7%,89.0%,0.3%,0.0%,97.5%,2.5%,0.0%,0.0%,68.0%,31.5%,0.0%,0.5%,90.1%,5.8%,4.0%,0.0%,15.9%,71.2%,9.6%,1.0%,2.2%,0.2%,88.8%,8.3%,2.9%,0.0%,49.1%,38.7%,9.4%,0.3%,1.5%,0.7%,0.3%,42.2%,45.1%,9.2%,3.2%,0.4%,0.0%,86.7%,11.4%,1.1%,0.8%,77.1%,21.8%,0.8%,0.3%,65.6%,32.6%,1.8%,0.0%
,,Getting by on present income,55.3%,3.4%,41.3%,9.9%,90.1%,0.0%,0.0%,96.9%,3.1%,0.0%,0.0%,69.1%,30.1%,0.4%,0.4%,85.1%,12.8%,1.9%,0.3%,29.3%,62.7%,5.7%,0.9%,1.5%,0.0%,80.8%,16.6%,2.4%,0.1%,47.3%,40.1%,10.3%,1.6%,0.6%,0.1%,0.1%,51.4%,40.3%,5.6%,2.6%,0.0%,0.0%,86.9%,10.9%,2.2%,0.0%,72.3%,26.3%,1.3%,0.0%,71.7%,26.4%,1.9%,0.0%
,,Finding it difficult on present income,65.0%,22.0%,13.0%,22.8%,77.2%,0.0%,0.0%,89.6%,10.4%,0.0%,0.0%,46.1%,53.9%,0.0%,0.0%,62.6%,29.6%,7.8%,0.0%,6.8%,83.9%,8.6%,0.4%,0.4%,0.0%,60.6%,37.0%,1.9%,0.6%,40.1%,40.3%,10.7%,1.7%,4.5%,0.7%,1.9%,45.9%,41.4%,7.5%,4.9%,0.3%,0.0%,70.2%,28.5%,0.6%,0.6%,56.2%,30.1%,13.7%,0.0%,54.7%,39.5%,3.6%,2.2%
,,Finding it very difficult on present income,65.1%,17.0%,17.9%,33.3%,66.7%,0.0%,0.0%,72.3%,27.7%,0.0%,0.0%,58.5%,41.5%,0.0%,0.0%,79.7%,17.0%,3.3%,0.0%,21.5%,70.4%,5.4%,0.0%,2.8%,0.0%,76.7%,23.3%,0.0%,0.0%,32.2%,45.1%,10.8%,8.8%,3.0%,0.0%,0.0%,53.4%,41.7%,1.9%,3.0%,0.0%,0.0%,65.5%,27.7%,0.0%,6.8%,67.4%,32.6%,0.0%,0.0%,74.8%,25.2%,0.0%,0.0%
,Urban/Rural,A rural area or on a farm,75.3%,11.0%,13.7%,20.1%,79.9%,0.0%,0.0%,96.0%,4.0%,0.0%,0.0%,62.9%,37.1%,0.0%,0.0%,66.8%,33.2%,0.0%,0.0%,20.6%,65.0%,14.5%,0.0%,0.0%,0.0%,75.5%,24.5%,0.0%,0.0%,35.4%,45.8%,16.1%,0.0%,2.6%,0.0%,0.0%,43.6%,45.9%,4.6%,5.9%,0.0%,0.0%,75.6%,18.7%,0.0%,5.7%,67.0%,33.0%,0.0%,0.0%,73.4%,26.6%,0.0%,0.0%
,,A small town or villAge,59.8%,8.6%,31.7%,18.1%,81.7%,0.1%,0.0%,91.5%,8.5%,0.0%,0.0%,65.6%,34.1%,0.0%,0.3%,81.1%,14.0%,4.7%,0.2%,20.9%,69.2%,6.0%,0.8%,3.1%,0.0%,78.9%,18.2%,2.9%,0.0%,42.7%,39.3%,11.6%,3.9%,1.8%,0.1%,0.6%,46.3%,44.5%,5.3%,3.6%,0.2%,0.0%,83.9%,14.7%,1.3%,0.1%,69.8%,27.6%,2.2%,0.3%,68.1%,29.9%,1.6%,0.3%
,,A large city,50.1%,2.7%,47.2%,11.6%,88.4%,0.0%,0.0%,94.6%,5.4%,0.0%,0.0%,69.5%,29.5%,0.5%,0.6%,89.4%,8.0%,2.6%,0.0%,23.4%,67.3%,8.2%,0.4%,0.6%,0.2%,83.2%,14.3%,2.5%,0.0%,51.4%,38.1%,8.3%,0.4%,1.4%,0.1%,0.2%,49.6%,41.3%,6.8%,2.1%,0.2%,0.0%,86.1%,10.2%,2.2%,1.5%,76.5%,21.3%,2.3%,0.0%,69.5%,28.4%,2.0%,0.0%
,,A suburb of a large city,51.7%,3.1%,45.2%,6.7%,92.9%,0.4%,0.0%,96.2%,3.8%,0.0%,0.0%,51.8%,48.2%,0.0%,0.0%,86.4%,10.6%,3.0%,0.0%,15.6%,75.2%,6.8%,1.7%,0.7%,0.0%,84.7%,14.1%,0.3%,0.9%,45.0%,45.6%,6.4%,0.1%,1.1%,1.8%,0.0%,49.5%,36.6%,11.0%,2.9%,0.0%,0.0%,84.9%,14.1%,1.0%,0.0%,74.5%,24.6%,1.0%,0.0%,62.3%,35.3%,2.4%,0.0%
Italy,Age,15-24,46.3%,0.0%,53.7%,4.5%,95.5%,0.0%,0.0%,95.8%,4.2%,0.0%,0.0%,78.3%,21.7%,0.0%,0.0%,86.7%,8.6%,4.8%,0.0%,45.3%,49.5%,5.3%,0.0%,0.0%,0.0%,81.7%,17.3%,1.0%,0.0%,17.0%,66.6%,16.4%,0.0%,0.0%,0.0%,0.0%,24.3%,66.2%,8.8%,0.0%,0.6%,0.0%,73.8%,26.2%,0.0%,0.0%,47.4%,52.6%,0.0%,0.0%,36.0%,64.0%,0.0%,0.0%
,,25-34,50.4%,0.0%,49.6%,0.7%,99.3%,0.0%,0.0%,97.7%,2.3%,0.0%,0.0%,72.2%,26.1%,1.8%,0.0%,85.9%,12.3%,1.8%,0.0%,54.7%,43.6%,1.5%,0.0%,0.3%,0.0%,72.1%,27.6%,0.3%,0.0%,18.7%,71.4%,7.0%,2.4%,0.0%,0.5%,0.0%,37.7%,52.5%,7.3%,0.0%,2.5%,0.0%,79.7%,17.1%,1.2%,2.1%,73.6%,23.9%,2.5%,0.0%,70.8%,28.2%,1.1%,0.0%
,,35-44,56.9%,1.9%,41.2%,1.5%,98.5%,0.0%,0.0%,93.1%,6.9%,0.0%,0.0%,78.0%,21.7%,0.0%,0.3%,80.1%,18.2%,1.7%,0.0%,33.3%,59.0%,5.1%,1.9%,0.6%,0.0%,69.7%,28.1%,2.2%,0.0%,23.0%,69.1%,6.7%,0.8%,0.5%,0.0%,0.0%,34.6%,61.6%,1.5%,0.2%,2.2%,0.0%,93.3%,6.3%,0.0%,0.4%,55.3%,43.5%,0.8%,0.4%,42.2%,57.2%,0.6%,0.0%
,,45-64,62.4%,12.5%,25.1%,20.2%,79.7%,0.0%,0.1%,82.4%,17.5%,0.1%,0.0%,67.1%,32.9%,0.0%,0.0%,72.8%,26.9%,0.2%,0.1%,18.9%,77.6%,1.9%,0.2%,1.4%,0.0%,71.5%,23.7%,4.8%,0.0%,27.9%,56.7%,10.7%,2.9%,1.6%,0.2%,0.0%,31.1%,59.5%,8.3%,0.7%,0.4%,0.1%,83.3%,15.5%,0.9%,0.3%,55.6%,44.3%,0.0%,0.1%,54.6%,45.0%,0.3%,0.0%
,,65+,70.8%,6.2%,23.0%,34.9%,65.1%,0.0%,0.0%,86.1%,13.4%,0.6%,0.0%,67.0%,32.5%,0.0%,0.5%,78.5%,21.0%,0.5%,0.0%,18.4%,78.2%,2.8%,0.5%,0.0%,0.1%,75.5%,23.9%,0.7%,0.0%,33.0%,48.8%,11.4%,5.9%,0.6%,0.2%,0.0%,23.3%,63.9%,11.0%,1.3%,0.5%,0.0%,84.9%,10.5%,0.0%,4.6%,75.0%,25.0%,0.0%,0.0%,62.1%,37.9%,0.0%,0.0%
,Gender,Male,58.2%,6.1%,35.8%,13.6%,86.4%,0.0%,0.0%,91.7%,7.9%,0.3%,0.0%,68.9%,31.0%,0.0%,0.1%,80.8%,17.8%,1.4%,0.0%,30.4%,64.5%,3.7%,1.1%,0.3%,0.0%,74.5%,24.2%,1.2%,0.0%,28.7%,57.5%,12.0%,1.2%,0.4%,0.2%,0.0%,27.9%,62.7%,8.3%,0.8%,0.3%,0.0%,82.0%,15.7%,0.9%,1.4%,53.8%,44.7%,1.2%,0.3%,49.7%,49.5%,0.8%,0.0%
,,Female,61.7%,5.8%,32.5%,18.2%,81.8%,0.0%,0.0%,86.2%,13.8%,0.0%,0.0%,72.9%,26.4%,0.5%,0.2%,77.1%,21.7%,1.2%,0.0%,28.1%,68.5%,2.4%,0.0%,0.9%,0.1%,72.3%,24.6%,3.2%,0.0%,23.1%,62.5%,8.7%,4.4%,1.1%,0.2%,0.0%,31.9%,58.9%,7.0%,0.4%,1.8%,0.0%,88.2%,11.2%,0.4%,0.3%,67.3%,32.4%,0.3%,0.0%,59.3%,40.4%,0.3%,0.0%
,Employment Status,Employed full time for an employer,53.0%,4.4%,42.6%,7.5%,92.5%,0.0%,0.0%,91.1%,8.9%,0.0%,0.0%,74.0%,25.8%,0.0%,0.2%,80.7%,17.2%,2.0%,0.1%,35.4%,60.6%,2.5%,0.2%,1.4%,0.0%,79.0%,19.0%,2.0%,0.0%,23.7%,63.5%,9.6%,2.1%,0.8%,0.3%,0.0%,37.2%,57.6%,3.7%,0.8%,0.8%,0.0%,87.8%,11.6%,0.3%,0.3%,54.0%,44.8%,1.0%,0.3%,53.9%,45.9%,0.2%,0.0%
,,Employed full time for self,54.0%,0.0%,46.0%,9.7%,90.3%,0.0%,0.0%,97.1%,2.9%,0.0%,0.0%,54.3%,43.9%,0.0%,1.7%,87.2%,12.8%,0.0%,0.0%,37.6%,48.3%,8.9%,5.1%,0.0%,0.0%,72.0%,28.0%,0.0%,0.0%,33.4%,44.9%,21.0%,0.6%,0.0%,0.0%,0.0%,24.9%,69.3%,5.6%,0.0%,0.0%,0.2%,76.6%,19.6%,0.0%,3.8%,61.1%,38.4%,0.5%,0.0%,37.1%,62.1%,0.8%,0.0%
,,Employed part time do not want full time,61.1%,0.0%,38.9%,10.9%,89.1%,0.0%,0.0%,94.0%,6.0%,0.0%,0.0%,83.0%,11.6%,5.4%,0.0%,89.7%,8.9%,1.4%,0.0%,49.0%,47.8%,2.8%,0.0%,0.4%,0.0%,75.8%,21.9%,2.3%,0.0%,12.7%,69.6%,11.6%,6.1%,0.0%,0.0%,0.0%,32.5%,48.6%,13.5%,0.0%,5.4%,0.0%,83.9%,12.9%,2.2%,1.0%,67.6%,32.4%,0.0%,0.0%,58.3%,39.0%,2.6%,0.0%
,,Unemployed,59.3%,25.5%,15.2%,3.5%,96.5%,0.0%,0.0%,78.5%,21.5%,0.0%,0.0%,65.7%,34.3%,0.0%,0.0%,56.0%,44.0%,0.0%,0.0%,29.0%,68.1%,2.6%,0.0%,0.3%,0.0%,52.1%,41.2%,6.7%,0.0%,40.3%,41.6%,16.3%,1.1%,0.0%,0.6%,0.0%,35.4%,47.8%,10.1%,0.0%,6.7%,0.0%,0.0%,0.0%,0.0%,0.0%,0.0%,0.0%,0.0%,0.0%,0.0%,0.0%,0.0%,0.0%
,,Employed part time want full time,61.9%,8.3%,29.8%,5.9%,94.1%,0.0%,0.0%,82.2%,17.8%,0.0%,0.0%,74.2%,25.8%,0.0%,0.0%,81.1%,13.9%,5.0%,0.0%,23.4%,75.9%,0.8%,0.0%,0.0%,0.0%,77.2%,21.2%,1.6%,0.0%,31.7%,57.4%,3.7%,2.8%,4.4%,0.0%,0.0%,26.4%,64.0%,9.0%,0.2%,0.4%,0.0%,82.1%,15.9%,1.6%,0.4%,75.8%,23.3%,0.9%,0.0%,67.7%,32.0%,0.4%,0.0%
,,Out of workforce,64.8%,5.6%,29.7%,25.6%,74.4%,0.0%,0.0%,88.1%,11.6%,0.3%,0.0%,70.7%,29.3%,0.0%,0.0%,77.8%,21.6%,0.6%,0.0%,23.4%,73.0%,2.9%,0.2%,0.4%,0.1%,71.8%,25.9%,2.3%,0.0%,24.5%,62.2%,9.3%,3.6%,0.4%,0.1%,0.0%,26.2%,63.5%,9.2%,0.7%,0.4%,0.0%,0.0%,0.0%,0.0%,0.0%,0.0%,0.0%,0.0%,0.0%,0.0%,0.0%,0.0%,0.0%
,Per Capita Income Quintiles,Poorest 20%,63.8%,11.4%,24.8%,13.5%,86.5%,0.0%,0.0%,86.8%,13.2%,0.0%,0.0%,72.1%,26.6%,1.2%,0.0%,65.1%,34.4%,0.5%,0.0%,24.4%,72.6%,2.8%,0.0%,0.2%,0.0%,62.2%,35.3%,2.5%,0.0%,29.6%,61.5%,6.9%,0.3%,1.7%,0.0%,0.0%,31.4%,59.7%,5.7%,0.0%,3.1%,0.0%,83.5%,16.4%,0.0%,0.2%,65.9%,34.1%,0.0%,0.0%,62.8%,37.2%,0.0%,0.0%
,,Second 20%,75.4%,3.8%,20.8%,19.5%,80.5%,0.0%,0.0%,85.2%,14.8%,0.0%,0.0%,66.7%,33.3%,0.0%,0.0%,82.7%,15.5%,1.8%,0.0%,29.0%,63.1%,4.8%,1.8%,1.2%,0.0%,69.0%,30.2%,0.8%,0.0%,19.4%,72.4%,4.8%,2.5%,0.8%,0.1%,0.0%,28.0%,60.0%,11.0%,0.8%,0.3%,0.0%,82.5%,16.9%,0.6%,0.0%,58.8%,38.3%,2.9%,0.0%,44.7%,54.8%,0.5%,0.0%
,,Middle 20%,60.4%,8.3%,31.3%,21.5%,78.5%,0.0%,0.0%,86.7%,12.6%,0.8%,0.0%,72.9%,26.2%,0.0%,0.9%,74.1%,23.9%,2.0%,0.0%,33.0%,63.6%,2.4%,0.8%,0.0%,0.1%,76.3%,18.8%,4.9%,0.0%,20.7%,58.0%,17.0%,3.5%,0.7%,0.2%,0.0%,26.6%,62.2%,8.7%,1.6%,0.8%,0.0%,89.1%,10.7%,0.0%,0.2%,73.5%,25.6%,0.0%,0.9%,60.3%,38.2%,1.5%,0.0%
,,Fourth 20%,49.3%,4.4%,46.3%,13.6%,86.4%,0.0%,0.0%,92.5%,7.5%,0.0%,0.0%,67.4%,32.6%,0.0%,0.0%,86.4%,11.8%,1.7%,0.1%,30.2%,65.6%,3.4%,0.0%,0.8%,0.0%,77.7%,20.6%,1.8%,0.0%,28.1%,60.3%,6.3%,4.7%,0.2%,0.4%,0.0%,33.8%,57.4%,8.0%,0.2%,0.7%,0.0%,78.3%,17.7%,1.4%,2.6%,49.9%,49.0%,1.1%,0.0%,62.9%,36.7%,0.5%,0.0%
,,Richest 20%,51.1%,1.9%,47.0%,11.8%,88.1%,0.0%,0.1%,93.1%,6.9%,0.0%,0.0%,76.0%,24.0%,0.0%,0.0%,85.6%,13.9%,0.4%,0.0%,29.3%,68.3%,1.7%,0.0%,0.8%,0.0%,81.3%,17.5%,1.3%,0.0%,31.4%,48.5%,16.1%,3.4%,0.5%,0.2%,0.0%,30.2%,64.4%,4.6%,0.2%,0.5%,0.1%,89.5%,8.3%,1.0%,1.3%,55.2%,44.8%,0.0%,0.0%,44.6%,54.9%,0.5%,0.0%
,Feelings About Household Income,Living comfortably on present income,49.4%,1.4%,49.3%,14.3%,85.6%,0.0%,0.1%,93.4%,6.1%,0.5%,0.0%,79.9%,19.2%,0.9%,0.0%,91.2%,7.2%,1.6%,0.0%,25.8%,71.4%,1.9%,0.2%,0.7%,0.0%,87.0%,12.5%,0.5%,0.0%,28.0%,60.0%,9.6%,1.7%,0.5%,0.1%,0.0%,25.2%,61.8%,11.1%,0.6%,1.3%,0.0%,92.6%,4.6%,0.4%,2.5%,57.1%,42.7%,0.0%,0.1%,50.8%,48.6%,0.7%,0.0%
,,Getting by on present income,60.8%,3.2%,36.0%,10.7%,89.3%,0.0%,0.0%,93.7%,6.2%,0.0%,0.0%,77.9%,21.8%,0.0%,0.3%,84.2%,14.7%,1.1%,0.0%,36.0%,59.5%,3.9%,0.0%,0.5%,0.1%,76.4%,21.3%,2.3%,0.0%,22.0%,61.7%,12.9%,2.4%,0.7%,0.2%,0.0%,29.4%,64.8%,4.9%,0.1%,0.7%,0.0%,82.4%,16.4%,1.0%,0.2%,63.1%,35.5%,1.5%,0.0%,54.0%,45.3%,0.7%,0.0%
,,Finding it difficult on present income,71.0%,17.8%,11.2%,26.8%,73.2%,0.0%,0.0%,77.4%,22.6%,0.0%,0.0%,45.0%,54.7%,0.0%,0.4%,54.5%,44.3%,1.2%,0.0%,19.9%,71.6%,4.4%,3.0%,1.0%,0.0%,53.7%,40.7%,5.7%,0.0%,29.3%,58.1%,7.0%,4.7%,0.8%,0.0%,0.0%,38.5%,47.4%,10.4%,1.2%,2.4%,0.0%,75.2%,24.8%,0.0%,0.0%,42.6%,56.4%,0.0%,1.0%,49.0%,51.0%,0.0%,0.0%
,,Finding it very difficult on present income,68.3%,12.0%,19.7%,27.6%,72.4%,0.0%,0.0%,73.7%,26.3%,0.0%,0.0%,56.8%,43.2%,0.0%,0.0%,60.6%,39.1%,0.3%,0.0%,21.4%,78.1%,0.5%,0.0%,0.0%,0.0%,53.2%,45.3%,1.5%,0.0%,32.0%,55.5%,5.5%,5.2%,1.5%,0.3%,0.0%,32.9%,59.0%,6.6%,1.5%,0.0%,0.0%,85.2%,14.1%,0.8%,0.0%,79.2%,19.9%,0.9%,0.0%,76.9%,23.1%,0.0%,0.0%
,Urban/Rural,A rural area or on a farm,57.3%,13.3%,29.4%,9.4%,90.6%,0.0%,0.0%,94.4%,5.6%,0.0%,0.0%,63.8%,36.2%,0.0%,0.0%,62.4%,34.9%,2.7%,0.0%,8.4%,89.4%,2.3%,0.0%,0.0%,0.0%,64.6%,25.3%,10.1%,0.0%,17.2%,66.4%,4.9%,11.4%,0.0%,0.0%,0.0%,21.9%,77.8%,0.0%,0.3%,0.0%,0.0%,85.5%,14.5%,0.0%,0.0%,62.2%,37.8%,0.0%,0.0%,48.3%,51.7%,0.0%,0.0%
,,A small town or villAge,62.6%,4.9%,32.5%,16.9%,83.1%,0.0%,0.0%,88.7%,11.3%,0.0%,0.0%,70.9%,28.6%,0.4%,0.1%,81.3%,17.6%,1.1%,0.0%,32.8%,62.7%,3.0%,0.9%,0.7%,0.0%,73.5%,25.0%,1.5%,0.0%,23.9%,63.9%,8.6%,2.8%,0.8%,0.1%,0.0%,29.7%,60.1%,8.6%,0.0%,1.5%,0.0%,85.9%,12.6%,0.4%,1.0%,63.9%,35.5%,0.3%,0.2%,55.2%,44.5%,0.3%,0.0%
,,A large city,57.1%,0.6%,42.2%,11.4%,88.5%,0.0%,0.1%,91.6%,8.4%,0.0%,0.0%,75.5%,24.0%,0.0%,0.6%,81.6%,17.7%,0.6%,0.1%,29.4%,66.3%,4.0%,0.0%,0.2%,0.0%,71.9%,26.6%,1.5%,0.0%,26.0%,55.0%,17.8%,0.3%,0.6%,0.2%,0.0%,27.9%,65.3%,6.5%,0.2%,0.0%,0.1%,89.1%,10.0%,0.0%,0.9%,56.6%,40.9%,2.5%,0.0%,52.4%,47.2%,0.4%,0.0%
,,A suburb of a large city,52.6%,18.4%,29.0%,23.3%,76.7%,0.0%,0.0%,81.4%,17.2%,1.4%,0.0%,66.4%,33.6%,0.0%,0.0%,67.4%,29.6%,3.0%,0.0%,19.0%,77.8%,1.8%,0.0%,1.2%,0.2%,79.7%,16.1%,4.2%,0.0%,40.6%,45.6%,7.7%,4.4%,1.4%,0.3%,0.0%,39.7%,47.4%,7.3%,4.4%,1.2%,0.0%,69.8%,27.4%,2.4%,0.4%,42.5%,57.5%,0.0%,0.0%,52.8%,44.8%,2.4%,0.0%
Poland,Age,15-24,59.9%,0.2%,39.9%,11.5%,88.5%,0.0%,0.0%,98.7%,1.3%,0.0%,0.0%,81.6%,16.9%,1.5%,0.0%,71.5%,27.6%,0.9%,0.0%,40.1%,56.3%,3.5%,0.0%,0.0%,0.0%,72.8%,26.5%,0.7%,0.0%,31.8%,52.2%,11.8%,0.0%,0.0%,4.2%,0.0%,49.7%,46.3%,2.4%,1.2%,0.3%,0.0%,89.6%,9.9%,0.5%,0.0%,46.3%,53.7%,0.0%,0.0%,63.3%,36.7%,0.0%,0.0%
,,25-34,55.7%,5.4%,38.9%,10.0%,89.9%,0.1%,0.0%,98.8%,1.2%,0.0%,0.0%,79.0%,21.0%,0.0%,0.0%,70.5%,29.0%,0.5%,0.0%,26.0%,69.1%,1.0%,0.0%,3.9%,0.0%,70.6%,28.3%,1.1%,0.0%,31.6%,63.5%,4.8%,0.0%,0.0%,0.2%,0.0%,45.8%,44.9%,9.0%,0.0%,0.1%,0.1%,88.2%,10.4%,1.3%,0.0%,68.6%,31.1%,0.3%,0.0%,76.6%,22.5%,0.9%,0.0%
,,35-44,49.4%,7.4%,43.2%,14.8%,85.1%,0.1%,0.0%,94.9%,2.6%,2.5%,0.0%,77.7%,18.5%,3.9%,0.0%,72.4%,25.9%,1.8%,0.0%,15.8%,77.1%,6.0%,0.0%,1.1%,0.0%,79.2%,19.9%,0.9%,0.0%,19.9%,71.0%,7.1%,0.1%,0.0%,1.8%,0.0%,30.4%,50.3%,16.1%,0.0%,2.1%,1.1%,91.9%,6.7%,1.3%,0.0%,76.1%,22.4%,1.4%,0.0%,64.9%,33.4%,1.7%,0.0%
,,45-64,60.3%,15.4%,24.2%,31.6%,68.2%,0.1%,0.0%,90.3%,6.8%,2.9%,0.0%,80.3%,19.5%,0.1%,0.0%,73.0%,24.7%,2.3%,0.0%,12.8%,81.7%,4.7%,0.0%,0.9%,0.0%,80.0%,17.3%,2.7%,0.0%,27.5%,66.3%,4.7%,0.0%,0.0%,1.5%,0.0%,27.4%,49.2%,21.2%,0.0%,2.1%,0.1%,87.5%,11.1%,1.4%,0.0%,84.1%,15.2%,0.6%,0.0%,44.8%,53.3%,1.0%,0.8%
,,65+,58.7%,17.9%,23.3%,49.9%,50.1%,0.0%,0.0%,90.3%,9.2%,0.6%,0.0%,92.4%,7.3%,0.2%,0.0%,77.9%,20.1%,2.0%,0.0%,8.0%,90.1%,1.2%,0.0%,0.8%,0.0%,90.9%,9.1%,0.0%,0.0%,25.9%,59.4%,10.3%,0.9%,0.0%,3.5%,0.0%,21.9%,37.8%,34.9%,1.5%,3.9%,0.0%,89.6%,5.2%,0.0%,5.3%,75.7%,12.2%,12.1%,0.0%,9.9%,83.9%,6.1%,0.0%
,Gender,Male,52.1%,10.5%,37.4%,19.8%,80.1%,0.2%,0.0%,93.2%,4.1%,2.6%,0.0%,81.2%,16.4%,1.9%,0.4%,74.8%,23.5%,1.8%,0.0%,22.5%,72.5%,3.9%,0.0%,1.1%,0.0%,77.8%,20.8%,1.3%,0.0%,31.4%,58.0%,8.5%,0.0%,0.0%,2.0%,0.0%,36.8%,44.5%,15.7%,0.3%,2.2%,0.4%,87.1%,11.5%,1.4%,0.0%,74.7%,24.7%,0.6%,0.0%,64.8%,33.2%,1.6%,0.4%
,,Female,61.7%,10.6%,27.7%,31.2%,68.8%,0.0%,0.0%,94.7%,5.1%,0.2%,0.0%,82.9%,17.0%,0.0%,0.1%,71.8%,26.7%,1.4%,0.1%,13.4%,81.6%,3.5%,0.0%,1.4%,0.1%,81.0%,17.8%,1.2%,0.1%,23.0%,68.5%,5.9%,0.3%,0.0%,2.2%,0.1%,29.2%,47.3%,21.3%,0.6%,1.4%,0.1%,90.7%,7.6%,1.1%,0.6%,71.3%,26.3%,2.3%,0.0%,48.2%,50.2%,1.5%,0.1%
,Employment Status,Employed full time for an employer,56.1%,8.3%,35.6%,15.1%,84.9%,0.1%,0.0%,94.5%,3.2%,2.2%,0.0%,79.3%,20.6%,0.1%,0.0%,72.3%,26.8%,0.9%,0.0%,19.7%,73.8%,4.4%,0.0%,2.1%,0.1%,76.9%,21.3%,1.8%,0.0%,31.2%,61.8%,5.1%,0.1%,0.0%,1.7%,0.1%,35.8%,46.9%,14.6%,0.1%,1.9%,0.7%,86.8%,12.3%,0.9%,0.0%,71.1%,28.1%,0.8%,0.0%,60.2%,38.5%,0.8%,0.5%
,,Employed full time for self,37.8%,16.2%,46.0%,20.5%,79.5%,0.0%,0.0%,90.5%,7.3%,2.2%,0.0%,74.3%,20.6%,3.0%,2.2%,64.4%,30.0%,5.7%,0.0%,25.9%,70.8%,3.0%,0.0%,0.3%,0.0%,80.8%,17.7%,1.5%,0.0%,31.5%,56.6%,9.8%,0.0%,0.0%,2.1%,0.0%,28.7%,59.6%,10.5%,0.0%,1.1%,0.0%,94.2%,4.0%,0.3%,1.4%,87.2%,10.9%,1.9%,0.0%,63.4%,34.7%,1.9%,0.0%
,,Employed part time do not want full time,51.1%,0.0%,48.9%,18.2%,81.8%,0.0%,0.0%,95.1%,0.0%,4.9%,0.0%,86.4%,8.7%,4.9%,0.0%,89.5%,9.8%,0.7%,0.0%,10.6%,83.4%,6.0%,0.0%,0.0%,0.0%,91.7%,8.3%,0.0%,0.0%,32.7%,56.6%,10.7%,0.0%,0.0%,0.0%,0.0%,31.7%,57.3%,4.2%,0.0%,6.8%,0.0%,94.7%,4.9%,0.5%,0.0%,68.4%,29.4%,2.2%,0.0%,36.4%,54.6%,9.0%,0.0%
,,Unemployed,62.0%,5.6%,32.3%,15.4%,83.7%,1.0%,0.0%,100.0%,0.0%,0.0%,0.0%,80.7%,19.3%,0.0%,0.0%,75.9%,21.9%,2.2%,0.0%,23.3%,69.0%,7.7%,0.0%,0.0%,0.0%,59.5%,38.4%,2.2%,0.0%,19.5%,57.2%,5.8%,3.6%,0.0%,13.8%,0.0%,52.2%,31.0%,15.7%,0.0%,1.0%,0.0%,0.0%,0.0%,0.0%,0.0%,0.0%,0.0%,0.0%,0.0%,0.0%,0.0%,0.0%,0.0%
,,Employed part time want full time,68.7%,15.5%,15.9%,24.9%,75.1%,0.0%,0.0%,91.6%,8.4%,0.0%,0.0%,87.7%,12.3%,0.0%,0.0%,57.4%,41.6%,1.0%,0.0%,31.4%,63.7%,4.9%,0.0%,0.0%,0.0%,63.4%,36.6%,0.0%,0.0%,23.9%,70.7%,5.4%,0.0%,0.0%,0.0%,0.0%,28.9%,55.2%,15.9%,0.0%,0.0%,0.0%,86.4%,7.6%,6.0%,0.0%,70.4%,26.7%,2.9%,0.0%,55.1%,44.9%,0.0%,0.0%
,,Out of workforce,61.0%,12.4%,26.6%,39.4%,60.4%,0.1%,0.0%,93.8%,5.8%,0.3%,0.0%,85.6%,13.1%,1.2%,0.1%,76.7%,21.8%,1.4%,0.1%,12.4%,84.1%,2.3%,0.0%,1.1%,0.1%,84.8%,14.2%,0.9%,0.1%,22.6%,66.8%,8.7%,0.1%,0.0%,1.8%,0.1%,29.8%,40.4%,26.9%,1.2%,1.6%,0.1%,0.0%,0.0%,0.0%,0.0%,0.0%,0.0%,0.0%,0.0%,0.0%,0.0%,0.0%,0.0%
,Per Capita Income Quintiles,Poorest 20%,51.5%,18.2%,30.3%,23.8%,76.2%,0.0%,0.0%,95.2%,4.8%,0.0%,0.0%,79.8%,17.7%,2.5%,0.0%,70.4%,27.0%,2.6%,0.0%,16.7%,82.9%,0.2%,0.0%,0.1%,0.0%,76.9%,21.4%,1.7%,0.0%,28.7%,63.1%,8.2%,0.0%,0.0%,0.0%,0.0%,34.4%,44.4%,19.2%,0.0%,2.0%,0.0%,83.8%,14.8%,1.5%,0.0%,78.4%,21.6%,0.0%,0.0%,58.0%,40.1%,1.8%,0.0%
,,Second 20%,62.7%,13.5%,23.8%,30.9%,69.1%,0.0%,0.0%,93.0%,4.6%,2.4%,0.0%,80.9%,18.9%,0.1%,0.0%,68.2%,28.1%,3.7%,0.0%,10.4%,86.1%,2.1%,0.0%,1.5%,0.0%,80.5%,18.9%,0.6%,0.0%,16.0%,71.6%,9.6%,0.0%,0.0%,2.8%,0.0%,24.8%,53.7%,17.2%,2.4%,2.0%,0.0%,85.7%,10.8%,2.1%,1.4%,60.5%,35.9%,3.5%,0.0%,41.3%,57.3%,1.4%,0.0%
,,Middle 20%,64.0%,6.7%,29.3%,19.0%,80.9%,0.1%,0.0%,94.3%,5.7%,0.0%,0.0%,91.7%,8.1%,0.2%,0.0%,83.1%,16.7%,0.3%,0.0%,13.5%,81.7%,3.4%,0.0%,1.4%,0.0%,87.0%,13.0%,0.0%,0.0%,24.1%,68.3%,4.6%,0.7%,0.0%,2.3%,0.0%,28.6%,48.4%,20.1%,0.0%,2.7%,0.2%,92.3%,7.7%,0.0%,0.0%,74.6%,23.6%,1.9%,0.0%,62.1%,37.7%,0.2%,0.0%
,,Fourth 20%,55.4%,7.9%,36.6%,30.7%,69.1%,0.2%,0.0%,96.4%,2.6%,1.0%,0.0%,78.6%,20.2%,1.1%,0.1%,72.3%,26.7%,0.8%,0.1%,27.8%,65.1%,4.8%,0.0%,2.0%,0.3%,75.9%,21.5%,2.4%,0.1%,28.1%,63.1%,6.6%,0.1%,0.0%,1.9%,0.3%,38.9%,42.2%,16.9%,0.0%,1.8%,0.3%,90.5%,9.1%,0.4%,0.0%,80.0%,19.2%,0.7%,0.0%,66.7%,32.2%,0.8%,0.2%
,,Richest 20%,51.4%,6.0%,42.6%,23.1%,76.7%,0.2%,0.0%,90.9%,5.5%,3.7%,0.0%,79.3%,18.6%,1.1%,1.0%,72.3%,27.1%,0.6%,0.0%,21.2%,69.6%,7.9%,0.0%,1.3%,0.0%,76.7%,21.7%,1.6%,0.0%,39.0%,50.4%,7.0%,0.1%,0.0%,3.5%,0.0%,38.3%,40.8%,19.3%,0.0%,0.7%,1.0%,89.2%,8.5%,2.4%,0.0%,71.1%,28.1%,0.8%,0.0%,59.4%,36.3%,3.2%,1.1%
,Feelings About Household Income,Living comfortably on present income,42.5%,1.6%,55.9%,14.2%,85.5%,0.3%,0.0%,95.7%,3.3%,1.0%,0.0%,86.1%,12.2%,1.0%,0.7%,82.5%,17.2%,0.3%,0.0%,22.2%,69.9%,6.1%,0.0%,1.8%,0.0%,84.7%,14.8%,0.5%,0.0%,34.8%,56.2%,6.2%,0.2%,0.0%,2.7%,0.0%,42.9%,40.9%,12.8%,0.7%,1.9%,0.9%,97.5%,2.5%,0.0%,0.0%,75.2%,24.1%,0.8%,0.0%,73.7%,24.7%,1.6%,0.0%
,,Getting by on present income,64.8%,7.4%,27.8%,26.8%,73.2%,0.0%,0.0%,97.0%,1.7%,1.3%,0.0%,82.1%,17.3%,0.5%,0.1%,75.6%,22.4%,1.9%,0.1%,15.4%,80.3%,2.6%,0.0%,1.5%,0.1%,81.6%,17.2%,1.2%,0.1%,25.2%,66.8%,5.5%,0.3%,0.0%,2.1%,0.1%,29.1%,49.4%,19.0%,0.6%,1.8%,0.1%,86.4%,12.3%,1.3%,0.0%,73.1%,25.3%,1.6%,0.0%,53.0%,46.0%,0.9%,0.1%
,,Finding it difficult on present income,65.4%,22.0%,12.6%,33.5%,66.5%,0.0%,0.0%,91.1%,7.1%,1.8%,0.0%,75.8%,21.5%,2.7%,0.0%,61.6%,36.3%,2.2%,0.0%,21.2%,75.5%,3.1%,0.0%,0.2%,0.0%,70.7%,27.2%,2.1%,0.0%,22.9%,66.5%,9.1%,0.0%,0.0%,1.5%,0.0%,31.1%,42.2%,24.5%,0.0%,2.1%,0.0%,78.2%,18.0%,2.3%,1.5%,68.6%,29.8%,1.5%,0.0%,53.8%,42.1%,4.1%,0.0%
,,Finding it very difficult on present income,27.8%,58.3%,13.9%,45.5%,54.0%,0.5%,0.0%,61.8%,38.2%,0.0%,0.0%,79.5%,20.5%,0.0%,0.0%,32.0%,64.0%,4.0%,0.0%,3.5%,95.7%,0.7%,0.0%,0.0%,0.0%,57.7%,42.3%,0.0%,0.0%,17.4%,54.0%,27.4%,0.0%,0.0%,1.2%,0.0%,20.0%,52.1%,27.9%,0.0%,0.0%,0.0%,85.3%,5.0%,9.8%,0.0%,81.6%,18.4%,0.0%,0.0%,15.3%,84.7%,0.0%,0.0%
,Urban/Rural,A rural area or on a farm,54.1%,10.4%,35.6%,22.1%,77.9%,0.0%,0.0%,100.0%,0.0%,0.0%,0.0%,82.3%,17.7%,0.0%,0.0%,77.6%,17.0%,5.4%,0.0%,12.0%,82.8%,2.8%,0.0%,2.3%,0.0%,79.9%,19.1%,1.0%,0.0%,28.4%,54.6%,17.0%,0.0%,0.0%,0.0%,0.0%,23.1%,48.9%,23.7%,0.0%,4.3%,0.0%,82.1%,17.9%,0.0%,0.0%,80.0%,20.0%,0.0%,0.0%,70.0%,27.2%,2.7%,0.0%
,,A small town or villAge,61.1%,11.5%,27.3%,26.1%,73.8%,0.1%,0.0%,91.5%,6.8%,1.7%,0.0%,82.8%,15.8%,1.4%,0.0%,74.2%,24.4%,1.4%,0.0%,16.0%,78.8%,4.0%,0.0%,1.3%,0.0%,79.2%,19.6%,1.2%,0.0%,23.1%,67.6%,6.3%,0.3%,0.0%,2.8%,0.0%,31.0%,46.7%,20.5%,0.6%,1.0%,0.3%,88.3%,9.3%,1.9%,0.5%,74.6%,24.2%,1.2%,0.0%,54.2%,44.5%,1.4%,0.0%
,,A large city,53.7%,9.3%,37.0%,27.7%,72.2%,0.1%,0.0%,97.4%,1.6%,1.0%,0.0%,81.3%,18.6%,0.1%,0.1%,71.5%,27.1%,1.3%,0.1%,20.7%,75.2%,2.5%,0.0%,1.4%,0.2%,79.1%,19.4%,1.4%,0.1%,31.2%,60.2%,6.7%,0.1%,0.0%,1.7%,0.2%,38.4%,43.6%,14.3%,0.5%,2.9%,0.2%,90.8%,8.0%,1.2%,0.0%,68.1%,30.2%,1.7%,0.0%,62.2%,36.4%,0.4%,1.0%
,,A suburb of a large city,46.6%,9.5%,43.9%,18.5%,81.5%,0.0%,0.0%,93.1%,6.9%,0.0%,0.0%,85.1%,14.9%,0.0%,0.0%,65.1%,34.9%,0.0%,0.0%,26.1%,68.4%,5.6%,0.0%,0.0%,0.0%,77.2%,21.2%,1.6%,0.0%,37.9%,54.6%,5.9%,0.0%,0.0%,1.6%,0.0%,36.9%,46.1%,15.9%,0.5%,0.0%,0.6%,85.6%,14.4%,0.0%,0.0%,78.4%,19.8%,1.8%,0.0%,57.0%,41.6%,1.4%,0.0%
Sweden,Age,15-24,32.5%,0.0%,67.5%,14.1%,85.9%,0.0%,0.0%,97.9%,2.1%,0.0%,0.0%,84.8%,15.2%,0.0%,0.0%,87.7%,12.3%,0.0%,0.0%,51.5%,42.1%,4.4%,2.0%,0.0%,0.0%,70.7%,29.3%,0.0%,0.0%,37.5%,41.4%,17.9%,1.3%,0.0%,1.8%,0.0%,42.3%,53.8%,4.0%,0.0%,0.0%,0.0%,100.0%,0.0%,0.0%,0.0%,63.7%,36.3%,0.0%,0.0%,66.4%,33.6%,0.0%,0.0%
,,25-34,27.2%,2.4%,70.5%,19.3%,80.7%,0.0%,0.0%,92.0%,8.0%,0.0%,0.0%,82.7%,17.3%,0.0%,0.0%,94.3%,5.7%,0.0%,0.0%,39.9%,55.9%,3.5%,0.0%,0.0%,0.7%,80.6%,19.4%,0.0%,0.0%,29.6%,57.2%,11.6%,0.0%,0.0%,1.7%,0.0%,45.9%,49.1%,4.3%,0.0%,0.7%,0.0%,90.7%,9.3%,0.0%,0.0%,71.6%,28.4%,0.0%,0.0%,58.4%,41.6%,0.0%,0.0%
,,35-44,27.7%,1.3%,71.0%,17.9%,82.1%,0.0%,0.0%,93.9%,6.1%,0.0%,0.0%,78.6%,20.1%,1.3%,0.0%,92.2%,7.8%,0.0%,0.0%,34.3%,57.6%,8.1%,0.0%,0.0%,0.0%,77.8%,22.2%,0.0%,0.0%,33.6%,59.6%,6.2%,0.6%,0.0%,0.0%,0.0%,25.1%,63.9%,8.3%,0.0%,2.0%,0.7%,89.0%,9.5%,1.5%,0.0%,79.6%,20.4%,0.0%,0.0%,66.9%,30.8%,2.2%,0.0%
,,45-64,31.1%,0.8%,68.1%,27.3%,72.7%,0.0%,0.0%,94.0%,6.0%,0.0%,0.0%,88.0%,11.7%,0.2%,0.0%,95.2%,4.8%,0.0%,0.0%,20.4%,72.2%,6.7%,0.0%,0.6%,0.1%,84.8%,14.8%,0.4%,0.0%,31.7%,59.8%,7.1%,0.2%,0.1%,1.0%,0.1%,27.0%,64.3%,5.8%,0.8%,1.9%,0.2%,94.9%,5.1%,0.0%,0.0%,81.3%,17.9%,0.7%,0.0%,54.8%,45.2%,0.0%,0.0%
,,65+,52.8%,6.2%,41.0%,30.9%,69.0%,0.1%,0.0%,91.3%,8.6%,0.1%,0.0%,89.4%,9.9%,0.7%,0.0%,93.6%,6.2%,0.1%,0.0%,15.4%,79.2%,5.0%,0.0%,0.3%,0.0%,91.1%,8.2%,0.7%,0.0%,32.1%,57.5%,8.5%,1.4%,0.0%,0.1%,0.3%,34.3%,52.7%,9.6%,0.7%,2.2%,0.4%,99.0%,0.0%,1.0%,0.0%,81.6%,18.4%,0.0%,0.0%,53.2%,46.8%,0.0%,0.0%
,Gender,Male,35.3%,2.2%,62.5%,20.4%,79.6%,0.0%,0.0%,94.2%,5.8%,0.0%,0.0%,88.0%,11.6%,0.4%,0.0%,93.3%,6.7%,0.0%,0.0%,31.5%,61.5%,5.8%,0.5%,0.4%,0.2%,82.7%,17.1%,0.2%,0.0%,34.7%,55.1%,8.5%,1.0%,0.0%,0.6%,0.1%,38.7%,52.1%,6.5%,0.7%,1.8%,0.2%,93.8%,5.4%,0.8%,0.0%,75.1%,24.6%,0.3%,0.0%,57.6%,42.1%,0.3%,0.0%
,,Female,35.4%,2.5%,62.1%,26.9%,73.0%,0.1%,0.0%,92.9%,7.1%,0.1%,0.0%,83.3%,16.2%,0.5%,0.0%,93.1%,6.8%,0.1%,0.0%,25.9%,68.5%,5.5%,0.0%,0.1%,0.1%,82.7%,16.9%,0.4%,0.0%,30.4%,57.4%,10.5%,0.4%,0.1%,1.1%,0.2%,28.7%,62.8%,6.8%,0.1%,1.3%,0.3%,93.0%,7.0%,0.0%,0.0%,79.6%,20.1%,0.3%,0.0%,60.9%,38.4%,0.7%,0.0%
,Employment Status,Employed full time for an employer,26.0%,0.8%,73.2%,14.5%,85.5%,0.0%,0.0%,95.1%,4.9%,0.0%,0.0%,85.7%,14.2%,0.1%,0.0%,95.1%,4.9%,0.0%,0.0%,31.6%,63.8%,3.8%,0.0%,0.4%,0.3%,84.7%,15.3%,0.0%,0.0%,30.4%,62.3%,6.4%,0.6%,0.0%,0.2%,0.1%,34.0%,59.4%,4.7%,0.4%,1.3%,0.2%,92.0%,7.6%,0.4%,0.0%,78.1%,21.7%,0.2%,0.0%,58.3%,41.0%,0.6%,0.0%
,,Employed full time for self,17.5%,0.0%,82.5%,14.9%,85.1%,0.0%,0.0%,84.4%,15.6%,0.0%,0.0%,90.2%,9.8%,0.0%,0.0%,100.0%,0.0%,0.0%,0.0%,44.9%,41.1%,14.0%,0.0%,0.0%,0.0%,84.1%,15.9%,0.0%,0.0%,64.7%,30.1%,5.2%,0.0%,0.0%,0.0%,0.0%,36.2%,54.8%,6.3%,1.6%,1.1%,0.0%,100.0%,0.0%,0.0%,0.0%,81.2%,15.8%,3.0%,0.0%,71.6%,28.4%,0.0%,0.0%
,,Employed part time do not want full time,45.2%,0.6%,54.3%,23.3%,76.7%,0.0%,0.0%,98.5%,1.5%,0.0%,0.0%,94.9%,5.1%,0.0%,0.0%,99.4%,0.6%,0.0%,0.0%,20.5%,66.0%,13.5%,0.0%,0.0%,0.0%,97.0%,3.0%,0.0%,0.0%,24.9%,50.3%,20.4%,0.6%,0.0%,3.9%,0.0%,28.5%,58.8%,7.1%,1.0%,4.6%,0.0%,97.6%,1.6%,0.8%,0.0%,77.4%,22.6%,0.0%,0.0%,58.5%,41.5%,0.0%,0.0%
,,Unemployed,45.8%,3.3%,50.9%,21.5%,78.5%,0.0%,0.0%,97.6%,2.4%,0.0%,0.0%,88.3%,11.7%,0.0%,0.0%,91.9%,8.1%,0.0%,0.0%,37.4%,47.9%,14.7%,0.0%,0.0%,0.0%,63.4%,36.6%,0.0%,0.0%,36.5%,39.6%,23.9%,0.0%,0.0%,0.0%,0.0%,28.8%,52.8%,18.3%,0.0%,0.0%,0.0%,0.0%,0.0%,0.0%,0.0%,0.0%,0.0%,0.0%,0.0%,0.0%,0.0%,0.0%,0.0%
,,Employed part time want full time,35.7%,0.0%,64.3%,39.3%,60.7%,0.0%,0.0%,92.3%,7.7%,0.0%,0.0%,84.8%,15.2%,0.0%,0.0%,74.3%,25.7%,0.0%,0.0%,30.6%,61.9%,7.4%,0.0%,0.0%,0.0%,62.3%,37.7%,0.0%,0.0%,32.0%,42.5%,23.0%,2.5%,0.0%,0.0%,0.0%,26.2%,58.7%,13.7%,0.0%,0.0%,1.4%,100.0%,0.0%,0.0%,0.0%,65.2%,34.8%,0.0%,0.0%,61.7%,38.3%,0.0%,0.0%
,,Out of workforce,47.1%,5.1%,47.8%,35.2%,64.7%,0.1%,0.0%,91.1%,8.8%,0.1%,0.0%,83.6%,15.3%,1.1%,0.0%,91.8%,8.1%,0.1%,0.0%,23.5%,70.5%,5.1%,0.8%,0.2%,0.0%,82.4%,16.7%,0.9%,0.0%,33.9%,54.5%,9.2%,0.7%,0.1%,1.5%,0.2%,35.3%,55.1%,7.1%,0.3%,1.8%,0.3%,0.0%,0.0%,0.0%,0.0%,0.0%,0.0%,0.0%,0.0%,0.0%,0.0%,0.0%,0.0%
,Per Capita Income Quintiles,Poorest 20%,48.7%,3.9%,47.5%,32.8%,67.2%,0.0%,0.0%,88.6%,11.2%,0.2%,0.0%,77.2%,21.7%,1.0%,0.0%,85.5%,14.5%,0.0%,0.0%,28.0%,64.3%,7.4%,0.0%,0.3%,0.0%,71.2%,28.8%,0.0%,0.0%,26.7%,54.9%,16.0%,1.0%,0.0%,1.4%,0.0%,40.2%,50.3%,8.3%,0.0%,1.2%,0.0%,91.5%,5.8%,2.8%,0.0%,80.0%,20.0%,0.0%,0.0%,56.5%,43.5%,0.0%,0.0%
,,Second 20%,39.3%,3.2%,57.6%,28.6%,71.4%,0.0%,0.0%,91.7%,8.3%,0.0%,0.0%,88.8%,11.2%,0.0%,0.0%,93.1%,6.9%,0.0%,0.0%,26.9%,68.0%,3.7%,1.3%,0.1%,0.0%,84.8%,14.6%,0.6%,0.0%,29.0%,62.4%,7.1%,0.1%,0.1%,0.9%,0.2%,32.8%,58.7%,5.9%,0.6%,1.6%,0.3%,93.9%,6.1%,0.0%,0.0%,69.1%,30.9%,0.0%,0.0%,59.9%,39.0%,1.1%,0.0%
,,Middle 20%,32.0%,2.3%,65.7%,20.2%,79.7%,0.2%,0.0%,98.6%,1.4%,0.0%,0.0%,87.3%,12.7%,0.0%,0.0%,95.1%,4.8%,0.2%,0.0%,25.0%,69.4%,5.6%,0.0%,0.0%,0.0%,86.1%,13.8%,0.2%,0.0%,31.8%,58.4%,8.8%,0.2%,0.0%,0.6%,0.2%,32.5%,58.7%,6.6%,0.0%,1.9%,0.2%,95.1%,4.9%,0.0%,0.0%,75.6%,23.6%,0.8%,0.0%,65.4%,33.8%,0.8%,0.0%
,,Fourth 20%,35.8%,1.0%,63.2%,23.1%,76.9%,0.0%,0.0%,92.4%,7.6%,0.0%,0.0%,87.0%,12.0%,0.9%,0.0%,95.2%,4.8%,0.0%,0.0%,27.5%,65.3%,6.1%,0.0%,1.0%,0.0%,85.9%,13.4%,0.8%,0.0%,36.2%,56.6%,6.7%,0.6%,0.0%,0.0%,0.0%,34.7%,57.5%,5.9%,0.9%,1.0%,0.0%,93.3%,6.4%,0.3%,0.0%,72.2%,27.2%,0.5%,0.0%,54.5%,44.9%,0.6%,0.0%
,,Richest 20%,21.4%,1.4%,77.3%,13.8%,86.2%,0.0%,0.0%,96.3%,3.7%,0.0%,0.0%,87.7%,11.9%,0.3%,0.0%,97.1%,2.9%,0.0%,0.0%,35.9%,58.0%,5.3%,0.0%,0.0%,0.8%,85.5%,14.5%,0.0%,0.0%,39.0%,48.9%,9.0%,1.5%,0.0%,1.4%,0.2%,28.3%,61.9%,6.5%,0.5%,1.9%,0.8%,93.1%,6.9%,0.0%,0.0%,86.4%,13.6%,0.0%,0.0%,59.8%,40.2%,0.0%,0.0%
,Feelings About Household Income,Living comfortably on present income,27.8%,0.4%,71.8%,16.1%,83.8%,0.1%,0.0%,94.6%,5.3%,0.1%,0.0%,89.6%,10.0%,0.5%,0.0%,97.5%,2.5%,0.0%,0.0%,32.0%,62.7%,5.2%,0.0%,0.0%,0.1%,89.8%,10.2%,0.0%,0.0%,35.3%,55.8%,7.3%,0.8%,0.0%,0.6%,0.1%,32.1%,59.2%,6.2%,0.4%,1.7%,0.4%,95.2%,4.8%,0.0%,0.0%,78.5%,21.2%,0.2%,0.0%,61.9%,37.3%,0.8%,0.0%
,,Getting by on present income,42.9%,4.2%,52.9%,29.5%,70.5%,0.0%,0.0%,92.7%,7.3%,0.0%,0.0%,83.2%,16.2%,0.5%,0.0%,91.4%,8.6%,0.1%,0.0%,24.8%,67.4%,5.9%,0.7%,0.8%,0.3%,79.5%,20.0%,0.5%,0.0%,28.2%,57.8%,12.9%,0.1%,0.0%,1.0%,0.1%,36.4%,54.9%,7.2%,0.4%,1.0%,0.1%,90.7%,9.1%,0.2%,0.0%,75.3%,24.2%,0.4%,0.0%,55.5%,44.5%,0.0%,0.0%
,,Finding it difficult on present income,50.1%,9.6%,40.3%,42.5%,57.5%,0.0%,0.0%,92.9%,7.1%,0.0%,0.0%,74.0%,26.0%,0.0%,0.0%,71.9%,28.1%,0.0%,0.0%,26.8%,66.4%,6.8%,0.0%,0.0%,0.0%,49.4%,48.4%,2.2%,0.0%,33.9%,52.9%,6.7%,3.2%,0.5%,2.7%,0.0%,36.9%,51.8%,7.7%,0.0%,3.6%,0.0%,88.6%,2.4%,8.9%,0.0%,73.7%,26.3%,0.0%,0.0%,51.7%,48.3%,0.0%,0.0%
,,Finding it very difficult on present income,63.2%,1.7%,35.1%,73.0%,27.0%,0.0%,0.0%,78.4%,21.6%,0.0%,0.0%,47.4%,52.6%,0.0%,0.0%,62.4%,37.6%,0.0%,0.0%,11.2%,78.0%,10.8%,0.0%,0.0%,0.0%,38.6%,61.4%,0.0%,0.0%,25.1%,54.8%,18.4%,1.7%,0.0%,0.0%,0.0%,22.7%,68.4%,7.1%,0.0%,1.7%,0.0%,87.8%,12.2%,0.0%,0.0%,62.8%,37.2%,0.0%,0.0%,12.2%,87.8%,0.0%,0.0%
,Urban/Rural,A rural area or on a farm,35.0%,2.7%,62.2%,32.3%,67.7%,0.0%,0.0%,90.1%,9.9%,0.0%,0.0%,91.4%,8.6%,0.0%,0.0%,96.9%,3.1%,0.0%,0.0%,25.3%,66.6%,7.2%,0.0%,0.9%,0.0%,86.4%,12.9%,0.7%,0.0%,31.2%,60.4%,6.6%,1.0%,0.0%,0.9%,0.0%,46.1%,49.3%,3.3%,0.5%,0.7%,0.0%,92.8%,7.2%,0.0%,0.0%,79.9%,20.1%,0.0%,0.0%,56.7%,43.3%,0.0%,0.0%
,,A small town or villAge,35.1%,2.7%,62.2%,25.7%,74.2%,0.1%,0.0%,95.0%,4.9%,0.1%,0.0%,84.9%,14.4%,0.7%,0.0%,92.0%,7.9%,0.1%,0.0%,26.3%,67.7%,5.2%,0.7%,0.0%,0.1%,81.2%,18.4%,0.4%,0.0%,30.0%,57.9%,9.9%,0.5%,0.1%,1.4%,0.2%,34.2%,55.6%,7.7%,0.3%,1.8%,0.4%,94.6%,5.2%,0.2%,0.0%,77.2%,22.1%,0.8%,0.0%,59.7%,40.3%,0.0%,0.0%
,,A large city,34.8%,2.6%,62.7%,22.8%,77.2%,0.0%,0.0%,93.8%,6.2%,0.0%,0.0%,81.5%,18.5%,0.0%,0.0%,91.0%,9.0%,0.0%,0.0%,37.1%,58.8%,4.0%,0.0%,0.1%,0.0%,80.3%,19.6%,0.1%,0.0%,38.1%,48.9%,11.7%,0.8%,0.0%,0.5%,0.0%,26.8%,64.1%,5.7%,0.2%,2.8%,0.3%,92.7%,6.0%,1.4%,0.0%,82.2%,17.8%,0.0%,0.0%,59.9%,38.1%,2.0%,0.0%
,,A suburb of a large city,37.3%,0.9%,61.8%,12.6%,87.4%,0.0%,0.0%,93.3%,6.7%,0.0%,0.0%,86.6%,12.4%,1.0%,0.0%,94.8%,5.2%,0.0%,0.0%,26.2%,65.5%,7.3%,0.0%,0.4%,0.6%,85.3%,14.7%,0.0%,0.0%,31.8%,58.6%,8.6%,0.6%,0.0%,0.2%,0.2%,29.2%,60.7%,8.9%,0.7%,0.2%,0.3%,92.9%,7.1%,0.0%,0.0%,69.1%,30.9%,0.0%,0.0%,59.6%,40.4%,0.0%,0.0%
Denmark,Age,15-24,24.6%,0.0%,75.4%,15.6%,84.4%,0.0%,0.0%,98.8%,1.2%,0.0%,0.0%,79.3%,20.1%,0.6%,0.0%,94.7%,5.3%,0.0%,0.0%,75.2%,20.6%,3.6%,0.0%,0.0%,0.6%,89.5%,9.9%,0.6%,0.0%,35.4%,40.5%,24.1%,0.0%,0.0%,0.0%,0.0%,36.9%,58.7%,3.7%,0.0%,0.7%,0.0%,91.1%,8.9%,0.0%,0.0%,72.4%,26.6%,0.0%,1.0%,86.4%,12.7%,0.8%,0.0%
,,25-34,22.6%,2.7%,74.7%,26.2%,73.8%,0.0%,0.0%,98.3%,0.8%,0.9%,0.0%,83.9%,16.1%,0.0%,0.0%,95.1%,4.9%,0.0%,0.0%,42.0%,55.0%,3.0%,0.0%,0.0%,0.0%,85.2%,14.8%,0.0%,0.0%,27.9%,57.4%,14.7%,0.0%,0.0%,0.0%,0.0%,38.4%,56.2%,5.4%,0.0%,0.0%,0.0%,91.0%,9.0%,0.0%,0.0%,81.6%,18.4%,0.0%,0.0%,90.6%,9.4%,0.0%,0.0%
,,35-44,34.5%,3.1%,62.4%,33.2%,66.8%,0.0%,0.0%,92.9%,7.1%,0.0%,0.0%,71.8%,26.5%,1.7%,0.0%,88.3%,10.5%,0.9%,0.4%,31.1%,62.8%,6.1%,0.0%,0.0%,0.0%,78.6%,21.4%,0.0%,0.0%,20.5%,64.9%,10.6%,0.0%,0.0%,1.0%,3.1%,31.9%,57.6%,7.8%,0.0%,1.0%,1.7%,88.5%,11.0%,0.5%,0.0%,79.9%,20.1%,0.0%,0.0%,75.0%,23.6%,1.5%,0.0%
,,45-64,31.9%,3.8%,64.3%,37.8%,62.2%,0.0%,0.0%,90.3%,9.5%,0.1%,0.0%,83.5%,16.5%,0.0%,0.0%,90.8%,8.1%,0.5%,0.6%,32.1%,61.4%,6.1%,0.0%,0.4%,0.0%,83.8%,16.2%,0.0%,0.0%,22.4%,65.0%,10.9%,0.8%,0.1%,0.7%,0.0%,31.7%,63.7%,3.5%,0.2%,0.8%,0.1%,93.0%,6.5%,0.4%,0.0%,82.9%,15.8%,1.3%,0.0%,68.5%,31.2%,0.3%,0.0%
,,65+,32.0%,2.6%,65.4%,37.6%,61.7%,0.7%,0.0%,96.0%,4.0%,0.0%,0.0%,93.0%,7.0%,0.0%,0.0%,99.1%,0.9%,0.0%,0.0%,29.2%,62.3%,8.3%,0.0%,0.0%,0.2%,95.8%,4.0%,0.2%,0.0%,19.2%,67.6%,12.1%,0.0%,0.2%,0.8%,0.0%,33.4%,60.6%,3.1%,0.0%,2.5%,0.5%,93.0%,7.0%,0.0%,0.0%,75.7%,22.1%,2.2%,0.0%,71.4%,28.6%,0.0%,0.0%
,Gender,Male,30.5%,4.2%,65.3%,28.9%,70.9%,0.2%,0.0%,92.6%,7.1%,0.4%,0.0%,83.4%,15.9%,0.7%,0.0%,91.8%,7.1%,0.6%,0.5%,43.0%,51.1%,5.4%,0.0%,0.2%,0.3%,84.5%,15.3%,0.3%,0.0%,28.8%,55.3%,13.9%,0.4%,0.2%,0.9%,0.5%,31.6%,61.8%,3.9%,0.0%,2.0%,0.7%,90.1%,9.4%,0.5%,0.0%,77.7%,21.3%,1.0%,0.0%,78.5%,21.3%,0.3%,0.0%
,,Female,29.0%,1.1%,69.8%,35.0%,64.9%,0.1%,0.0%,96.5%,3.5%,0.0%,0.0%,83.4%,16.6%,0.0%,0.0%,95.4%,4.6%,0.0%,0.0%,35.8%,58.1%,6.1%,0.0%,0.0%,0.0%,89.4%,10.6%,0.0%,0.0%,19.6%,66.1%,13.5%,0.1%,0.0%,0.3%,0.4%,36.2%,58.6%,4.8%,0.1%,0.2%,0.1%,93.0%,7.0%,0.0%,0.0%,82.3%,17.1%,0.2%,0.3%,75.2%,23.9%,0.8%,0.0%
,Employment Status,Employed full time for an employer,24.2%,1.8%,74.0%,20.0%,80.0%,0.0%,0.0%,96.0%,3.6%,0.3%,0.0%,78.6%,20.8%,0.6%,0.0%,96.3%,3.4%,0.3%,0.0%,40.4%,53.3%,5.8%,0.0%,0.3%,0.2%,88.0%,11.8%,0.2%,0.0%,28.5%,59.6%,11.1%,0.2%,0.1%,0.0%,0.5%,30.4%,62.3%,5.7%,0.2%,1.3%,0.1%,91.3%,8.4%,0.3%,0.0%,83.7%,15.6%,0.7%,0.0%,78.7%,20.6%,0.7%,0.0%
,,Employed full time for self,18.4%,0.0%,81.6%,23.2%,76.8%,0.0%,0.0%,91.3%,8.7%,0.0%,0.0%,74.3%,25.7%,0.0%,0.0%,95.8%,4.2%,0.0%,0.0%,47.6%,46.9%,5.5%,0.0%,0.0%,0.0%,89.0%,11.0%,0.0%,0.0%,22.9%,69.6%,7.5%,0.0%,0.0%,0.0%,0.0%,39.7%,55.1%,5.2%,0.0%,0.0%,0.0%,90.6%,9.4%,0.0%,0.0%,72.6%,26.2%,1.2%,0.0%,83.0%,17.0%,0.0%,0.0%
,,Employed part time do not want full time,32.6%,2.4%,64.9%,38.6%,61.4%,0.0%,0.0%,96.0%,4.0%,0.0%,0.0%,88.2%,11.8%,0.0%,0.0%,95.8%,4.2%,0.0%,0.0%,40.3%,56.6%,3.1%,0.0%,0.0%,0.0%,92.1%,7.4%,0.5%,0.0%,22.6%,56.6%,18.3%,0.0%,0.0%,0.0%,2.5%,30.4%,61.9%,4.6%,0.0%,0.0%,3.1%,96.0%,4.0%,0.0%,0.0%,77.5%,21.0%,0.4%,1.0%,64.4%,35.0%,0.7%,0.0%
,,Unemployed,29.5%,4.7%,65.9%,19.7%,80.3%,0.0%,0.0%,92.0%,8.0%,0.0%,0.0%,87.9%,12.1%,0.0%,0.0%,83.5%,16.5%,0.0%,0.0%,51.3%,40.4%,8.3%,0.0%,0.0%,0.0%,83.6%,16.4%,0.0%,0.0%,10.4%,71.9%,17.7%,0.0%,0.0%,0.0%,0.0%,32.8%,58.8%,8.4%,0.0%,0.0%,0.0%,0.0%,0.0%,0.0%,0.0%,0.0%,0.0%,0.0%,0.0%,0.0%,0.0%,0.0%,0.0%
,,Employed part time want full time,22.8%,0.8%,76.3%,10.5%,89.5%,0.0%,0.0%,98.4%,1.6%,0.0%,0.0%,76.8%,21.8%,1.4%,0.0%,97.0%,2.1%,0.0%,0.8%,51.8%,44.9%,3.4%,0.0%,0.0%,0.0%,90.0%,10.0%,0.0%,0.0%,40.7%,43.3%,16.0%,0.0%,0.0%,0.0%,0.0%,37.8%,59.2%,2.9%,0.0%,0.0%,0.0%,86.3%,12.9%,0.8%,0.0%,65.8%,34.2%,0.0%,0.0%,81.0%,19.0%,0.0%,0.0%
,,Out of workforce,37.9%,4.1%,57.9%,50.0%,49.5%,0.5%,0.0%,92.6%,7.3%,0.1%,0.0%,89.1%,10.9%,0.0%,0.0%,90.7%,8.3%,0.5%,0.5%,33.0%,60.3%,6.6%,0.0%,0.0%,0.1%,84.2%,15.8%,0.0%,0.0%,18.7%,64.0%,15.0%,0.5%,0.1%,1.6%,0.0%,37.4%,58.4%,2.3%,0.0%,1.6%,0.2%,0.0%,0.0%,0.0%,0.0%,0.0%,0.0%,0.0%,0.0%,0.0%,0.0%,0.0%,0.0%
,Per Capita Income Quintiles,Poorest 20%,39.8%,4.4%,55.8%,39.3%,60.7%,0.0%,0.0%,89.5%,10.5%,0.0%,0.0%,80.0%,18.8%,1.2%,0.0%,87.1%,11.9%,0.0%,1.0%,35.2%,60.3%,4.6%,0.0%,0.0%,0.0%,79.9%,20.1%,0.0%,0.0%,21.8%,55.8%,20.7%,1.0%,0.0%,0.8%,0.0%,37.6%,56.0%,5.0%,0.0%,1.4%,0.0%,93.3%,6.7%,0.0%,0.0%,71.0%,25.9%,2.0%,1.1%,68.1%,31.9%,0.0%,0.0%
,,Second 20%,29.8%,3.6%,66.5%,41.1%,58.6%,0.3%,0.0%,95.2%,3.9%,0.9%,0.0%,87.9%,11.6%,0.5%,0.0%,91.7%,8.0%,0.0%,0.3%,33.3%,60.7%,6.0%,0.0%,0.0%,0.0%,84.8%,15.0%,0.2%,0.0%,23.1%,61.9%,12.3%,0.0%,0.0%,1.5%,1.2%,34.1%,59.6%,3.5%,0.3%,1.3%,1.2%,87.8%,11.6%,0.6%,0.0%,74.8%,24.6%,0.7%,0.0%,78.5%,21.5%,0.0%,0.0%
,,Middle 20%,30.6%,1.5%,67.9%,31.7%,68.3%,0.0%,0.0%,95.7%,4.3%,0.0%,0.0%,87.0%,13.0%,0.0%,0.0%,96.4%,2.7%,0.8%,0.0%,37.2%,58.6%,4.2%,0.0%,0.0%,0.0%,89.3%,10.7%,0.0%,0.0%,21.8%,62.6%,14.7%,0.0%,0.0%,0.0%,1.0%,34.2%,60.1%,4.9%,0.0%,0.0%,0.8%,94.7%,5.3%,0.0%,0.0%,80.7%,18.9%,0.4%,0.0%,76.6%,21.9%,1.5%,0.0%
,,Fourth 20%,24.3%,1.0%,74.7%,23.5%,76.3%,0.2%,0.0%,97.5%,2.5%,0.0%,0.0%,84.1%,15.9%,0.0%,0.0%,96.6%,2.8%,0.6%,0.0%,39.8%,53.3%,6.9%,0.0%,0.0%,0.0%,93.5%,6.5%,0.0%,0.0%,25.1%,64.7%,9.3%,0.0%,0.2%,0.6%,0.0%,35.4%,60.9%,2.9%,0.0%,0.7%,0.0%,96.3%,3.7%,0.0%,0.0%,87.1%,12.6%,0.3%,0.0%,77.6%,21.9%,0.5%,0.0%
,,Richest 20%,24.6%,2.8%,72.6%,24.3%,75.5%,0.3%,0.0%,94.9%,5.1%,0.0%,0.0%,77.9%,22.1%,0.0%,0.0%,96.2%,3.8%,0.0%,0.0%,51.3%,40.4%,7.1%,0.0%,0.6%,0.6%,87.4%,12.2%,0.4%,0.0%,29.0%,59.0%,11.5%,0.3%,0.2%,0.0%,0.0%,28.3%,64.4%,5.4%,0.0%,2.0%,0.0%,86.0%,13.4%,0.6%,0.0%,81.0%,18.7%,0.3%,0.0%,80.5%,19.0%,0.5%,0.0%
,Feelings About Household Income,Living comfortably on present income,18.4%,2.6%,79.0%,22.7%,77.0%,0.3%,0.0%,97.3%,2.4%,0.3%,0.0%,83.3%,16.3%,0.5%,0.0%,97.4%,2.6%,0.0%,0.0%,46.5%,47.4%,5.7%,0.0%,0.2%,0.2%,92.6%,7.2%,0.2%,0.0%,26.9%,59.9%,12.0%,0.1%,0.1%,0.6%,0.4%,33.5%,59.7%,5.6%,0.0%,1.0%,0.2%,94.3%,5.7%,0.0%,0.0%,82.0%,17.3%,0.7%,0.0%,83.8%,15.3%,0.8%,0.0%
,,Getting by on present income,39.3%,1.8%,58.9%,39.0%,61.0%,0.0%,0.0%,94.2%,5.8%,0.0%,0.0%,86.7%,13.1%,0.2%,0.0%,91.9%,7.2%,0.7%,0.1%,30.5%,62.5%,6.9%,0.0%,0.0%,0.0%,85.7%,14.2%,0.1%,0.0%,20.6%,64.0%,14.3%,0.0%,0.1%,0.3%,0.6%,34.4%,61.6%,2.3%,0.2%,0.7%,0.8%,86.1%,13.1%,0.8%,0.0%,75.8%,23.0%,0.6%,0.5%,66.8%,33.2%,0.0%,0.0%
,,Finding it difficult on present income,69.7%,2.2%,28.1%,59.9%,40.1%,0.0%,0.0%,79.0%,21.0%,0.0%,0.0%,67.1%,32.9%,0.0%,0.0%,79.5%,16.5%,0.0%,3.9%,15.4%,84.6%,0.0%,0.0%,0.0%,0.0%,53.2%,46.8%,0.0%,0.0%,28.1%,46.3%,21.7%,3.9%,0.0%,0.0%,0.0%,39.3%,51.0%,6.8%,0.0%,2.9%,0.0%,88.7%,11.3%,0.0%,0.0%,83.6%,16.4%,0.0%,0.0%,55.0%,45.0%,0.0%,0.0%
,,Finding it very difficult on present income,47.7%,27.0%,25.3%,79.2%,20.8%,0.0%,0.0%,62.3%,37.7%,0.0%,0.0%,67.9%,32.1%,0.0%,0.0%,52.9%,47.1%,0.0%,0.0%,60.6%,39.4%,0.0%,0.0%,0.0%,0.0%,36.0%,64.0%,0.0%,0.0%,9.2%,58.6%,23.7%,0.0%,0.0%,8.4%,0.0%,26.4%,71.0%,2.6%,0.0%,0.0%,0.0%,86.3%,13.7%,0.0%,0.0%,86.3%,13.7%,0.0%,0.0%,0.0%,100.0%,0.0%,0.0%
,Urban/Rural,A rural area or on a farm,26.8%,5.3%,67.9%,33.2%,66.8%,0.0%,0.0%,92.9%,7.1%,0.0%,0.0%,83.7%,16.3%,0.0%,0.0%,93.9%,5.1%,1.0%,0.0%,37.8%,57.1%,4.4%,0.0%,0.0%,0.7%,87.0%,12.3%,0.7%,0.0%,16.3%,70.1%,12.7%,0.0%,0.0%,0.9%,0.0%,34.1%,60.4%,4.6%,0.0%,0.8%,0.0%,93.3%,6.7%,0.0%,0.0%,80.7%,19.3%,0.0%,0.0%,74.0%,25.1%,0.9%,0.0%
,,A small town or villAge,31.1%,2.5%,66.4%,37.7%,62.1%,0.3%,0.0%,94.5%,5.1%,0.3%,0.0%,83.0%,17.0%,0.0%,0.0%,92.2%,7.4%,0.4%,0.0%,34.2%,60.9%,4.8%,0.0%,0.0%,0.0%,87.2%,12.7%,0.1%,0.0%,22.0%,63.0%,14.4%,0.0%,0.1%,0.5%,0.0%,35.7%,59.1%,3.8%,0.0%,1.1%,0.3%,92.5%,7.1%,0.4%,0.0%,76.8%,22.0%,1.2%,0.0%,79.5%,19.7%,0.8%,0.0%
,,A large city,31.8%,2.2%,66.0%,23.3%,76.4%,0.2%,0.0%,96.0%,4.0%,0.0%,0.0%,82.7%,16.0%,1.3%,0.0%,94.2%,4.9%,0.0%,0.9%,47.2%,44.7%,8.0%,0.0%,0.0%,0.0%,85.1%,14.9%,0.0%,0.0%,28.6%,57.8%,12.1%,1.0%,0.2%,0.5%,0.0%,36.2%,57.7%,5.1%,0.0%,0.9%,0.2%,90.6%,9.0%,0.4%,0.0%,83.0%,15.9%,0.4%,0.6%,79.1%,20.4%,0.4%,0.0%
,,A suburb of a large city,26.2%,2.1%,71.7%,32.2%,67.8%,0.0%,0.0%,93.8%,6.0%,0.2%,0.0%,84.6%,15.4%,0.0%,0.0%,95.3%,4.7%,0.0%,0.0%,39.6%,54.7%,4.9%,0.0%,0.5%,0.2%,88.8%,11.2%,0.0%,0.0%,26.7%,56.0%,14.5%,0.0%,0.0%,0.7%,2.1%,27.6%,65.5%,3.9%,0.3%,1.6%,1.2%,89.4%,10.6%,0.0%,0.0%,80.9%,18.7%,0.4%,0.0%,71.9%,28.1%,0.0%,0.0%
Iran,Age,15-24,68.3%,10.3%,21.5%,6.5%,93.5%,0.0%,0.0%,90.0%,10.0%,0.0%,0.0%,71.3%,27.4%,0.8%,0.5%,66.9%,33.1%,0.0%,0.0%,39.0%,60.5%,0.5%,0.0%,0.0%,0.0%,54.2%,44.8%,1.0%,0.0%,35.1%,34.7%,29.2%,0.0%,0.0%,1.0%,0.0%,53.9%,34.7%,11.4%,0.0%,0.0%,0.0%,64.6%,35.4%,0.0%,0.0%,64.6%,35.4%,0.0%,0.0%,42.0%,58.0%,0.0%,0.0%
,,25-34,59.1%,22.5%,18.4%,12.2%,87.8%,0.0%,0.0%,78.4%,21.2%,0.4%,0.0%,51.3%,46.9%,1.3%,0.5%,62.0%,37.1%,0.0%,0.9%,22.0%,74.5%,3.5%,0.0%,0.0%,0.0%,49.8%,50.1%,0.1%,0.0%,28.7%,49.2%,21.7%,0.4%,0.0%,0.0%,0.0%,58.1%,30.6%,11.2%,0.0%,0.1%,0.0%,57.3%,42.7%,0.0%,0.0%,59.7%,39.9%,0.4%,0.0%,41.0%,59.0%,0.0%,0.0%
,,35-44,59.2%,23.1%,17.7%,21.1%,78.6%,0.3%,0.0%,75.9%,22.9%,1.2%,0.0%,59.0%,40.9%,0.1%,0.0%,59.5%,40.4%,0.0%,0.1%,8.7%,88.5%,2.1%,0.0%,0.7%,0.0%,48.2%,50.7%,1.1%,0.0%,18.8%,63.7%,16.3%,1.2%,0.0%,0.0%,0.0%,49.4%,31.8%,18.8%,0.0%,0.0%,0.0%,65.9%,34.1%,0.0%,0.0%,57.7%,42.3%,0.0%,0.0%,46.6%,53.4%,0.0%,0.0%
,,45-64,48.1%,37.9%,14.0%,39.3%,60.2%,0.5%,0.0%,58.1%,41.3%,0.0%,0.6%,54.0%,46.0%,0.0%,0.0%,66.5%,33.2%,0.1%,0.2%,4.6%,95.2%,0.2%,0.0%,0.0%,0.0%,52.3%,43.1%,3.7%,0.9%,8.5%,56.5%,34.7%,0.1%,0.0%,0.0%,0.2%,40.5%,39.7%,19.7%,0.0%,0.0%,0.1%,64.2%,35.8%,0.0%,0.0%,73.7%,22.6%,1.6%,2.1%,38.4%,60.4%,1.3%,0.0%
,,65+,63.0%,34.8%,2.2%,64.7%,34.9%,0.4%,0.0%,75.4%,24.6%,0.0%,0.0%,66.7%,31.4%,0.0%,1.8%,60.1%,35.2%,0.0%,4.7%,1.1%,98.5%,0.4%,0.0%,0.0%,0.0%,61.2%,37.4%,1.4%,0.0%,4.8%,31.3%,59.0%,2.1%,0.0%,0.0%,2.8%,34.8%,39.6%,24.3%,0.0%,1.2%,0.0%,53.5%,46.5%,0.0%,0.0%,58.3%,41.7%,0.0%,0.0%,36.5%,63.5%,0.0%,0.0%
,Gender,Male,55.5%,33.0%,11.5%,25.6%,74.1%,0.3%,0.0%,71.5%,28.5%,0.0%,0.0%,59.6%,39.4%,0.5%,0.5%,61.5%,38.1%,0.0%,0.4%,17.6%,81.5%,0.8%,0.0%,0.1%,0.0%,49.6%,48.7%,1.3%,0.4%,19.7%,50.7%,28.5%,0.7%,0.0%,0.0%,0.4%,48.0%,39.1%,12.9%,0.0%,0.0%,0.1%,57.2%,42.8%,0.0%,0.0%,65.0%,34.2%,0.2%,0.6%,42.9%,57.1%,0.0%,0.0%
,,Female,62.7%,15.3%,22.0%,22.5%,77.3%,0.1%,0.0%,79.3%,19.7%,0.7%,0.3%,60.2%,39.1%,0.4%,0.3%,65.9%,33.1%,0.1%,1.0%,16.6%,81.3%,1.9%,0.0%,0.3%,0.0%,54.8%,43.3%,1.9%,0.1%,22.3%,47.2%,29.4%,0.4%,0.0%,0.5%,0.2%,49.5%,30.7%,19.6%,0.0%,0.3%,0.0%,75.3%,24.7%,0.0%,0.0%,58.1%,40.6%,1.3%,0.0%,38.6%,60.4%,1.0%,0.0%
,Employment Status,Employed full time for an employer,59.4%,27.3%,13.3%,18.8%,81.2%,0.0%,0.0%,76.9%,23.1%,0.0%,0.0%,65.0%,35.0%,0.0%,0.0%,64.6%,35.4%,0.0%,0.0%,21.9%,76.4%,1.5%,0.0%,0.2%,0.0%,46.4%,52.5%,1.1%,0.0%,21.0%,59.8%,19.3%,0.0%,0.0%,0.0%,0.0%,55.2%,35.6%,9.1%,0.0%,0.0%,0.2%,62.6%,37.4%,0.0%,0.0%,67.7%,31.6%,0.7%,0.0%,38.3%,61.7%,0.0%,0.0%
,,Employed full time for self,54.5%,28.9%,16.6%,23.5%,75.6%,0.9%,0.0%,66.7%,33.3%,0.0%,0.0%,53.9%,44.3%,1.8%,0.0%,61.1%,38.9%,0.0%,0.0%,11.8%,88.2%,0.0%,0.0%,0.0%,0.0%,50.3%,49.7%,0.0%,0.0%,17.9%,51.0%,31.1%,0.0%,0.0%,0.0%,0.0%,45.4%,40.0%,14.6%,0.0%,0.0%,0.0%,61.0%,39.0%,0.0%,0.0%,63.6%,36.4%,0.0%,0.0%,47.5%,51.7%,0.8%,0.0%
,,Employed part time do not want full time,52.1%,20.4%,27.5%,19.9%,80.1%,0.0%,0.0%,87.8%,12.2%,0.0%,0.0%,60.7%,36.7%,0.0%,2.6%,74.9%,22.5%,0.0%,2.6%,14.9%,77.2%,7.9%,0.0%,0.0%,0.0%,61.1%,31.1%,7.8%,0.0%,13.9%,55.2%,29.2%,1.7%,0.0%,0.0%,0.0%,56.3%,33.3%,10.4%,0.0%,0.0%,0.0%,79.1%,20.9%,0.0%,0.0%,65.3%,33.9%,0.8%,0.0%,41.9%,58.1%,0.0%,0.0%
,,Unemployed,54.3%,32.4%,13.3%,19.1%,80.9%,0.0%,0.0%,72.4%,27.6%,0.0%,0.0%,55.7%,44.3%,0.0%,0.0%,52.6%,47.4%,0.0%,0.0%,21.2%,77.3%,1.6%,0.0%,0.0%,0.0%,41.5%,57.9%,0.6%,0.0%,30.7%,43.0%,22.1%,2.1%,0.0%,2.1%,0.0%,50.6%,31.1%,18.3%,0.0%,0.0%,0.0%,0.0%,0.0%,0.0%,0.0%,0.0%,0.0%,0.0%,0.0%,0.0%,0.0%,0.0%,0.0%
,,Employed part time want full time,57.4%,30.0%,12.6%,19.0%,81.0%,0.0%,0.0%,79.2%,20.8%,0.0%,0.0%,65.0%,35.0%,0.0%,0.0%,54.2%,45.1%,0.0%,0.6%,16.1%,83.9%,0.0%,0.0%,0.0%,0.0%,45.8%,54.2%,0.0%,0.0%,27.9%,39.1%,33.1%,0.0%,0.0%,0.0%,0.0%,49.5%,42.2%,8.2%,0.0%,0.0%,0.0%,53.5%,46.5%,0.0%,0.0%,52.2%,44.7%,0.6%,2.4%,38.1%,61.9%,0.0%,0.0%
,,Out of workforce,62.9%,18.3%,18.7%,28.9%,70.9%,0.2%,0.0%,76.3%,22.6%,0.8%,0.3%,60.1%,38.8%,0.5%,0.6%,67.6%,31.2%,0.1%,1.1%,16.5%,82.0%,1.2%,0.0%,0.3%,0.0%,57.9%,39.4%,2.1%,0.5%,18.9%,47.2%,32.8%,0.5%,0.0%,0.0%,0.7%,46.0%,33.0%,20.8%,0.0%,0.3%,0.0%,0.0%,0.0%,0.0%,0.0%,0.0%,0.0%,0.0%,0.0%,0.0%,0.0%,0.0%,0.0%
,Per Capita Income Quintiles,Poorest 20%,59.3%,31.7%,9.0%,31.5%,68.2%,0.4%,0.0%,62.7%,37.3%,0.0%,0.0%,58.2%,40.5%,1.3%,0.0%,56.6%,43.4%,0.0%,0.0%,13.2%,86.7%,0.1%,0.0%,0.0%,0.0%,51.2%,45.2%,3.6%,0.0%,16.7%,54.8%,26.5%,0.4%,0.0%,1.3%,0.3%,40.3%,43.3%,16.3%,0.0%,0.0%,0.0%,50.7%,49.3%,0.0%,0.0%,54.1%,45.2%,0.7%,0.0%,36.5%,63.5%,0.0%,0.0%
,,Second 20%,57.5%,28.5%,14.0%,28.1%,71.9%,0.0%,0.0%,65.9%,32.8%,1.3%,0.0%,56.3%,43.5%,0.1%,0.0%,59.4%,39.5%,0.0%,1.1%,17.1%,80.0%,2.9%,0.0%,0.0%,0.0%,41.0%,56.7%,1.4%,0.8%,18.0%,52.2%,29.1%,0.0%,0.0%,0.0%,0.6%,44.9%,39.1%,15.9%,0.0%,0.1%,0.0%,50.9%,49.1%,0.0%,0.0%,70.4%,29.6%,0.0%,0.0%,48.2%,51.8%,0.0%,0.0%
,,Middle 20%,52.0%,28.4%,19.7%,20.5%,79.5%,0.0%,0.0%,78.3%,21.7%,0.0%,0.0%,58.7%,40.8%,0.0%,0.5%,65.5%,34.5%,0.0%,0.0%,20.0%,78.0%,1.3%,0.0%,0.8%,0.0%,50.9%,47.4%,1.6%,0.0%,21.2%,47.9%,30.5%,0.4%,0.0%,0.0%,0.0%,55.6%,27.2%,17.1%,0.0%,0.0%,0.1%,65.0%,35.0%,0.0%,0.0%,60.5%,39.5%,0.0%,0.0%,46.3%,53.7%,0.0%,0.0%
,,Fourth 20%,63.9%,17.4%,18.7%,21.1%,78.9%,0.0%,0.0%,80.0%,19.2%,0.0%,0.8%,59.8%,40.2%,0.0%,0.0%,66.3%,32.4%,0.0%,1.3%,20.6%,78.9%,0.5%,0.0%,0.0%,0.0%,58.3%,41.1%,0.4%,0.2%,24.9%,44.7%,28.2%,1.9%,0.0%,0.0%,0.3%,49.7%,36.1%,14.3%,0.0%,0.0%,0.0%,65.5%,34.5%,0.0%,0.0%,62.3%,35.1%,0.4%,2.2%,40.2%,58.5%,1.3%,0.0%
,,Richest 20%,62.9%,15.2%,21.9%,19.3%,79.8%,0.8%,0.0%,89.7%,9.9%,0.4%,0.0%,66.5%,31.2%,0.9%,1.4%,70.4%,28.4%,0.1%,1.0%,14.7%,83.4%,1.9%,0.0%,0.0%,0.0%,59.4%,39.6%,0.9%,0.2%,23.9%,45.3%,30.5%,0.0%,0.0%,0.0%,0.3%,53.1%,29.1%,17.3%,0.0%,0.5%,0.0%,75.2%,24.8%,0.0%,0.0%,66.0%,32.9%,1.1%,0.0%,37.4%,62.6%,0.0%,0.0%
,Feelings About Household Income,Living comfortably on present income,60.8%,2.1%,37.1%,13.0%,84.8%,2.2%,0.0%,96.5%,3.5%,0.0%,0.0%,70.1%,24.6%,3.2%,2.1%,84.6%,14.0%,0.0%,1.4%,13.1%,86.9%,0.0%,0.0%,0.0%,0.0%,73.7%,26.3%,0.0%,0.0%,25.3%,43.0%,30.0%,0.0%,0.0%,0.0%,1.6%,43.1%,35.5%,21.4%,0.0%,0.0%,0.0%,93.2%,6.8%,0.0%,0.0%,65.0%,35.0%,0.0%,0.0%,48.8%,51.2%,0.0%,0.0%
,,Getting by on present income,63.6%,11.8%,24.6%,15.5%,84.5%,0.0%,0.0%,81.6%,18.4%,0.0%,0.0%,68.8%,31.1%,0.1%,0.0%,71.9%,27.5%,0.0%,0.6%,20.8%,77.8%,1.4%,0.0%,0.0%,0.0%,57.9%,40.9%,1.0%,0.2%,23.9%,48.0%,28.1%,0.1%,0.0%,0.0%,0.0%,48.8%,36.1%,14.7%,0.0%,0.4%,0.1%,69.0%,31.0%,0.0%,0.0%,64.3%,34.2%,0.2%,1.3%,38.5%,61.5%,0.0%,0.0%
,,Finding it difficult on present income,62.6%,27.0%,10.3%,27.2%,72.6%,0.1%,0.0%,76.4%,22.7%,0.3%,0.5%,54.4%,45.0%,0.0%,0.6%,56.8%,42.7%,0.0%,0.4%,18.7%,79.1%,1.8%,0.0%,0.5%,0.0%,47.0%,50.9%,2.1%,0.0%,22.1%,42.0%,34.9%,0.0%,0.0%,0.9%,0.2%,49.3%,34.0%,16.7%,0.0%,0.0%,0.0%,61.4%,38.6%,0.0%,0.0%,62.9%,36.1%,1.0%,0.0%,37.6%,61.4%,1.0%,0.0%
,,Finding it very difficult on present income,49.5%,41.1%,9.3%,33.6%,66.2%,0.2%,0.0%,64.1%,35.1%,0.8%,0.0%,53.5%,45.3%,0.8%,0.3%,57.6%,42.3%,0.1%,0.0%,12.7%,86.1%,1.1%,0.0%,0.1%,0.0%,46.8%,51.2%,2.1%,0.0%,16.3%,58.1%,24.3%,0.9%,0.0%,0.0%,0.5%,50.2%,33.6%,16.3%,0.0%,0.0%,0.0%,46.5%,53.5%,0.0%,0.0%,61.5%,38.1%,0.4%,0.0%,47.5%,52.5%,0.0%,0.0%
,Urban/Rural,A rural area or on a farm,55.7%,31.0%,13.3%,27.9%,71.6%,0.4%,0.0%,66.5%,32.5%,1.0%,0.0%,59.0%,40.1%,0.0%,0.9%,60.4%,38.1%,0.0%,1.5%,10.3%,89.6%,0.1%,0.0%,0.0%,0.0%,50.9%,44.0%,4.3%,0.8%,15.5%,51.5%,32.4%,0.0%,0.0%,0.0%,0.6%,39.4%,41.0%,19.7%,0.0%,0.0%,0.0%,58.7%,41.3%,0.0%,0.0%,58.4%,41.2%,0.4%,0.0%,47.0%,52.0%,1.0%,0.0%
,,A small town or villAge,57.0%,25.9%,17.0%,23.0%,77.0%,0.0%,0.0%,76.7%,22.6%,0.0%,0.7%,59.3%,39.5%,1.1%,0.0%,65.0%,35.0%,0.0%,0.0%,18.7%,80.3%,1.0%,0.0%,0.0%,0.0%,54.1%,45.0%,0.9%,0.0%,21.3%,46.2%,30.4%,1.9%,0.0%,0.0%,0.2%,46.3%,36.3%,17.4%,0.0%,0.0%,0.0%,59.3%,40.7%,0.0%,0.0%,74.8%,24.8%,0.4%,0.0%,45.4%,54.6%,0.0%,0.0%
,,A large city,61.7%,20.0%,18.3%,22.6%,77.1%,0.2%,0.0%,79.2%,20.7%,0.2%,0.0%,60.6%,38.7%,0.4%,0.3%,64.7%,34.7%,0.0%,0.6%,19.9%,77.7%,2.1%,0.0%,0.3%,0.0%,52.0%,47.5%,0.5%,0.1%,23.5%,49.0%,26.6%,0.2%,0.0%,0.5%,0.2%,54.5%,31.3%,13.9%,0.0%,0.3%,0.0%,65.3%,34.7%,0.0%,0.0%,60.6%,37.9%,0.5%,0.9%,37.2%,62.8%,0.0%,0.0%
,,A suburb of a large city,0.0%,0.0%,0.0%,0.0%,0.0%,0.0%,0.0%,0.0%,0.0%,0.0%,0.0%,0.0%,0.0%,0.0%,0.0%,0.0%,0.0%,0.0%,0.0%,0.0%,0.0%,0.0%,0.0%,0.0%,0.0%,0.0%,0.0%,0.0%,0.0%,0.0%,0.0%,0.0%,0.0%,0.0%,0.0%,0.0%,0.0%,0.0%,0.0%,0.0%,0.0%,0.0%,0.0%,0.0%,0.0%,0.0%,0.0%,0.0%,0.0%,0.0%,0.0%,0.0%,0.0%,0.0%
Japan,Age,15-24,69.2%,6.3%,24.5%,17.7%,82.3%,0.0%,0.0%,91.1%,8.9%,0.0%,0.0%,77.6%,22.4%,0.0%,0.0%,71.2%,28.8%,0.0%,0.0%,28.5%,69.0%,1.3%,1.3%,0.0%,0.0%,67.8%,29.2%,3.0%,0.0%,37.5%,34.4%,23.9%,4.1%,0.0%,0.0%,0.0%,49.5%,49.2%,0.0%,1.3%,0.0%,0.0%,66.4%,31.5%,2.0%,0.0%,78.2%,17.8%,4.0%,0.0%,72.3%,27.7%,0.0%,0.0%
,,25-34,63.9%,7.0%,29.0%,18.3%,81.7%,0.0%,0.0%,93.6%,6.4%,0.0%,0.0%,76.2%,23.8%,0.0%,0.0%,67.0%,30.6%,2.4%,0.0%,13.3%,85.8%,0.0%,0.0%,0.8%,0.0%,51.5%,46.4%,2.0%,0.0%,17.6%,68.3%,12.5%,0.7%,0.0%,0.8%,0.0%,44.8%,52.5%,0.7%,1.2%,0.8%,0.0%,72.7%,27.3%,0.0%,0.0%,89.0%,11.0%,0.0%,0.0%,78.0%,22.0%,0.0%,0.0%
,,35-44,55.9%,9.3%,34.8%,15.9%,84.1%,0.0%,0.0%,90.5%,9.5%,0.0%,0.0%,79.8%,18.4%,1.7%,0.0%,68.7%,30.6%,0.7%,0.0%,15.6%,81.6%,1.8%,0.9%,0.0%,0.0%,63.2%,35.3%,1.5%,0.0%,15.7%,68.6%,12.7%,2.2%,0.0%,0.8%,0.0%,43.4%,51.1%,1.6%,3.2%,0.0%,0.7%,76.2%,21.3%,2.5%,0.0%,90.2%,9.1%,0.7%,0.0%,77.3%,21.2%,1.5%,0.0%
,,45-64,62.4%,7.7%,29.9%,19.1%,80.9%,0.0%,0.0%,87.1%,12.6%,0.3%,0.0%,83.8%,15.3%,0.9%,0.0%,71.7%,25.9%,2.5%,0.0%,10.0%,86.6%,2.0%,0.3%,1.0%,0.0%,66.7%,30.0%,3.3%,0.0%,20.4%,58.4%,19.9%,1.1%,0.0%,0.0%,0.3%,51.6%,39.5%,7.8%,0.0%,0.9%,0.3%,79.5%,18.8%,1.6%,0.0%,87.7%,10.1%,2.2%,0.0%,70.3%,26.6%,3.0%,0.0%
,,65+,63.8%,17.3%,18.8%,35.2%,63.2%,1.6%,0.0%,86.5%,13.5%,0.0%,0.0%,85.1%,13.9%,0.9%,0.0%,81.8%,16.1%,2.1%,0.0%,5.4%,91.8%,2.2%,0.1%,0.4%,0.0%,75.5%,20.1%,4.3%,0.1%,16.5%,49.6%,28.0%,1.5%,0.3%,4.0%,0.1%,59.3%,28.4%,9.2%,1.4%,1.7%,0.0%,84.3%,14.7%,1.0%,0.0%,85.5%,13.1%,1.4%,0.0%,72.4%,24.3%,3.3%,0.0%
,Gender,Male,66.5%,10.4%,23.1%,21.6%,77.7%,0.6%,0.0%,84.4%,15.4%,0.2%,0.0%,81.7%,17.9%,0.4%,0.0%,72.5%,26.0%,1.5%,0.0%,16.5%,80.5%,1.8%,0.6%,0.6%,0.0%,63.0%,34.4%,2.5%,0.1%,25.1%,49.3%,21.5%,2.5%,0.0%,1.3%,0.2%,52.1%,42.4%,3.8%,0.9%,0.4%,0.4%,72.3%,25.7%,2.0%,0.0%,85.7%,12.6%,1.7%,0.0%,70.5%,27.3%,2.2%,0.0%
,,Female,58.8%,10.6%,30.6%,25.0%,74.7%,0.3%,0.0%,93.0%,7.0%,0.0%,0.0%,82.1%,16.6%,1.3%,0.0%,74.9%,23.0%,2.1%,0.0%,7.3%,90.3%,1.7%,0.3%,0.4%,0.0%,71.2%,25.1%,3.7%,0.0%,14.7%,62.6%,20.0%,0.8%,0.2%,1.6%,0.0%,51.0%,38.7%,7.3%,1.6%,1.3%,0.0%,83.8%,15.5%,0.8%,0.0%,89.0%,9.6%,1.4%,0.0%,77.5%,20.8%,1.6%,0.0%
,Employment Status,Employed full time for an employer,62.8%,9.5%,27.7%,16.8%,83.1%,0.1%,0.0%,89.1%,10.9%,0.0%,0.0%,78.8%,20.6%,0.6%,0.0%,65.7%,32.7%,1.6%,0.0%,15.6%,82.0%,1.5%,0.2%,0.6%,0.0%,59.0%,38.1%,2.8%,0.0%,22.3%,60.9%,15.5%,0.9%,0.0%,0.3%,0.0%,46.5%,46.7%,4.6%,1.5%,0.7%,0.0%,73.1%,25.0%,1.9%,0.0%,87.8%,10.3%,1.8%,0.0%,71.1%,26.9%,2.0%,0.0%
,,Employed full time for self,59.9%,4.0%,36.1%,24.2%,74.3%,1.5%,0.0%,92.2%,7.8%,0.0%,0.0%,80.6%,18.2%,1.2%,0.0%,87.4%,11.0%,1.6%,0.0%,24.9%,64.5%,8.1%,0.0%,2.5%,0.0%,77.7%,15.4%,6.9%,0.0%,19.3%,44.2%,28.4%,1.2%,0.0%,5.1%,1.7%,52.1%,33.6%,9.0%,1.5%,0.0%,3.8%,92.6%,7.4%,0.0%,0.0%,92.1%,7.9%,0.0%,0.0%,79.4%,16.4%,4.2%,0.0%
,,Employed part time do not want full time,65.7%,7.1%,27.2%,23.1%,75.2%,1.6%,0.0%,88.8%,10.6%,0.7%,0.0%,92.0%,8.0%,0.0%,0.0%,76.9%,23.1%,0.0%,0.0%,8.6%,88.5%,2.9%,0.0%,0.0%,0.0%,70.7%,26.9%,2.4%,0.0%,18.2%,55.5%,22.6%,2.5%,0.0%,1.1%,0.0%,59.0%,37.1%,3.9%,0.0%,0.0%,0.0%,81.4%,17.4%,1.2%,0.0%,82.9%,15.2%,1.9%,0.0%,80.8%,17.6%,1.6%,0.0%
,,Unemployed,72.8%,3.5%,23.7%,12.4%,87.6%,0.0%,0.0%,100.0%,0.0%,0.0%,0.0%,77.6%,22.4%,0.0%,0.0%,80.5%,19.5%,0.0%,0.0%,12.4%,87.6%,0.0%,0.0%,0.0%,0.0%,59.5%,40.5%,0.0%,0.0%,25.4%,64.6%,10.0%,0.0%,0.0%,0.0%,0.0%,79.1%,20.9%,0.0%,0.0%,0.0%,0.0%,0.0%,0.0%,0.0%,0.0%,0.0%,0.0%,0.0%,0.0%,0.0%,0.0%,0.0%,0.0%
,,Employed part time want full time,49.6%,20.4%,30.0%,28.7%,71.3%,0.0%,0.0%,80.7%,19.3%,0.0%,0.0%,72.9%,27.1%,0.0%,0.0%,73.3%,26.7%,0.0%,0.0%,12.1%,87.0%,0.0%,0.9%,0.0%,0.0%,61.8%,35.3%,2.8%,0.0%,21.3%,41.4%,37.2%,0.0%,0.0%,0.0%,0.0%,57.1%,36.9%,5.9%,0.0%,0.0%,0.0%,88.7%,11.3%,0.0%,0.0%,85.4%,14.6%,0.0%,0.0%,71.0%,29.0%,0.0%,0.0%
,,Out of workforce,63.3%,13.4%,23.3%,32.5%,66.9%,0.6%,0.0%,88.0%,12.0%,0.0%,0.0%,84.2%,14.2%,1.6%,0.0%,81.7%,15.2%,3.2%,0.0%,5.8%,92.0%,0.9%,0.9%,0.4%,0.0%,76.7%,19.7%,3.4%,0.1%,17.0%,52.3%,24.6%,2.8%,0.3%,2.9%,0.1%,53.8%,35.6%,7.3%,1.5%,1.8%,0.0%,0.0%,0.0%,0.0%,0.0%,0.0%,0.0%,0.0%,0.0%,0.0%,0.0%,0.0%,0.0%
,Per Capita Income Quintiles,Poorest 20%,67.0%,14.5%,18.5%,28.5%,70.4%,1.1%,0.0%,86.8%,13.2%,0.0%,0.0%,84.1%,14.2%,1.7%,0.0%,71.6%,24.3%,4.1%,0.0%,9.2%,88.5%,2.1%,0.0%,0.2%,0.0%,67.0%,32.1%,0.9%,0.0%,16.8%,56.7%,23.0%,1.9%,0.0%,1.6%,0.0%,45.6%,46.5%,4.9%,1.6%,1.5%,0.0%,77.4%,22.6%,0.0%,0.0%,91.1%,8.9%,0.0%,0.0%,76.4%,21.4%,2.2%,0.0%
,,Second 20%,58.5%,13.3%,28.2%,27.7%,72.1%,0.2%,0.0%,90.3%,9.7%,0.0%,0.0%,83.7%,15.6%,0.7%,0.0%,77.8%,21.5%,0.7%,0.0%,5.7%,92.7%,1.2%,0.0%,0.3%,0.0%,71.5%,24.2%,4.3%,0.0%,18.5%,62.9%,16.6%,0.9%,0.0%,1.1%,0.0%,52.3%,36.9%,7.8%,2.0%,1.0%,0.0%,76.9%,22.0%,1.1%,0.0%,85.8%,12.2%,2.0%,0.0%,69.9%,28.1%,2.0%,0.0%
,,Middle 20%,65.5%,10.0%,24.5%,21.2%,78.5%,0.3%,0.0%,86.5%,13.1%,0.4%,0.0%,78.9%,20.4%,0.7%,0.0%,72.6%,25.6%,1.8%,0.0%,10.4%,88.2%,0.7%,0.7%,0.0%,0.0%,65.3%,31.4%,3.3%,0.0%,20.7%,54.0%,22.3%,0.6%,0.0%,2.4%,0.0%,51.1%,43.1%,5.0%,0.4%,0.4%,0.0%,78.7%,19.5%,1.8%,0.0%,89.8%,10.2%,0.0%,0.0%,73.0%,26.0%,0.9%,0.0%
,,Fourth 20%,61.3%,9.0%,29.8%,19.0%,80.8%,0.3%,0.0%,90.1%,9.9%,0.0%,0.0%,85.0%,14.2%,0.8%,0.0%,73.0%,25.9%,1.1%,0.0%,18.2%,76.9%,2.6%,1.5%,0.8%,0.0%,64.5%,30.4%,5.0%,0.2%,20.1%,53.8%,20.9%,2.9%,0.5%,1.3%,0.6%,51.5%,42.2%,4.5%,1.0%,0.4%,0.4%,78.7%,20.5%,0.8%,0.0%,88.3%,10.3%,1.4%,0.0%,68.4%,29.6%,2.0%,0.0%
,,Richest 20%,61.3%,5.8%,32.9%,20.1%,79.3%,0.6%,0.0%,89.6%,10.4%,0.0%,0.0%,77.8%,21.9%,0.3%,0.0%,73.4%,25.5%,1.2%,0.0%,16.3%,80.4%,2.0%,0.0%,1.3%,0.0%,66.9%,30.9%,2.2%,0.0%,23.9%,52.2%,21.0%,2.0%,0.0%,0.9%,0.0%,57.5%,34.2%,5.5%,1.1%,1.1%,0.5%,74.5%,22.2%,3.3%,0.0%,81.9%,14.2%,3.9%,0.0%,79.3%,18.2%,2.5%,0.0%
,Feelings About Household Income,Living comfortably on present income,53.2%,2.7%,44.0%,17.1%,82.7%,0.1%,0.0%,92.3%,7.7%,0.0%,0.0%,84.5%,14.7%,0.9%,0.0%,82.9%,15.8%,1.3%,0.0%,15.4%,80.9%,2.9%,0.4%,0.3%,0.0%,76.5%,20.8%,2.7%,0.0%,22.8%,52.8%,21.6%,1.8%,0.0%,0.8%,0.3%,52.8%,37.6%,6.9%,1.5%,0.7%,0.6%,81.6%,16.6%,1.8%,0.0%,89.2%,9.5%,1.4%,0.0%,79.6%,18.8%,1.7%,0.0%
,,Getting by on present income,67.5%,11.7%,20.7%,24.8%,74.7%,0.5%,0.0%,89.1%,10.8%,0.1%,0.0%,82.1%,16.9%,0.9%,0.0%,72.4%,25.4%,2.2%,0.0%,10.2%,87.4%,1.4%,0.3%,0.7%,0.0%,66.2%,29.9%,3.9%,0.0%,19.8%,57.4%,19.3%,1.4%,0.2%,2.0%,0.0%,54.0%,39.1%,4.9%,0.9%,1.1%,0.0%,77.5%,21.0%,1.5%,0.0%,85.6%,12.6%,1.8%,0.0%,72.9%,25.0%,2.1%,0.0%
,,Finding it difficult on present income,70.3%,23.4%,6.3%,37.2%,62.8%,0.0%,0.0%,72.5%,27.5%,0.0%,0.0%,73.9%,26.1%,0.0%,0.0%,57.1%,41.9%,1.0%,0.0%,10.3%,87.6%,0.0%,2.0%,0.0%,0.0%,43.9%,56.1%,0.0%,0.0%,14.2%,58.1%,27.7%,0.0%,0.0%,0.0%,0.0%,30.6%,63.2%,6.2%,0.0%,0.0%,0.0%,61.8%,38.2%,0.0%,0.0%,88.6%,9.6%,1.8%,0.0%,52.9%,45.9%,1.2%,0.0%
,,Finding it very difficult on present income,35.3%,55.1%,9.6%,30.3%,67.5%,2.2%,0.0%,71.3%,28.7%,0.0%,0.0%,66.6%,33.4%,0.0%,0.0%,19.3%,80.7%,0.0%,0.0%,19.3%,80.7%,0.0%,0.0%,0.0%,0.0%,23.1%,76.9%,0.0%,0.0%,9.3%,50.5%,24.8%,15.4%,0.0%,0.0%,0.0%,47.2%,42.8%,0.0%,9.9%,0.0%,0.0%,39.9%,60.1%,0.0%,0.0%,88.5%,11.5%,0.0%,0.0%,50.3%,49.7%,0.0%,0.0%
,Urban/Rural,A rural area or on a farm,70.4%,12.7%,16.9%,27.5%,71.9%,0.6%,0.0%,90.8%,9.2%,0.0%,0.0%,79.4%,18.1%,2.5%,0.0%,80.6%,15.8%,3.6%,0.0%,11.4%,87.0%,0.0%,0.0%,1.6%,0.0%,69.7%,26.7%,3.7%,0.0%,20.1%,49.1%,25.4%,1.7%,0.0%,3.6%,0.0%,50.7%,39.5%,5.5%,1.9%,2.5%,0.0%,80.6%,19.4%,0.0%,0.0%,87.3%,8.0%,4.7%,0.0%,72.8%,21.6%,5.6%,0.0%
,,A small town or villAge,63.8%,9.8%,26.5%,22.7%,76.9%,0.5%,0.0%,88.7%,11.1%,0.2%,0.0%,79.7%,19.8%,0.6%,0.0%,71.8%,26.6%,1.6%,0.0%,10.0%,85.8%,2.8%,0.9%,0.5%,0.0%,65.8%,31.3%,2.9%,0.0%,18.4%,57.5%,20.4%,2.0%,0.2%,1.3%,0.2%,48.9%,42.7%,6.2%,1.3%,0.7%,0.2%,70.0%,27.8%,2.3%,0.0%,85.1%,13.7%,1.3%,0.0%,71.0%,27.9%,1.2%,0.0%
,,A large city,55.4%,11.2%,33.4%,22.7%,76.5%,0.8%,0.0%,90.1%,9.9%,0.0%,0.0%,84.2%,15.5%,0.3%,0.0%,72.2%,27.5%,0.3%,0.0%,13.1%,85.8%,0.6%,0.2%,0.2%,0.0%,64.6%,33.3%,1.9%,0.2%,22.1%,51.2%,22.5%,2.7%,0.0%,1.3%,0.2%,62.0%,35.6%,2.4%,0.0%,0.0%,0.0%,83.2%,15.5%,1.4%,0.0%,85.8%,11.8%,2.4%,0.0%,75.7%,22.9%,1.4%,0.0%
,,A suburb of a large city,62.6%,10.3%,27.2%,22.7%,77.1%,0.2%,0.0%,86.5%,13.5%,0.0%,0.0%,85.5%,13.6%,0.8%,0.0%,74.7%,23.0%,2.4%,0.0%,15.2%,83.1%,1.4%,0.0%,0.3%,0.0%,69.7%,26.0%,4.3%,0.0%,21.4%,59.9%,17.9%,0.2%,0.0%,0.7%,0.0%,49.0%,40.9%,6.9%,1.7%,1.0%,0.4%,85.2%,14.1%,0.7%,0.0%,92.4%,7.2%,0.3%,0.0%,77.8%,20.6%,1.6%,0.0%
China,Age,15-24,63.0%,5.0%,32.0%,3.1%,96.8%,0.1%,0.0%,87.8%,9.9%,2.3%,0.0%,76.2%,23.1%,0.2%,0.5%,90.2%,9.5%,0.3%,0.0%,17.4%,73.5%,8.0%,0.2%,0.8%,0.1%,88.8%,10.9%,0.3%,0.0%,32.0%,47.8%,13.3%,4.2%,0.6%,2.1%,0.0%,60.4%,20.6%,18.7%,0.0%,0.1%,0.1%,71.0%,25.3%,3.7%,0.1%,73.3%,25.8%,0.9%,0.0%,72.1%,26.6%,1.3%,0.0%
,,25-34,66.4%,8.2%,25.4%,5.3%,94.3%,0.4%,0.0%,83.8%,13.7%,2.3%,0.2%,75.8%,23.1%,0.6%,0.4%,88.0%,11.2%,0.7%,0.1%,14.1%,80.2%,3.4%,0.7%,0.9%,0.6%,75.7%,23.4%,0.8%,0.0%,32.8%,54.4%,8.4%,3.2%,0.0%,1.2%,0.0%,57.4%,21.4%,20.0%,0.0%,0.8%,0.4%,75.2%,20.7%,4.1%,0.0%,74.2%,24.2%,1.5%,0.0%,61.7%,37.8%,0.5%,0.0%
,,35-44,59.6%,10.9%,29.5%,14.6%,84.9%,0.4%,0.0%,82.5%,15.0%,2.5%,0.0%,79.6%,20.0%,0.4%,0.0%,92.1%,7.1%,0.9%,0.0%,8.1%,89.3%,2.1%,0.0%,0.3%,0.2%,84.8%,14.0%,0.4%,0.8%,25.8%,59.7%,9.6%,3.0%,0.9%,0.8%,0.2%,49.4%,27.0%,23.1%,0.0%,0.1%,0.4%,80.2%,14.3%,5.5%,0.0%,80.2%,18.4%,1.3%,0.0%,67.4%,32.1%,0.5%,0.0%
,,45-64,58.2%,14.5%,27.2%,24.2%,74.2%,1.6%,0.0%,71.0%,23.9%,5.0%,0.1%,80.5%,18.2%,1.0%,0.3%,88.5%,9.1%,2.5%,0.0%,4.3%,91.9%,0.9%,2.1%,0.8%,0.0%,83.3%,14.2%,2.0%,0.5%,15.1%,49.0%,18.1%,10.5%,2.0%,4.6%,0.7%,45.1%,25.6%,27.6%,0.0%,0.6%,1.0%,84.9%,11.3%,3.6%,0.2%,74.0%,21.4%,4.6%,0.0%,51.8%,45.2%,2.5%,0.5%
,,65+,43.2%,4.2%,52.6%,35.0%,62.1%,2.9%,0.0%,67.9%,28.8%,3.3%,0.0%,81.1%,16.8%,1.8%,0.3%,95.0%,2.4%,2.7%,0.0%,1.5%,94.8%,0.0%,0.6%,2.9%,0.2%,89.9%,7.7%,2.1%,0.3%,11.3%,31.9%,28.3%,18.4%,1.5%,8.0%,0.6%,48.1%,20.5%,29.1%,0.0%,2.3%,0.0%,92.3%,5.1%,2.5%,0.0%,81.0%,12.9%,6.1%,0.0%,46.7%,48.3%,4.9%,0.0%
,Gender,Male,58.7%,11.9%,29.4%,16.3%,82.7%,1.0%,0.0%,75.4%,20.4%,4.1%,0.1%,78.2%,20.4%,1.1%,0.4%,87.5%,11.1%,1.3%,0.1%,12.0%,82.7%,2.6%,1.1%,1.4%,0.2%,81.1%,17.0%,1.5%,0.4%,20.9%,47.2%,18.8%,8.4%,0.8%,3.2%,0.7%,49.5%,23.8%,25.3%,0.0%,0.8%,0.7%,79.1%,16.7%,4.1%,0.1%,76.2%,21.3%,2.5%,0.0%,62.9%,35.3%,1.5%,0.3%
,,Female,60.7%,6.9%,32.5%,17.0%,81.8%,1.2%,0.0%,81.1%,16.3%,2.6%,0.0%,79.0%,20.4%,0.4%,0.2%,92.9%,5.4%,1.7%,0.0%,5.6%,89.7%,3.2%,0.8%,0.6%,0.1%,86.9%,11.7%,0.9%,0.4%,25.2%,51.8%,10.9%,6.8%,1.6%,3.6%,0.0%,52.9%,23.0%,23.1%,0.0%,0.7%,0.4%,79.7%,15.9%,4.4%,0.0%,74.4%,22.3%,3.3%,0.0%,56.4%,41.6%,2.0%,0.0%
,Employment Status,Employed full time for an employer,62.5%,8.8%,28.6%,8.8%,90.7%,0.5%,0.0%,80.6%,15.4%,3.9%,0.1%,79.6%,19.7%,0.5%,0.2%,90.2%,8.9%,1.0%,0.0%,10.0%,85.4%,2.7%,0.6%,0.9%,0.3%,83.4%,15.2%,1.1%,0.3%,27.2%,53.2%,10.8%,5.5%,0.5%,2.6%,0.2%,51.6%,22.6%,25.3%,0.0%,0.3%,0.3%,77.9%,17.5%,4.6%,0.0%,76.2%,21.5%,2.4%,0.0%,63.1%,35.4%,1.4%,0.1%
,,Employed full time for self,65.8%,9.6%,24.6%,17.3%,82.0%,0.7%,0.0%,74.5%,21.9%,3.5%,0.1%,74.8%,24.3%,1.0%,0.0%,87.6%,11.4%,1.0%,0.0%,11.6%,83.5%,1.3%,2.1%,1.5%,0.0%,83.0%,15.9%,0.6%,0.5%,21.1%,52.9%,20.2%,3.6%,1.1%,1.0%,0.1%,53.1%,21.3%,25.0%,0.0%,0.4%,0.2%,81.8%,15.4%,2.8%,0.0%,76.2%,21.4%,2.4%,0.0%,56.5%,42.8%,0.4%,0.3%
,,Employed part time do not want full time,50.0%,16.9%,33.2%,20.1%,74.8%,5.1%,0.0%,80.2%,16.8%,2.9%,0.2%,78.3%,16.5%,5.3%,0.0%,91.1%,2.7%,3.4%,2.8%,9.9%,87.8%,2.4%,0.0%,0.0%,0.0%,92.1%,5.1%,0.0%,2.8%,21.3%,38.1%,18.0%,8.5%,4.9%,6.5%,2.8%,44.6%,29.8%,21.9%,0.0%,0.9%,2.8%,81.2%,8.5%,9.6%,0.7%,75.6%,16.4%,8.0%,0.0%,52.8%,41.9%,5.3%,0.0%
,,Unemployed,78.1%,13.6%,8.3%,24.8%,75.2%,0.0%,0.0%,67.4%,26.3%,6.3%,0.0%,72.4%,26.2%,1.3%,0.0%,84.6%,15.4%,0.0%,0.0%,5.2%,90.0%,3.4%,1.5%,0.0%,0.0%,76.8%,22.1%,1.1%,0.0%,19.8%,49.8%,17.3%,6.8%,1.2%,4.4%,0.7%,40.2%,29.6%,28.3%,0.0%,1.5%,0.4%,0.0%,0.0%,0.0%,0.0%,0.0%,0.0%,0.0%,0.0%,0.0%,0.0%,0.0%,0.0%
,,Employed part time want full time,60.8%,12.0%,27.2%,17.7%,82.3%,0.0%,0.0%,77.0%,20.8%,2.0%,0.2%,76.1%,22.8%,0.9%,0.1%,91.2%,6.9%,1.9%,0.0%,12.1%,83.5%,2.2%,1.4%,0.8%,0.0%,82.6%,14.9%,2.4%,0.0%,26.6%,46.1%,17.1%,6.7%,0.8%,2.6%,0.0%,50.6%,16.9%,28.3%,0.0%,3.5%,0.7%,83.2%,14.6%,2.2%,0.1%,69.3%,26.1%,4.5%,0.1%,52.1%,42.7%,4.8%,0.3%
,,Out of workforce,50.6%,9.1%,40.3%,24.6%,73.3%,2.0%,0.0%,77.7%,19.7%,2.6%,0.0%,80.0%,18.7%,0.6%,0.6%,91.1%,6.5%,2.3%,0.1%,6.7%,87.3%,3.9%,0.8%,1.2%,0.1%,85.1%,12.8%,1.6%,0.4%,17.9%,44.6%,17.9%,12.2%,1.8%,5.0%,0.6%,51.8%,25.0%,21.5%,0.0%,0.8%,0.9%,0.0%,0.0%,0.0%,0.0%,0.0%,0.0%,0.0%,0.0%,0.0%,0.0%,0.0%,0.0%
,Per Capita Income Quintiles,Poorest 20%,59.5%,17.2%,23.3%,26.5%,70.5%,3.0%,0.0%,61.6%,33.3%,5.1%,0.0%,75.0%,23.6%,1.4%,0.0%,82.7%,13.6%,3.6%,0.1%,7.7%,86.5%,1.8%,1.6%,2.2%,0.3%,73.8%,22.3%,2.7%,1.2%,15.6%,42.9%,19.4%,13.5%,2.4%,5.8%,0.5%,47.7%,24.2%,26.1%,0.0%,0.5%,1.6%,78.1%,19.0%,2.9%,0.0%,68.1%,27.2%,4.8%,0.0%,54.3%,42.2%,3.0%,0.5%
,,Second 20%,63.3%,14.1%,22.5%,24.7%,74.5%,0.8%,0.0%,78.9%,18.6%,2.4%,0.1%,79.8%,19.2%,1.0%,0.0%,91.8%,7.5%,0.3%,0.4%,6.5%,90.3%,2.0%,0.0%,1.2%,0.1%,84.8%,13.5%,0.9%,0.8%,16.2%,52.4%,17.1%,7.9%,1.0%,4.5%,1.0%,43.7%,28.9%,25.4%,0.0%,1.5%,0.6%,80.6%,15.3%,4.1%,0.0%,79.1%,19.0%,2.0%,0.0%,55.6%,43.5%,1.0%,0.0%
,,Middle 20%,60.2%,7.9%,31.9%,15.5%,83.9%,0.6%,0.0%,80.8%,17.6%,1.5%,0.0%,78.9%,20.4%,0.4%,0.2%,91.7%,6.5%,1.8%,0.0%,7.0%,88.5%,3.2%,1.1%,0.2%,0.0%,86.1%,12.4%,1.3%,0.2%,26.0%,50.6%,13.8%,6.5%,0.3%,2.4%,0.5%,50.3%,24.0%,24.8%,0.0%,0.6%,0.3%,77.3%,13.8%,8.8%,0.1%,76.9%,20.5%,2.6%,0.0%,59.0%,39.2%,1.8%,0.0%
,,Fourth 20%,58.0%,5.9%,36.1%,7.6%,92.2%,0.2%,0.0%,84.5%,11.8%,3.6%,0.1%,80.1%,19.2%,0.3%,0.4%,91.1%,7.9%,1.1%,0.0%,10.7%,84.6%,3.3%,0.5%,0.5%,0.4%,88.4%,11.1%,0.5%,0.0%,24.6%,54.6%,12.4%,4.6%,2.0%,1.9%,0.0%,54.9%,21.1%,23.5%,0.0%,0.5%,0.1%,82.3%,15.6%,2.1%,0.0%,74.9%,21.4%,3.7%,0.0%,61.4%,37.9%,0.7%,0.0%
,,Richest 20%,57.2%,5.4%,37.4%,8.9%,90.3%,0.8%,0.0%,84.3%,11.3%,4.4%,0.1%,78.9%,19.4%,0.9%,0.8%,92.5%,6.7%,0.8%,0.0%,13.2%,80.1%,4.1%,1.5%,0.9%,0.1%,85.8%,13.3%,0.9%,0.0%,32.1%,46.2%,12.9%,6.0%,0.3%,2.5%,0.0%,58.5%,18.9%,21.5%,0.0%,0.8%,0.4%,78.1%,18.6%,3.2%,0.1%,77.6%,21.1%,1.4%,0.0%,68.7%,28.5%,2.3%,0.4%
,Feelings About Household Income,Living comfortably on present income,35.2%,3.1%,61.7%,8.3%,90.5%,1.2%,0.0%,89.8%,7.7%,2.3%,0.2%,83.6%,15.8%,0.6%,0.0%,96.2%,1.9%,1.8%,0.0%,5.9%,87.3%,5.2%,1.1%,0.5%,0.0%,94.5%,4.7%,0.7%,0.0%,25.6%,40.7%,17.7%,9.3%,1.5%,4.7%,0.5%,47.5%,23.6%,27.6%,0.0%,1.0%,0.2%,95.2%,2.6%,2.1%,0.0%,88.0%,9.8%,2.1%,0.0%,65.9%,32.6%,1.5%,0.0%
,,Getting by on present income,61.9%,4.6%,33.6%,13.9%,85.6%,0.5%,0.0%,83.8%,13.2%,3.0%,0.0%,80.9%,18.3%,0.6%,0.3%,94.4%,4.8%,0.8%,0.0%,9.0%,86.8%,2.8%,0.6%,0.8%,0.0%,90.7%,8.0%,0.9%,0.4%,24.7%,50.3%,15.1%,5.8%,1.3%,2.5%,0.4%,51.9%,22.6%,24.5%,0.0%,0.8%,0.2%,82.2%,14.5%,3.2%,0.1%,76.8%,20.9%,2.2%,0.0%,61.7%,36.8%,1.3%,0.3%
,,Finding it difficult on present income,71.0%,17.6%,11.4%,24.1%,74.9%,1.0%,0.0%,65.3%,30.9%,3.7%,0.1%,74.0%,24.4%,1.2%,0.4%,83.0%,14.6%,2.3%,0.0%,9.3%,85.3%,2.4%,1.6%,1.0%,0.4%,70.3%,27.9%,1.8%,0.0%,20.0%,53.4%,14.5%,8.6%,0.7%,2.7%,0.0%,52.1%,25.4%,22.1%,0.0%,0.0%,0.4%,71.5%,22.2%,6.1%,0.1%,71.1%,25.7%,3.2%,0.0%,57.9%,41.4%,0.5%,0.1%
,,Finding it very difficult on present income,52.8%,39.6%,7.6%,29.1%,70.9%,0.0%,0.0%,58.2%,33.3%,8.4%,0.0%,67.6%,31.9%,0.0%,0.5%,70.2%,27.5%,2.0%,0.3%,16.1%,79.3%,2.0%,1.6%,0.2%,0.8%,54.1%,41.8%,1.9%,2.3%,18.8%,43.9%,13.6%,15.3%,2.1%,6.0%,0.4%,47.7%,25.7%,24.6%,0.0%,0.3%,1.7%,59.6%,37.8%,2.5%,0.0%,69.6%,28.0%,2.4%,0.0%,53.5%,42.8%,3.6%,0.0%
,Urban/Rural,A rural area or on a farm,59.3%,14.0%,26.7%,22.9%,75.2%,1.9%,0.0%,68.9%,26.7%,4.3%,0.1%,76.7%,21.0%,2.0%,0.3%,87.4%,9.9%,2.7%,0.1%,6.9%,88.0%,2.4%,0.9%,1.5%,0.3%,79.6%,17.6%,2.3%,0.5%,15.1%,49.9%,19.2%,8.3%,1.7%,5.1%,0.6%,47.7%,25.9%,24.8%,0.0%,0.7%,1.0%,83.0%,12.9%,4.1%,0.0%,72.1%,24.7%,3.1%,0.0%,57.9%,39.7%,2.0%,0.4%
,,A small town or villAge,64.0%,7.2%,28.8%,12.3%,87.1%,0.6%,0.0%,82.2%,14.7%,3.1%,0.1%,81.7%,17.9%,0.2%,0.2%,91.5%,7.5%,1.0%,0.0%,9.0%,86.7%,3.5%,0.4%,0.4%,0.0%,86.0%,13.0%,1.1%,0.0%,22.5%,52.3%,12.2%,6.2%,1.8%,4.8%,0.1%,50.3%,21.6%,26.6%,0.0%,1.1%,0.4%,79.3%,16.7%,3.9%,0.2%,77.5%,20.2%,2.3%,0.0%,58.2%,40.0%,1.4%,0.3%
,,A large city,59.1%,6.1%,34.8%,13.0%,86.1%,0.9%,0.0%,84.5%,13.4%,2.1%,0.0%,79.5%,20.2%,0.3%,0.0%,91.9%,7.4%,0.6%,0.0%,10.9%,84.8%,3.3%,0.6%,0.4%,0.0%,87.2%,12.5%,0.1%,0.2%,29.2%,47.7%,13.1%,6.7%,0.7%,2.2%,0.3%,53.0%,21.1%,24.9%,0.0%,0.7%,0.3%,78.9%,17.0%,4.0%,0.1%,75.4%,21.7%,2.8%,0.0%,62.0%,35.8%,2.1%,0.0%
,,A suburb of a large city,56.8%,13.7%,29.5%,18.6%,80.7%,0.6%,0.0%,74.9%,19.8%,5.3%,0.0%,76.7%,21.9%,0.4%,0.9%,88.7%,9.0%,1.9%,0.5%,8.6%,84.5%,2.2%,2.4%,1.9%,0.5%,81.3%,15.5%,2.1%,1.2%,22.3%,49.0%,15.5%,10.4%,0.7%,1.6%,0.5%,52.9%,26.1%,19.8%,0.0%,0.6%,0.6%,74.3%,20.5%,5.1%,0.0%,79.4%,17.9%,2.6%,0.0%,62.4%,37.1%,0.6%,0.0%
Brazil,Age,15-24,48.1%,1.0%,51.0%,6.2%,93.8%,0.0%,0.0%,94.3%,5.7%,0.0%,0.0%,77.9%,22.1%,0.0%,0.0%,87.7%,12.3%,0.0%,0.0%,24.0%,75.3%,0.5%,0.0%,0.3%,0.0%,71.3%,28.7%,0.0%,0.0%,32.2%,43.3%,23.7%,0.4%,0.0%,0.4%,0.0%,74.8%,17.4%,7.8%,0.0%,0.0%,0.0%,87.5%,11.8%,0.4%,0.3%,80.4%,19.6%,0.0%,0.0%,63.6%,35.6%,0.8%,0.0%
,,25-34,56.0%,2.7%,41.2%,10.1%,89.9%,0.0%,0.0%,76.3%,22.0%,1.7%,0.0%,72.8%,27.2%,0.0%,0.0%,79.9%,19.5%,0.3%,0.2%,18.2%,77.6%,4.1%,0.0%,0.1%,0.0%,67.3%,32.7%,0.0%,0.0%,30.1%,55.2%,14.7%,0.0%,0.0%,0.0%,0.0%,64.8%,29.4%,5.6%,0.0%,0.2%,0.0%,89.3%,10.2%,0.5%,0.0%,85.5%,14.5%,0.0%,0.0%,71.6%,28.2%,0.2%,0.0%
,,35-44,55.9%,5.1%,39.0%,16.4%,83.1%,0.5%,0.0%,77.8%,22.0%,0.2%,0.0%,76.3%,23.1%,0.6%,0.0%,82.4%,17.6%,0.0%,0.0%,13.5%,84.7%,1.8%,0.0%,0.0%,0.0%,72.0%,28.0%,0.0%,0.0%,16.0%,61.6%,19.7%,0.0%,0.0%,2.7%,0.0%,66.4%,21.5%,11.7%,0.0%,0.4%,0.0%,89.5%,9.2%,0.0%,1.3%,92.4%,7.6%,0.0%,0.0%,67.0%,33.0%,0.0%,0.0%
,,45-64,51.3%,13.5%,35.2%,30.0%,70.0%,0.0%,0.0%,80.2%,19.5%,0.3%,0.0%,79.5%,20.5%,0.0%,0.0%,87.5%,12.5%,0.0%,0.0%,9.6%,89.9%,0.5%,0.0%,0.0%,0.0%,75.5%,24.5%,0.0%,0.0%,14.2%,52.0%,32.2%,0.8%,0.1%,0.6%,0.0%,61.6%,25.0%,13.2%,0.0%,0.2%,0.0%,91.9%,7.9%,0.3%,0.0%,92.5%,7.2%,0.3%,0.0%,68.9%,30.8%,0.4%,0.0%
,,65+,45.5%,12.8%,41.7%,44.7%,55.3%,0.0%,0.0%,89.6%,10.4%,0.0%,0.0%,81.9%,16.1%,2.0%,0.0%,97.8%,1.8%,0.3%,0.0%,4.0%,95.3%,0.3%,0.4%,0.0%,0.0%,84.3%,15.7%,0.0%,0.0%,13.7%,39.9%,45.7%,0.0%,0.0%,0.6%,0.0%,51.3%,34.0%,8.9%,0.0%,5.8%,0.0%,98.4%,1.6%,0.0%,0.0%,92.8%,7.2%,0.0%,0.0%,75.3%,24.7%,0.0%,0.0%
,Gender,Male,55.0%,3.4%,41.5%,14.6%,85.2%,0.2%,0.0%,85.8%,14.0%,0.2%,0.0%,78.8%,20.8%,0.3%,0.0%,86.3%,13.6%,0.0%,0.1%,15.4%,83.4%,1.2%,0.0%,0.1%,0.0%,76.0%,24.0%,0.0%,0.0%,29.8%,51.7%,17.7%,0.2%,0.0%,0.6%,0.0%,67.8%,24.1%,7.9%,0.0%,0.2%,0.0%,92.4%,7.0%,0.2%,0.5%,87.1%,12.8%,0.1%,0.0%,71.0%,28.9%,0.1%,0.0%
,,Female,49.4%,8.8%,41.8%,21.5%,78.5%,0.0%,0.0%,79.6%,19.6%,0.8%,0.0%,75.3%,24.5%,0.2%,0.0%,84.5%,15.3%,0.2%,0.0%,15.2%,82.7%,2.0%,0.1%,0.1%,0.0%,69.1%,30.9%,0.0%,0.0%,15.1%,52.2%,31.2%,0.4%,0.1%,1.1%,0.0%,63.5%,24.1%,11.4%,0.0%,1.0%,0.0%,85.5%,13.9%,0.5%,0.2%,88.7%,11.3%,0.0%,0.0%,63.6%,35.8%,0.7%,0.0%
,Employment Status,Employed full time for an employer,53.3%,1.3%,45.4%,9.9%,90.1%,0.0%,0.0%,83.1%,16.8%,0.1%,0.0%,77.9%,22.1%,0.0%,0.0%,87.6%,12.2%,0.0%,0.2%,17.7%,80.1%,2.0%,0.0%,0.2%,0.0%,76.9%,23.1%,0.0%,0.0%,27.7%,54.5%,17.5%,0.0%,0.1%,0.1%,0.0%,67.3%,25.7%,6.7%,0.0%,0.3%,0.0%,90.0%,9.7%,0.3%,0.0%,88.3%,11.7%,0.0%,0.0%,63.9%,35.8%,0.2%,0.0%
,,Employed full time for self,56.7%,3.8%,39.5%,15.3%,83.9%,0.8%,0.0%,88.1%,11.6%,0.3%,0.0%,75.8%,23.3%,1.0%,0.0%,87.9%,12.1%,0.0%,0.0%,17.3%,80.9%,1.8%,0.0%,0.0%,0.0%,77.6%,22.4%,0.0%,0.0%,26.1%,52.1%,20.7%,0.0%,0.0%,1.2%,0.0%,69.1%,23.9%,6.4%,0.0%,0.6%,0.0%,90.7%,9.3%,0.0%,0.0%,90.7%,9.0%,0.3%,0.0%,72.8%,27.2%,0.0%,0.0%
,,Employed part time do not want full time,45.3%,0.0%,54.7%,14.8%,85.2%,0.0%,0.0%,92.5%,7.1%,0.4%,0.0%,73.1%,26.9%,0.0%,0.0%,95.6%,4.4%,0.0%,0.0%,4.9%,94.4%,0.3%,0.0%,0.5%,0.0%,68.7%,31.3%,0.0%,0.0%,12.8%,44.9%,37.7%,0.0%,0.0%,4.6%,0.0%,73.3%,15.3%,11.4%,0.0%,0.0%,0.0%,92.0%,7.4%,0.0%,0.5%,87.7%,12.3%,0.0%,0.0%,76.6%,21.7%,1.6%,0.0%
,,Unemployed,59.5%,1.0%,39.5%,16.0%,84.0%,0.0%,0.0%,82.2%,17.8%,0.0%,0.0%,72.6%,27.4%,0.0%,0.0%,67.4%,32.6%,0.0%,0.0%,22.3%,76.6%,1.0%,0.0%,0.0%,0.0%,56.6%,43.4%,0.0%,0.0%,21.5%,49.6%,28.9%,0.0%,0.0%,0.0%,0.0%,64.2%,20.5%,15.3%,0.0%,0.0%,0.0%,0.0%,0.0%,0.0%,0.0%,0.0%,0.0%,0.0%,0.0%,0.0%,0.0%,0.0%,0.0%
,,Employed part time want full time,53.5%,3.1%,43.4%,18.6%,81.4%,0.0%,0.0%,78.8%,21.2%,0.0%,0.0%,75.8%,24.2%,0.0%,0.0%,75.9%,23.3%,0.8%,0.0%,18.2%,79.3%,2.5%,0.0%,0.0%,0.0%,70.8%,29.2%,0.0%,0.0%,22.9%,47.6%,26.3%,0.0%,0.0%,3.2%,0.0%,65.6%,23.9%,10.5%,0.0%,0.0%,0.0%,85.1%,11.8%,1.0%,2.1%,81.3%,18.7%,0.0%,0.0%,68.7%,31.3%,0.0%,0.0%
,,Out of workforce,47.7%,17.0%,35.3%,29.6%,70.4%,0.0%,0.0%,78.7%,20.0%,1.3%,0.0%,79.6%,19.9%,0.5%,0.0%,88.3%,11.6%,0.1%,0.0%,11.0%,87.7%,1.2%,0.1%,0.0%,0.0%,72.0%,28.0%,0.0%,0.0%,17.4%,52.9%,28.5%,1.0%,0.0%,0.1%,0.0%,60.8%,25.9%,11.9%,0.0%,1.4%,0.0%,0.0%,0.0%,0.0%,0.0%,0.0%,0.0%,0.0%,0.0%,0.0%,0.0%,0.0%,0.0%
,Per Capita Income Quintiles,Poorest 20%,52.6%,9.9%,37.5%,21.5%,78.5%,0.0%,0.0%,73.8%,24.3%,1.9%,0.0%,76.8%,23.2%,0.0%,0.0%,82.4%,17.6%,0.0%,0.0%,6.0%,92.5%,1.3%,0.0%,0.3%,0.0%,67.4%,32.6%,0.0%,0.0%,15.6%,48.7%,32.2%,1.0%,0.0%,2.5%,0.0%,66.5%,17.9%,15.6%,0.0%,0.0%,0.0%,85.3%,12.8%,0.0%,1.9%,86.3%,13.7%,0.0%,0.0%,64.6%,35.4%,0.0%,0.0%
,,Second 20%,59.5%,9.4%,31.1%,19.4%,80.6%,0.0%,0.0%,84.1%,15.9%,0.0%,0.0%,71.8%,27.7%,0.5%,0.0%,79.8%,20.2%,0.0%,0.0%,11.5%,87.2%,1.3%,0.0%,0.0%,0.0%,67.7%,32.3%,0.0%,0.0%,14.0%,51.8%,33.8%,0.5%,0.0%,0.0%,0.0%,60.2%,27.0%,10.9%,0.0%,1.9%,0.0%,86.6%,12.8%,0.5%,0.0%,81.3%,18.7%,0.0%,0.0%,63.2%,36.8%,0.0%,0.0%
,,Middle 20%,53.9%,7.0%,39.1%,19.6%,80.4%,0.0%,0.0%,80.2%,19.8%,0.0%,0.0%,75.5%,24.3%,0.2%,0.0%,85.2%,14.4%,0.4%,0.0%,20.1%,78.6%,1.3%,0.0%,0.0%,0.0%,72.6%,27.4%,0.0%,0.0%,14.9%,61.2%,23.2%,0.0%,0.0%,0.7%,0.0%,71.1%,21.9%,6.8%,0.0%,0.2%,0.0%,90.6%,8.3%,1.1%,0.0%,89.0%,10.7%,0.3%,0.0%,71.5%,28.5%,0.0%,0.0%
,,Fourth 20%,57.0%,0.9%,42.1%,16.9%,82.5%,0.5%,0.0%,83.4%,16.2%,0.4%,0.0%,78.9%,20.4%,0.7%,0.0%,87.2%,12.8%,0.0%,0.0%,20.9%,77.7%,1.3%,0.0%,0.0%,0.0%,75.2%,24.8%,0.0%,0.0%,30.1%,54.4%,15.2%,0.0%,0.0%,0.3%,0.0%,71.7%,22.3%,5.8%,0.0%,0.2%,0.0%,93.9%,6.1%,0.0%,0.0%,94.1%,5.9%,0.0%,0.0%,70.7%,29.0%,0.3%,0.0%
,,Richest 20%,38.3%,3.6%,58.1%,12.9%,87.1%,0.0%,0.0%,91.7%,8.1%,0.2%,0.0%,82.3%,17.7%,0.0%,0.0%,92.5%,7.1%,0.1%,0.3%,17.8%,79.2%,2.7%,0.1%,0.2%,0.0%,79.6%,20.4%,0.0%,0.0%,37.4%,43.5%,18.0%,0.0%,0.2%,0.9%,0.0%,58.8%,31.2%,9.4%,0.0%,0.5%,0.0%,90.2%,9.6%,0.0%,0.3%,86.6%,13.4%,0.0%,0.0%,69.2%,29.7%,1.0%,0.0%
,Feelings About Household Income,Living comfortably on present income,29.4%,2.2%,68.3%,14.2%,85.8%,0.0%,0.0%,95.6%,4.4%,0.0%,0.0%,87.0%,13.0%,0.0%,0.0%,94.9%,5.1%,0.0%,0.0%,13.7%,82.9%,3.2%,0.0%,0.2%,0.0%,82.4%,17.6%,0.0%,0.0%,34.0%,46.9%,18.5%,0.0%,0.0%,0.6%,0.0%,65.2%,22.6%,11.9%,0.0%,0.3%,0.0%,96.1%,3.6%,0.0%,0.3%,87.4%,12.6%,0.0%,0.0%,75.1%,24.0%,0.9%,0.0%
,,Getting by on present income,54.4%,3.7%,41.9%,12.4%,87.3%,0.2%,0.0%,85.2%,14.6%,0.2%,0.0%,79.3%,20.3%,0.3%,0.0%,91.2%,8.6%,0.0%,0.1%,17.9%,80.4%,1.7%,0.1%,0.0%,0.0%,77.5%,22.5%,0.0%,0.0%,24.8%,55.1%,19.7%,0.0%,0.0%,0.3%,0.0%,68.3%,24.0%,7.4%,0.0%,0.2%,0.0%,89.9%,10.1%,0.0%,0.0%,89.5%,10.5%,0.0%,0.0%,66.6%,33.1%,0.3%,0.0%
,,Finding it difficult on present income,65.5%,6.3%,28.2%,19.1%,80.9%,0.0%,0.0%,78.9%,21.0%,0.1%,0.0%,72.4%,27.2%,0.4%,0.0%,78.7%,21.3%,0.0%,0.0%,13.9%,85.4%,0.4%,0.0%,0.2%,0.0%,66.6%,33.4%,0.0%,0.0%,17.3%,55.8%,24.4%,0.4%,0.2%,2.0%,0.0%,69.4%,20.9%,9.6%,0.0%,0.0%,0.0%,87.7%,11.1%,1.2%,0.0%,85.8%,14.2%,0.0%,0.0%,66.3%,33.7%,0.0%,0.0%
,,Finding it very difficult on present income,53.8%,18.1%,28.1%,38.5%,61.5%,0.0%,0.0%,65.0%,32.4%,2.6%,0.0%,66.1%,33.7%,0.2%,0.0%,68.3%,31.2%,0.5%,0.0%,12.3%,86.4%,1.3%,0.0%,0.0%,0.0%,55.5%,44.5%,0.0%,0.0%,10.6%,43.1%,43.9%,1.4%,0.0%,1.0%,0.0%,54.5%,31.2%,14.1%,0.0%,0.2%,0.0%,80.3%,16.0%,0.0%,3.7%,84.3%,15.1%,0.7%,0.0%,66.5%,33.5%,0.0%,0.0%
,Urban/Rural,A rural area or on a farm,44.7%,11.7%,43.6%,15.5%,84.5%,0.0%,0.0%,81.9%,18.1%,0.0%,0.0%,81.3%,18.7%,0.0%,0.0%,89.3%,10.7%,0.0%,0.0%,7.8%,92.2%,0.0%,0.0%,0.0%,0.0%,79.0%,21.0%,0.0%,0.0%,13.6%,55.9%,29.4%,0.0%,0.0%,1.1%,0.0%,71.4%,14.2%,14.4%,0.0%,0.0%,0.0%,92.7%,7.3%,0.0%,0.0%,70.9%,29.1%,0.0%,0.0%,91.4%,8.6%,0.0%,0.0%
,,A small town or villAge,62.0%,3.7%,34.3%,21.5%,78.2%,0.3%,0.0%,82.4%,17.5%,0.1%,0.0%,73.1%,26.7%,0.3%,0.0%,86.0%,13.8%,0.2%,0.0%,10.8%,88.0%,1.0%,0.0%,0.2%,0.0%,74.8%,25.2%,0.0%,0.0%,21.4%,50.4%,26.1%,0.5%,0.0%,1.5%,0.0%,63.6%,24.5%,10.8%,0.0%,1.1%,0.0%,86.8%,12.3%,0.0%,0.9%,93.3%,6.7%,0.0%,0.0%,58.9%,40.9%,0.2%,0.0%
,,A large city,45.2%,2.4%,52.4%,14.0%,86.0%,0.0%,0.0%,84.4%,14.5%,1.1%,0.0%,80.9%,18.7%,0.4%,0.0%,85.3%,14.7%,0.1%,0.0%,21.1%,76.2%,2.6%,0.1%,0.0%,0.0%,75.0%,25.0%,0.0%,0.0%,25.5%,50.3%,23.5%,0.2%,0.1%,0.4%,0.0%,67.5%,25.0%,7.2%,0.0%,0.3%,0.0%,92.6%,7.0%,0.2%,0.2%,86.4%,13.6%,0.0%,0.0%,70.7%,28.9%,0.5%,0.0%
,,A suburb of a large city,49.9%,20.5%,29.6%,21.8%,78.2%,0.0%,0.0%,79.2%,20.4%,0.4%,0.0%,72.6%,27.4%,0.0%,0.0%,81.7%,17.8%,0.0%,0.5%,18.2%,80.3%,1.6%,0.0%,0.0%,0.0%,49.1%,50.9%,0.0%,0.0%,25.3%,54.9%,19.6%,0.0%,0.0%,0.2%,0.0%,62.2%,26.9%,10.5%,0.0%,0.3%,0.0%,84.5%,13.6%,1.8%,0.0%,91.1%,8.3%,0.5%,0.0%,72.7%,27.3%,0.0%,0.0%
Canada,Age,15-24,31.6%,2.4%,66.0%,12.8%,87.2%,0.0%,0.0%,100.0%,0.0%,0.0%,0.0%,83.4%,16.6%,0.0%,0.0%,80.3%,19.7%,0.0%,0.0%,57.2%,41.7%,1.1%,0.0%,0.0%,0.0%,67.5%,32.5%,0.0%,0.0%,38.6%,34.0%,26.1%,1.3%,0.0%,0.0%,0.0%,49.8%,45.3%,5.0%,0.0%,0.0%,0.0%,74.7%,25.3%,0.0%,0.0%,61.1%,38.9%,0.0%,0.0%,78.0%,22.0%,0.0%,0.0%
,,25-34,36.1%,2.2%,61.7%,15.8%,84.2%,0.0%,0.0%,96.4%,3.6%,0.0%,0.0%,84.3%,15.7%,0.0%,0.0%,86.6%,13.4%,0.0%,0.0%,38.1%,58.5%,3.4%,0.0%,0.0%,0.0%,79.6%,20.4%,0.0%,0.0%,37.1%,42.2%,18.4%,0.8%,0.0%,1.6%,0.0%,53.6%,38.9%,5.6%,0.0%,0.0%,1.9%,82.1%,17.9%,0.0%,0.0%,75.9%,24.1%,0.0%,0.0%,84.3%,15.7%,0.0%,0.0%
,,35-44,36.1%,1.6%,62.3%,16.8%,83.2%,0.0%,0.0%,93.7%,6.3%,0.0%,0.0%,75.8%,24.2%,0.0%,0.0%,86.4%,12.3%,1.3%,0.0%,26.1%,71.4%,1.8%,0.0%,0.4%,0.3%,67.2%,32.8%,0.0%,0.0%,21.9%,66.5%,11.6%,0.0%,0.0%,0.0%,0.0%,52.2%,43.7%,4.1%,0.0%,0.0%,0.0%,83.1%,16.9%,0.0%,0.0%,75.8%,24.2%,0.0%,0.0%,71.5%,28.5%,0.0%,0.0%
,,45-64,41.9%,3.2%,54.9%,23.2%,76.8%,0.0%,0.0%,89.9%,10.1%,0.0%,0.0%,83.0%,17.0%,0.0%,0.0%,85.6%,14.4%,0.0%,0.0%,18.8%,78.9%,2.1%,0.0%,0.1%,0.0%,77.1%,22.9%,0.0%,0.0%,24.1%,63.1%,12.2%,0.1%,0.0%,0.0%,0.5%,51.4%,41.9%,6.2%,0.0%,0.4%,0.1%,85.5%,14.5%,0.0%,0.0%,82.0%,17.5%,0.5%,0.0%,65.9%,34.1%,0.0%,0.0%
,,65+,48.3%,2.8%,49.0%,28.3%,71.7%,0.0%,0.0%,92.8%,7.2%,0.0%,0.0%,88.1%,11.7%,0.2%,0.0%,94.2%,5.6%,0.2%,0.0%,12.7%,84.5%,2.8%,0.0%,0.0%,0.0%,85.0%,14.7%,0.0%,0.2%,24.7%,60.0%,14.4%,0.8%,0.0%,0.2%,0.0%,51.8%,39.5%,7.8%,0.0%,0.6%,0.2%,87.7%,11.2%,1.1%,0.0%,80.1%,19.9%,0.0%,0.0%,72.8%,27.2%,0.0%,0.0%
,Gender,Male,42.1%,2.4%,55.5%,18.1%,81.9%,0.0%,0.0%,92.7%,7.3%,0.0%,0.0%,88.0%,11.9%,0.1%,0.0%,89.4%,10.5%,0.1%,0.0%,30.6%,66.5%,2.7%,0.0%,0.1%,0.1%,80.4%,19.6%,0.0%,0.1%,31.1%,51.9%,15.7%,0.5%,0.0%,0.5%,0.3%,47.4%,45.0%,6.6%,0.0%,0.4%,0.6%,81.1%,18.8%,0.1%,0.0%,72.0%,27.7%,0.3%,0.0%,74.4%,25.6%,0.0%,0.0%
,,Female,37.9%,4.1%,58.1%,23.4%,76.6%,0.0%,0.0%,93.3%,6.6%,0.1%,0.0%,78.5%,21.5%,0.0%,0.0%,84.0%,15.0%,0.6%,0.4%,22.8%,74.7%,2.5%,0.0%,0.1%,0.0%,72.0%,28.0%,0.0%,0.0%,25.6%,58.3%,14.9%,0.5%,0.0%,0.1%,0.6%,54.3%,39.7%,5.3%,0.0%,0.5%,0.2%,84.0%,16.0%,0.0%,0.0%,81.1%,18.9%,0.0%,0.0%,72.3%,27.7%,0.0%,0.0%
,Employment Status,Employed full time for an employer,34.2%,1.0%,64.8%,11.8%,88.2%,0.0%,0.0%,93.4%,6.6%,0.0%,0.0%,81.9%,18.1%,0.0%,0.0%,87.5%,12.5%,0.0%,0.0%,29.3%,67.5%,3.0%,0.0%,0.3%,0.0%,74.6%,25.4%,0.0%,0.0%,29.7%,54.9%,14.7%,0.3%,0.0%,0.0%,0.4%,51.2%,43.1%,4.9%,0.0%,0.0%,0.8%,82.8%,17.2%,0.0%,0.0%,76.9%,22.9%,0.2%,0.0%,74.6%,25.4%,0.0%,0.0%
,,Employed full time for self,50.2%,0.0%,49.8%,12.7%,87.3%,0.0%,0.0%,94.5%,5.5%,0.0%,0.0%,91.1%,8.9%,0.0%,0.0%,90.7%,9.3%,0.0%,0.0%,35.9%,64.1%,0.0%,0.0%,0.0%,0.0%,78.9%,21.1%,0.0%,0.0%,29.9%,47.9%,14.3%,0.9%,0.0%,5.5%,1.5%,53.5%,34.7%,11.8%,0.0%,0.0%,0.0%,86.3%,13.7%,0.0%,0.0%,91.3%,8.7%,0.0%,0.0%,72.2%,27.8%,0.0%,0.0%
,,Employed part time do not want full time,33.3%,0.0%,66.7%,16.1%,83.9%,0.0%,0.0%,97.9%,2.1%,0.0%,0.0%,82.0%,18.0%,0.0%,0.0%,91.7%,8.3%,0.0%,0.0%,25.7%,69.4%,4.3%,0.0%,0.0%,0.6%,90.8%,9.2%,0.0%,0.0%,24.3%,57.8%,16.2%,1.6%,0.0%,0.0%,0.0%,49.5%,42.8%,7.1%,0.0%,0.7%,0.0%,86.0%,13.5%,0.5%,0.0%,75.9%,24.1%,0.0%,0.0%,74.6%,25.4%,0.0%,0.0%
,,Unemployed,53.0%,4.3%,42.6%,25.4%,74.6%,0.0%,0.0%,86.5%,13.5%,0.0%,0.0%,72.2%,27.8%,0.0%,0.0%,78.4%,21.6%,0.0%,0.0%,36.6%,63.4%,0.0%,0.0%,0.0%,0.0%,57.2%,42.8%,0.0%,0.0%,29.3%,42.5%,28.2%,0.0%,0.0%,0.0%,0.0%,62.9%,35.6%,1.5%,0.0%,0.0%,0.0%,0.0%,0.0%,0.0%,0.0%,0.0%,0.0%,0.0%,0.0%,0.0%,0.0%,0.0%,0.0%
,,Employed part time want full time,33.9%,7.6%,58.5%,17.2%,82.8%,0.0%,0.0%,98.1%,1.9%,0.0%,0.0%,83.9%,16.1%,0.0%,0.0%,79.5%,20.5%,0.0%,0.0%,50.5%,49.0%,0.5%,0.0%,0.0%,0.0%,69.4%,30.6%,0.0%,0.0%,40.0%,42.7%,14.6%,2.7%,0.0%,0.0%,0.0%,39.8%,49.2%,10.5%,0.0%,0.0%,0.6%,74.6%,25.4%,0.0%,0.0%,64.7%,35.3%,0.0%,0.0%,66.3%,33.7%,0.0%,0.0%
,,Out of workforce,45.3%,6.0%,48.7%,33.5%,66.5%,0.0%,0.0%,91.7%,8.1%,0.1%,0.0%,86.4%,13.5%,0.1%,0.0%,87.4%,11.0%,1.0%,0.7%,15.0%,81.9%,3.1%,0.0%,0.0%,0.0%,80.2%,19.7%,0.0%,0.1%,24.6%,61.4%,13.1%,0.1%,0.0%,0.1%,0.7%,50.2%,42.3%,6.3%,0.0%,1.2%,0.0%,0.0%,0.0%,0.0%,0.0%,0.0%,0.0%,0.0%,0.0%,0.0%,0.0%,0.0%,0.0%
,Per Capita Income Quintiles,Poorest 20%,42.9%,3.3%,53.8%,24.8%,75.2%,0.0%,0.0%,89.9%,10.1%,0.0%,0.0%,78.4%,21.6%,0.0%,0.0%,82.1%,17.9%,0.0%,0.0%,31.4%,65.2%,3.4%,0.0%,0.0%,0.0%,70.9%,29.1%,0.0%,0.0%,21.7%,55.9%,21.1%,0.9%,0.0%,0.0%,0.3%,46.7%,46.3%,6.9%,0.0%,0.0%,0.0%,73.1%,26.9%,0.0%,0.0%,75.3%,24.7%,0.0%,0.0%,70.6%,29.4%,0.0%,0.0%
,,Second 20%,50.1%,4.2%,45.7%,24.9%,75.1%,0.0%,0.0%,91.2%,8.8%,0.0%,0.0%,81.6%,18.4%,0.0%,0.0%,81.6%,18.2%,0.2%,0.0%,12.9%,85.5%,1.4%,0.0%,0.0%,0.2%,72.8%,27.2%,0.0%,0.0%,23.9%,64.1%,10.8%,0.6%,0.0%,0.2%,0.4%,50.4%,44.8%,4.5%,0.0%,0.2%,0.0%,87.4%,12.6%,0.0%,0.0%,79.5%,20.5%,0.0%,0.0%,77.8%,22.2%,0.0%,0.0%
,,Middle 20%,43.6%,2.4%,54.0%,22.8%,77.2%,0.0%,0.0%,95.8%,4.2%,0.0%,0.0%,88.1%,11.9%,0.0%,0.0%,89.1%,9.9%,1.0%,0.0%,32.1%,67.1%,0.9%,0.0%,0.0%,0.0%,72.9%,27.1%,0.0%,0.0%,26.0%,59.0%,14.7%,0.2%,0.0%,0.0%,0.0%,55.0%,38.7%,6.3%,0.0%,0.0%,0.0%,81.2%,18.8%,0.0%,0.0%,71.5%,27.7%,0.8%,0.0%,74.4%,25.6%,0.0%,0.0%
,,Fourth 20%,30.5%,3.5%,66.0%,14.0%,86.0%,0.0%,0.0%,93.6%,6.4%,0.0%,0.0%,82.1%,17.9%,0.0%,0.0%,88.0%,10.7%,0.2%,1.1%,26.4%,70.0%,3.4%,0.0%,0.2%,0.0%,79.5%,20.5%,0.0%,0.0%,31.5%,51.2%,15.8%,0.0%,0.0%,0.0%,1.5%,50.1%,39.7%,6.7%,0.0%,1.7%,1.9%,88.9%,11.1%,0.0%,0.0%,71.6%,28.4%,0.0%,0.0%,69.7%,30.3%,0.0%,0.0%
,,Richest 20%,32.5%,2.9%,64.5%,17.3%,82.7%,0.0%,0.0%,94.6%,5.2%,0.2%,0.0%,85.7%,14.0%,0.2%,0.0%,92.2%,7.5%,0.2%,0.0%,30.2%,65.6%,3.8%,0.0%,0.3%,0.0%,84.5%,15.3%,0.0%,0.2%,38.4%,45.7%,14.0%,0.7%,0.0%,1.2%,0.0%,52.3%,42.1%,5.2%,0.0%,0.4%,0.0%,81.2%,18.5%,0.3%,0.0%,83.4%,16.6%,0.0%,0.0%,74.7%,25.3%,0.0%,0.0%
,Feelings About Household Income,Living comfortably on present income,24.5%,0.6%,74.9%,11.9%,88.1%,0.0%,0.0%,95.6%,4.3%,0.1%,0.0%,89.1%,10.9%,0.0%,0.0%,95.3%,4.6%,0.1%,0.0%,26.9%,70.4%,2.5%,0.0%,0.1%,0.1%,84.7%,15.3%,0.0%,0.0%,27.6%,56.9%,13.9%,0.9%,0.0%,0.5%,0.2%,51.1%,43.2%,5.3%,0.0%,0.4%,0.0%,86.8%,13.2%,0.0%,0.0%,79.5%,20.5%,0.0%,0.0%,83.4%,16.6%,0.0%,0.0%
,,Getting by on present income,45.5%,4.4%,50.1%,26.7%,73.3%,0.0%,0.0%,94.8%,5.2%,0.0%,0.0%,81.8%,18.0%,0.1%,0.0%,86.0%,12.6%,0.8%,0.6%,26.2%,70.1%,3.6%,0.0%,0.1%,0.0%,73.9%,26.0%,0.0%,0.1%,30.1%,55.2%,13.8%,0.0%,0.0%,0.1%,0.9%,45.5%,45.8%,7.0%,0.0%,0.6%,1.1%,82.5%,17.4%,0.2%,0.0%,75.6%,24.0%,0.5%,0.0%,65.8%,34.2%,0.0%,0.0%
,,Finding it difficult on present income,65.3%,11.1%,23.6%,30.2%,69.8%,0.0%,0.0%,88.9%,11.1%,0.0%,0.0%,75.0%,25.0%,0.0%,0.0%,64.6%,35.4%,0.0%,0.0%,30.3%,68.7%,1.0%,0.0%,0.0%,0.0%,60.6%,39.4%,0.0%,0.0%,31.7%,51.3%,17.0%,0.0%,0.0%,0.0%,0.0%,58.4%,36.4%,4.7%,0.0%,0.5%,0.0%,62.5%,37.5%,0.0%,0.0%,65.1%,34.9%,0.0%,0.0%,49.5%,50.5%,0.0%,0.0%
,,Finding it very difficult on present income,85.3%,4.4%,10.3%,44.3%,55.7%,0.0%,0.0%,66.4%,33.6%,0.0%,0.0%,56.2%,43.8%,0.0%,0.0%,60.2%,39.8%,0.0%,0.0%,16.7%,83.3%,0.0%,0.0%,0.0%,0.0%,48.9%,51.1%,0.0%,0.0%,19.8%,51.8%,27.7%,0.7%,0.0%,0.0%,0.0%,66.3%,26.0%,7.6%,0.0%,0.0%,0.0%,72.2%,27.8%,0.0%,0.0%,64.3%,35.7%,0.0%,0.0%,63.7%,36.3%,0.0%,0.0%
,Urban/Rural,A rural area or on a farm,31.9%,4.6%,63.5%,23.6%,76.4%,0.0%,0.0%,92.6%,7.4%,0.0%,0.0%,83.6%,16.4%,0.0%,0.0%,86.6%,13.4%,0.0%,0.0%,18.8%,78.9%,2.2%,0.0%,0.0%,0.0%,75.7%,24.3%,0.0%,0.0%,22.3%,62.3%,12.6%,0.0%,0.0%,2.1%,0.7%,44.0%,49.2%,6.8%,0.0%,0.0%,0.0%,85.1%,14.9%,0.0%,0.0%,86.0%,14.0%,0.0%,0.0%,73.6%,26.4%,0.0%,0.0%
,,A small town or villAge,43.3%,2.5%,54.2%,28.0%,72.0%,0.0%,0.0%,91.6%,8.4%,0.0%,0.0%,84.8%,15.2%,0.0%,0.0%,86.2%,12.8%,0.2%,0.9%,22.1%,74.9%,3.0%,0.0%,0.0%,0.0%,77.1%,22.9%,0.0%,0.0%,27.4%,57.8%,13.8%,0.2%,0.0%,0.0%,0.9%,50.4%,41.5%,7.2%,0.0%,0.9%,0.0%,89.1%,10.9%,0.0%,0.0%,83.8%,16.2%,0.0%,0.0%,71.4%,28.6%,0.0%,0.0%
,,A large city,40.8%,1.6%,57.6%,16.3%,83.7%,0.0%,0.0%,92.2%,7.6%,0.1%,0.0%,84.1%,15.9%,0.0%,0.0%,86.3%,12.8%,0.9%,0.0%,28.1%,69.2%,2.6%,0.0%,0.2%,0.0%,79.6%,20.4%,0.0%,0.0%,33.0%,50.6%,15.7%,0.2%,0.0%,0.1%,0.4%,53.7%,40.1%,5.4%,0.0%,0.7%,0.1%,86.3%,13.7%,0.0%,0.0%,71.2%,28.3%,0.5%,0.0%,74.4%,25.6%,0.0%,0.0%
,,A suburb of a large city,38.4%,5.3%,56.3%,19.3%,80.7%,0.0%,0.0%,95.0%,5.0%,0.0%,0.0%,80.4%,19.6%,0.0%,0.0%,87.0%,13.0%,0.0%,0.0%,31.7%,65.9%,2.2%,0.0%,0.0%,0.2%,71.8%,28.2%,0.0%,0.0%,26.5%,55.0%,17.2%,1.3%,0.0%,0.0%,0.0%,50.4%,43.3%,5.3%,0.0%,0.0%,1.0%,73.1%,26.7%,0.2%,0.0%,73.6%,26.4%,0.0%,0.0%,73.3%,26.7%,0.0%,0.0%
Australia,Age,15-24,47.6%,2.3%,50.1%,14.4%,85.6%,0.0%,0.0%,94.9%,5.1%,0.0%,0.0%,67.3%,32.7%,0.0%,0.0%,66.3%,33.3%,0.4%,0.0%,45.2%,51.8%,3.0%,0.0%,0.0%,0.0%,54.8%,45.2%,0.0%,0.0%,36.7%,39.0%,24.3%,0.0%,0.0%,0.0%,0.0%,51.4%,38.9%,9.3%,0.0%,0.4%,0.0%,61.3%,38.7%,0.0%,0.0%,57.5%,42.5%,0.0%,0.0%,82.3%,17.7%,0.0%,0.0%
,,25-34,39.0%,3.9%,57.1%,10.2%,89.8%,0.0%,0.0%,91.6%,8.4%,0.0%,0.0%,74.4%,25.6%,0.0%,0.0%,85.4%,14.6%,0.0%,0.0%,38.8%,58.0%,1.4%,0.0%,1.7%,0.0%,64.4%,35.6%,0.0%,0.0%,33.3%,51.4%,14.0%,0.0%,0.0%,1.2%,0.0%,52.6%,38.9%,7.4%,1.1%,0.0%,0.0%,72.1%,27.9%,0.0%,0.0%,62.4%,37.6%,0.0%,0.0%,72.2%,26.0%,1.8%,0.0%
,,35-44,46.2%,0.5%,53.3%,20.1%,79.9%,0.0%,0.0%,96.0%,4.0%,0.0%,0.0%,69.8%,30.2%,0.0%,0.0%,83.8%,16.2%,0.0%,0.0%,19.4%,73.5%,5.4%,1.7%,0.0%,0.0%,69.4%,30.6%,0.0%,0.0%,25.5%,62.9%,9.2%,0.7%,0.0%,1.7%,0.0%,43.1%,52.1%,3.0%,0.0%,0.7%,1.0%,86.1%,13.9%,0.0%,0.0%,65.3%,34.7%,0.0%,0.0%,64.2%,33.8%,2.0%,0.0%
,,45-64,42.4%,6.4%,51.2%,21.8%,77.9%,0.3%,0.0%,92.0%,8.0%,0.0%,0.0%,78.6%,20.6%,0.9%,0.0%,90.2%,9.8%,0.0%,0.0%,11.7%,80.5%,7.4%,0.0%,0.3%,0.0%,78.3%,21.7%,0.0%,0.0%,23.3%,62.1%,12.2%,0.0%,1.0%,1.4%,0.0%,45.6%,41.1%,9.8%,0.4%,2.9%,0.1%,80.0%,19.7%,0.3%,0.0%,80.6%,19.4%,0.0%,0.0%,65.4%,34.6%,0.0%,0.0%
,,65+,51.7%,3.0%,45.3%,28.3%,71.4%,0.1%,0.2%,94.1%,4.9%,1.0%,0.0%,84.1%,15.6%,0.0%,0.3%,92.2%,7.8%,0.0%,0.0%,10.9%,85.0%,2.9%,0.4%,0.8%,0.0%,85.7%,13.5%,0.5%,0.3%,22.5%,62.9%,10.2%,0.5%,0.4%,3.5%,0.0%,46.7%,39.4%,12.1%,0.4%,1.4%,0.1%,82.1%,16.9%,0.9%,0.0%,80.1%,16.3%,3.5%,0.0%,67.0%,33.0%,0.0%,0.0%
,Gender,Male,42.6%,5.1%,52.4%,17.0%,82.7%,0.2%,0.1%,93.2%,6.4%,0.4%,0.0%,76.9%,23.0%,0.0%,0.1%,86.5%,13.4%,0.1%,0.0%,25.9%,67.5%,5.3%,0.6%,0.8%,0.0%,72.8%,27.1%,0.1%,0.0%,31.7%,52.6%,13.6%,0.3%,0.8%,1.0%,0.0%,46.9%,43.6%,7.8%,0.3%,1.3%,0.1%,76.7%,23.0%,0.3%,0.0%,67.6%,31.9%,0.5%,0.0%,72.3%,26.9%,0.8%,0.0%
,,Female,46.8%,2.4%,50.8%,24.0%,75.9%,0.0%,0.0%,93.7%,6.3%,0.1%,0.0%,75.6%,23.6%,0.7%,0.0%,85.3%,14.7%,0.0%,0.0%,17.4%,78.2%,3.9%,0.2%,0.3%,0.0%,74.4%,25.3%,0.1%,0.1%,22.1%,62.4%,13.0%,0.2%,0.1%,2.2%,0.0%,47.7%,40.4%,9.6%,0.5%,1.4%,0.3%,78.5%,21.5%,0.0%,0.0%,72.5%,27.5%,0.0%,0.0%,65.4%,33.8%,0.8%,0.0%
,Employment Status,Employed full time for an employer,39.4%,0.9%,59.7%,12.8%,87.2%,0.0%,0.0%,93.9%,6.1%,0.0%,0.0%,77.0%,23.0%,0.0%,0.0%,90.6%,9.4%,0.0%,0.0%,28.9%,64.4%,6.0%,0.7%,0.0%,0.0%,73.7%,26.3%,0.0%,0.0%,29.3%,57.7%,10.9%,0.3%,0.8%,1.0%,0.0%,46.1%,43.8%,8.5%,0.3%,0.7%,0.5%,74.8%,25.2%,0.0%,0.0%,69.6%,30.0%,0.4%,0.0%,69.3%,30.1%,0.7%,0.0%
,,Employed full time for self,30.2%,0.0%,69.8%,11.4%,88.6%,0.0%,0.0%,98.0%,2.0%,0.0%,0.0%,71.9%,28.1%,0.0%,0.0%,93.6%,6.4%,0.0%,0.0%,22.3%,64.9%,12.7%,0.0%,0.0%,0.0%,77.8%,22.2%,0.0%,0.0%,36.4%,54.9%,8.7%,0.0%,0.0%,0.0%,0.0%,55.3%,42.0%,2.7%,0.0%,0.0%,0.0%,85.9%,13.0%,1.1%,0.0%,76.7%,23.3%,0.0%,0.0%,81.5%,18.5%,0.0%,0.0%
,,Employed part time do not want full time,43.4%,4.4%,52.2%,23.6%,76.4%,0.0%,0.0%,94.3%,5.7%,0.0%,0.0%,69.3%,28.2%,2.5%,0.0%,85.9%,14.1%,0.0%,0.0%,19.8%,70.8%,6.0%,0.0%,3.4%,0.0%,76.2%,23.8%,0.0%,0.0%,27.2%,55.9%,16.9%,0.0%,0.0%,0.0%,0.0%,46.0%,45.6%,6.9%,0.0%,1.5%,0.0%,82.9%,16.7%,0.4%,0.0%,70.0%,30.0%,0.0%,0.0%,73.6%,26.4%,0.0%,0.0%
,,Unemployed,49.1%,5.8%,45.1%,24.6%,75.4%,0.0%,0.0%,93.2%,6.8%,0.0%,0.0%,77.2%,22.8%,0.0%,0.0%,52.4%,47.6%,0.0%,0.0%,15.1%,78.8%,6.1%,0.0%,0.0%,0.0%,36.4%,63.6%,0.0%,0.0%,31.2%,50.0%,13.1%,0.0%,0.0%,5.8%,0.0%,39.4%,51.2%,6.8%,0.0%,2.6%,0.0%,0.0%,0.0%,0.0%,0.0%,0.0%,0.0%,0.0%,0.0%,0.0%,0.0%,0.0%,0.0%
,,Employed part time want full time,57.6%,1.1%,41.2%,22.2%,77.8%,0.0%,0.0%,91.1%,8.9%,0.0%,0.0%,64.5%,35.5%,0.0%,0.0%,65.7%,34.3%,0.0%,0.0%,29.4%,70.6%,0.0%,0.0%,0.0%,0.0%,56.9%,43.1%,0.0%,0.0%,31.1%,47.2%,20.9%,0.0%,0.0%,0.8%,0.0%,47.4%,46.8%,4.4%,0.0%,1.4%,0.0%,78.2%,21.8%,0.0%,0.0%,67.5%,32.5%,0.0%,0.0%,49.4%,47.2%,3.4%,0.0%
,,Out of workforce,50.6%,7.5%,41.9%,29.2%,70.4%,0.3%,0.1%,92.5%,6.9%,0.6%,0.0%,80.5%,19.0%,0.3%,0.2%,87.9%,11.9%,0.1%,0.0%,12.9%,84.5%,1.8%,0.3%,0.5%,0.0%,80.5%,19.0%,0.3%,0.2%,20.7%,61.9%,14.0%,0.3%,0.3%,2.8%,0.0%,49.0%,36.5%,11.7%,0.7%,2.1%,0.1%,0.0%,0.0%,0.0%,0.0%,0.0%,0.0%,0.0%,0.0%,0.0%,0.0%,0.0%,0.0%
,Per Capita Income Quintiles,Poorest 20%,54.6%,8.4%,37.0%,26.7%,73.2%,0.1%,0.0%,87.4%,12.6%,0.0%,0.0%,72.3%,26.0%,1.4%,0.3%,76.0%,24.0%,0.0%,0.0%,21.7%,75.6%,1.3%,0.0%,1.4%,0.0%,69.9%,29.5%,0.2%,0.4%,21.6%,61.2%,14.2%,0.0%,0.0%,3.0%,0.0%,49.4%,38.3%,12.0%,0.1%,0.2%,0.0%,86.5%,13.5%,0.0%,0.0%,78.4%,21.6%,0.0%,0.0%,68.8%,31.2%,0.0%,0.0%
,,Second 20%,55.7%,6.8%,37.5%,23.1%,76.4%,0.5%,0.1%,93.7%,5.3%,1.0%,0.0%,77.5%,22.5%,0.0%,0.0%,85.5%,14.2%,0.2%,0.0%,21.6%,71.8%,6.0%,0.4%,0.3%,0.0%,73.8%,26.0%,0.2%,0.0%,23.2%,53.9%,18.8%,0.1%,1.4%,2.7%,0.0%,48.5%,37.7%,9.8%,1.0%,2.9%,0.1%,88.2%,11.3%,0.5%,0.0%,89.3%,10.7%,0.0%,0.0%,57.4%,42.6%,0.0%,0.0%
,,Middle 20%,42.7%,1.3%,56.0%,21.8%,78.1%,0.0%,0.1%,94.0%,6.0%,0.0%,0.0%,79.9%,19.6%,0.5%,0.0%,91.2%,8.8%,0.0%,0.0%,21.2%,76.5%,1.2%,0.0%,1.1%,0.0%,69.4%,30.4%,0.2%,0.0%,22.3%,66.4%,10.8%,0.2%,0.0%,0.3%,0.0%,46.8%,44.1%,7.8%,0.2%,1.1%,0.0%,73.4%,26.6%,0.0%,0.0%,59.1%,40.9%,0.0%,0.0%,68.7%,29.3%,1.9%,0.0%
,,Fourth 20%,37.9%,1.5%,60.5%,15.1%,84.9%,0.0%,0.0%,97.5%,2.4%,0.1%,0.0%,77.1%,22.9%,0.0%,0.0%,80.8%,19.2%,0.0%,0.0%,24.4%,67.3%,8.2%,0.0%,0.0%,0.0%,70.3%,29.7%,0.0%,0.0%,34.1%,53.9%,11.3%,0.2%,0.3%,0.2%,0.0%,44.8%,44.4%,7.6%,0.0%,2.2%,1.0%,71.6%,28.0%,0.4%,0.0%,60.4%,38.5%,1.1%,0.0%,62.2%,36.1%,1.7%,0.0%
,,Richest 20%,33.5%,0.5%,66.0%,16.6%,83.4%,0.0%,0.0%,94.6%,5.4%,0.0%,0.0%,74.4%,25.6%,0.0%,0.0%,95.9%,4.1%,0.0%,0.0%,18.6%,74.0%,6.0%,1.4%,0.0%,0.0%,84.8%,15.2%,0.0%,0.0%,32.4%,53.3%,11.3%,0.6%,0.3%,2.0%,0.0%,47.1%,45.2%,6.7%,0.7%,0.4%,0.0%,75.0%,25.0%,0.0%,0.0%,71.2%,28.8%,0.0%,0.0%,81.9%,18.1%,0.0%,0.0%
,Feelings About Household Income,Living comfortably on present income,34.3%,0.3%,65.5%,12.9%,87.1%,0.0%,0.0%,97.5%,2.5%,0.0%,0.0%,82.0%,18.0%,0.0%,0.0%,93.4%,6.5%,0.1%,0.0%,22.1%,71.4%,5.9%,0.6%,0.0%,0.0%,80.3%,19.6%,0.1%,0.0%,28.2%,58.5%,11.3%,0.4%,0.3%,1.3%,0.0%,45.1%,45.2%,7.6%,0.4%,1.4%,0.4%,85.4%,14.5%,0.1%,0.0%,68.9%,30.5%,0.5%,0.0%,76.6%,22.6%,0.8%,0.0%
,,Getting by on present income,52.4%,2.7%,45.0%,21.0%,78.6%,0.3%,0.1%,90.4%,9.1%,0.5%,0.0%,75.4%,23.5%,1.0%,0.1%,85.7%,14.3%,0.0%,0.0%,22.3%,72.4%,4.4%,0.2%,0.7%,0.0%,74.0%,25.6%,0.2%,0.2%,24.2%,60.1%,13.6%,0.1%,0.7%,1.2%,0.0%,49.1%,40.1%,8.8%,0.1%,1.8%,0.1%,69.6%,30.1%,0.3%,0.0%,72.7%,27.3%,0.0%,0.0%,60.5%,39.5%,0.0%,0.0%
,,Finding it difficult on present income,60.7%,12.6%,26.8%,44.0%,56.0%,0.0%,0.0%,96.5%,3.2%,0.2%,0.0%,59.7%,40.3%,0.0%,0.0%,64.9%,35.1%,0.0%,0.0%,19.1%,79.7%,1.2%,0.0%,0.0%,0.0%,56.7%,43.3%,0.0%,0.0%,28.0%,51.3%,17.6%,0.0%,0.0%,3.2%,0.0%,58.9%,30.4%,10.4%,0.3%,0.0%,0.0%,61.0%,39.0%,0.0%,0.0%,60.6%,39.4%,0.0%,0.0%,57.9%,38.3%,3.8%,0.0%
,,Finding it very difficult on present income,56.4%,24.0%,19.6%,44.8%,55.2%,0.0%,0.0%,72.4%,27.6%,0.0%,0.0%,64.5%,35.5%,0.0%,0.0%,58.8%,41.2%,0.0%,0.0%,16.2%,83.8%,0.0%,0.0%,0.0%,0.0%,39.8%,60.2%,0.0%,0.0%,34.6%,41.2%,23.5%,0.0%,0.0%,0.7%,0.0%,34.0%,53.1%,12.4%,0.0%,0.0%,0.5%,100.0%,0.0%,0.0%,0.0%,93.5%,6.5%,0.0%,0.0%,93.5%,6.5%,0.0%,0.0%
,Urban/Rural,A rural area or on a farm,40.2%,0.0%,59.8%,23.0%,77.0%,0.0%,0.0%,97.0%,3.0%,0.0%,0.0%,78.0%,22.0%,0.0%,0.0%,90.9%,9.1%,0.0%,0.0%,17.3%,80.4%,2.3%,0.0%,0.0%,0.0%,75.5%,24.5%,0.0%,0.0%,29.1%,56.7%,13.3%,0.0%,0.0%,0.9%,0.0%,38.5%,48.1%,11.0%,0.0%,2.4%,0.0%,75.2%,23.4%,1.4%,0.0%,72.8%,27.2%,0.0%,0.0%,65.6%,34.4%,0.0%,0.0%
,,A small town or villAge,47.2%,6.5%,46.2%,25.2%,74.7%,0.0%,0.1%,89.3%,9.5%,1.2%,0.0%,79.4%,20.3%,0.0%,0.3%,88.3%,11.7%,0.0%,0.0%,17.3%,79.3%,2.9%,0.5%,0.0%,0.0%,77.4%,22.6%,0.0%,0.0%,29.8%,60.0%,8.9%,0.3%,0.0%,1.1%,0.0%,50.9%,42.8%,3.8%,0.0%,2.5%,0.0%,78.4%,21.6%,0.0%,0.0%,75.2%,24.8%,0.0%,0.0%,66.9%,33.1%,0.0%,0.0%
,,A large city,46.7%,5.4%,47.9%,13.0%,87.0%,0.0%,0.0%,88.5%,11.5%,0.0%,0.0%,78.8%,21.2%,0.0%,0.0%,91.0%,8.5%,0.4%,0.0%,37.4%,60.0%,2.7%,0.0%,0.0%,0.0%,61.9%,38.1%,0.0%,0.0%,31.2%,49.0%,19.8%,0.0%,0.0%,0.0%,0.0%,48.7%,37.8%,9.9%,1.6%,2.1%,0.0%,74.6%,25.4%,0.0%,0.0%,56.3%,43.7%,0.0%,0.0%,73.0%,23.9%,3.1%,0.0%
,,A suburb of a large city,44.8%,3.2%,51.9%,20.1%,79.7%,0.2%,0.0%,94.8%,5.1%,0.0%,0.0%,74.5%,24.9%,0.6%,0.0%,83.3%,16.7%,0.0%,0.0%,20.4%,72.4%,5.8%,0.5%,0.9%,0.0%,74.4%,25.4%,0.2%,0.0%,24.9%,58.6%,13.4%,0.3%,0.7%,2.2%,0.0%,47.8%,41.2%,9.5%,0.3%,0.7%,0.4%,78.4%,21.6%,0.0%,0.0%,70.9%,28.6%,0.4%,0.0%,69.2%,30.1%,0.7%,0.0%
New Zealand,Age,15-24,43.1%,0.0%,56.9%,17.2%,82.8%,0.0%,0.0%,100.0%,0.0%,0.0%,0.0%,74.4%,25.6%,0.0%,0.0%,86.7%,12.8%,0.6%,0.0%,50.3%,46.4%,3.3%,0.0%,0.0%,0.0%,73.0%,27.0%,0.0%,0.0%,39.5%,30.2%,28.6%,1.6%,0.0%,0.0%,0.0%,50.8%,42.6%,3.3%,3.3%,0.0%,0.0%,72.9%,27.1%,0.0%,0.0%,53.3%,44.2%,2.4%,0.0%,75.4%,24.6%,0.0%,0.0%
,,25-34,29.2%,1.1%,69.7%,9.8%,90.2%,0.0%,0.0%,95.7%,4.3%,0.0%,0.0%,82.6%,17.4%,0.0%,0.0%,88.3%,11.7%,0.0%,0.0%,28.8%,60.8%,8.9%,1.6%,0.0%,0.0%,80.5%,18.1%,1.4%,0.0%,19.4%,52.9%,27.7%,0.0%,0.0%,0.0%,0.0%,40.3%,47.1%,12.6%,0.0%,0.0%,0.0%,86.6%,13.4%,0.0%,0.0%,78.1%,21.9%,0.0%,0.0%,82.3%,16.1%,0.0%,1.6%
,,35-44,39.3%,2.3%,58.4%,12.1%,87.9%,0.0%,0.0%,95.0%,5.0%,0.0%,0.0%,85.8%,14.2%,0.0%,0.0%,89.6%,9.6%,0.0%,0.9%,21.0%,71.7%,7.3%,0.0%,0.0%,0.0%,75.1%,24.9%,0.0%,0.0%,19.5%,67.2%,7.5%,0.0%,0.0%,5.8%,0.0%,53.9%,32.1%,12.6%,0.0%,1.4%,0.0%,84.1%,15.9%,0.0%,0.0%,85.6%,13.5%,1.0%,0.0%,81.7%,18.3%,0.0%,0.0%
,,45-64,43.8%,1.6%,54.6%,21.2%,78.8%,0.0%,0.0%,91.8%,8.2%,0.0%,0.0%,77.6%,22.4%,0.0%,0.0%,87.1%,11.8%,1.1%,0.0%,17.1%,78.3%,3.6%,0.0%,0.7%,0.4%,78.0%,22.0%,0.0%,0.0%,30.9%,56.1%,11.2%,0.0%,0.0%,1.6%,0.2%,53.7%,34.0%,11.4%,0.0%,0.9%,0.0%,87.7%,12.3%,0.0%,0.0%,77.4%,21.9%,0.2%,0.4%,76.2%,22.9%,0.8%,0.0%
,,65+,39.9%,1.6%,58.5%,28.7%,70.9%,0.3%,0.2%,96.9%,3.1%,0.0%,0.0%,90.1%,9.8%,0.2%,0.0%,96.7%,2.9%,0.4%,0.0%,13.1%,82.8%,3.4%,0.6%,0.0%,0.0%,93.7%,6.3%,0.0%,0.0%,27.4%,57.3%,12.4%,1.3%,0.1%,1.0%,0.4%,57.3%,25.8%,14.4%,0.9%,0.6%,1.0%,98.5%,1.5%,0.0%,0.0%,86.3%,12.9%,0.8%,0.0%,68.1%,31.9%,0.0%,0.0%
,Gender,Male,41.9%,2.7%,55.3%,19.2%,80.6%,0.1%,0.1%,95.0%,5.0%,0.0%,0.0%,85.1%,14.9%,0.1%,0.0%,90.9%,8.4%,0.7%,0.0%,30.3%,64.4%,5.0%,0.0%,0.0%,0.2%,82.7%,16.9%,0.4%,0.0%,30.3%,49.8%,17.3%,0.8%,0.0%,1.7%,0.2%,50.1%,37.1%,11.2%,1.2%,0.4%,0.0%,84.4%,15.6%,0.0%,0.0%,78.0%,20.9%,1.0%,0.0%,78.0%,21.8%,0.2%,0.0%
,,Female,38.0%,0.1%,61.9%,19.2%,80.8%,0.0%,0.0%,95.4%,4.6%,0.0%,0.0%,78.6%,21.4%,0.0%,0.0%,88.8%,10.6%,0.4%,0.2%,17.0%,77.1%,4.8%,0.7%,0.4%,0.0%,78.7%,21.3%,0.0%,0.0%,25.3%,57.4%,14.9%,0.3%,0.1%,1.9%,0.2%,53.6%,33.0%,11.9%,0.2%,0.8%,0.5%,87.7%,12.3%,0.0%,0.0%,75.3%,23.6%,0.8%,0.3%,77.5%,21.5%,0.4%,0.6%
,Employment Status,Employed full time for an employer,38.6%,0.8%,60.6%,12.8%,87.2%,0.1%,0.0%,95.1%,4.9%,0.0%,0.0%,83.5%,16.5%,0.0%,0.0%,89.8%,9.7%,0.2%,0.3%,27.2%,66.2%,6.6%,0.0%,0.0%,0.0%,81.7%,18.3%,0.0%,0.0%,26.6%,55.6%,15.6%,0.0%,0.0%,1.9%,0.2%,49.3%,40.1%,10.0%,0.0%,0.4%,0.2%,85.4%,14.6%,0.0%,0.0%,79.4%,20.6%,0.1%,0.0%,82.6%,16.5%,0.3%,0.5%
,,Employed full time for self,41.1%,2.9%,55.9%,19.1%,80.7%,0.2%,0.0%,92.4%,7.6%,0.0%,0.0%,79.0%,20.6%,0.4%,0.0%,91.2%,7.7%,1.1%,0.0%,26.2%,67.2%,3.2%,2.3%,1.1%,0.0%,81.5%,18.5%,0.0%,0.0%,35.2%,53.7%,6.0%,0.0%,0.0%,5.1%,0.0%,51.7%,29.3%,18.1%,0.0%,0.9%,0.0%,86.8%,13.2%,0.0%,0.0%,85.2%,12.3%,1.4%,1.1%,74.8%,25.0%,0.2%,0.0%
,,Employed part time do not want full time,30.2%,0.0%,69.8%,15.1%,84.6%,0.0%,0.2%,100.0%,0.0%,0.0%,0.0%,78.6%,21.4%,0.0%,0.0%,95.0%,5.0%,0.0%,0.0%,18.5%,75.0%,5.7%,0.0%,0.8%,0.0%,81.3%,18.7%,0.0%,0.0%,35.3%,51.1%,12.9%,0.5%,0.0%,0.2%,0.0%,51.6%,32.9%,11.7%,2.0%,1.8%,0.0%,90.7%,9.3%,0.0%,0.0%,63.2%,33.6%,3.1%,0.0%,65.5%,34.1%,0.4%,0.0%
,,Unemployed,74.2%,6.8%,19.0%,15.9%,84.1%,0.0%,0.0%,93.2%,6.8%,0.0%,0.0%,62.5%,37.5%,0.0%,0.0%,66.0%,31.1%,2.9%,0.0%,23.2%,75.7%,1.1%,0.0%,0.0%,0.0%,71.3%,28.7%,0.0%,0.0%,9.1%,56.3%,34.6%,0.0%,0.0%,0.0%,0.0%,57.7%,33.6%,8.6%,0.0%,0.0%,0.0%,0.0%,0.0%,0.0%,0.0%,0.0%,0.0%,0.0%,0.0%,0.0%,0.0%,0.0%,0.0%
,,Employed part time want full time,50.4%,0.8%,48.8%,23.1%,76.9%,0.0%,0.0%,94.5%,5.5%,0.0%,0.0%,76.6%,23.4%,0.0%,0.0%,89.4%,6.2%,4.3%,0.0%,28.3%,65.6%,6.1%,0.0%,0.0%,0.0%,84.2%,12.0%,3.8%,0.0%,22.4%,58.8%,16.6%,0.4%,0.0%,0.0%,1.7%,56.9%,37.5%,3.9%,1.7%,0.0%,0.0%,77.4%,22.6%,0.0%,0.0%,75.1%,24.4%,0.4%,0.0%,78.3%,21.7%,0.0%,0.0%
,,Out of workforce,41.0%,2.0%,57.0%,31.7%,68.3%,0.0%,0.0%,94.2%,5.8%,0.0%,0.0%,84.9%,15.1%,0.0%,0.0%,89.0%,11.0%,0.0%,0.0%,18.0%,78.5%,2.6%,0.5%,0.0%,0.5%,78.5%,21.5%,0.0%,0.0%,25.4%,50.7%,20.3%,1.7%,0.1%,1.8%,0.0%,54.7%,29.7%,13.3%,1.2%,0.3%,0.8%,0.0%,0.0%,0.0%,0.0%,0.0%,0.0%,0.0%,0.0%,0.0%,0.0%,0.0%,0.0%
,Per Capita Income Quintiles,Poorest 20%,46.6%,2.6%,50.8%,25.2%,74.8%,0.0%,0.0%,94.3%,5.7%,0.0%,0.0%,83.7%,16.3%,0.0%,0.0%,87.0%,11.4%,1.6%,0.0%,20.9%,72.9%,4.6%,1.6%,0.0%,0.0%,82.3%,17.7%,0.0%,0.0%,20.2%,60.2%,15.5%,1.4%,0.0%,2.3%,0.4%,59.0%,25.2%,13.2%,2.4%,0.1%,0.0%,74.9%,25.1%,0.0%,0.0%,73.8%,24.3%,1.9%,0.0%,72.5%,27.5%,0.0%,0.0%
,,Second 20%,49.0%,1.8%,49.2%,27.2%,72.8%,0.0%,0.0%,92.5%,7.5%,0.0%,0.0%,78.5%,21.5%,0.0%,0.0%,89.4%,10.6%,0.0%,0.0%,19.1%,77.4%,3.5%,0.0%,0.0%,0.0%,78.9%,20.0%,1.0%,0.0%,19.6%,56.1%,21.3%,0.2%,0.0%,2.3%,0.5%,45.6%,38.0%,14.2%,0.5%,0.7%,1.0%,87.4%,12.6%,0.0%,0.0%,76.7%,21.8%,1.5%,0.0%,73.5%,25.3%,1.2%,0.0%
,,Middle 20%,45.1%,0.7%,54.2%,17.1%,82.9%,0.0%,0.0%,96.1%,3.9%,0.0%,0.0%,77.2%,22.8%,0.0%,0.0%,85.5%,13.5%,0.4%,0.6%,27.1%,69.2%,2.9%,0.3%,0.0%,0.6%,73.0%,27.0%,0.0%,0.0%,32.2%,47.9%,16.0%,0.4%,0.2%,3.3%,0.0%,49.9%,37.2%,12.3%,0.3%,0.2%,0.0%,89.2%,10.8%,0.0%,0.0%,85.5%,14.3%,0.2%,0.0%,78.4%,20.0%,0.0%,1.6%
,,Fourth 20%,35.0%,0.8%,64.2%,15.5%,84.5%,0.0%,0.0%,97.2%,2.8%,0.0%,0.0%,86.1%,13.8%,0.2%,0.0%,95.1%,4.3%,0.6%,0.0%,16.2%,77.1%,6.1%,0.0%,0.6%,0.0%,83.4%,16.6%,0.0%,0.0%,30.6%,56.0%,12.4%,0.5%,0.0%,0.5%,0.0%,50.0%,41.4%,7.7%,0.2%,0.4%,0.3%,89.0%,11.0%,0.0%,0.0%,75.6%,23.2%,0.5%,0.7%,76.5%,23.3%,0.1%,0.0%
,,Richest 20%,24.4%,1.0%,74.6%,11.2%,88.3%,0.3%,0.2%,95.9%,4.1%,0.0%,0.0%,83.2%,16.8%,0.0%,0.0%,91.9%,8.1%,0.0%,0.0%,34.0%,58.0%,7.5%,0.0%,0.6%,0.0%,85.5%,14.5%,0.0%,0.0%,35.9%,48.4%,14.9%,0.1%,0.0%,0.7%,0.0%,55.1%,33.0%,10.4%,0.0%,1.5%,0.0%,88.2%,11.8%,0.0%,0.0%,72.1%,27.1%,0.8%,0.0%,85.7%,14.0%,0.4%,0.0%
,Feelings About Household Income,Living comfortably on present income,28.4%,0.9%,70.8%,11.4%,88.4%,0.1%,0.1%,97.4%,2.6%,0.0%,0.0%,84.8%,15.2%,0.1%,0.0%,95.6%,4.0%,0.4%,0.0%,25.4%,68.7%,5.1%,0.0%,0.5%,0.2%,86.5%,13.5%,0.0%,0.0%,31.9%,51.4%,15.7%,0.3%,0.0%,0.5%,0.2%,52.3%,36.7%,9.9%,0.2%,0.7%,0.1%,90.2%,9.8%,0.0%,0.0%,74.7%,24.6%,0.5%,0.3%,81.7%,18.1%,0.2%,0.0%
,,Getting by on present income,46.2%,0.8%,52.9%,26.4%,73.6%,0.0%,0.0%,94.9%,5.1%,0.0%,0.0%,80.9%,19.1%,0.0%,0.0%,89.5%,9.7%,0.9%,0.0%,20.4%,73.9%,5.0%,0.7%,0.0%,0.0%,81.5%,18.0%,0.6%,0.0%,24.2%,58.5%,14.1%,0.2%,0.1%,2.7%,0.2%,48.7%,36.2%,13.7%,0.1%,0.7%,0.6%,84.7%,15.3%,0.0%,0.0%,78.4%,21.3%,0.3%,0.0%,78.8%,20.7%,0.5%,0.0%
,,Finding it difficult on present income,71.3%,2.1%,26.6%,26.9%,73.1%,0.0%,0.0%,88.1%,11.9%,0.0%,0.0%,72.6%,27.4%,0.0%,0.0%,68.9%,29.6%,0.0%,1.5%,29.9%,66.5%,2.8%,0.8%,0.0%,0.0%,52.4%,47.6%,0.0%,0.0%,24.2%,48.1%,24.1%,0.4%,0.0%,3.1%,0.0%,63.7%,23.9%,11.9%,0.5%,0.0%,0.0%,71.5%,28.5%,0.0%,0.0%,86.9%,12.5%,0.5%,0.0%,50.7%,45.2%,0.0%,4.1%
,,Finding it very difficult on present income,78.0%,16.2%,5.8%,42.1%,57.9%,0.0%,0.0%,83.0%,17.0%,0.0%,0.0%,63.7%,36.3%,0.0%,0.0%,56.4%,43.6%,0.0%,0.0%,5.0%,86.7%,8.3%,0.0%,0.0%,0.0%,50.7%,49.3%,0.0%,0.0%,11.7%,62.5%,22.7%,0.0%,0.0%,3.1%,0.0%,60.8%,31.8%,7.4%,0.0%,0.0%,0.0%,76.9%,23.1%,0.0%,0.0%,71.2%,28.8%,0.0%,0.0%,61.1%,38.9%,0.0%,0.0%
,Urban/Rural,A rural area or on a farm,34.1%,0.8%,65.1%,19.5%,80.2%,0.1%,0.2%,96.3%,3.7%,0.0%,0.0%,83.0%,17.0%,0.0%,0.0%,94.3%,5.2%,0.5%,0.0%,25.2%,70.1%,4.3%,0.0%,0.5%,0.0%,84.8%,15.2%,0.0%,0.0%,30.9%,56.0%,10.5%,0.1%,0.0%,2.4%,0.0%,52.5%,32.8%,13.9%,0.0%,0.8%,0.0%,92.9%,7.1%,0.0%,0.0%,76.0%,22.5%,0.9%,0.6%,80.4%,19.4%,0.1%,0.0%
,,A small town or villAge,41.3%,3.8%,54.9%,25.7%,74.3%,0.0%,0.0%,94.0%,6.0%,0.0%,0.0%,80.6%,19.2%,0.2%,0.0%,88.3%,11.7%,0.0%,0.0%,16.8%,75.5%,5.8%,1.4%,0.7%,0.0%,79.8%,20.2%,0.0%,0.0%,21.4%,55.2%,20.1%,0.3%,0.2%,2.8%,0.0%,53.1%,36.2%,10.5%,0.0%,0.0%,0.2%,84.0%,16.0%,0.0%,0.0%,77.9%,21.1%,1.0%,0.0%,79.4%,20.6%,0.0%,0.0%
,,A large city,40.1%,0.0%,59.9%,21.7%,78.3%,0.0%,0.0%,93.6%,6.4%,0.0%,0.0%,77.1%,22.9%,0.0%,0.0%,92.3%,6.9%,0.7%,0.0%,28.4%,69.3%,2.4%,0.0%,0.0%,0.0%,75.4%,24.6%,0.0%,0.0%,26.4%,47.2%,25.2%,0.4%,0.0%,0.0%,0.8%,50.1%,42.2%,4.9%,1.2%,1.6%,0.0%,82.8%,17.2%,0.0%,0.0%,85.1%,14.9%,0.0%,0.0%,70.3%,28.0%,1.7%,0.0%
,,A suburb of a large city,41.9%,1.1%,57.0%,16.3%,83.6%,0.1%,0.0%,95.4%,4.6%,0.0%,0.0%,82.5%,17.5%,0.0%,0.0%,88.1%,11.5%,0.2%,0.3%,24.0%,70.0%,5.5%,0.2%,0.0%,0.2%,80.0%,19.6%,0.4%,0.0%,29.0%,53.3%,15.1%,0.8%,0.0%,1.6%,0.2%,51.7%,33.7%,12.5%,1.1%,0.5%,0.5%,83.8%,16.2%,0.0%,0.0%,74.3%,24.6%,1.1%,0.0%,77.4%,21.8%,0.2%,0.7%
Zambia,Age,15-24,74.5%,6.9%,18.5%,13.7%,86.3%,0.0%,0.0%,77.3%,22.7%,0.0%,0.0%,71.9%,28.1%,0.0%,0.0%,68.5%,31.5%,0.0%,0.0%,33.6%,62.5%,3.4%,0.5%,0.0%,0.0%,41.7%,58.2%,0.1%,0.0%,16.8%,37.7%,45.5%,0.0%,0.0%,0.0%,0.0%,30.7%,55.3%,12.9%,0.0%,1.2%,0.0%,64.9%,34.1%,1.0%,0.0%,75.9%,23.8%,0.2%,0.0%,81.4%,18.6%,0.0%,0.0%
,,25-34,74.1%,5.2%,20.7%,11.7%,88.3%,0.0%,0.0%,79.4%,20.5%,0.1%,0.0%,71.7%,28.3%,0.0%,0.0%,68.9%,30.7%,0.4%,0.0%,31.2%,65.7%,1.9%,0.0%,1.2%,0.0%,45.1%,54.1%,0.9%,0.0%,25.5%,39.8%,33.9%,0.7%,0.0%,0.1%,0.0%,34.4%,46.1%,19.5%,0.0%,0.0%,0.0%,75.3%,24.6%,0.2%,0.0%,86.3%,13.2%,0.5%,0.0%,81.2%,18.7%,0.2%,0.0%
,,35-44,74.9%,5.4%,19.7%,10.0%,89.5%,0.5%,0.0%,78.5%,21.5%,0.0%,0.0%,79.7%,20.3%,0.0%,0.0%,71.5%,28.0%,0.4%,0.0%,32.8%,63.1%,4.1%,0.0%,0.0%,0.0%,46.8%,51.5%,1.7%,0.0%,17.3%,47.3%,35.4%,0.0%,0.0%,0.0%,0.0%,30.1%,49.0%,20.9%,0.0%,0.0%,0.0%,76.4%,23.6%,0.0%,0.0%,80.8%,17.9%,1.3%,0.0%,73.9%,25.8%,0.3%,0.0%
,,45-64,71.4%,12.6%,16.0%,31.1%,68.9%,0.0%,0.0%,65.0%,35.0%,0.0%,0.0%,73.4%,26.6%,0.0%,0.0%,63.6%,36.4%,0.0%,0.0%,39.8%,51.0%,9.2%,0.0%,0.0%,0.0%,37.4%,61.0%,1.6%,0.0%,16.7%,50.3%,31.6%,0.0%,0.0%,1.4%,0.0%,33.3%,44.5%,22.3%,0.0%,0.0%,0.0%,88.3%,11.7%,0.0%,0.0%,89.4%,10.6%,0.0%,0.0%,73.8%,26.2%,0.0%,0.0%
,,65+,78.6%,4.6%,16.7%,41.7%,58.3%,0.0%,0.0%,95.6%,4.4%,0.0%,0.0%,84.5%,15.5%,0.0%,0.0%,100.0%,0.0%,0.0%,0.0%,42.2%,57.8%,0.0%,0.0%,0.0%,0.0%,75.5%,21.4%,3.0%,0.0%,3.0%,34.9%,46.5%,0.0%,0.0%,0.0%,15.5%,2.0%,71.1%,26.8%,0.0%,0.0%,0.0%,54.4%,45.6%,0.0%,0.0%,100.0%,0.0%,0.0%,0.0%,14.8%,85.2%,0.0%,0.0%
,Gender,Male,77.3%,5.4%,17.2%,13.5%,86.3%,0.2%,0.0%,78.0%,22.0%,0.0%,0.0%,74.4%,25.6%,0.0%,0.0%,76.1%,23.6%,0.3%,0.0%,39.3%,57.7%,2.3%,0.0%,0.7%,0.0%,44.2%,54.7%,1.1%,0.0%,23.3%,41.2%,34.3%,0.4%,0.0%,0.1%,0.7%,32.6%,50.7%,16.1%,0.0%,0.7%,0.0%,75.1%,24.4%,0.4%,0.0%,85.4%,14.5%,0.1%,0.0%,79.6%,20.4%,0.0%,0.0%
,,Female,71.1%,8.3%,20.6%,17.3%,82.7%,0.0%,0.0%,75.4%,24.5%,0.0%,0.0%,72.9%,27.1%,0.0%,0.0%,62.4%,37.5%,0.1%,0.0%,28.8%,65.5%,5.4%,0.4%,0.0%,0.0%,43.0%,56.3%,0.7%,0.0%,14.9%,42.0%,42.8%,0.0%,0.0%,0.4%,0.0%,30.0%,50.4%,19.3%,0.0%,0.2%,0.0%,73.2%,26.6%,0.2%,0.0%,78.7%,20.3%,1.0%,0.0%,74.7%,25.1%,0.2%,0.0%
,Employment Status,Employed full time for an employer,80.4%,7.3%,12.3%,12.3%,87.7%,0.0%,0.0%,89.0%,11.0%,0.0%,0.0%,80.2%,19.8%,0.0%,0.0%,79.9%,20.1%,0.0%,0.0%,31.6%,64.6%,3.8%,0.0%,0.0%,0.0%,49.2%,48.5%,2.3%,0.0%,25.5%,40.3%,34.2%,0.0%,0.0%,0.0%,0.0%,30.9%,57.4%,11.8%,0.0%,0.0%,0.0%,83.9%,16.1%,0.0%,0.0%,91.8%,8.2%,0.0%,0.0%,75.5%,24.5%,0.0%,0.0%
,,Employed full time for self,74.5%,7.3%,18.2%,14.4%,85.6%,0.0%,0.0%,78.6%,21.4%,0.0%,0.0%,67.0%,33.0%,0.0%,0.0%,68.3%,31.1%,0.6%,0.0%,21.9%,72.9%,5.2%,0.0%,0.0%,0.0%,45.9%,53.1%,1.1%,0.0%,17.8%,43.8%,37.3%,0.0%,0.0%,1.1%,0.0%,29.1%,47.1%,22.3%,0.0%,1.5%,0.0%,71.5%,28.5%,0.0%,0.0%,76.2%,22.7%,1.1%,0.0%,72.7%,27.3%,0.0%,0.0%
,,Employed part time do not want full time,70.8%,7.2%,22.0%,22.8%,77.2%,0.0%,0.0%,94.7%,5.3%,0.0%,0.0%,83.5%,16.5%,0.0%,0.0%,68.4%,31.6%,0.0%,0.0%,42.6%,56.4%,1.0%,0.0%,0.0%,0.0%,35.6%,61.3%,3.1%,0.0%,31.5%,32.4%,36.2%,0.0%,0.0%,0.0%,0.0%,52.6%,39.8%,7.6%,0.0%,0.0%,0.0%,71.3%,27.6%,1.1%,0.0%,82.5%,17.5%,0.0%,0.0%,82.6%,16.4%,1.0%,0.0%
,,Unemployed,68.0%,10.3%,21.7%,13.0%,87.0%,0.0%,0.0%,67.4%,32.6%,0.0%,0.0%,67.9%,32.1%,0.0%,0.0%,58.6%,41.4%,0.0%,0.0%,35.1%,60.4%,2.7%,0.0%,1.8%,0.0%,42.9%,56.9%,0.2%,0.0%,18.5%,44.6%,36.9%,0.0%,0.0%,0.0%,0.0%,25.5%,49.7%,24.1%,0.0%,0.7%,0.0%,0.0%,0.0%,0.0%,0.0%,0.0%,0.0%,0.0%,0.0%,0.0%,0.0%,0.0%,0.0%
,,Employed part time want full time,73.9%,8.9%,17.2%,17.3%,82.7%,0.0%,0.0%,73.2%,26.8%,0.0%,0.0%,78.6%,21.4%,0.0%,0.0%,73.2%,26.6%,0.2%,0.0%,40.6%,54.3%,5.0%,0.0%,0.0%,0.0%,45.0%,55.0%,0.0%,0.0%,14.1%,43.0%,41.7%,1.1%,0.0%,0.0%,0.0%,34.6%,47.7%,17.7%,0.0%,0.0%,0.0%,70.9%,28.2%,1.0%,0.0%,83.3%,16.4%,0.3%,0.0%,84.1%,15.8%,0.1%,0.0%
,,Out of workforce,75.5%,2.6%,21.9%,17.6%,82.0%,0.3%,0.0%,75.5%,24.4%,0.1%,0.0%,75.1%,24.9%,0.0%,0.0%,68.9%,31.0%,0.1%,0.0%,38.7%,57.5%,3.2%,0.7%,0.0%,0.0%,39.4%,59.8%,0.8%,0.0%,18.6%,38.6%,41.6%,0.0%,0.0%,0.0%,1.3%,32.7%,53.6%,13.8%,0.0%,0.0%,0.0%,0.0%,0.0%,0.0%,0.0%,0.0%,0.0%,0.0%,0.0%,0.0%,0.0%,0.0%,0.0%
,Per Capita Income Quintiles,Poorest 20%,67.2%,17.2%,15.6%,22.2%,77.8%,0.0%,0.0%,60.9%,39.1%,0.0%,0.0%,69.5%,30.5%,0.0%,0.0%,64.2%,35.8%,0.0%,0.0%,39.0%,54.2%,5.1%,0.0%,1.7%,0.0%,35.7%,64.1%,0.2%,0.0%,20.8%,40.8%,38.4%,0.0%,0.0%,0.0%,0.0%,28.4%,53.8%,17.7%,0.0%,0.0%,0.0%,59.6%,40.4%,0.0%,0.0%,76.8%,23.2%,0.0%,0.0%,68.4%,31.6%,0.0%,0.0%
,,Second 20%,77.7%,5.2%,17.0%,16.0%,84.0%,0.0%,0.0%,66.8%,33.2%,0.0%,0.0%,62.6%,37.4%,0.0%,0.0%,60.2%,39.4%,0.4%,0.0%,40.7%,53.8%,4.8%,0.7%,0.0%,0.0%,39.4%,59.0%,1.7%,0.0%,20.4%,39.1%,40.5%,0.0%,0.0%,0.0%,0.0%,31.9%,52.5%,15.0%,0.0%,0.6%,0.0%,68.3%,31.5%,0.2%,0.0%,76.4%,22.1%,1.6%,0.0%,81.9%,17.9%,0.2%,0.0%
,,Middle 20%,78.3%,3.6%,18.1%,20.3%,79.7%,0.0%,0.0%,83.6%,16.4%,0.0%,0.0%,75.9%,24.1%,0.0%,0.0%,68.1%,31.9%,0.0%,0.0%,27.5%,69.7%,2.6%,0.2%,0.0%,0.0%,46.8%,53.1%,0.2%,0.0%,12.4%,47.6%,38.1%,1.0%,0.0%,1.0%,0.0%,27.8%,51.3%,20.9%,0.0%,0.0%,0.0%,72.1%,26.6%,1.3%,0.0%,82.3%,17.7%,0.0%,0.0%,82.5%,17.2%,0.3%,0.0%
,,Fourth 20%,70.0%,4.1%,25.8%,11.7%,87.9%,0.5%,0.0%,88.5%,11.5%,0.0%,0.0%,81.1%,18.9%,0.0%,0.0%,73.5%,26.4%,0.1%,0.0%,31.3%,64.8%,3.9%,0.0%,0.0%,0.0%,42.1%,56.1%,1.7%,0.0%,20.7%,40.9%,38.3%,0.0%,0.0%,0.1%,0.0%,35.2%,46.7%,18.1%,0.0%,0.0%,0.0%,82.0%,18.0%,0.0%,0.0%,84.4%,15.6%,0.0%,0.0%,72.6%,27.4%,0.0%,0.0%
,,Richest 20%,77.4%,4.5%,18.1%,7.4%,92.6%,0.0%,0.0%,83.6%,16.3%,0.1%,0.0%,78.9%,21.1%,0.0%,0.0%,79.2%,20.3%,0.4%,0.0%,31.2%,65.9%,2.9%,0.0%,0.0%,0.0%,54.0%,45.4%,0.6%,0.0%,20.6%,39.6%,38.1%,0.0%,0.0%,0.0%,1.6%,33.0%,48.3%,17.1%,0.0%,1.6%,0.0%,82.9%,16.8%,0.3%,0.0%,90.7%,8.5%,0.7%,0.0%,80.0%,20.0%,0.0%,0.0%
,Feelings About Household Income,Living comfortably on present income,60.2%,0.6%,39.2%,8.2%,91.8%,0.0%,0.0%,86.1%,13.9%,0.0%,0.0%,78.6%,21.4%,0.0%,0.0%,92.8%,7.2%,0.0%,0.0%,32.2%,64.9%,2.9%,0.0%,0.0%,0.0%,71.4%,28.6%,0.0%,0.0%,19.9%,29.8%,50.3%,0.0%,0.0%,0.0%,0.0%,40.7%,41.3%,18.1%,0.0%,0.0%,0.0%,85.4%,10.9%,3.7%,0.0%,93.8%,5.7%,0.5%,0.0%,89.2%,10.2%,0.7%,0.0%
,,Getting by on present income,74.8%,4.2%,21.0%,12.7%,87.3%,0.0%,0.0%,82.9%,17.0%,0.1%,0.0%,82.3%,17.7%,0.0%,0.0%,83.0%,16.8%,0.2%,0.0%,36.6%,59.0%,4.4%,0.0%,0.0%,0.0%,53.4%,45.4%,1.1%,0.0%,18.9%,52.4%,27.5%,1.0%,0.0%,0.1%,0.0%,34.6%,46.5%,19.0%,0.0%,0.0%,0.0%,85.7%,14.3%,0.0%,0.0%,89.3%,10.7%,0.0%,0.0%,81.9%,18.1%,0.0%,0.0%
,,Finding it difficult on present income,79.9%,6.6%,13.5%,20.8%,78.9%,0.2%,0.0%,76.0%,24.0%,0.0%,0.0%,71.3%,28.7%,0.0%,0.0%,67.1%,32.7%,0.2%,0.0%,33.2%,63.1%,2.8%,0.0%,0.9%,0.0%,36.3%,63.0%,0.7%,0.0%,20.6%,42.8%,36.2%,0.0%,0.0%,0.5%,0.0%,34.2%,49.0%,15.6%,0.0%,1.2%,0.0%,77.1%,22.9%,0.0%,0.0%,79.9%,19.0%,1.0%,0.0%,71.8%,28.2%,0.0%,0.0%
,,Finding it very difficult on present income,70.2%,11.1%,18.7%,11.7%,88.3%,0.0%,0.0%,72.6%,27.4%,0.0%,0.0%,71.7%,28.3%,0.0%,0.0%,56.9%,42.9%,0.2%,0.0%,32.7%,61.3%,5.4%,0.6%,0.0%,0.0%,37.6%,61.1%,1.3%,0.0%,17.3%,36.7%,44.9%,0.0%,0.0%,0.0%,1.0%,24.2%,55.2%,20.6%,0.0%,0.0%,0.0%,60.0%,40.0%,0.0%,0.0%,78.6%,21.4%,0.0%,0.0%,78.7%,21.3%,0.0%,0.0%
,Urban/Rural,A rural area or on a farm,75.0%,12.8%,12.3%,18.2%,81.8%,0.0%,0.0%,70.5%,29.5%,0.0%,0.0%,65.7%,34.3%,0.0%,0.0%,68.4%,31.6%,0.0%,0.0%,37.9%,58.4%,2.4%,0.0%,1.3%,0.0%,40.0%,59.2%,0.9%,0.0%,22.8%,36.0%,39.9%,0.0%,0.0%,0.0%,1.3%,30.9%,53.1%,16.0%,0.0%,0.0%,0.0%,76.2%,23.8%,0.0%,0.0%,78.6%,20.2%,1.2%,0.0%,81.7%,18.3%,0.0%,0.0%
,,A small town or villAge,72.9%,5.9%,21.2%,12.8%,87.2%,0.0%,0.0%,82.3%,17.7%,0.1%,0.0%,71.8%,28.2%,0.0%,0.0%,69.1%,30.6%,0.3%,0.0%,34.7%,62.9%,2.4%,0.0%,0.0%,0.0%,47.8%,51.5%,0.7%,0.0%,15.9%,44.1%,39.5%,0.5%,0.0%,0.1%,0.0%,32.3%,48.8%,18.6%,0.0%,0.3%,0.0%,68.2%,31.2%,0.6%,0.0%,81.8%,18.0%,0.2%,0.0%,74.2%,25.8%,0.0%,0.0%
,,A large city,76.2%,3.6%,20.2%,16.1%,83.9%,0.0%,0.0%,76.2%,23.8%,0.0%,0.0%,80.3%,19.7%,0.0%,0.0%,72.5%,27.3%,0.2%,0.0%,30.6%,61.8%,6.8%,0.7%,0.0%,0.0%,44.4%,54.1%,1.5%,0.0%,22.2%,42.5%,34.5%,0.0%,0.0%,0.8%,0.0%,32.0%,47.1%,19.6%,0.0%,1.3%,0.0%,84.2%,15.4%,0.4%,0.0%,89.5%,10.1%,0.5%,0.0%,79.2%,20.4%,0.4%,0.0%
,,A suburb of a large city,71.7%,4.1%,24.3%,18.8%,80.1%,1.1%,0.0%,69.6%,30.4%,0.0%,0.0%,88.0%,12.0%,0.0%,0.0%,61.1%,38.9%,0.0%,0.0%,27.7%,65.2%,7.1%,0.0%,0.0%,0.0%,30.6%,69.4%,0.0%,0.0%,12.7%,44.9%,42.4%,0.0%,0.0%,0.0%,0.0%,25.5%,61.9%,12.6%,0.0%,0.0%,0.0%,71.3%,28.7%,0.0%,0.0%,79.8%,20.2%,0.0%,0.0%,77.5%,22.5%,0.0%,0.0%
South Korea,Age,15-24,62.9%,5.0%,32.1%,12.3%,87.7%,0.0%,0.0%,92.4%,6.5%,1.1%,0.0%,76.1%,22.6%,1.2%,0.0%,77.8%,22.2%,0.0%,0.0%,45.8%,54.2%,0.0%,0.0%,0.0%,0.0%,63.0%,37.0%,0.0%,0.0%,54.2%,31.3%,12.2%,1.3%,0.0%,1.1%,0.0%,75.2%,23.6%,1.2%,0.0%,0.0%,0.0%,48.9%,45.7%,5.4%,0.0%,49.8%,50.2%,0.0%,0.0%,64.9%,35.1%,0.0%,0.0%
,,25-34,67.0%,7.3%,25.7%,14.6%,85.4%,0.0%,0.0%,89.6%,9.2%,1.1%,0.0%,69.6%,28.1%,2.3%,0.0%,82.0%,15.8%,2.3%,0.0%,36.9%,60.6%,1.8%,0.0%,0.7%,0.0%,70.1%,29.0%,0.9%,0.0%,62.2%,29.3%,8.6%,0.0%,0.0%,0.0%,0.0%,81.4%,14.4%,4.3%,0.0%,0.0%,0.0%,52.0%,48.0%,0.0%,0.0%,68.8%,31.2%,0.0%,0.0%,52.8%,47.2%,0.0%,0.0%
,,35-44,51.6%,7.0%,41.4%,12.9%,87.1%,0.0%,0.0%,87.6%,11.1%,1.3%,0.0%,63.6%,36.4%,0.0%,0.0%,77.1%,22.9%,0.0%,0.0%,27.1%,71.2%,1.7%,0.0%,0.0%,0.0%,65.0%,35.0%,0.0%,0.0%,61.6%,34.1%,3.5%,0.8%,0.0%,0.0%,0.0%,87.2%,10.9%,2.0%,0.0%,0.0%,0.0%,69.5%,28.5%,1.9%,0.0%,77.2%,22.8%,0.0%,0.0%,65.0%,35.0%,0.0%,0.0%
,,45-64,59.3%,19.0%,21.7%,27.9%,71.2%,0.9%,0.0%,72.7%,26.3%,1.0%,0.0%,74.3%,25.0%,0.7%,0.0%,75.9%,23.5%,0.6%,0.0%,20.1%,77.9%,1.8%,0.2%,0.0%,0.0%,55.0%,43.7%,1.3%,0.0%,56.6%,27.9%,14.9%,0.0%,0.2%,0.4%,0.0%,72.8%,21.8%,4.3%,0.4%,0.6%,0.0%,79.4%,20.0%,0.6%,0.0%,74.7%,23.5%,1.8%,0.0%,59.5%,40.3%,0.2%,0.0%
,,65+,59.0%,29.1%,11.9%,44.2%,54.5%,1.2%,0.0%,62.6%,36.8%,0.7%,0.0%,70.0%,28.4%,1.6%,0.0%,73.1%,24.9%,2.0%,0.0%,11.8%,85.1%,1.7%,0.5%,1.0%,0.0%,46.8%,43.8%,9.4%,0.0%,42.4%,34.4%,16.0%,3.3%,0.2%,3.6%,0.0%,68.0%,24.3%,3.5%,1.0%,3.1%,0.0%,81.8%,17.3%,1.0%,0.0%,61.2%,32.4%,6.4%,0.0%,67.9%,30.4%,1.7%,0.0%
,Gender,Male,62.8%,16.4%,20.8%,22.9%,76.9%,0.2%,0.0%,74.1%,24.3%,1.6%,0.0%,69.3%,29.1%,1.7%,0.0%,74.5%,24.5%,1.0%,0.0%,33.0%,65.5%,1.0%,0.3%,0.3%,0.0%,58.9%,40.1%,1.1%,0.0%,52.6%,33.5%,12.1%,1.1%,0.0%,0.7%,0.0%,74.7%,20.2%,3.9%,0.3%,0.9%,0.0%,67.8%,30.8%,1.4%,0.0%,70.1%,28.2%,1.8%,0.0%,57.6%,42.2%,0.2%,0.0%
,,Female,55.6%,10.6%,33.8%,22.2%,77.0%,0.8%,0.0%,86.1%,13.5%,0.4%,0.0%,73.2%,26.5%,0.3%,0.0%,79.7%,19.7%,0.7%,0.0%,20.6%,77.2%,2.0%,0.0%,0.2%,0.0%,60.2%,37.2%,2.6%,0.0%,60.0%,27.8%,10.7%,0.5%,0.2%,0.8%,0.0%,78.9%,17.9%,2.7%,0.3%,0.3%,0.0%,72.8%,26.3%,0.8%,0.0%,74.2%,25.2%,0.7%,0.0%,64.3%,35.4%,0.3%,0.0%
,Employment Status,Employed full time for an employer,57.0%,9.7%,33.3%,14.1%,85.9%,0.0%,0.0%,80.8%,18.3%,0.9%,0.0%,73.9%,24.5%,1.6%,0.0%,79.3%,20.7%,0.0%,0.0%,29.7%,68.9%,1.3%,0.0%,0.0%,0.0%,64.3%,35.1%,0.5%,0.0%,59.8%,31.5%,7.8%,0.4%,0.0%,0.5%,0.0%,81.4%,14.1%,3.7%,0.2%,0.6%,0.0%,65.9%,32.7%,1.4%,0.0%,70.8%,28.2%,1.0%,0.0%,56.9%,43.1%,0.0%,0.0%
,,Employed full time for self,68.6%,15.3%,16.1%,21.6%,77.0%,1.4%,0.0%,78.9%,21.1%,0.0%,0.0%,65.2%,34.0%,0.7%,0.0%,69.1%,30.4%,0.5%,0.0%,20.7%,78.0%,0.6%,0.7%,0.0%,0.0%,56.6%,41.9%,1.5%,0.0%,52.1%,31.7%,16.3%,0.0%,0.0%,0.0%,0.0%,74.7%,24.0%,1.3%,0.0%,0.0%,0.0%,75.4%,24.1%,0.5%,0.0%,79.2%,17.8%,3.1%,0.0%,65.7%,33.7%,0.6%,0.0%
,,Employed part time do not want full time,67.2%,14.8%,18.0%,30.3%,69.7%,0.0%,0.0%,82.5%,17.0%,0.5%,0.0%,80.1%,19.0%,0.9%,0.0%,71.2%,28.8%,0.0%,0.0%,25.9%,72.5%,1.6%,0.0%,0.0%,0.0%,60.8%,36.9%,2.3%,0.0%,59.1%,23.2%,13.5%,2.9%,0.4%,0.9%,0.0%,79.6%,13.6%,4.8%,0.0%,2.0%,0.0%,79.3%,20.7%,0.0%,0.0%,64.7%,34.4%,0.9%,0.0%,80.4%,18.4%,1.2%,0.0%
,,Unemployed,61.6%,21.6%,16.8%,35.2%,64.8%,0.0%,0.0%,69.5%,27.5%,3.0%,0.0%,65.0%,30.7%,4.3%,0.0%,68.8%,22.6%,8.6%,0.0%,24.0%,70.5%,3.5%,0.0%,2.0%,0.0%,46.3%,50.7%,3.1%,0.0%,49.8%,23.1%,23.4%,1.6%,0.0%,2.0%,0.0%,70.9%,14.8%,14.3%,0.0%,0.0%,0.0%,0.0%,0.0%,0.0%,0.0%,0.0%,0.0%,0.0%,0.0%,0.0%,0.0%,0.0%,0.0%
,,Employed part time want full time,66.5%,18.5%,14.9%,20.2%,79.8%,0.0%,0.0%,78.5%,19.1%,2.4%,0.0%,63.4%,36.6%,0.0%,0.0%,81.2%,16.9%,1.9%,0.0%,24.8%,71.8%,2.5%,0.9%,0.0%,0.0%,51.0%,47.0%,2.0%,0.0%,58.8%,27.7%,13.5%,0.0%,0.0%,0.0%,0.0%,79.6%,17.2%,2.0%,1.3%,0.0%,0.0%,77.2%,21.2%,1.6%,0.0%,75.2%,23.9%,0.9%,0.0%,55.2%,44.8%,0.0%,0.0%
,,Out of workforce,56.0%,15.8%,28.2%,30.4%,68.5%,1.1%,0.0%,80.3%,18.7%,1.0%,0.0%,70.1%,29.6%,0.3%,0.0%,77.9%,21.2%,0.9%,0.0%,26.3%,71.8%,1.5%,0.0%,0.4%,0.0%,57.7%,39.1%,3.2%,0.0%,52.8%,32.5%,12.1%,1.1%,0.2%,1.3%,0.0%,71.3%,25.5%,2.0%,0.4%,0.8%,0.0%,0.0%,0.0%,0.0%,0.0%,0.0%,0.0%,0.0%,0.0%,0.0%,0.0%,0.0%,0.0%
,Per Capita Income Quintiles,Poorest 20%,59.4%,29.9%,10.8%,40.3%,58.4%,1.3%,0.0%,66.6%,31.3%,2.1%,0.0%,62.1%,36.2%,1.7%,0.0%,68.6%,29.8%,1.6%,0.0%,17.7%,79.7%,1.7%,0.3%,0.6%,0.0%,43.6%,52.3%,4.1%,0.0%,50.3%,26.8%,18.9%,1.5%,0.0%,2.5%,0.0%,69.7%,23.0%,4.4%,0.4%,2.5%,0.0%,72.9%,27.1%,0.0%,0.0%,67.9%,29.0%,3.0%,0.0%,60.0%,38.2%,1.8%,0.0%
,,Second 20%,63.2%,18.9%,17.9%,25.3%,74.2%,0.5%,0.0%,75.7%,24.3%,0.0%,0.0%,67.1%,30.5%,2.4%,0.0%,68.2%,30.4%,1.3%,0.0%,26.5%,70.7%,2.5%,0.3%,0.0%,0.0%,49.0%,48.7%,2.3%,0.0%,58.3%,26.2%,13.6%,1.3%,0.0%,0.7%,0.0%,77.7%,18.4%,3.7%,0.2%,0.0%,0.0%,64.7%,33.4%,2.0%,0.0%,67.8%,31.1%,1.2%,0.0%,54.7%,45.3%,0.0%,0.0%
,,Middle 20%,59.9%,9.2%,30.9%,16.9%,83.1%,0.0%,0.0%,83.2%,14.2%,2.6%,0.0%,75.8%,23.9%,0.3%,0.0%,81.1%,17.7%,1.2%,0.0%,23.7%,74.5%,1.3%,0.0%,0.5%,0.0%,59.5%,40.3%,0.2%,0.0%,51.9%,38.6%,9.4%,0.0%,0.1%,0.0%,0.0%,79.9%,18.8%,1.3%,0.0%,0.0%,0.0%,73.8%,25.1%,1.0%,0.0%,70.1%,28.1%,1.8%,0.0%,50.1%,49.9%,0.0%,0.0%
,,Fourth 20%,61.6%,7.7%,30.7%,18.0%,81.3%,0.7%,0.0%,85.4%,14.4%,0.2%,0.0%,73.8%,26.2%,0.0%,0.0%,82.2%,17.8%,0.0%,0.0%,36.8%,61.9%,1.3%,0.0%,0.0%,0.0%,69.2%,29.1%,1.7%,0.0%,61.1%,29.3%,8.1%,1.1%,0.3%,0.0%,0.0%,79.2%,15.5%,5.0%,0.4%,0.0%,0.0%,70.0%,28.8%,1.2%,0.0%,78.1%,21.3%,0.6%,0.0%,63.8%,36.2%,0.0%,0.0%
,,Richest 20%,52.8%,4.4%,42.8%,12.3%,87.7%,0.0%,0.0%,88.9%,10.8%,0.2%,0.0%,77.1%,22.3%,0.6%,0.0%,85.0%,15.0%,0.0%,0.0%,29.8%,69.5%,0.7%,0.0%,0.0%,0.0%,76.2%,23.0%,0.8%,0.0%,59.5%,32.6%,7.2%,0.0%,0.0%,0.7%,0.0%,77.2%,19.8%,2.0%,0.4%,0.6%,0.0%,69.9%,29.1%,1.1%,0.0%,72.5%,26.7%,0.8%,0.0%,70.2%,29.8%,0.0%,0.0%
,Feelings About Household Income,Living comfortably on present income,45.8%,1.7%,52.5%,7.2%,92.8%,0.0%,0.0%,95.1%,3.2%,1.7%,0.0%,87.7%,12.3%,0.0%,0.0%,95.0%,4.3%,0.7%,0.0%,34.2%,62.6%,2.5%,0.0%,0.7%,0.0%,83.3%,15.9%,0.8%,0.0%,57.9%,31.5%,8.3%,1.3%,0.6%,0.3%,0.0%,77.5%,19.8%,2.8%,0.0%,0.0%,0.0%,83.4%,14.7%,2.0%,0.0%,79.6%,20.1%,0.3%,0.0%,83.6%,16.4%,0.0%,0.0%
,,Getting by on present income,63.5%,8.9%,27.6%,19.6%,79.6%,0.8%,0.0%,83.4%,16.5%,0.1%,0.0%,73.3%,25.9%,0.8%,0.0%,81.9%,17.7%,0.4%,0.0%,26.9%,71.8%,1.1%,0.2%,0.0%,0.0%,63.1%,35.1%,1.8%,0.0%,57.5%,31.3%,10.3%,0.3%,0.0%,0.6%,0.0%,78.1%,18.0%,3.2%,0.1%,0.5%,0.0%,69.8%,29.6%,0.5%,0.0%,70.7%,27.9%,1.4%,0.0%,58.9%,40.9%,0.2%,0.0%
,,Finding it difficult on present income,62.0%,27.7%,10.4%,37.8%,62.2%,0.0%,0.0%,68.3%,28.7%,3.0%,0.0%,61.7%,36.1%,2.2%,0.0%,57.5%,40.7%,1.8%,0.0%,23.0%,74.8%,2.0%,0.0%,0.2%,0.0%,38.4%,60.1%,1.6%,0.0%,50.9%,31.6%,15.5%,1.2%,0.0%,0.7%,0.0%,72.6%,22.1%,3.9%,0.6%,0.7%,0.0%,64.4%,33.8%,1.9%,0.0%,68.0%,30.9%,1.1%,0.0%,53.1%,46.9%,0.0%,0.0%
,,Finding it very difficult on present income,40.0%,52.0%,8.0%,39.6%,60.4%,0.0%,0.0%,43.9%,53.9%,2.2%,0.0%,41.1%,57.7%,1.2%,0.0%,47.0%,52.5%,0.5%,0.0%,19.0%,79.7%,0.0%,0.0%,1.4%,0.0%,35.1%,59.1%,5.9%,0.0%,61.7%,19.2%,15.3%,2.4%,0.0%,1.4%,0.0%,75.1%,18.7%,1.8%,1.4%,3.0%,0.0%,56.2%,39.9%,3.8%,0.0%,79.8%,17.2%,3.0%,0.0%,44.0%,56.0%,0.0%,0.0%
,Urban/Rural,A rural area or on a farm,61.9%,16.6%,21.5%,36.7%,63.3%,0.0%,0.0%,78.5%,20.9%,0.6%,0.0%,75.1%,23.3%,1.6%,0.0%,86.9%,12.1%,1.0%,0.0%,20.4%,78.1%,0.5%,0.0%,1.0%,0.0%,58.7%,36.1%,5.1%,0.0%,48.8%,26.3%,18.1%,2.5%,0.0%,4.3%,0.0%,71.1%,24.1%,2.4%,1.0%,1.4%,0.0%,74.8%,25.2%,0.0%,0.0%,59.8%,34.0%,6.2%,0.0%,52.8%,47.2%,0.0%,0.0%
,,A small town or villAge,70.2%,9.9%,19.9%,18.5%,81.5%,0.0%,0.0%,87.2%,12.2%,0.6%,0.0%,71.0%,29.0%,0.0%,0.0%,81.5%,18.5%,0.0%,0.0%,21.5%,77.0%,0.5%,1.0%,0.0%,0.0%,54.4%,45.6%,0.0%,0.0%,57.8%,25.8%,16.0%,0.0%,0.5%,0.0%,0.0%,78.2%,14.0%,6.4%,1.5%,0.0%,0.0%,62.1%,37.9%,0.0%,0.0%,51.1%,48.3%,0.6%,0.0%,49.9%,48.3%,1.9%,0.0%
,,A large city,59.1%,12.3%,28.6%,20.0%,79.7%,0.3%,0.0%,80.2%,18.7%,1.1%,0.0%,70.7%,28.3%,1.0%,0.0%,78.3%,20.4%,1.3%,0.0%,28.7%,69.4%,1.8%,0.0%,0.1%,0.0%,59.5%,39.1%,1.4%,0.0%,56.0%,33.1%,9.8%,0.7%,0.0%,0.3%,0.0%,76.6%,18.9%,3.6%,0.1%,0.8%,0.0%,76.1%,22.2%,1.7%,0.0%,77.6%,21.9%,0.5%,0.0%,62.8%,37.2%,0.0%,0.0%
,,A suburb of a large city,57.5%,15.1%,27.4%,23.4%,75.7%,0.9%,0.0%,79.0%,20.0%,1.1%,0.0%,71.3%,27.6%,1.1%,0.0%,73.0%,26.7%,0.3%,0.0%,27.0%,71.3%,1.3%,0.2%,0.3%,0.0%,60.6%,37.4%,2.0%,0.0%,57.9%,29.4%,11.2%,0.6%,0.2%,0.8%,0.0%,78.0%,18.8%,2.6%,0.2%,0.3%,0.0%,63.6%,35.5%,0.9%,0.0%,71.4%,27.2%,1.4%,0.0%,61.8%,38.2%,0.0%,0.0%
Taiwan,Age,15-24,53.3%,0.0%,46.7%,0.3%,99.7%,0.0%,0.0%,96.5%,3.1%,0.4%,0.0%,78.9%,21.1%,0.0%,0.0%,98.5%,1.5%,0.0%,0.0%,31.3%,62.7%,4.2%,0.0%,1.9%,0.0%,82.4%,17.3%,0.2%,0.0%,42.6%,37.6%,18.4%,1.4%,0.0%,0.0%,0.0%,75.7%,14.8%,9.5%,0.0%,0.0%,0.0%,69.2%,30.8%,0.0%,0.0%,47.2%,52.8%,0.0%,0.0%,77.2%,22.8%,0.0%,0.0%
,,25-34,55.6%,5.4%,38.9%,5.6%,94.4%,0.0%,0.0%,95.0%,4.6%,0.4%,0.0%,67.5%,28.6%,3.9%,0.0%,94.9%,5.1%,0.0%,0.0%,28.0%,61.2%,10.9%,0.0%,0.0%,0.0%,78.3%,21.7%,0.0%,0.0%,50.4%,41.4%,7.2%,0.4%,0.5%,0.0%,0.0%,68.8%,12.8%,18.3%,0.0%,0.0%,0.0%,52.9%,45.7%,1.4%,0.0%,62.5%,36.1%,1.5%,0.0%,69.3%,30.7%,0.0%,0.0%
,,35-44,44.2%,3.6%,52.2%,5.3%,94.7%,0.0%,0.0%,92.0%,7.3%,0.7%,0.0%,76.1%,23.9%,0.0%,0.0%,92.3%,7.7%,0.0%,0.0%,11.7%,78.6%,9.4%,0.0%,0.3%,0.0%,81.8%,18.0%,0.2%,0.0%,45.3%,43.8%,10.9%,0.0%,0.0%,0.0%,0.0%,74.5%,8.4%,17.1%,0.0%,0.0%,0.0%,57.3%,40.8%,0.2%,1.7%,64.9%,34.1%,1.0%,0.0%,57.7%,41.3%,1.1%,0.0%
,,45-64,63.0%,3.6%,33.4%,13.8%,85.4%,0.8%,0.0%,82.1%,15.6%,2.3%,0.0%,80.6%,18.5%,0.9%,0.0%,94.5%,5.5%,0.0%,0.0%,5.6%,90.7%,2.5%,0.0%,1.2%,0.0%,82.9%,16.6%,0.6%,0.0%,43.8%,43.0%,9.8%,0.6%,1.3%,1.5%,0.0%,70.2%,7.4%,22.0%,0.0%,0.3%,0.1%,57.5%,41.8%,0.7%,0.0%,62.5%,35.3%,1.9%,0.4%,39.8%,59.0%,1.2%,0.0%
,,65+,55.9%,5.9%,38.2%,20.4%,79.6%,0.0%,0.0%,83.7%,10.6%,5.7%,0.0%,91.6%,8.4%,0.0%,0.0%,99.8%,0.2%,0.0%,0.0%,2.2%,97.1%,0.7%,0.0%,0.0%,0.0%,95.3%,4.7%,0.0%,0.0%,46.9%,33.8%,16.0%,0.0%,0.7%,0.9%,1.7%,69.5%,6.0%,24.3%,0.0%,0.3%,0.0%,87.3%,10.3%,2.4%,0.0%,33.2%,59.4%,7.4%,0.0%,46.0%,50.2%,3.8%,0.0%
,Gender,Male,57.8%,5.1%,37.0%,7.9%,91.5%,0.6%,0.0%,88.1%,9.3%,2.6%,0.0%,75.3%,22.8%,1.9%,0.0%,93.0%,7.0%,0.0%,0.0%,16.0%,76.1%,7.2%,0.0%,0.6%,0.0%,79.0%,20.6%,0.4%,0.0%,43.7%,42.7%,11.1%,0.6%,1.2%,0.7%,0.0%,69.2%,11.8%,18.6%,0.0%,0.3%,0.1%,55.0%,44.4%,0.6%,0.0%,59.8%,38.4%,1.6%,0.3%,58.6%,41.1%,0.3%,0.0%
,,Female,53.6%,2.3%,44.1%,12.3%,87.7%,0.0%,0.0%,88.4%,10.1%,1.5%,0.0%,82.9%,17.0%,0.1%,0.0%,98.0%,2.0%,0.0%,0.0%,10.8%,85.3%,3.1%,0.0%,0.8%,0.0%,88.6%,11.3%,0.1%,0.0%,47.3%,38.6%,12.4%,0.4%,0.2%,0.6%,0.6%,73.4%,6.9%,19.7%,0.0%,0.0%,0.0%,63.1%,35.0%,0.9%,1.0%,61.5%,36.8%,1.7%,0.0%,50.1%,48.2%,1.6%,0.0%
,Employment Status,Employed full time for an employer,52.2%,3.6%,44.2%,4.4%,95.6%,0.0%,0.0%,92.7%,6.3%,0.9%,0.0%,75.7%,24.0%,0.2%,0.0%,94.5%,5.5%,0.0%,0.0%,13.8%,78.5%,7.0%,0.0%,0.7%,0.0%,80.6%,19.1%,0.3%,0.0%,45.7%,43.1%,9.9%,0.5%,0.5%,0.2%,0.0%,72.9%,10.6%,16.5%,0.0%,0.1%,0.0%,55.2%,43.5%,0.7%,0.6%,62.7%,36.3%,0.8%,0.2%,57.6%,42.0%,0.4%,0.0%
,,Employed full time for self,53.0%,3.3%,43.7%,13.0%,84.1%,2.9%,0.0%,81.1%,17.3%,1.7%,0.0%,68.6%,25.5%,5.9%,0.0%,91.7%,8.3%,0.0%,0.0%,15.9%,76.9%,7.2%,0.0%,0.0%,0.0%,91.8%,7.7%,0.4%,0.0%,42.2%,42.9%,13.4%,0.0%,0.0%,1.5%,0.0%,66.7%,6.1%,26.8%,0.0%,0.0%,0.3%,70.9%,28.0%,1.1%,0.0%,67.0%,29.0%,4.1%,0.0%,49.1%,50.9%,0.0%,0.0%
,,Employed part time do not want full time,68.5%,2.5%,29.0%,9.6%,90.4%,0.0%,0.0%,81.7%,18.3%,0.0%,0.0%,94.6%,5.4%,0.0%,0.0%,92.4%,7.6%,0.0%,0.0%,20.6%,74.0%,3.0%,0.0%,2.4%,0.0%,83.4%,16.6%,0.0%,0.0%,41.8%,45.6%,11.3%,1.3%,0.0%,0.0%,0.0%,68.2%,1.9%,29.8%,0.0%,0.0%,0.0%,65.1%,34.9%,0.0%,0.0%,42.4%,53.7%,3.9%,0.0%,48.3%,44.2%,7.4%,0.0%
,,Unemployed,83.3%,0.0%,16.7%,11.6%,88.4%,0.0%,0.0%,88.4%,11.6%,0.0%,0.0%,100.0%,0.0%,0.0%,0.0%,96.6%,3.4%,0.0%,0.0%,7.2%,76.3%,16.5%,0.0%,0.0%,0.0%,77.9%,22.1%,0.0%,0.0%,23.0%,41.8%,35.3%,0.0%,0.0%,0.0%,0.0%,46.4%,39.4%,14.2%,0.0%,0.0%,0.0%,0.0%,0.0%,0.0%,0.0%,0.0%,0.0%,0.0%,0.0%,0.0%,0.0%,0.0%,0.0%
,,Employed part time want full time,51.1%,14.8%,34.1%,18.6%,81.4%,0.0%,0.0%,79.5%,13.0%,7.5%,0.0%,70.8%,19.7%,9.4%,0.0%,95.3%,4.7%,0.0%,0.0%,15.9%,81.9%,2.1%,0.0%,0.0%,0.0%,75.5%,24.5%,0.0%,0.0%,37.5%,35.6%,18.5%,0.0%,8.4%,0.0%,0.0%,66.7%,24.6%,8.7%,0.0%,0.0%,0.0%,60.6%,37.2%,2.1%,0.0%,39.0%,58.0%,3.0%,0.0%,41.6%,58.4%,0.0%,0.0%
,,Out of workforce,59.0%,3.3%,37.8%,16.1%,83.9%,0.0%,0.0%,86.2%,10.4%,3.4%,0.0%,84.5%,15.5%,0.0%,0.0%,98.6%,1.4%,0.0%,0.0%,10.8%,86.1%,2.2%,0.0%,0.8%,0.0%,87.1%,12.7%,0.2%,0.0%,48.0%,36.4%,12.5%,0.5%,0.5%,1.2%,0.8%,72.3%,7.4%,20.1%,0.0%,0.3%,0.0%,0.0%,0.0%,0.0%,0.0%,0.0%,0.0%,0.0%,0.0%,0.0%,0.0%,0.0%,0.0%
,Per Capita Income Quintiles,Poorest 20%,71.9%,3.5%,24.6%,15.2%,83.7%,1.1%,0.0%,80.8%,14.4%,4.8%,0.0%,80.9%,16.6%,2.5%,0.0%,94.8%,5.2%,0.0%,0.0%,6.7%,86.4%,4.9%,0.0%,2.1%,0.0%,77.6%,22.4%,0.0%,0.0%,44.5%,40.3%,12.0%,0.8%,0.0%,2.3%,0.0%,76.2%,4.7%,19.0%,0.0%,0.0%,0.2%,57.7%,41.8%,0.6%,0.0%,49.9%,46.8%,3.3%,0.0%,29.7%,67.6%,2.7%,0.0%
,,Second 20%,55.7%,4.1%,40.2%,11.3%,88.7%,0.0%,0.0%,89.2%,8.3%,2.5%,0.0%,82.2%,16.4%,1.4%,0.0%,96.8%,3.2%,0.0%,0.0%,11.9%,84.4%,3.6%,0.0%,0.0%,0.0%,84.8%,14.2%,1.0%,0.0%,42.6%,42.9%,12.5%,0.7%,0.3%,1.0%,0.0%,65.6%,9.7%,24.4%,0.0%,0.3%,0.0%,58.6%,40.8%,0.7%,0.0%,64.0%,35.2%,0.0%,0.8%,48.2%,49.7%,2.1%,0.0%
,,Middle 20%,52.1%,2.8%,45.1%,8.6%,91.4%,0.0%,0.0%,89.6%,8.9%,1.4%,0.0%,74.1%,25.9%,0.0%,0.0%,97.2%,2.8%,0.0%,0.0%,10.5%,83.3%,5.9%,0.0%,0.3%,0.0%,86.3%,13.3%,0.4%,0.0%,48.0%,41.1%,10.0%,0.2%,0.6%,0.0%,0.0%,75.1%,6.8%,18.1%,0.0%,0.0%,0.0%,61.1%,37.6%,1.3%,0.0%,71.2%,27.0%,1.8%,0.0%,58.0%,42.0%,0.0%,0.0%
,,Fourth 20%,47.6%,5.0%,47.4%,8.0%,92.0%,0.0%,0.0%,91.4%,7.5%,1.1%,0.0%,85.6%,13.8%,0.6%,0.0%,92.9%,7.1%,0.0%,0.0%,16.3%,79.3%,4.4%,0.0%,0.0%,0.0%,85.3%,14.7%,0.0%,0.0%,46.5%,36.4%,15.4%,0.6%,1.1%,0.0%,0.0%,69.9%,13.9%,16.0%,0.0%,0.2%,0.0%,55.8%,40.7%,1.3%,2.2%,61.5%,36.2%,2.3%,0.0%,59.9%,39.7%,0.5%,0.0%
,,Richest 20%,53.3%,3.0%,43.8%,7.8%,91.9%,0.3%,0.0%,90.3%,9.5%,0.3%,0.0%,73.4%,26.3%,0.3%,0.0%,96.3%,3.7%,0.0%,0.0%,21.1%,71.1%,6.6%,0.0%,1.3%,0.0%,85.6%,14.4%,0.0%,0.0%,46.1%,42.3%,8.9%,0.0%,1.3%,0.0%,1.4%,70.2%,11.2%,18.4%,0.0%,0.2%,0.0%,59.6%,40.4%,0.0%,0.0%,55.1%,44.0%,0.9%,0.0%,69.4%,30.6%,0.0%,0.0%
,Feelings About Household Income,Living comfortably on present income,28.1%,0.0%,71.9%,1.7%,98.3%,0.0%,0.0%,90.7%,7.4%,1.9%,0.0%,83.6%,16.4%,0.0%,0.0%,96.8%,3.2%,0.0%,0.0%,14.1%,81.8%,1.9%,0.0%,2.1%,0.0%,94.9%,5.1%,0.0%,0.0%,42.6%,42.7%,14.5%,0.0%,0.0%,0.0%,0.2%,72.2%,15.5%,12.3%,0.0%,0.0%,0.0%,72.1%,27.9%,0.0%,0.0%,65.6%,34.4%,0.0%,0.0%,72.7%,27.3%,0.0%,0.0%
,,Getting by on present income,56.5%,2.6%,40.9%,8.2%,91.4%,0.4%,0.0%,90.0%,8.4%,1.6%,0.0%,80.0%,18.8%,1.3%,0.0%,97.3%,2.7%,0.0%,0.0%,12.8%,81.9%,4.8%,0.0%,0.4%,0.0%,87.7%,12.1%,0.3%,0.0%,46.5%,39.3%,12.1%,0.6%,0.6%,0.6%,0.3%,71.5%,8.4%,19.9%,0.0%,0.1%,0.0%,60.5%,37.9%,1.0%,0.6%,62.1%,36.1%,1.7%,0.2%,54.3%,44.6%,1.2%,0.0%
,,Finding it difficult on present income,81.2%,10.5%,8.3%,32.1%,67.9%,0.0%,0.0%,78.3%,17.0%,4.7%,0.0%,67.3%,32.7%,0.0%,0.0%,84.8%,15.2%,0.0%,0.0%,14.2%,73.8%,10.8%,0.0%,1.3%,0.0%,49.3%,50.7%,0.0%,0.0%,46.1%,45.3%,5.6%,0.0%,1.2%,1.7%,0.0%,68.3%,9.5%,22.2%,0.0%,0.0%,0.0%,33.8%,66.2%,0.0%,0.0%,43.4%,53.5%,3.2%,0.0%,37.1%,62.9%,0.0%,0.0%
,,Finding it very difficult on present income,77.0%,23.0%,0.0%,31.0%,69.0%,0.0%,0.0%,83.8%,16.2%,0.0%,0.0%,76.0%,24.0%,0.0%,0.0%,84.3%,15.7%,0.0%,0.0%,40.4%,49.0%,10.5%,0.0%,0.0%,0.0%,33.7%,60.9%,5.4%,0.0%,18.6%,52.2%,16.8%,0.0%,7.0%,5.4%,0.0%,78.8%,5.3%,10.5%,0.0%,5.4%,0.0%,34.2%,65.8%,0.0%,0.0%,34.2%,65.8%,0.0%,0.0%,54.5%,45.5%,0.0%,0.0%
,Urban/Rural,A rural area or on a farm,57.7%,5.7%,36.6%,15.8%,82.9%,1.3%,0.0%,83.5%,14.0%,2.5%,0.0%,83.8%,16.2%,0.0%,0.0%,96.5%,3.5%,0.0%,0.0%,6.5%,92.5%,1.1%,0.0%,0.0%,0.0%,80.0%,20.0%,0.0%,0.0%,40.1%,45.9%,8.7%,2.4%,0.0%,2.9%,0.0%,79.0%,6.2%,14.8%,0.0%,0.0%,0.0%,67.3%,32.7%,0.0%,0.0%,63.8%,36.2%,0.0%,0.0%,56.5%,43.5%,0.0%,0.0%
,,A small town or villAge,55.4%,2.9%,41.7%,10.4%,88.9%,0.6%,0.0%,88.8%,8.0%,3.2%,0.0%,79.7%,18.8%,1.5%,0.0%,97.8%,2.2%,0.0%,0.0%,10.7%,84.2%,3.5%,0.0%,1.6%,0.0%,86.1%,13.9%,0.0%,0.0%,44.9%,40.8%,12.4%,0.3%,1.5%,0.1%,0.0%,71.8%,11.0%,17.1%,0.0%,0.1%,0.0%,55.5%,44.0%,0.5%,0.0%,61.5%,36.0%,2.5%,0.0%,49.2%,48.4%,2.4%,0.0%
,,A large city,54.2%,4.0%,41.7%,10.0%,90.0%,0.0%,0.0%,87.5%,11.7%,0.8%,0.0%,78.1%,21.5%,0.4%,0.0%,92.4%,7.6%,0.0%,0.0%,15.5%,78.7%,5.3%,0.0%,0.5%,0.0%,86.6%,12.9%,0.5%,0.0%,43.5%,40.1%,14.1%,0.5%,0.4%,0.5%,0.9%,67.8%,9.4%,22.6%,0.0%,0.1%,0.1%,58.8%,40.7%,0.5%,0.0%,60.3%,38.2%,1.5%,0.0%,60.6%,39.4%,0.0%,0.0%
,,A suburb of a large city,57.5%,3.7%,38.9%,9.0%,91.0%,0.0%,0.0%,89.6%,8.6%,1.9%,0.0%,79.2%,19.6%,1.2%,0.0%,96.7%,3.3%,0.0%,0.0%,15.3%,77.1%,7.6%,0.0%,0.0%,0.0%,78.7%,21.0%,0.3%,0.0%,50.0%,40.0%,8.6%,0.3%,0.0%,1.2%,0.0%,74.0%,7.4%,18.4%,0.0%,0.2%,0.0%,60.5%,36.1%,1.6%,1.7%,59.0%,39.5%,1.0%,0.6%,54.0%,45.6%,0.4%,0.0%
Moldova,Age,15-24,39.0%,0.0%,61.0%,4.7%,95.3%,0.0%,0.0%,96.3%,3.5%,0.3%,0.0%,83.2%,16.8%,0.0%,0.0%,86.7%,13.3%,0.0%,0.0%,43.0%,53.6%,2.2%,0.0%,1.3%,0.0%,79.0%,20.6%,0.3%,0.0%,34.5%,55.7%,7.8%,0.0%,0.0%,2.1%,0.0%,55.2%,25.6%,18.7%,0.0%,0.5%,0.0%,91.3%,5.8%,2.4%,0.6%,79.2%,17.1%,2.4%,1.4%,64.6%,33.8%,0.2%,1.4%
,,25-34,54.7%,2.6%,42.7%,15.2%,84.5%,0.3%,0.0%,85.7%,13.8%,0.5%,0.0%,88.2%,11.2%,0.6%,0.0%,80.1%,17.2%,2.7%,0.0%,16.9%,78.7%,4.3%,0.0%,0.1%,0.0%,68.4%,28.6%,3.0%,0.0%,20.1%,70.1%,8.4%,0.8%,0.0%,0.6%,0.0%,39.4%,39.0%,17.1%,0.6%,3.9%,0.0%,89.8%,8.8%,1.4%,0.0%,83.7%,14.4%,1.9%,0.0%,54.0%,42.3%,3.6%,0.0%
,,35-44,60.9%,8.3%,30.8%,21.5%,78.5%,0.0%,0.0%,78.5%,20.2%,1.1%,0.2%,89.2%,10.3%,0.5%,0.0%,68.9%,26.7%,4.2%,0.1%,8.3%,88.0%,3.1%,0.3%,0.2%,0.0%,71.2%,23.5%,5.3%,0.0%,21.3%,66.3%,12.0%,0.0%,0.0%,0.2%,0.1%,37.4%,28.5%,32.5%,0.0%,1.6%,0.0%,88.5%,10.6%,0.9%,0.0%,80.2%,16.0%,3.6%,0.2%,60.9%,39.1%,0.0%,0.0%
,,45-64,59.8%,16.1%,24.1%,37.6%,61.4%,1.0%,0.0%,87.2%,12.1%,0.2%,0.5%,86.1%,13.0%,0.9%,0.0%,74.7%,22.1%,3.3%,0.0%,9.9%,88.9%,1.3%,0.0%,0.0%,0.0%,70.6%,23.8%,5.5%,0.1%,13.0%,71.7%,14.8%,0.1%,0.0%,0.5%,0.0%,36.6%,32.8%,29.1%,0.2%,1.3%,0.0%,86.8%,11.9%,0.2%,1.1%,81.7%,14.5%,3.8%,0.0%,44.6%,52.6%,2.8%,0.0%
,,65+,63.3%,23.6%,13.1%,61.9%,35.3%,2.8%,0.0%,86.7%,13.3%,0.0%,0.0%,80.3%,13.1%,6.7%,0.0%,80.5%,14.6%,4.9%,0.0%,17.1%,78.6%,1.2%,0.0%,3.0%,0.0%,59.8%,29.5%,9.9%,0.9%,10.7%,57.5%,23.7%,1.7%,1.0%,5.4%,0.0%,22.5%,35.2%,41.9%,0.0%,0.4%,0.0%,83.9%,6.8%,9.3%,0.0%,62.8%,26.5%,10.7%,0.0%,48.6%,51.4%,0.0%,0.0%
,Gender,Male,57.4%,8.1%,34.6%,25.8%,73.7%,0.6%,0.0%,86.3%,13.3%,0.3%,0.0%,87.4%,11.6%,0.9%,0.0%,82.8%,16.0%,1.2%,0.0%,19.6%,76.7%,3.0%,0.1%,0.6%,0.0%,75.3%,21.0%,3.7%,0.0%,17.7%,69.1%,11.1%,0.8%,0.2%,1.0%,0.1%,42.7%,30.2%,24.8%,0.0%,2.3%,0.0%,88.9%,10.1%,1.0%,0.0%,80.2%,17.4%,2.1%,0.3%,59.9%,39.0%,0.9%,0.3%
,,Female,53.5%,10.1%,36.3%,26.8%,72.5%,0.7%,0.0%,87.3%,11.8%,0.5%,0.4%,84.9%,13.8%,1.3%,0.0%,73.1%,22.6%,4.3%,0.0%,15.9%,81.6%,1.9%,0.0%,0.5%,0.0%,66.9%,28.0%,5.0%,0.2%,21.0%,64.0%,13.6%,0.0%,0.0%,1.4%,0.0%,36.4%,34.2%,27.8%,0.4%,1.3%,0.0%,87.8%,8.9%,2.2%,1.0%,80.2%,14.3%,5.2%,0.3%,46.3%,50.6%,2.9%,0.2%
,Employment Status,Employed full time for an employer,58.1%,7.7%,34.2%,17.2%,81.8%,1.0%,0.0%,90.8%,8.6%,0.5%,0.0%,87.4%,12.5%,0.1%,0.0%,85.1%,13.5%,1.3%,0.1%,20.1%,76.1%,3.4%,0.1%,0.4%,0.0%,75.8%,21.8%,2.3%,0.1%,17.2%,68.9%,11.6%,0.7%,0.3%,1.4%,0.0%,43.9%,32.4%,22.6%,0.0%,1.1%,0.0%,90.7%,8.3%,1.0%,0.0%,85.0%,11.6%,3.4%,0.1%,55.8%,42.2%,2.1%,0.0%
,,Employed full time for self,60.4%,2.4%,37.2%,18.2%,81.8%,0.0%,0.0%,88.6%,11.4%,0.0%,0.0%,87.5%,10.1%,2.4%,0.0%,85.6%,12.2%,2.2%,0.0%,16.5%,81.1%,2.4%,0.0%,0.0%,0.0%,78.4%,19.8%,1.8%,0.0%,22.0%,67.2%,10.5%,0.1%,0.0%,0.2%,0.0%,38.9%,28.2%,29.8%,0.8%,2.3%,0.0%,88.7%,9.5%,0.3%,1.5%,84.6%,14.3%,0.8%,0.3%,52.9%,46.0%,0.8%,0.3%
,,Employed part time do not want full time,50.7%,17.3%,32.0%,27.0%,73.0%,0.0%,0.0%,83.7%,15.5%,0.0%,0.8%,91.8%,8.2%,0.0%,0.0%,70.5%,25.9%,3.6%,0.0%,19.9%,72.4%,7.7%,0.0%,0.0%,0.0%,69.0%,20.2%,9.0%,1.7%,18.2%,54.3%,27.5%,0.0%,0.0%,0.0%,0.0%,30.6%,38.3%,31.1%,0.0%,0.0%,0.0%,93.3%,6.1%,0.5%,0.0%,74.9%,21.0%,4.1%,0.0%,45.4%,52.4%,2.2%,0.0%
,,Unemployed,76.0%,3.9%,20.1%,34.7%,65.3%,0.0%,0.0%,74.2%,23.2%,2.6%,0.0%,76.5%,23.5%,0.0%,0.0%,46.7%,49.2%,4.1%,0.0%,24.0%,72.9%,0.0%,0.0%,3.1%,0.0%,58.7%,39.2%,2.1%,0.0%,20.6%,71.9%,7.5%,0.0%,0.0%,0.0%,0.0%,36.5%,40.7%,17.8%,0.0%,5.0%,0.0%,0.0%,0.0%,0.0%,0.0%,0.0%,0.0%,0.0%,0.0%,0.0%,0.0%,0.0%,0.0%
,,Employed part time want full time,49.0%,14.1%,36.9%,36.2%,62.8%,1.0%,0.0%,83.0%,17.0%,0.0%,0.0%,80.9%,12.5%,6.7%,0.0%,76.0%,23.1%,0.9%,0.0%,21.3%,75.5%,2.7%,0.5%,0.0%,0.0%,61.1%,27.2%,11.7%,0.0%,23.8%,64.7%,10.0%,0.0%,0.0%,1.4%,0.0%,40.5%,30.0%,28.0%,0.0%,1.5%,0.0%,76.2%,16.7%,7.1%,0.0%,55.3%,33.4%,10.2%,1.1%,53.7%,42.2%,2.9%,1.1%
,,Out of workforce,48.0%,12.8%,39.2%,32.8%,66.4%,0.9%,0.0%,86.8%,12.5%,0.2%,0.5%,86.6%,12.8%,0.7%,0.0%,75.6%,20.1%,4.3%,0.0%,14.2%,83.7%,1.5%,0.0%,0.6%,0.0%,68.0%,26.5%,5.5%,0.0%,19.3%,64.9%,13.5%,0.4%,0.0%,1.9%,0.1%,37.7%,32.3%,28.3%,0.2%,1.5%,0.0%,0.0%,0.0%,0.0%,0.0%,0.0%,0.0%,0.0%,0.0%,0.0%,0.0%,0.0%,0.0%
,Per Capita Income Quintiles,Poorest 20%,62.9%,13.3%,23.8%,43.4%,56.5%,0.2%,0.0%,71.1%,26.3%,1.7%,0.9%,82.3%,16.2%,1.5%,0.0%,65.2%,26.9%,7.7%,0.1%,9.1%,89.7%,1.0%,0.2%,0.0%,0.0%,64.7%,30.3%,4.9%,0.1%,13.4%,70.1%,14.6%,0.2%,0.5%,1.2%,0.0%,46.7%,26.0%,26.9%,0.4%,0.0%,0.0%,80.6%,11.7%,5.4%,2.4%,62.2%,34.5%,3.0%,0.3%,58.4%,41.6%,0.0%,0.0%
,,Second 20%,65.3%,8.1%,26.6%,30.4%,67.9%,1.7%,0.0%,84.8%,15.2%,0.0%,0.0%,87.8%,9.5%,2.7%,0.0%,75.7%,20.0%,4.3%,0.0%,11.5%,86.4%,0.7%,0.0%,1.4%,0.0%,73.5%,17.2%,8.8%,0.4%,8.5%,78.2%,11.5%,0.0%,0.0%,1.7%,0.0%,39.5%,30.3%,30.1%,0.0%,0.2%,0.0%,85.2%,12.5%,1.8%,0.5%,79.7%,14.7%,5.0%,0.5%,40.5%,55.5%,3.5%,0.5%
,,Middle 20%,52.7%,11.3%,36.0%,27.5%,72.4%,0.2%,0.0%,88.1%,11.8%,0.1%,0.0%,88.8%,9.7%,1.4%,0.0%,80.0%,20.0%,0.0%,0.0%,20.8%,75.8%,3.1%,0.1%,0.1%,0.0%,67.3%,27.0%,5.7%,0.0%,20.6%,62.6%,15.6%,0.9%,0.0%,0.3%,0.0%,34.5%,31.1%,29.3%,0.0%,5.1%,0.0%,85.4%,14.6%,0.0%,0.0%,79.1%,17.0%,3.1%,0.8%,51.4%,47.5%,0.4%,0.8%
,,Fourth 20%,57.7%,6.8%,35.5%,17.1%,81.7%,1.2%,0.0%,96.5%,3.5%,0.0%,0.0%,87.8%,12.2%,0.0%,0.0%,82.8%,15.6%,1.6%,0.0%,16.4%,80.5%,1.8%,0.0%,1.3%,0.0%,69.3%,29.8%,0.9%,0.0%,23.8%,62.3%,12.8%,0.0%,0.0%,1.0%,0.1%,37.6%,35.9%,23.8%,0.7%,2.1%,0.0%,93.6%,6.2%,0.2%,0.0%,87.2%,9.3%,3.6%,0.0%,53.7%,44.3%,2.0%,0.0%
,,Richest 20%,39.4%,7.2%,53.4%,13.2%,86.7%,0.1%,0.0%,93.8%,5.8%,0.2%,0.2%,83.5%,16.4%,0.1%,0.0%,83.7%,15.5%,0.8%,0.0%,30.1%,64.5%,5.4%,0.0%,0.0%,0.0%,78.6%,19.7%,1.7%,0.0%,31.3%,58.4%,7.8%,0.7%,0.0%,1.8%,0.0%,38.3%,38.7%,21.9%,0.0%,1.1%,0.0%,93.6%,5.1%,1.3%,0.0%,86.5%,10.6%,2.9%,0.0%,63.2%,34.4%,2.4%,0.0%
,Feelings About Household Income,Living comfortably on present income,33.1%,2.2%,64.7%,12.7%,87.2%,0.1%,0.0%,96.4%,3.6%,0.0%,0.0%,84.2%,15.7%,0.1%,0.0%,90.0%,10.0%,0.0%,0.0%,31.3%,63.6%,4.1%,0.0%,1.0%,0.0%,79.2%,18.7%,2.1%,0.0%,28.2%,57.2%,13.7%,0.6%,0.0%,0.3%,0.0%,42.3%,38.9%,18.4%,0.0%,0.4%,0.0%,90.7%,8.9%,0.0%,0.4%,85.7%,11.4%,2.5%,0.4%,61.3%,37.6%,0.7%,0.4%
,,Getting by on present income,63.2%,8.3%,28.5%,23.2%,76.2%,0.5%,0.0%,89.6%,9.6%,0.7%,0.1%,88.8%,10.9%,0.3%,0.0%,81.2%,15.2%,3.6%,0.0%,16.3%,81.4%,1.9%,0.1%,0.3%,0.0%,72.2%,24.6%,3.2%,0.0%,21.7%,67.7%,9.1%,0.1%,0.0%,1.4%,0.1%,35.0%,34.4%,28.4%,0.3%,2.0%,0.0%,90.6%,6.5%,2.1%,0.8%,80.9%,14.3%,4.4%,0.3%,50.9%,45.9%,2.9%,0.3%
,,Finding it difficult on present income,59.0%,18.2%,22.8%,39.5%,59.1%,1.4%,0.0%,77.0%,22.2%,0.0%,0.9%,84.7%,11.8%,3.5%,0.0%,66.0%,29.9%,4.0%,0.1%,9.5%,86.5%,2.9%,0.0%,1.1%,0.0%,63.8%,28.8%,6.9%,0.5%,9.5%,75.5%,13.0%,0.8%,0.0%,1.3%,0.0%,42.7%,24.9%,29.4%,0.0%,3.1%,0.0%,81.7%,15.4%,2.9%,0.0%,76.1%,20.5%,3.2%,0.2%,52.4%,46.1%,1.5%,0.0%
,,Finding it very difficult on present income,72.3%,13.8%,13.9%,41.5%,57.3%,1.2%,0.0%,72.1%,26.9%,1.0%,0.0%,81.2%,16.2%,2.6%,0.0%,56.8%,39.4%,3.8%,0.0%,8.5%,91.5%,0.0%,0.0%,0.0%,0.0%,55.3%,33.1%,11.6%,0.0%,11.8%,59.6%,24.7%,0.5%,1.0%,2.5%,0.0%,45.3%,27.4%,25.7%,0.8%,0.7%,0.0%,80.9%,19.1%,0.0%,0.0%,63.6%,34.7%,1.6%,0.0%,52.9%,47.1%,0.0%,0.0%
,Urban/Rural,A rural area or on a farm,55.4%,10.9%,33.8%,30.4%,68.4%,1.2%,0.0%,85.8%,13.3%,0.0%,0.9%,91.4%,8.6%,0.0%,0.0%,71.4%,23.8%,4.7%,0.0%,18.5%,80.7%,0.8%,0.0%,0.0%,0.0%,63.1%,31.0%,5.5%,0.4%,12.5%,70.0%,16.1%,0.0%,0.0%,1.3%,0.0%,37.3%,36.6%,24.8%,0.0%,1.3%,0.0%,87.7%,12.3%,0.0%,0.0%,84.5%,13.6%,1.9%,0.0%,44.2%,55.2%,0.6%,0.0%
,,A small town or villAge,58.4%,9.5%,32.1%,28.3%,71.2%,0.5%,0.0%,87.5%,11.8%,0.6%,0.0%,86.1%,12.3%,1.7%,0.0%,78.8%,18.4%,2.7%,0.0%,12.7%,84.0%,2.3%,0.0%,1.0%,0.0%,72.1%,23.0%,4.9%,0.1%,17.0%,70.3%,10.6%,0.6%,0.2%,1.4%,0.0%,41.9%,26.6%,28.9%,0.3%,2.3%,0.0%,88.2%,8.2%,2.9%,0.7%,77.1%,17.8%,5.1%,0.0%,50.5%,46.7%,2.8%,0.0%
,,A large city,50.7%,7.0%,42.3%,21.5%,78.2%,0.3%,0.0%,90.8%,8.6%,0.5%,0.2%,81.8%,17.3%,0.9%,0.0%,80.1%,19.1%,0.7%,0.1%,29.5%,65.9%,4.0%,0.3%,0.4%,0.0%,70.5%,26.9%,2.6%,0.0%,27.1%,60.6%,10.8%,0.3%,0.0%,1.2%,0.0%,38.3%,42.4%,17.7%,0.4%,1.2%,0.0%,90.1%,9.1%,0.3%,0.5%,83.0%,13.8%,1.8%,1.4%,65.7%,31.7%,1.4%,1.2%
,,A suburb of a large city,48.4%,9.6%,42.0%,17.4%,81.4%,1.2%,0.0%,76.0%,24.0%,0.0%,0.0%,84.1%,14.5%,1.4%,0.0%,77.6%,17.9%,4.6%,0.0%,14.9%,82.2%,2.9%,0.0%,0.0%,0.0%,80.2%,16.1%,3.7%,0.0%,31.8%,49.1%,18.8%,0.0%,0.0%,0.0%,0.3%,31.5%,31.8%,36.4%,0.0%,0.3%,0.0%,87.8%,11.5%,0.8%,0.0%,80.9%,16.7%,2.3%,0.0%,66.4%,33.6%,0.0%,0.0%
Russia,Age,15-24,53.8%,4.1%,42.0%,14.0%,86.0%,0.0%,0.0%,91.8%,8.2%,0.0%,0.0%,75.4%,24.6%,0.0%,0.0%,76.3%,23.7%,0.0%,0.0%,33.9%,64.4%,1.0%,0.7%,0.0%,0.0%,68.8%,31.2%,0.0%,0.0%,26.1%,64.4%,8.6%,0.8%,0.0%,0.0%,0.0%,47.5%,45.9%,4.8%,0.9%,0.9%,0.0%,75.5%,24.5%,0.0%,0.0%,59.1%,40.9%,0.0%,0.0%,69.1%,29.5%,1.5%,0.0%
,,25-34,57.3%,8.2%,34.5%,15.7%,84.3%,0.0%,0.0%,87.3%,12.6%,0.0%,0.1%,75.8%,24.2%,0.0%,0.0%,64.7%,35.3%,0.0%,0.0%,24.1%,73.6%,2.2%,0.0%,0.1%,0.0%,63.5%,35.7%,0.6%,0.2%,20.2%,73.3%,5.4%,0.9%,0.0%,0.1%,0.0%,49.5%,44.7%,5.3%,0.2%,0.2%,0.0%,76.7%,23.2%,0.1%,0.0%,67.8%,31.4%,0.8%,0.0%,59.0%,40.9%,0.0%,0.1%
,,35-44,60.9%,12.9%,26.2%,23.3%,76.7%,0.0%,0.0%,83.9%,15.9%,0.2%,0.0%,78.1%,21.9%,0.0%,0.0%,69.8%,30.0%,0.2%,0.0%,14.5%,82.3%,2.6%,0.2%,0.4%,0.0%,59.9%,37.0%,3.1%,0.0%,14.8%,79.0%,5.5%,0.6%,0.0%,0.1%,0.0%,41.6%,44.9%,12.7%,0.2%,0.4%,0.2%,81.8%,18.0%,0.1%,0.0%,80.0%,19.9%,0.2%,0.0%,56.7%,42.5%,0.8%,0.0%
,,45-64,56.7%,25.5%,17.7%,33.6%,66.3%,0.1%,0.0%,89.3%,10.3%,0.3%,0.0%,80.2%,19.8%,0.0%,0.0%,71.1%,28.6%,0.2%,0.0%,17.7%,80.0%,1.4%,0.8%,0.1%,0.0%,62.3%,35.1%,1.9%,0.7%,16.1%,75.7%,7.1%,0.1%,0.0%,1.0%,0.1%,39.6%,44.3%,16.0%,0.0%,0.1%,0.0%,79.7%,19.0%,0.9%,0.4%,75.6%,24.4%,0.0%,0.0%,48.5%,50.3%,1.2%,0.0%
,,65+,52.0%,27.2%,20.9%,59.1%,40.0%,0.9%,0.0%,89.6%,10.4%,0.0%,0.0%,81.4%,18.6%,0.0%,0.0%,71.0%,28.4%,0.6%,0.0%,11.9%,86.2%,1.9%,0.0%,0.0%,0.0%,59.3%,32.6%,8.2%,0.0%,12.8%,73.6%,13.1%,0.0%,0.0%,0.5%,0.0%,42.1%,41.3%,15.8%,0.0%,0.9%,0.0%,80.7%,19.3%,0.0%,0.0%,70.9%,29.1%,0.0%,0.0%,50.8%,49.2%,0.0%,0.0%
,Gender,Male,58.6%,17.0%,24.4%,22.5%,77.5%,0.0%,0.0%,87.9%,11.7%,0.3%,0.1%,81.3%,18.7%,0.0%,0.0%,70.3%,29.5%,0.2%,0.0%,23.4%,74.0%,1.8%,0.6%,0.2%,0.0%,61.8%,35.5%,2.1%,0.6%,22.0%,67.9%,8.7%,0.9%,0.0%,0.4%,0.0%,44.6%,43.4%,10.8%,0.5%,0.6%,0.1%,79.3%,20.1%,0.4%,0.2%,71.0%,28.6%,0.4%,0.0%,61.2%,37.7%,1.2%,0.0%
,,Female,54.6%,15.7%,29.6%,33.5%,66.2%,0.3%,0.0%,89.1%,10.9%,0.0%,0.0%,75.9%,24.1%,0.0%,0.0%,70.7%,29.1%,0.2%,0.0%,17.9%,80.1%,1.7%,0.3%,0.1%,0.0%,63.9%,33.5%,2.6%,0.0%,14.6%,78.2%,6.7%,0.0%,0.0%,0.5%,0.0%,42.6%,45.1%,12.0%,0.0%,0.2%,0.0%,78.2%,21.5%,0.3%,0.0%,73.6%,26.4%,0.0%,0.0%,47.9%,51.7%,0.3%,0.1%
,Employment Status,Employed full time for an employer,55.1%,16.5%,28.3%,17.3%,82.7%,0.0%,0.0%,89.9%,9.7%,0.3%,0.1%,78.2%,21.8%,0.0%,0.0%,70.4%,29.4%,0.2%,0.0%,24.8%,72.7%,1.7%,0.7%,0.1%,0.0%,62.8%,35.7%,1.4%,0.1%,18.1%,73.2%,7.5%,0.7%,0.0%,0.4%,0.0%,43.8%,44.4%,10.5%,0.6%,0.7%,0.1%,77.8%,21.9%,0.3%,0.0%,75.0%,24.9%,0.1%,0.0%,53.9%,45.7%,0.3%,0.0%
,,Employed full time for self,59.6%,14.9%,25.4%,28.8%,71.2%,0.0%,0.0%,91.2%,8.3%,0.5%,0.0%,79.1%,20.9%,0.0%,0.0%,70.1%,29.9%,0.0%,0.0%,24.0%,74.5%,1.3%,0.2%,0.0%,0.0%,67.4%,30.7%,1.9%,0.0%,20.6%,71.2%,7.5%,0.2%,0.0%,0.2%,0.2%,44.4%,45.5%,10.1%,0.0%,0.0%,0.0%,85.9%,13.1%,1.1%,0.0%,67.6%,31.7%,0.7%,0.0%,65.2%,34.8%,0.0%,0.0%
,,Employed part time do not want full time,50.7%,8.1%,41.2%,27.1%,71.7%,1.2%,0.0%,93.9%,6.1%,0.0%,0.0%,75.3%,24.7%,0.0%,0.0%,75.7%,24.3%,0.0%,0.0%,18.3%,74.1%,5.2%,1.6%,0.7%,0.0%,66.9%,28.3%,4.7%,0.0%,17.3%,64.9%,15.0%,2.3%,0.0%,0.4%,0.0%,47.3%,40.3%,11.5%,0.0%,0.9%,0.0%,79.7%,18.7%,0.0%,1.6%,70.6%,29.4%,0.0%,0.0%,47.1%,47.6%,5.2%,0.0%
,,Unemployed,63.3%,17.0%,19.7%,29.3%,70.7%,0.0%,0.0%,77.6%,22.4%,0.0%,0.0%,78.8%,21.2%,0.0%,0.0%,59.2%,40.8%,0.0%,0.0%,28.2%,71.8%,0.0%,0.0%,0.0%,0.0%,55.7%,43.9%,0.5%,0.0%,18.2%,77.6%,4.2%,0.0%,0.0%,0.0%,0.0%,43.5%,48.1%,8.4%,0.0%,0.0%,0.0%,0.0%,0.0%,0.0%,0.0%,0.0%,0.0%,0.0%,0.0%,0.0%,0.0%,0.0%,0.0%
,,Employed part time want full time,57.0%,16.3%,26.7%,23.9%,76.1%,0.0%,0.0%,82.0%,18.0%,0.0%,0.0%,76.0%,24.0%,0.0%,0.0%,65.9%,34.1%,0.0%,0.0%,18.8%,76.8%,4.4%,0.0%,0.0%,0.0%,53.1%,41.2%,1.9%,3.8%,16.9%,68.6%,14.5%,0.0%,0.0%,0.0%,0.0%,43.5%,45.6%,10.9%,0.0%,0.0%,0.0%,72.9%,26.8%,0.4%,0.0%,56.9%,43.1%,0.0%,0.0%,60.2%,37.6%,1.9%,0.4%
,,Out of workforce,56.0%,17.4%,26.6%,41.2%,58.5%,0.3%,0.0%,89.3%,10.7%,0.0%,0.0%,79.0%,21.0%,0.0%,0.0%,73.7%,26.0%,0.3%,0.0%,13.1%,85.0%,1.4%,0.2%,0.2%,0.0%,64.5%,31.5%,3.8%,0.2%,17.5%,75.0%,6.7%,0.1%,0.0%,0.7%,0.0%,42.6%,43.5%,13.6%,0.0%,0.3%,0.0%,0.0%,0.0%,0.0%,0.0%,0.0%,0.0%,0.0%,0.0%,0.0%,0.0%,0.0%,0.0%
,Per Capita Income Quintiles,Poorest 20%,61.7%,20.4%,17.9%,35.6%,64.4%,0.0%,0.0%,82.6%,17.4%,0.0%,0.0%,73.3%,26.7%,0.0%,0.0%,60.1%,39.8%,0.1%,0.0%,17.8%,81.0%,1.0%,0.1%,0.0%,0.0%,55.4%,41.2%,2.5%,0.8%,9.4%,81.4%,8.4%,0.0%,0.0%,0.9%,0.0%,37.2%,47.3%,14.7%,0.0%,0.8%,0.0%,69.2%,29.6%,1.2%,0.0%,68.8%,30.1%,1.1%,0.0%,50.1%,49.9%,0.0%,0.0%
,,Second 20%,57.8%,18.7%,23.5%,27.9%,72.0%,0.2%,0.0%,86.6%,13.1%,0.3%,0.0%,81.3%,18.7%,0.0%,0.0%,72.0%,27.8%,0.2%,0.0%,16.6%,81.0%,1.5%,0.7%,0.2%,0.0%,62.0%,34.0%,3.9%,0.0%,15.9%,78.7%,4.8%,0.3%,0.0%,0.2%,0.0%,42.4%,43.7%,13.5%,0.2%,0.2%,0.0%,76.3%,23.5%,0.1%,0.0%,72.3%,27.7%,0.0%,0.0%,59.1%,38.8%,2.1%,0.0%
,,Middle 20%,53.7%,20.1%,26.2%,31.2%,68.8%,0.0%,0.0%,87.5%,12.5%,0.0%,0.0%,76.8%,23.2%,0.0%,0.0%,66.6%,33.0%,0.4%,0.0%,15.6%,82.2%,1.5%,0.4%,0.3%,0.0%,57.7%,38.7%,3.2%,0.4%,15.4%,75.9%,7.7%,0.1%,0.0%,0.7%,0.1%,44.1%,44.3%,11.6%,0.0%,0.0%,0.0%,74.2%,24.1%,0.9%,0.7%,69.9%,30.1%,0.0%,0.0%,50.9%,48.8%,0.3%,0.0%
,,Fourth 20%,53.6%,14.0%,32.4%,27.7%,72.0%,0.3%,0.0%,92.7%,6.7%,0.4%,0.1%,81.1%,18.9%,0.0%,0.0%,78.6%,21.1%,0.2%,0.0%,19.3%,76.6%,3.5%,0.6%,0.0%,0.0%,70.8%,28.1%,1.0%,0.2%,21.8%,70.2%,6.4%,1.1%,0.0%,0.5%,0.0%,46.2%,42.6%,9.7%,0.8%,0.6%,0.1%,84.8%,15.2%,0.0%,0.0%,72.8%,27.2%,0.0%,0.0%,52.1%,46.9%,0.9%,0.0%
,,Richest 20%,55.3%,8.4%,36.3%,19.7%,79.9%,0.3%,0.0%,93.3%,6.7%,0.0%,0.0%,79.4%,20.6%,0.0%,0.0%,75.4%,24.5%,0.1%,0.0%,32.8%,65.5%,1.2%,0.4%,0.2%,0.0%,68.7%,30.2%,1.2%,0.0%,27.6%,60.9%,10.7%,0.8%,0.0%,0.0%,0.0%,47.8%,43.9%,7.6%,0.2%,0.6%,0.0%,84.9%,15.1%,0.0%,0.0%,74.8%,25.1%,0.1%,0.0%,62.6%,36.7%,0.6%,0.1%
,Feelings About Household Income,Living comfortably on present income,44.0%,2.6%,53.4%,16.3%,83.2%,0.5%,0.0%,92.6%,7.1%,0.3%,0.0%,83.7%,16.3%,0.0%,0.0%,88.2%,11.7%,0.1%,0.0%,21.6%,74.9%,3.0%,0.4%,0.1%,0.0%,78.2%,19.8%,2.0%,0.0%,22.4%,68.7%,8.4%,0.3%,0.0%,0.1%,0.1%,44.1%,45.6%,9.1%,0.4%,0.8%,0.0%,92.7%,7.3%,0.0%,0.0%,82.8%,17.1%,0.1%,0.0%,71.4%,27.7%,0.9%,0.0%
,,Getting by on present income,64.6%,13.4%,22.0%,28.2%,71.7%,0.1%,0.0%,92.8%,7.2%,0.1%,0.0%,80.4%,19.6%,0.0%,0.0%,71.0%,28.7%,0.3%,0.0%,21.0%,77.9%,1.0%,0.0%,0.1%,0.0%,61.9%,36.6%,1.3%,0.2%,16.9%,76.3%,5.3%,0.7%,0.0%,0.8%,0.0%,43.5%,44.0%,11.9%,0.2%,0.4%,0.1%,79.6%,20.4%,0.1%,0.0%,68.9%,30.8%,0.3%,0.0%,48.8%,50.5%,0.6%,0.1%
,,Finding it difficult on present income,57.1%,32.6%,10.2%,38.7%,61.3%,0.0%,0.0%,81.5%,18.2%,0.2%,0.1%,71.3%,28.7%,0.0%,0.0%,56.1%,43.6%,0.3%,0.0%,19.2%,77.8%,1.7%,1.2%,0.2%,0.0%,51.3%,43.8%,4.3%,0.6%,17.0%,73.2%,9.6%,0.2%,0.0%,0.0%,0.0%,39.6%,47.2%,13.0%,0.1%,0.0%,0.0%,62.9%,35.3%,1.2%,0.6%,65.3%,34.7%,0.0%,0.0%,48.8%,50.0%,1.3%,0.0%
,,Finding it very difficult on present income,53.3%,35.4%,11.3%,43.7%,56.3%,0.0%,0.0%,68.9%,31.1%,0.0%,0.0%,66.8%,33.2%,0.0%,0.0%,44.7%,55.3%,0.0%,0.0%,16.5%,82.7%,0.7%,0.0%,0.0%,0.0%,46.6%,49.5%,3.3%,0.6%,9.9%,76.8%,11.3%,0.4%,0.0%,1.7%,0.0%,56.0%,31.2%,11.7%,0.0%,1.1%,0.0%,65.3%,33.2%,1.5%,0.0%,69.9%,28.7%,1.5%,0.0%,52.9%,47.1%,0.0%,0.0%
,Urban/Rural,A rural area or on a farm,64.2%,18.8%,17.0%,30.7%,69.3%,0.0%,0.0%,89.2%,10.8%,0.0%,0.0%,79.8%,20.2%,0.0%,0.0%,67.4%,32.6%,0.0%,0.0%,13.8%,85.8%,0.0%,0.4%,0.0%,0.0%,62.4%,31.5%,5.3%,0.8%,11.3%,79.0%,8.6%,0.0%,0.0%,1.1%,0.0%,38.1%,48.6%,13.3%,0.0%,0.0%,0.0%,76.8%,22.5%,0.0%,0.7%,65.2%,34.8%,0.0%,0.0%,49.9%,48.9%,1.3%,0.0%
,,A small town or villAge,54.2%,17.1%,28.6%,29.9%,70.0%,0.1%,0.0%,87.0%,12.7%,0.2%,0.1%,78.7%,21.3%,0.0%,0.0%,72.3%,27.3%,0.5%,0.0%,17.1%,81.4%,1.3%,0.3%,0.0%,0.0%,60.4%,37.8%,1.7%,0.0%,18.9%,74.7%,6.0%,0.2%,0.0%,0.2%,0.1%,46.3%,41.6%,11.5%,0.1%,0.4%,0.1%,78.1%,21.5%,0.3%,0.0%,72.3%,27.7%,0.0%,0.0%,55.6%,44.0%,0.4%,0.0%
,,A large city,54.9%,13.9%,31.2%,25.7%,74.0%,0.3%,0.0%,89.9%,9.9%,0.2%,0.0%,78.1%,21.9%,0.0%,0.0%,70.4%,29.6%,0.1%,0.0%,26.0%,70.7%,2.6%,0.4%,0.3%,0.0%,65.8%,33.0%,0.9%,0.3%,20.7%,70.1%,8.3%,0.9%,0.0%,0.0%,0.0%,44.0%,44.8%,10.3%,0.5%,0.3%,0.0%,80.6%,18.7%,0.7%,0.0%,74.7%,24.7%,0.6%,0.0%,59.6%,39.7%,0.7%,0.1%
,,A suburb of a large city,55.4%,17.0%,27.6%,27.5%,72.5%,0.0%,0.0%,87.6%,12.4%,0.0%,0.0%,74.2%,25.8%,0.0%,0.0%,70.9%,29.1%,0.0%,0.0%,25.0%,68.9%,4.4%,1.1%,0.5%,0.0%,63.9%,33.9%,2.2%,0.0%,18.2%,69.0%,9.8%,0.5%,0.0%,2.5%,0.0%,39.9%,46.1%,11.7%,0.0%,2.3%,0.0%,77.8%,22.2%,0.0%,0.0%,74.9%,25.1%,0.0%,0.0%,51.0%,49.0%,0.0%,0.0%
Ukraine,Age,15-24,50.4%,4.1%,45.5%,14.6%,85.4%,0.0%,0.0%,96.9%,3.1%,0.0%,0.0%,82.3%,17.7%,0.0%,0.0%,77.0%,20.7%,2.4%,0.0%,45.0%,51.7%,3.2%,0.0%,0.0%,0.0%,72.2%,24.4%,1.9%,1.5%,24.1%,59.0%,10.6%,1.7%,0.0%,4.6%,0.0%,32.0%,50.9%,16.8%,0.0%,0.3%,0.0%,85.8%,14.2%,0.0%,0.0%,70.0%,28.7%,0.8%,0.5%,78.8%,17.9%,3.3%,0.0%
,,25-34,50.4%,4.9%,44.8%,17.9%,81.8%,0.1%,0.2%,82.7%,14.3%,3.0%,0.0%,76.8%,23.1%,0.2%,0.0%,69.6%,29.1%,1.3%,0.0%,38.9%,50.5%,10.0%,0.3%,0.2%,0.1%,67.5%,30.2%,2.3%,0.0%,23.4%,65.2%,4.5%,2.3%,1.0%,3.3%,0.3%,37.0%,41.8%,17.1%,0.2%,3.9%,0.0%,70.6%,23.6%,5.8%,0.0%,69.9%,29.3%,0.9%,0.0%,62.9%,36.6%,0.3%,0.2%
,,35-44,56.1%,12.4%,31.5%,27.7%,71.4%,0.9%,0.0%,90.3%,8.1%,1.3%,0.3%,74.3%,25.5%,0.1%,0.0%,63.8%,32.7%,3.4%,0.1%,32.3%,57.8%,7.1%,0.2%,2.7%,0.0%,60.3%,32.8%,6.1%,0.9%,18.1%,70.2%,6.1%,0.6%,0.4%,3.5%,1.0%,36.3%,41.0%,18.8%,1.2%,1.9%,0.9%,77.9%,19.5%,2.6%,0.0%,73.4%,19.2%,7.4%,0.0%,57.0%,40.8%,2.1%,0.0%
,,45-64,56.8%,26.5%,16.6%,41.6%,56.7%,1.2%,0.5%,82.6%,14.8%,2.6%,0.0%,80.0%,18.6%,1.4%,0.0%,62.9%,30.6%,6.5%,0.0%,22.5%,72.6%,3.3%,1.1%,0.5%,0.0%,61.2%,28.8%,10.0%,0.0%,12.1%,74.6%,6.9%,0.2%,1.5%,4.7%,0.0%,30.9%,38.9%,28.5%,0.0%,1.7%,0.0%,78.4%,19.3%,2.3%,0.0%,75.5%,20.4%,4.1%,0.0%,46.6%,50.0%,3.5%,0.0%
,,65+,47.0%,39.4%,13.6%,69.3%,28.3%,2.4%,0.0%,89.4%,10.6%,0.0%,0.0%,71.4%,28.6%,0.0%,0.0%,67.7%,27.2%,5.0%,0.0%,21.3%,70.6%,5.8%,0.0%,2.2%,0.0%,51.3%,35.3%,13.2%,0.2%,5.4%,66.8%,13.4%,2.1%,2.5%,9.8%,0.0%,29.4%,33.2%,34.2%,0.2%,3.1%,0.0%,74.7%,23.9%,1.4%,0.0%,73.1%,18.6%,8.3%,0.0%,45.0%,55.0%,0.0%,0.0%
,Gender,Male,51.2%,17.2%,31.6%,26.2%,72.8%,1.0%,0.1%,88.8%,9.6%,1.5%,0.1%,80.1%,19.7%,0.2%,0.0%,65.8%,30.0%,4.1%,0.0%,31.8%,58.2%,7.5%,0.6%,1.9%,0.0%,61.5%,32.7%,5.5%,0.4%,19.4%,65.1%,5.7%,1.2%,0.9%,7.2%,0.6%,36.6%,39.0%,20.2%,0.6%,3.2%,0.4%,76.3%,19.2%,4.5%,0.0%,73.4%,22.1%,4.4%,0.1%,65.2%,33.4%,1.4%,0.1%
,,Female,54.3%,18.9%,26.8%,42.7%,56.0%,1.1%,0.3%,85.5%,12.6%,1.8%,0.0%,75.0%,24.3%,0.7%,0.0%,67.7%,28.1%,4.2%,0.0%,29.0%,65.8%,4.3%,0.4%,0.5%,0.0%,62.4%,28.5%,8.7%,0.4%,13.3%,71.3%,9.4%,1.2%,1.4%,3.4%,0.0%,30.4%,41.2%,26.8%,0.0%,1.5%,0.0%,78.1%,20.9%,1.0%,0.0%,72.2%,24.0%,3.8%,0.0%,47.6%,49.4%,3.0%,0.0%
,Employment Status,Employed full time for an employer,52.4%,13.5%,34.1%,25.0%,73.8%,1.2%,0.0%,90.2%,8.6%,1.2%,0.0%,77.2%,22.7%,0.1%,0.0%,70.9%,25.4%,3.6%,0.1%,27.3%,62.4%,7.9%,0.5%,1.9%,0.1%,66.1%,27.8%,5.6%,0.5%,19.0%,69.1%,5.0%,1.6%,0.2%,5.1%,0.1%,32.6%,39.0%,24.2%,0.7%,2.9%,0.5%,77.2%,20.3%,2.5%,0.0%,75.7%,20.4%,3.8%,0.1%,56.5%,40.9%,2.5%,0.1%
,,Employed full time for self,49.8%,12.9%,37.3%,35.2%,64.8%,0.0%,0.0%,92.3%,3.1%,4.1%,0.6%,78.9%,21.1%,0.0%,0.0%,60.1%,36.9%,3.1%,0.0%,47.0%,49.0%,2.2%,1.8%,0.0%,0.0%,67.3%,27.1%,5.6%,0.0%,17.2%,68.6%,9.9%,0.0%,0.8%,3.4%,0.0%,45.3%,34.6%,17.2%,0.0%,2.9%,0.0%,73.7%,21.0%,5.4%,0.0%,68.3%,26.4%,5.3%,0.0%,69.9%,29.5%,0.6%,0.0%
,,Employed part time do not want full time,49.4%,14.8%,35.8%,20.6%,79.4%,0.0%,0.0%,91.5%,8.5%,0.0%,0.0%,87.1%,12.9%,0.0%,0.0%,82.8%,16.8%,0.4%,0.0%,36.6%,52.3%,7.1%,1.0%,3.0%,0.0%,78.1%,17.1%,4.9%,0.0%,9.0%,66.2%,9.6%,3.8%,2.9%,5.1%,3.5%,30.9%,48.6%,20.4%,0.0%,0.0%,0.0%,83.7%,15.0%,1.3%,0.0%,70.2%,28.8%,0.9%,0.0%,46.0%,50.2%,3.8%,0.0%
,,Unemployed,55.2%,21.4%,23.5%,30.3%,69.4%,0.4%,0.0%,81.4%,18.6%,0.0%,0.0%,83.6%,16.4%,0.0%,0.0%,65.6%,33.9%,0.5%,0.0%,30.4%,63.3%,3.9%,0.0%,2.4%,0.0%,71.6%,25.6%,2.7%,0.0%,19.5%,67.5%,8.4%,1.3%,0.0%,3.3%,0.0%,29.1%,48.6%,22.3%,0.0%,0.0%,0.0%,0.0%,0.0%,0.0%,0.0%,0.0%,0.0%,0.0%,0.0%,0.0%,0.0%,0.0%,0.0%
,,Employed part time want full time,63.1%,11.3%,25.5%,39.9%,60.1%,0.0%,0.0%,90.5%,9.5%,0.0%,0.0%,76.6%,23.4%,0.0%,0.0%,64.3%,35.7%,0.0%,0.0%,44.4%,54.1%,1.5%,0.0%,0.0%,0.0%,68.1%,28.0%,3.9%,0.0%,21.3%,64.7%,12.5%,0.0%,0.0%,1.5%,0.0%,33.5%,48.9%,17.5%,0.0%,0.0%,0.0%,75.6%,21.3%,3.1%,0.0%,64.7%,27.6%,7.7%,0.0%,49.1%,50.2%,0.7%,0.0%
,,Out of workforce,52.9%,25.4%,21.7%,48.3%,49.7%,1.5%,0.5%,82.2%,15.6%,2.2%,0.0%,74.3%,24.4%,1.3%,0.0%,63.0%,30.3%,6.7%,0.0%,25.5%,68.9%,5.2%,0.1%,0.3%,0.0%,52.0%,36.5%,10.9%,0.6%,12.3%,69.4%,8.9%,0.8%,2.3%,6.1%,0.1%,31.3%,39.1%,27.2%,0.1%,2.4%,0.0%,0.0%,0.0%,0.0%,0.0%,0.0%,0.0%,0.0%,0.0%,0.0%,0.0%,0.0%,0.0%
,Per Capita Income Quintiles,Poorest 20%,66.3%,19.0%,14.7%,37.6%,60.8%,1.5%,0.2%,86.5%,13.3%,0.0%,0.2%,76.3%,23.5%,0.2%,0.0%,58.3%,38.8%,2.9%,0.0%,25.1%,67.6%,6.0%,0.5%,0.9%,0.0%,61.2%,32.9%,5.9%,0.0%,18.2%,62.5%,12.5%,0.5%,0.0%,6.1%,0.2%,34.8%,46.9%,17.3%,0.1%,0.8%,0.0%,70.3%,27.5%,2.2%,0.0%,69.5%,23.2%,7.3%,0.0%,61.9%,36.1%,2.0%,0.0%
,,Second 20%,57.2%,24.7%,18.1%,50.8%,47.0%,1.4%,0.8%,87.5%,11.1%,1.4%,0.0%,72.1%,25.8%,2.1%,0.0%,64.7%,28.2%,7.1%,0.0%,25.7%,63.3%,8.4%,0.1%,2.4%,0.0%,62.4%,26.5%,10.0%,1.1%,8.0%,72.6%,8.3%,0.9%,2.3%,8.0%,0.0%,27.0%,41.1%,31.7%,0.0%,0.1%,0.0%,86.7%,12.8%,0.4%,0.0%,80.8%,13.6%,5.6%,0.0%,57.3%,41.2%,1.6%,0.0%
,,Middle 20%,45.6%,21.9%,32.5%,32.8%,65.7%,1.5%,0.0%,85.1%,12.9%,2.0%,0.0%,79.6%,20.4%,0.0%,0.0%,66.6%,27.3%,6.1%,0.0%,20.2%,73.7%,4.3%,0.9%,0.7%,0.1%,60.9%,28.8%,10.3%,0.0%,12.0%,73.4%,5.2%,1.6%,0.8%,6.9%,0.1%,30.1%,36.4%,28.6%,0.1%,4.8%,0.0%,77.5%,16.9%,5.5%,0.0%,72.9%,25.5%,1.6%,0.0%,57.3%,38.0%,4.7%,0.0%
,,Fourth 20%,50.8%,15.3%,33.8%,36.7%,63.3%,0.0%,0.0%,89.5%,8.5%,1.9%,0.1%,81.3%,18.6%,0.1%,0.0%,69.5%,28.2%,2.2%,0.1%,36.1%,58.1%,3.6%,0.8%,1.5%,0.0%,61.9%,33.9%,3.3%,0.8%,15.0%,71.3%,7.1%,0.7%,2.1%,3.8%,0.0%,33.9%,41.7%,19.6%,1.1%,3.0%,0.8%,74.6%,22.3%,3.1%,0.0%,63.1%,30.6%,6.3%,0.0%,52.0%,45.9%,1.9%,0.2%
,,Richest 20%,45.7%,11.4%,42.9%,20.3%,78.9%,0.8%,0.0%,86.0%,10.9%,3.0%,0.0%,76.6%,23.3%,0.1%,0.0%,75.4%,22.2%,2.4%,0.0%,43.5%,50.3%,6.2%,0.0%,0.0%,0.0%,63.7%,29.4%,7.0%,0.0%,26.4%,63.5%,5.8%,2.2%,0.8%,0.3%,1.0%,39.7%,35.2%,22.7%,0.0%,2.5%,0.0%,77.7%,19.3%,2.9%,0.0%,78.5%,20.4%,0.8%,0.2%,57.6%,41.5%,0.9%,0.0%
,Feelings About Household Income,Living comfortably on present income,42.5%,4.0%,53.5%,12.2%,87.6%,0.1%,0.0%,98.0%,1.9%,0.0%,0.2%,83.6%,16.3%,0.1%,0.0%,86.5%,11.1%,2.4%,0.0%,43.3%,49.3%,6.3%,1.1%,0.0%,0.0%,76.3%,21.0%,2.7%,0.0%,23.6%,64.9%,6.0%,1.9%,0.8%,2.8%,0.0%,38.8%,36.0%,24.3%,0.0%,0.9%,0.0%,89.1%,9.0%,1.9%,0.0%,79.1%,17.9%,3.1%,0.0%,67.1%,31.7%,1.2%,0.0%
,,Getting by on present income,55.1%,12.5%,32.4%,32.6%,65.7%,1.7%,0.0%,89.4%,8.0%,2.6%,0.0%,79.8%,20.1%,0.1%,0.0%,71.6%,25.0%,3.4%,0.0%,30.6%,63.9%,4.2%,0.2%,1.2%,0.0%,64.1%,28.5%,6.6%,0.8%,15.4%,70.1%,8.0%,0.3%,0.9%,4.8%,0.5%,32.4%,41.0%,22.7%,0.6%,3.0%,0.4%,79.1%,18.1%,2.8%,0.0%,71.7%,24.2%,4.0%,0.1%,54.1%,43.4%,2.5%,0.1%
,,Finding it difficult on present income,55.9%,33.6%,10.5%,53.5%,44.7%,1.2%,0.6%,77.6%,20.1%,2.2%,0.0%,71.1%,27.2%,1.6%,0.0%,52.0%,42.6%,5.4%,0.0%,20.5%,70.6%,6.6%,0.6%,1.7%,0.1%,48.5%,39.1%,12.4%,0.0%,9.6%,75.8%,7.2%,2.0%,1.4%,4.0%,0.0%,33.3%,36.5%,27.0%,0.1%,3.1%,0.0%,68.1%,28.3%,3.6%,0.0%,64.7%,29.7%,5.6%,0.0%,58.0%,40.2%,1.8%,0.0%
,,Finding it very difficult on present income,58.3%,36.0%,5.7%,51.2%,48.4%,0.0%,0.3%,76.6%,23.2%,0.0%,0.2%,71.4%,28.6%,0.0%,0.0%,51.5%,44.6%,3.9%,0.0%,27.2%,65.7%,7.1%,0.0%,0.0%,0.0%,54.6%,37.1%,7.9%,0.3%,17.3%,57.6%,11.2%,1.5%,2.7%,9.4%,0.3%,24.0%,53.2%,22.8%,0.0%,0.0%,0.0%,44.9%,49.4%,5.7%,0.0%,73.6%,20.8%,5.7%,0.0%,41.8%,58.2%,0.0%,0.0%
,Urban/Rural,A rural area or on a farm,47.1%,21.4%,31.5%,39.5%,58.8%,1.7%,0.0%,84.8%,12.7%,2.5%,0.0%,73.4%,25.3%,1.3%,0.0%,65.9%,29.9%,4.1%,0.0%,26.7%,65.5%,5.5%,0.6%,1.5%,0.1%,60.6%,28.7%,9.9%,0.7%,14.1%,74.6%,4.4%,0.3%,0.9%,5.7%,0.0%,30.6%,42.3%,24.4%,0.0%,2.0%,0.7%,72.6%,24.1%,3.3%,0.0%,74.1%,22.3%,3.6%,0.0%,49.1%,47.2%,3.6%,0.0%
,,A small town or villAge,51.7%,19.2%,29.1%,40.6%,57.9%,1.5%,0.0%,86.3%,12.5%,1.2%,0.1%,81.2%,18.8%,0.0%,0.0%,64.1%,28.8%,7.1%,0.0%,25.3%,65.9%,6.8%,0.8%,1.3%,0.0%,62.2%,30.8%,6.8%,0.1%,11.6%,68.6%,8.1%,2.6%,3.3%,5.7%,0.1%,34.6%,35.0%,29.9%,0.0%,0.5%,0.0%,84.1%,13.5%,2.4%,0.0%,69.2%,23.9%,6.7%,0.3%,67.5%,30.8%,1.8%,0.0%
,,A large city,54.7%,16.3%,29.0%,29.7%,69.4%,0.4%,0.5%,88.3%,10.4%,1.2%,0.1%,77.0%,22.6%,0.4%,0.0%,68.1%,29.2%,2.6%,0.1%,35.3%,58.4%,5.3%,0.2%,0.8%,0.0%,61.7%,31.9%,6.0%,0.4%,18.9%,65.5%,9.4%,0.8%,0.1%,4.7%,0.5%,33.7%,40.5%,21.6%,0.6%,3.6%,0.0%,74.8%,21.9%,3.2%,0.0%,72.7%,23.9%,3.4%,0.0%,55.6%,43.3%,1.0%,0.1%
,,A suburb of a large city,73.9%,16.9%,9.2%,45.9%,54.1%,0.0%,0.0%,87.5%,5.8%,6.7%,0.0%,75.1%,24.9%,0.0%,0.0%,76.9%,22.1%,1.0%,0.0%,28.9%,66.0%,5.1%,0.0%,0.0%,0.0%,73.8%,19.5%,6.7%,0.0%,25.6%,66.2%,8.1%,0.0%,0.0%,0.0%,0.0%,34.3%,57.9%,6.9%,0.0%,0.8%,0.0%,88.7%,11.3%,0.0%,0.0%,89.8%,10.2%,0.0%,0.0%,60.2%,31.7%,8.1%,0.0%
Zimbabwe,Age,15-24,72.5%,17.8%,9.7%,15.1%,84.9%,0.0%,0.0%,80.7%,19.2%,0.1%,0.0%,72.6%,26.7%,0.7%,0.0%,67.8%,31.8%,0.2%,0.2%,27.7%,60.7%,11.5%,0.0%,0.0%,0.0%,27.2%,72.8%,0.0%,0.0%,28.0%,31.1%,40.6%,0.2%,0.0%,0.0%,0.2%,36.2%,33.1%,30.5%,0.0%,0.2%,0.0%,51.9%,46.0%,2.1%,0.0%,52.5%,45.1%,1.4%,1.0%,76.0%,22.9%,1.1%,0.0%
,,25-34,62.3%,30.8%,6.9%,23.6%,76.4%,0.0%,0.0%,68.9%,31.1%,0.0%,0.0%,75.3%,24.2%,0.4%,0.0%,63.0%,37.0%,0.0%,0.0%,28.7%,61.0%,9.5%,0.8%,0.0%,0.0%,16.9%,82.0%,1.0%,0.0%,13.0%,50.4%,35.2%,0.0%,0.2%,1.2%,0.0%,38.6%,28.8%,32.6%,0.0%,0.0%,0.0%,53.2%,45.8%,1.0%,0.0%,47.7%,47.3%,4.3%,0.7%,71.8%,27.6%,0.6%,0.0%
,,35-44,60.3%,37.7%,2.0%,22.7%,77.3%,0.0%,0.0%,60.6%,39.4%,0.0%,0.0%,67.7%,29.7%,2.7%,0.0%,57.3%,40.5%,1.8%,0.4%,29.7%,64.5%,5.8%,0.0%,0.0%,0.0%,14.6%,83.2%,2.3%,0.0%,14.0%,53.7%,30.5%,1.8%,0.0%,0.0%,0.0%,37.1%,33.8%,29.1%,0.0%,0.0%,0.0%,50.0%,47.5%,2.6%,0.0%,57.6%,41.1%,1.4%,0.0%,70.8%,29.2%,0.0%,0.0%
,,45-64,53.5%,42.8%,3.7%,49.9%,50.1%,0.0%,0.0%,67.7%,32.3%,0.0%,0.0%,81.8%,18.2%,0.0%,0.0%,62.0%,38.0%,0.0%,0.0%,23.0%,67.7%,9.4%,0.0%,0.0%,0.0%,15.0%,85.0%,0.0%,0.0%,5.3%,51.8%,40.4%,2.0%,0.5%,0.0%,0.0%,27.3%,31.0%,41.1%,0.0%,0.5%,0.0%,77.7%,22.3%,0.0%,0.0%,78.8%,21.2%,0.0%,0.0%,60.7%,39.3%,0.0%,0.0%
,,65+,58.6%,36.5%,5.0%,77.7%,22.3%,0.0%,0.0%,85.9%,14.1%,0.0%,0.0%,70.1%,29.2%,0.7%,0.0%,66.8%,32.5%,0.7%,0.0%,18.5%,67.2%,14.3%,0.0%,0.0%,0.0%,29.9%,70.1%,0.0%,0.0%,0.0%,38.5%,61.5%,0.0%,0.0%,0.0%,0.0%,22.7%,32.4%,44.2%,0.0%,0.7%,0.0%,71.9%,28.1%,0.0%,0.0%,68.3%,31.7%,0.0%,0.0%,74.4%,25.6%,0.0%,0.0%
,Gender,Male,62.5%,32.3%,5.2%,22.6%,77.4%,0.0%,0.0%,75.4%,24.6%,0.0%,0.0%,75.6%,23.9%,0.5%,0.0%,65.2%,34.4%,0.2%,0.3%,29.6%,59.5%,10.9%,0.0%,0.0%,0.0%,17.0%,82.2%,0.8%,0.0%,18.0%,47.7%,34.1%,0.1%,0.1%,0.0%,0.0%,35.0%,32.1%,32.8%,0.0%,0.1%,0.0%,53.3%,45.0%,1.7%,0.0%,55.7%,43.2%,0.7%,0.4%,69.3%,30.4%,0.3%,0.0%
,,Female,65.0%,27.6%,7.4%,30.8%,69.2%,0.0%,0.0%,68.4%,31.6%,0.0%,0.0%,72.4%,26.4%,1.2%,0.0%,62.1%,37.3%,0.7%,0.0%,25.1%,65.9%,8.5%,0.4%,0.0%,0.0%,22.8%,76.6%,0.6%,0.0%,15.1%,41.4%,41.4%,1.2%,0.2%,0.6%,0.1%,35.1%,31.3%,33.3%,0.0%,0.3%,0.0%,61.5%,37.4%,1.0%,0.0%,59.0%,36.6%,3.8%,0.5%,72.6%,26.7%,0.7%,0.0%
,Employment Status,Employed full time for an employer,64.0%,33.0%,2.9%,21.1%,78.9%,0.0%,0.0%,82.2%,17.8%,0.0%,0.0%,74.3%,25.7%,0.0%,0.0%,58.2%,41.8%,0.0%,0.0%,25.7%,63.1%,11.1%,0.0%,0.0%,0.0%,19.2%,80.6%,0.1%,0.0%,13.2%,44.2%,42.6%,0.0%,0.0%,0.0%,0.0%,40.1%,30.4%,29.5%,0.0%,0.0%,0.0%,53.2%,46.8%,0.0%,0.0%,53.7%,42.2%,4.2%,0.0%,73.8%,26.2%,0.0%,0.0%
,,Employed full time for self,63.1%,32.9%,3.9%,18.7%,81.3%,0.0%,0.0%,64.0%,36.0%,0.0%,0.0%,76.3%,22.7%,1.0%,0.0%,58.4%,41.5%,0.1%,0.0%,23.4%,62.8%,13.8%,0.0%,0.0%,0.0%,13.5%,86.2%,0.3%,0.0%,15.5%,54.8%,29.2%,0.3%,0.2%,0.0%,0.0%,41.7%,27.0%,31.3%,0.0%,0.0%,0.0%,54.8%,43.1%,2.1%,0.0%,58.3%,39.8%,1.3%,0.6%,63.2%,36.3%,0.5%,0.0%
,,Employed part time do not want full time,47.6%,40.1%,12.3%,50.2%,49.8%,0.0%,0.0%,92.2%,7.8%,0.0%,0.0%,82.1%,17.9%,0.0%,0.0%,74.0%,24.2%,0.0%,1.9%,27.1%,59.4%,8.2%,5.3%,0.0%,0.0%,29.9%,70.1%,0.0%,0.0%,14.3%,43.6%,42.0%,0.0%,0.0%,0.0%,0.0%,32.2%,24.8%,43.1%,0.0%,0.0%,0.0%,68.1%,30.0%,1.9%,0.0%,64.6%,33.5%,1.9%,0.0%,75.4%,22.7%,1.9%,0.0%
,,Unemployed,65.5%,26.0%,8.5%,23.3%,76.7%,0.0%,0.0%,70.7%,29.2%,0.1%,0.0%,61.9%,38.1%,0.0%,0.0%,59.0%,41.0%,0.0%,0.0%,29.1%,60.0%,10.9%,0.0%,0.0%,0.0%,17.5%,79.5%,3.1%,0.0%,9.6%,40.9%,49.5%,0.0%,0.0%,0.0%,0.0%,29.0%,28.6%,42.4%,0.0%,0.0%,0.0%,0.0%,0.0%,0.0%,0.0%,0.0%,0.0%,0.0%,0.0%,0.0%,0.0%,0.0%,0.0%
,,Employed part time want full time,70.7%,25.5%,3.9%,33.3%,66.7%,0.0%,0.0%,77.9%,22.1%,0.0%,0.0%,81.4%,17.5%,1.0%,0.0%,64.4%,35.0%,0.2%,0.4%,32.5%,61.0%,6.5%,0.0%,0.0%,0.0%,17.0%,81.7%,1.3%,0.0%,13.7%,41.9%,40.2%,2.1%,0.0%,2.1%,0.0%,33.3%,36.5%,30.0%,0.0%,0.2%,0.0%,59.3%,39.2%,1.5%,0.0%,56.2%,41.7%,1.4%,0.8%,77.4%,22.1%,0.4%,0.0%
,,Out of workforce,62.4%,28.8%,8.7%,30.0%,70.0%,0.0%,0.0%,67.9%,32.1%,0.0%,0.0%,72.8%,25.8%,1.5%,0.0%,68.9%,29.9%,1.1%,0.0%,27.0%,65.4%,7.6%,0.0%,0.0%,0.0%,25.8%,74.2%,0.0%,0.0%,22.6%,40.5%,35.5%,1.0%,0.2%,0.0%,0.2%,32.7%,35.0%,31.9%,0.0%,0.4%,0.0%,0.0%,0.0%,0.0%,0.0%,0.0%,0.0%,0.0%,0.0%,0.0%,0.0%,0.0%,0.0%
,Per Capita Income Quintiles,Poorest 20%,58.4%,36.0%,5.6%,40.8%,59.2%,0.0%,0.0%,64.2%,35.7%,0.1%,0.0%,76.0%,22.2%,1.9%,0.0%,55.7%,42.4%,1.9%,0.0%,25.4%,64.3%,10.3%,0.0%,0.0%,0.0%,11.8%,87.6%,0.6%,0.0%,11.2%,49.2%,37.6%,1.6%,0.4%,0.0%,0.0%,38.9%,34.2%,26.4%,0.0%,0.4%,0.0%,55.3%,40.2%,4.6%,0.0%,45.4%,53.8%,0.7%,0.0%,63.6%,35.6%,0.7%,0.0%
,,Second 20%,51.0%,44.1%,4.9%,33.5%,66.5%,0.0%,0.0%,69.9%,30.1%,0.0%,0.0%,70.1%,29.9%,0.0%,0.0%,53.2%,46.8%,0.0%,0.0%,28.8%,63.7%,7.5%,0.0%,0.0%,0.0%,12.5%,87.5%,0.0%,0.0%,15.2%,40.2%,44.6%,0.0%,0.0%,0.0%,0.0%,32.9%,33.2%,33.9%,0.0%,0.0%,0.0%,52.9%,45.0%,2.1%,0.0%,54.1%,41.0%,3.6%,1.3%,75.5%,23.7%,0.8%,0.0%
,,Middle 20%,70.7%,26.5%,2.8%,23.1%,76.9%,0.0%,0.0%,75.7%,24.3%,0.0%,0.0%,77.2%,22.3%,0.4%,0.0%,63.5%,36.5%,0.0%,0.0%,26.5%,58.8%,14.6%,0.0%,0.0%,0.0%,19.6%,77.4%,3.0%,0.0%,16.2%,42.0%,38.6%,1.6%,0.0%,1.6%,0.0%,40.4%,25.3%,34.3%,0.0%,0.0%,0.0%,49.1%,50.5%,0.4%,0.0%,57.7%,41.9%,0.4%,0.0%,71.7%,28.3%,0.0%,0.0%
,,Fourth 20%,72.5%,20.1%,7.4%,18.0%,82.0%,0.0%,0.0%,73.8%,26.2%,0.0%,0.0%,77.8%,20.6%,1.5%,0.0%,72.7%,26.4%,0.2%,0.7%,25.8%,66.9%,6.3%,1.1%,0.0%,0.0%,23.0%,77.0%,0.0%,0.0%,20.0%,48.3%,31.7%,0.0%,0.0%,0.0%,0.0%,39.8%,28.6%,31.4%,0.0%,0.1%,0.0%,61.5%,37.5%,1.0%,0.0%,61.8%,34.2%,3.0%,1.0%,66.8%,32.3%,0.8%,0.0%
,,Richest 20%,66.7%,22.2%,11.1%,19.5%,80.5%,0.0%,0.0%,74.9%,25.1%,0.0%,0.0%,68.5%,31.0%,0.5%,0.0%,72.4%,27.6%,0.0%,0.0%,29.7%,60.8%,9.5%,0.0%,0.0%,0.0%,33.2%,66.8%,0.0%,0.0%,19.6%,42.2%,37.4%,0.3%,0.2%,0.0%,0.3%,23.3%,37.0%,39.4%,0.0%,0.3%,0.0%,64.6%,35.4%,0.0%,0.0%,63.0%,34.5%,2.4%,0.0%,75.4%,24.6%,0.0%,0.0%
,Feelings About Household Income,Living comfortably on present income,75.4%,1.8%,22.8%,5.6%,94.4%,0.0%,0.0%,85.1%,14.9%,0.0%,0.0%,70.8%,29.2%,0.0%,0.0%,97.3%,2.7%,0.0%,0.0%,26.7%,70.4%,2.8%,0.0%,0.0%,0.0%,60.7%,39.3%,0.0%,0.0%,16.1%,27.6%,54.2%,0.0%,0.0%,0.0%,2.1%,31.1%,42.3%,26.6%,0.0%,0.0%,0.0%,96.1%,3.9%,0.0%,0.0%,91.1%,8.9%,0.0%,0.0%,96.3%,3.7%,0.0%,0.0%
,,Getting by on present income,78.6%,6.3%,15.1%,13.2%,86.8%,0.0%,0.0%,89.7%,10.1%,0.2%,0.0%,83.6%,15.6%,0.9%,0.0%,74.2%,25.8%,0.0%,0.0%,25.7%,56.8%,17.6%,0.0%,0.0%,0.0%,43.6%,54.6%,1.9%,0.0%,29.9%,41.5%,28.5%,0.0%,0.0%,0.0%,0.0%,34.0%,24.0%,42.0%,0.0%,0.0%,0.0%,81.3%,18.7%,0.0%,0.0%,72.4%,23.7%,3.8%,0.0%,76.9%,23.1%,0.0%,0.0%
,,Finding it difficult on present income,72.7%,21.0%,6.4%,22.1%,77.9%,0.0%,0.0%,75.4%,24.6%,0.0%,0.0%,71.1%,27.4%,1.5%,0.0%,69.7%,29.3%,1.0%,0.0%,28.6%,66.0%,5.4%,0.0%,0.0%,0.0%,20.3%,78.9%,0.8%,0.0%,13.4%,46.4%,39.2%,1.0%,0.0%,0.0%,0.0%,34.6%,32.9%,32.3%,0.0%,0.2%,0.0%,59.7%,39.4%,1.0%,0.0%,59.6%,36.9%,2.9%,0.6%,73.8%,25.3%,0.8%,0.0%
,,Finding it very difficult on present income,52.2%,44.4%,3.5%,35.1%,64.9%,0.0%,0.0%,64.0%,36.0%,0.0%,0.0%,74.2%,25.4%,0.4%,0.0%,54.4%,45.3%,0.1%,0.3%,26.5%,61.4%,11.7%,0.5%,0.0%,0.0%,12.4%,87.2%,0.4%,0.0%,15.9%,44.3%,38.2%,0.7%,0.3%,0.7%,0.0%,35.9%,31.8%,32.1%,0.0%,0.2%,0.0%,45.9%,51.8%,2.3%,0.0%,49.2%,49.4%,1.0%,0.5%,65.1%,34.7%,0.3%,0.0%
,Urban/Rural,A rural area or on a farm,59.3%,36.6%,4.1%,36.6%,63.4%,0.0%,0.0%,71.1%,28.9%,0.0%,0.0%,71.6%,27.3%,1.1%,0.0%,60.7%,38.5%,0.8%,0.0%,34.0%,57.5%,8.5%,0.0%,0.0%,0.0%,18.9%,81.1%,0.0%,0.0%,14.2%,45.7%,37.6%,1.7%,0.0%,0.8%,0.0%,41.2%,29.4%,29.3%,0.0%,0.1%,0.0%,62.4%,35.3%,2.3%,0.0%,56.2%,41.9%,1.3%,0.5%,70.1%,29.5%,0.3%,0.0%
,,A small town or villAge,71.1%,23.2%,5.7%,20.5%,79.5%,0.0%,0.0%,69.6%,30.3%,0.1%,0.0%,76.4%,23.2%,0.4%,0.0%,66.4%,33.2%,0.4%,0.0%,20.1%,69.4%,10.5%,0.0%,0.0%,0.0%,22.5%,75.0%,2.5%,0.0%,17.6%,40.2%,42.2%,0.0%,0.0%,0.0%,0.0%,30.2%,38.5%,31.4%,0.0%,0.0%,0.0%,54.6%,44.8%,0.6%,0.0%,61.7%,37.7%,0.6%,0.0%,72.3%,27.1%,0.6%,0.0%
,,A large city,65.9%,22.0%,12.1%,18.0%,82.0%,0.0%,0.0%,73.7%,26.3%,0.0%,0.0%,77.5%,21.8%,0.7%,0.0%,70.2%,27.1%,0.0%,2.7%,18.6%,64.5%,12.9%,4.1%,0.0%,0.0%,29.1%,70.6%,0.3%,0.0%,21.2%,38.4%,40.4%,0.0%,0.0%,0.0%,0.0%,26.4%,35.0%,38.6%,0.0%,0.0%,0.0%,59.3%,36.7%,4.0%,0.0%,63.5%,32.5%,0.0%,4.0%,67.9%,32.1%,0.0%,0.0%
,,A suburb of a large city,65.1%,26.2%,8.7%,19.9%,80.1%,0.0%,0.0%,73.4%,26.6%,0.0%,0.0%,74.8%,24.3%,0.8%,0.0%,64.4%,35.6%,0.1%,0.0%,24.3%,65.6%,10.0%,0.0%,0.0%,0.0%,18.7%,80.7%,0.6%,0.0%,17.9%,46.1%,35.5%,0.0%,0.4%,0.0%,0.2%,31.7%,30.0%,38.0%,0.0%,0.3%,0.0%,50.2%,49.5%,0.3%,0.0%,54.3%,41.4%,4.2%,0.0%,71.0%,28.4%,0.6%,0.0%
Albania,Age,15-24,46.4%,3.3%,50.2%,7.2%,91.8%,1.0%,0.0%,88.2%,11.8%,0.0%,0.0%,74.6%,25.1%,0.2%,0.0%,87.6%,12.4%,0.0%,0.0%,22.9%,63.4%,12.7%,0.6%,0.4%,0.0%,68.8%,26.2%,5.0%,0.0%,18.3%,67.2%,10.2%,1.5%,1.4%,1.4%,0.0%,61.1%,13.6%,24.3%,0.0%,1.0%,0.0%,83.6%,15.5%,1.0%,0.0%,63.7%,34.6%,1.7%,0.0%,54.8%,45.2%,0.0%,0.0%
,,25-34,60.1%,12.1%,27.7%,8.0%,92.0%,0.0%,0.0%,75.1%,23.0%,2.0%,0.0%,67.6%,27.3%,5.2%,0.0%,82.5%,17.2%,0.2%,0.0%,10.1%,79.3%,10.0%,0.4%,0.2%,0.0%,64.4%,32.0%,3.7%,0.0%,12.7%,79.0%,7.6%,0.2%,0.3%,0.3%,0.0%,61.4%,17.0%,21.6%,0.0%,0.0%,0.0%,86.3%,13.1%,0.6%,0.0%,60.5%,32.6%,6.8%,0.0%,41.4%,54.6%,4.1%,0.0%
,,35-44,64.0%,20.4%,15.6%,21.7%,78.3%,0.0%,0.0%,65.9%,28.2%,5.8%,0.0%,67.5%,28.4%,4.1%,0.0%,85.9%,12.9%,1.2%,0.0%,4.7%,88.0%,7.1%,0.0%,0.2%,0.0%,56.1%,37.5%,6.4%,0.0%,7.7%,83.5%,7.1%,0.2%,0.2%,1.4%,0.0%,47.3%,14.3%,36.4%,0.0%,1.9%,0.0%,90.5%,9.5%,0.0%,0.0%,71.1%,28.2%,0.7%,0.0%,37.4%,62.6%,0.0%,0.0%
,,45-64,60.4%,17.5%,22.0%,43.5%,56.3%,0.2%,0.0%,60.3%,36.3%,3.3%,0.0%,70.8%,27.4%,1.8%,0.0%,84.4%,13.8%,1.8%,0.0%,3.8%,92.9%,3.1%,0.0%,0.2%,0.0%,65.4%,23.8%,10.8%,0.0%,10.6%,77.9%,9.4%,0.9%,0.6%,0.6%,0.0%,70.4%,8.0%,21.1%,0.6%,0.0%,0.0%,83.7%,13.1%,3.2%,0.0%,64.0%,28.9%,7.1%,0.0%,31.9%,65.3%,2.8%,0.0%
,,65+,53.2%,28.2%,18.6%,78.0%,22.0%,0.0%,0.0%,55.6%,44.4%,0.0%,0.0%,76.1%,23.9%,0.0%,0.0%,80.9%,19.1%,0.0%,0.0%,1.9%,92.2%,4.2%,0.0%,1.7%,0.0%,48.5%,33.2%,18.3%,0.0%,7.6%,65.1%,19.9%,2.3%,0.0%,5.0%,0.0%,64.2%,8.7%,25.5%,0.0%,1.7%,0.0%,94.9%,0.0%,5.1%,0.0%,76.0%,24.0%,0.0%,0.0%,54.5%,45.5%,0.0%,0.0%
,Gender,Male,57.4%,18.1%,24.5%,22.8%,77.1%,0.1%,0.0%,70.3%,28.1%,1.5%,0.0%,72.1%,25.4%,2.5%,0.0%,86.3%,13.3%,0.4%,0.0%,12.1%,79.8%,7.2%,0.4%,0.5%,0.0%,63.3%,30.4%,6.3%,0.0%,12.7%,73.2%,10.9%,1.3%,0.5%,1.5%,0.0%,63.6%,14.2%,21.8%,0.0%,0.5%,0.0%,86.9%,11.5%,1.5%,0.0%,68.4%,28.3%,3.3%,0.0%,43.1%,54.3%,2.6%,0.0%
,,Female,55.9%,12.1%,32.0%,38.5%,61.0%,0.5%,0.0%,68.5%,28.5%,3.0%,0.0%,70.7%,27.6%,1.8%,0.0%,82.9%,16.0%,1.1%,0.0%,6.1%,86.1%,7.3%,0.0%,0.5%,0.0%,60.9%,28.2%,10.9%,0.0%,10.9%,76.2%,9.9%,0.8%,0.7%,1.5%,0.0%,60.6%,9.6%,28.3%,0.3%,1.1%,0.0%,84.4%,13.9%,1.7%,0.0%,58.4%,35.1%,6.5%,0.0%,36.3%,63.2%,0.5%,0.0%
,Employment Status,Employed full time for an employer,59.0%,12.4%,28.7%,14.4%,85.6%,0.0%,0.0%,75.5%,21.2%,3.3%,0.0%,71.7%,27.1%,1.2%,0.0%,84.6%,14.4%,1.0%,0.0%,13.5%,75.5%,10.2%,0.6%,0.2%,0.0%,72.5%,20.7%,6.8%,0.0%,17.7%,73.7%,7.4%,0.8%,0.2%,0.2%,0.0%,64.6%,13.4%,22.0%,0.0%,0.0%,0.0%,83.5%,15.7%,0.8%,0.0%,68.2%,27.7%,4.1%,0.0%,42.5%,55.9%,1.6%,0.0%
,,Employed full time for self,63.6%,12.6%,23.8%,25.1%,74.5%,0.4%,0.0%,77.7%,19.4%,2.8%,0.0%,71.1%,26.6%,2.2%,0.0%,86.5%,12.4%,1.1%,0.0%,5.0%,86.9%,7.9%,0.0%,0.3%,0.0%,58.9%,33.2%,8.0%,0.0%,13.2%,76.0%,9.1%,1.7%,0.0%,0.0%,0.0%,64.5%,11.6%,23.8%,0.0%,0.0%,0.0%,88.1%,9.2%,2.7%,0.0%,65.0%,30.3%,4.6%,0.0%,38.3%,58.3%,3.4%,0.0%
,,Employed part time do not want full time,56.9%,13.3%,29.8%,23.1%,76.9%,0.0%,0.0%,84.2%,10.7%,5.1%,0.0%,71.4%,21.7%,6.9%,0.0%,89.4%,10.6%,0.0%,0.0%,12.6%,84.3%,3.1%,0.0%,0.0%,0.0%,67.8%,18.6%,13.6%,0.0%,9.1%,68.0%,22.9%,0.0%,0.0%,0.0%,0.0%,73.8%,10.5%,15.6%,0.0%,0.0%,0.0%,98.2%,1.8%,0.0%,0.0%,51.8%,44.7%,3.4%,0.0%,39.5%,60.5%,0.0%,0.0%
,,Unemployed,66.5%,8.2%,25.3%,18.6%,81.4%,0.0%,0.0%,61.3%,38.7%,0.0%,0.0%,66.0%,29.3%,4.8%,0.0%,88.2%,11.8%,0.0%,0.0%,8.0%,76.9%,15.1%,0.0%,0.0%,0.0%,54.0%,43.9%,2.0%,0.0%,18.2%,70.0%,6.1%,1.1%,4.0%,0.7%,0.0%,58.3%,16.5%,25.2%,0.0%,0.0%,0.0%,0.0%,0.0%,0.0%,0.0%,0.0%,0.0%,0.0%,0.0%,0.0%,0.0%,0.0%,0.0%
,,Employed part time want full time,58.5%,20.9%,20.6%,24.3%,75.7%,0.0%,0.0%,73.4%,25.3%,1.3%,0.0%,65.2%,34.2%,0.7%,0.0%,87.9%,12.1%,0.0%,0.0%,13.6%,83.3%,1.6%,1.4%,0.0%,0.0%,64.8%,32.0%,3.1%,0.0%,15.5%,76.3%,4.4%,0.0%,2.7%,1.1%,0.0%,56.6%,21.5%,18.1%,0.0%,3.8%,0.0%,82.6%,14.8%,2.5%,0.0%,61.6%,33.0%,5.4%,0.0%,42.0%,58.0%,0.0%,0.0%
,,Out of workforce,50.5%,18.3%,31.2%,43.9%,55.6%,0.5%,0.0%,63.7%,34.3%,2.1%,0.0%,73.2%,25.0%,1.8%,0.0%,82.4%,16.7%,0.9%,0.0%,7.8%,86.1%,5.2%,0.0%,0.9%,0.0%,59.2%,29.4%,11.4%,0.0%,7.1%,75.9%,12.9%,1.1%,0.0%,2.9%,0.0%,60.7%,9.1%,28.6%,0.4%,1.2%,0.0%,0.0%,0.0%,0.0%,0.0%,0.0%,0.0%,0.0%,0.0%,0.0%,0.0%,0.0%,0.0%
,Per Capita Income Quintiles,Poorest 20%,55.6%,18.8%,25.6%,33.6%,66.4%,0.0%,0.0%,54.6%,43.5%,1.9%,0.0%,68.7%,27.0%,4.3%,0.0%,82.9%,17.1%,0.0%,0.0%,8.9%,81.5%,8.8%,0.4%,0.4%,0.0%,59.2%,33.0%,7.7%,0.0%,5.7%,83.0%,6.4%,1.7%,2.0%,1.1%,0.0%,55.0%,17.2%,26.2%,0.8%,0.8%,0.0%,76.7%,19.0%,4.3%,0.0%,54.9%,34.6%,10.5%,0.0%,34.7%,56.2%,9.0%,0.0%
,,Second 20%,56.8%,23.4%,19.9%,32.5%,66.3%,1.1%,0.0%,63.1%,32.2%,4.7%,0.0%,66.6%,31.9%,1.5%,0.0%,82.7%,14.3%,3.0%,0.0%,3.7%,90.7%,5.4%,0.0%,0.2%,0.0%,59.4%,30.7%,9.9%,0.0%,8.4%,81.5%,8.5%,0.0%,0.0%,1.6%,0.0%,62.6%,8.3%,28.2%,0.0%,0.8%,0.0%,79.0%,17.6%,3.4%,0.0%,55.0%,42.3%,2.7%,0.0%,29.6%,70.4%,0.0%,0.0%
,,Middle 20%,57.8%,19.2%,22.9%,31.6%,68.1%,0.3%,0.0%,72.7%,24.1%,3.2%,0.0%,66.2%,30.8%,3.0%,0.0%,81.3%,17.9%,0.8%,0.0%,8.2%,85.1%,5.1%,0.3%,1.2%,0.0%,57.9%,28.3%,13.8%,0.0%,17.5%,70.4%,9.6%,0.0%,0.6%,1.8%,0.0%,69.4%,9.5%,19.9%,0.0%,1.2%,0.0%,88.9%,11.1%,0.0%,0.0%,75.6%,23.0%,1.3%,0.0%,42.1%,57.9%,0.0%,0.0%
,,Fourth 20%,60.5%,9.3%,30.1%,37.4%,62.6%,0.0%,0.0%,69.6%,29.0%,1.4%,0.0%,77.3%,21.3%,1.4%,0.0%,85.9%,14.1%,0.0%,0.0%,8.2%,85.1%,6.7%,0.0%,0.0%,0.0%,63.0%,34.3%,2.7%,0.0%,10.3%,70.5%,17.7%,0.0%,0.2%,1.2%,0.0%,59.9%,14.8%,24.1%,0.0%,1.2%,0.0%,91.0%,7.3%,1.6%,0.0%,63.4%,33.5%,3.1%,0.0%,48.3%,50.5%,1.2%,0.0%
,,Richest 20%,52.6%,5.6%,41.8%,18.6%,81.4%,0.0%,0.0%,86.6%,13.0%,0.3%,0.0%,78.0%,21.5%,0.5%,0.0%,90.2%,9.8%,0.0%,0.0%,16.2%,72.7%,10.2%,0.3%,0.6%,0.0%,70.8%,20.2%,9.0%,0.0%,16.8%,68.2%,9.8%,3.5%,0.0%,1.7%,0.0%,63.4%,9.6%,27.0%,0.0%,0.0%,0.0%,89.9%,10.1%,0.0%,0.0%,70.1%,24.5%,5.4%,0.0%,44.3%,54.8%,0.9%,0.0%
,Feelings About Household Income,Living comfortably on present income,40.5%,0.9%,58.6%,18.1%,81.9%,0.0%,0.0%,92.5%,7.5%,0.0%,0.0%,73.0%,26.0%,1.0%,0.0%,93.8%,6.2%,0.0%,0.0%,14.7%,71.4%,13.6%,0.4%,0.0%,0.0%,74.2%,16.8%,9.0%,0.0%,20.8%,63.9%,13.3%,2.0%,0.0%,0.0%,0.0%,62.6%,12.8%,24.6%,0.0%,0.0%,0.0%,96.9%,3.1%,0.0%,0.0%,79.6%,19.0%,1.4%,0.0%,58.9%,40.1%,1.0%,0.0%
,,Getting by on present income,57.2%,8.4%,34.5%,21.1%,78.6%,0.2%,0.0%,81.6%,17.5%,0.9%,0.0%,80.6%,17.2%,2.2%,0.0%,92.0%,7.3%,0.7%,0.0%,11.2%,79.7%,8.3%,0.2%,0.6%,0.0%,69.7%,24.2%,6.1%,0.0%,13.5%,76.9%,7.0%,0.5%,1.1%,0.9%,0.0%,61.5%,12.8%,25.0%,0.0%,0.8%,0.0%,88.8%,11.2%,0.0%,0.0%,65.3%,28.7%,6.0%,0.0%,38.5%,60.8%,0.7%,0.0%
,,Finding it difficult on present income,59.3%,16.1%,24.6%,37.7%,61.4%,1.0%,0.0%,66.2%,29.5%,4.3%,0.0%,70.2%,26.9%,2.9%,0.0%,85.0%,15.0%,0.0%,0.0%,5.0%,90.4%,4.2%,0.4%,0.0%,0.0%,58.1%,30.5%,11.5%,0.0%,8.8%,77.0%,11.1%,0.7%,0.0%,2.3%,0.0%,66.8%,7.1%,24.7%,0.7%,0.7%,0.0%,83.3%,12.7%,3.9%,0.0%,62.4%,31.3%,6.3%,0.0%,40.5%,54.7%,4.8%,0.0%
,,Finding it very difficult on present income,61.0%,27.8%,11.2%,40.4%,59.6%,0.0%,0.0%,51.2%,45.7%,3.1%,0.0%,63.1%,34.9%,2.0%,0.0%,73.3%,25.0%,1.8%,0.0%,7.6%,85.4%,6.0%,0.0%,1.0%,0.0%,52.8%,38.2%,9.0%,0.0%,9.0%,75.0%,11.8%,1.4%,0.7%,2.1%,0.0%,58.5%,14.5%,25.7%,0.0%,1.2%,0.0%,77.8%,19.4%,2.8%,0.0%,58.1%,39.4%,2.5%,0.0%,33.6%,64.8%,1.6%,0.0%
,Urban/Rural,A rural area or on a farm,50.9%,23.9%,25.2%,40.3%,59.7%,0.0%,0.0%,60.8%,37.7%,1.5%,0.0%,70.4%,27.3%,2.2%,0.0%,84.6%,15.4%,0.0%,0.0%,5.1%,89.1%,4.9%,0.0%,1.0%,0.0%,55.9%,31.3%,12.8%,0.0%,10.0%,73.5%,10.3%,2.4%,0.4%,3.4%,0.0%,58.4%,12.8%,27.2%,0.0%,1.6%,0.0%,85.6%,14.4%,0.0%,0.0%,64.5%,32.2%,3.3%,0.0%,34.8%,61.5%,3.7%,0.0%
,,A small town or villAge,57.9%,13.9%,28.1%,31.3%,68.7%,0.0%,0.0%,72.5%,24.9%,2.6%,0.0%,70.8%,27.2%,2.0%,0.0%,83.4%,15.5%,1.1%,0.0%,6.7%,85.7%,7.4%,0.0%,0.2%,0.0%,65.8%,27.4%,6.9%,0.0%,11.9%,74.5%,11.5%,0.2%,0.5%,1.4%,0.0%,63.7%,12.8%,23.0%,0.5%,0.0%,0.0%,88.4%,10.2%,1.5%,0.0%,65.7%,30.1%,4.2%,0.0%,44.8%,54.8%,0.4%,0.0%
,,A large city,57.6%,10.9%,31.5%,23.8%,75.3%,0.8%,0.0%,74.9%,22.6%,2.6%,0.0%,71.6%,26.4%,1.9%,0.0%,85.6%,13.6%,0.8%,0.0%,15.4%,73.6%,10.6%,0.2%,0.1%,0.0%,62.5%,30.8%,6.7%,0.0%,15.2%,73.0%,9.4%,1.4%,0.3%,0.6%,0.0%,65.5%,10.6%,23.0%,0.0%,0.9%,0.0%,82.3%,15.8%,1.9%,0.0%,67.1%,31.3%,1.6%,0.0%,42.6%,56.1%,1.3%,0.0%
,,A suburb of a large city,61.4%,11.9%,26.8%,26.1%,73.5%,0.5%,0.0%,66.3%,31.3%,2.4%,0.0%,73.9%,23.6%,2.5%,0.0%,85.5%,13.3%,1.2%,0.0%,9.7%,83.8%,4.6%,1.1%,0.9%,0.0%,63.0%,27.5%,9.5%,0.0%,8.1%,80.4%,9.8%,0.0%,1.7%,0.0%,0.0%,58.0%,10.4%,30.4%,0.0%,1.1%,0.0%,89.9%,6.4%,3.8%,0.0%,59.1%,27.9%,13.0%,0.0%,36.5%,59.8%,3.7%,0.0%
Austria,Age,15-24,23.6%,2.4%,74.0%,6.3%,93.7%,0.0%,0.0%,96.8%,3.2%,0.0%,0.0%,78.7%,21.3%,0.0%,0.0%,91.9%,3.7%,4.4%,0.0%,27.7%,60.8%,6.0%,1.1%,4.4%,0.0%,84.5%,15.5%,0.0%,0.0%,25.7%,45.5%,20.0%,6.6%,2.1%,0.0%,0.0%,24.2%,56.6%,18.3%,0.9%,0.0%,0.0%,91.7%,8.3%,0.0%,0.0%,61.5%,38.5%,0.0%,0.0%,65.7%,32.6%,1.8%,0.0%
,,25-34,32.8%,0.0%,67.2%,10.2%,89.8%,0.0%,0.0%,92.6%,7.4%,0.0%,0.0%,78.2%,21.8%,0.0%,0.0%,92.7%,7.3%,0.0%,0.0%,17.7%,73.7%,8.3%,0.3%,0.0%,0.0%,84.0%,13.4%,2.6%,0.0%,35.8%,49.1%,9.2%,3.8%,2.1%,0.0%,0.0%,9.3%,70.3%,15.5%,4.2%,0.7%,0.0%,81.3%,16.1%,2.2%,0.4%,83.7%,16.1%,0.2%,0.0%,77.3%,22.1%,0.6%,0.0%
,,35-44,37.7%,6.6%,55.6%,9.2%,90.8%,0.0%,0.0%,97.5%,2.5%,0.0%,0.0%,58.0%,40.8%,0.5%,0.7%,88.4%,7.4%,4.2%,0.0%,13.3%,74.9%,11.0%,0.6%,0.3%,0.0%,82.4%,15.1%,2.5%,0.0%,20.2%,56.5%,17.1%,3.2%,2.8%,0.2%,0.0%,18.6%,59.3%,19.6%,1.8%,0.7%,0.0%,84.0%,11.6%,1.4%,3.1%,68.1%,21.4%,10.4%,0.2%,63.9%,34.4%,1.7%,0.0%
,,45-64,45.6%,1.2%,53.1%,21.2%,78.8%,0.0%,0.0%,88.4%,11.2%,0.5%,0.0%,73.8%,25.7%,0.5%,0.0%,91.5%,5.9%,2.6%,0.0%,16.2%,76.3%,6.4%,1.0%,0.1%,0.0%,77.7%,19.1%,2.2%,1.0%,43.0%,42.3%,7.2%,4.5%,3.0%,0.0%,0.1%,14.2%,47.2%,36.8%,1.4%,0.4%,0.0%,89.5%,8.8%,0.9%,0.7%,76.8%,22.4%,0.8%,0.0%,63.9%,33.5%,2.6%,0.0%
,,65+,54.5%,5.1%,40.4%,51.9%,48.1%,0.0%,0.0%,91.1%,8.9%,0.0%,0.0%,72.5%,26.9%,0.0%,0.6%,93.6%,5.3%,1.1%,0.0%,14.4%,74.6%,9.4%,1.4%,0.2%,0.0%,92.6%,6.7%,0.7%,0.0%,37.7%,46.8%,7.8%,4.1%,0.1%,3.5%,0.0%,25.7%,48.3%,21.0%,2.6%,2.3%,0.0%,78.0%,8.3%,13.7%,0.0%,57.1%,29.2%,0.0%,13.7%,58.5%,36.9%,0.0%,4.5%
,Gender,Male,39.6%,4.3%,56.1%,19.0%,81.0%,0.0%,0.0%,92.1%,7.6%,0.2%,0.0%,66.7%,33.0%,0.3%,0.0%,89.3%,8.3%,2.3%,0.0%,18.1%,72.8%,8.7%,0.2%,0.2%,0.0%,81.0%,15.2%,3.1%,0.7%,36.7%,46.5%,9.6%,5.5%,1.7%,0.1%,0.0%,17.7%,55.0%,24.4%,2.3%,0.6%,0.0%,85.5%,11.8%,1.4%,1.3%,73.6%,22.3%,4.1%,0.1%,63.4%,35.4%,1.2%,0.0%
,,Female,42.6%,1.6%,55.8%,24.5%,75.5%,0.0%,0.0%,92.5%,7.4%,0.1%,0.0%,77.2%,22.1%,0.2%,0.5%,93.8%,3.8%,2.5%,0.0%,16.2%,73.5%,7.4%,1.6%,1.2%,0.0%,86.0%,13.7%,0.3%,0.0%,32.3%,47.9%,12.6%,3.3%,2.5%,1.4%,0.0%,18.4%,53.8%,24.8%,1.9%,1.1%,0.0%,87.1%,9.9%,2.1%,0.8%,74.1%,23.3%,1.4%,1.2%,70.7%,26.4%,2.5%,0.4%
,Employment Status,Employed full time for an employer,32.7%,1.6%,65.7%,10.0%,90.0%,0.0%,0.0%,93.6%,6.4%,0.0%,0.0%,66.8%,32.4%,0.5%,0.3%,91.1%,6.2%,2.7%,0.0%,15.5%,77.2%,6.8%,0.4%,0.1%,0.0%,83.1%,14.4%,1.7%,0.8%,30.8%,53.1%,8.1%,6.0%,2.1%,0.1%,0.0%,17.2%,57.4%,23.4%,1.7%,0.4%,0.0%,86.2%,11.5%,1.0%,1.4%,74.7%,21.8%,3.4%,0.1%,64.5%,33.2%,2.4%,0.0%
,,Employed full time for self,38.1%,0.9%,61.1%,19.8%,80.2%,0.0%,0.0%,90.4%,9.6%,0.0%,0.0%,61.2%,36.8%,0.0%,2.0%,97.5%,2.2%,0.3%,0.0%,15.5%,73.7%,10.8%,0.0%,0.0%,0.0%,91.6%,7.6%,0.7%,0.0%,42.7%,39.1%,15.1%,1.3%,1.8%,0.0%,0.0%,16.1%,36.2%,40.4%,5.4%,1.9%,0.0%,84.2%,14.1%,0.0%,1.7%,80.8%,19.2%,0.0%,0.0%,72.5%,27.5%,0.0%,0.0%
,,Employed part time do not want full time,46.1%,2.9%,50.9%,22.2%,77.8%,0.0%,0.0%,93.8%,6.2%,0.0%,0.0%,79.7%,20.3%,0.0%,0.0%,85.5%,6.8%,7.7%,0.0%,27.7%,62.1%,10.3%,0.0%,0.0%,0.0%,74.1%,23.8%,2.1%,0.0%,33.9%,52.9%,11.6%,1.1%,0.5%,0.0%,0.0%,15.4%,56.0%,26.2%,2.3%,0.0%,0.0%,91.5%,4.6%,3.9%,0.0%,73.9%,20.9%,1.6%,3.6%,69.6%,28.2%,1.0%,1.2%
,,Unemployed,46.5%,10.6%,42.9%,30.5%,69.5%,0.0%,0.0%,81.7%,14.9%,3.3%,0.0%,71.7%,28.3%,0.0%,0.0%,90.5%,9.5%,0.0%,0.0%,21.2%,60.9%,9.6%,0.0%,8.3%,0.0%,52.1%,38.7%,9.2%,0.0%,36.8%,49.7%,3.2%,0.0%,10.3%,0.0%,0.0%,15.7%,48.0%,34.6%,1.6%,0.0%,0.0%,0.0%,0.0%,0.0%,0.0%,0.0%,0.0%,0.0%,0.0%,0.0%,0.0%,0.0%,0.0%
,,Employed part time want full time,62.5%,9.7%,27.7%,20.4%,79.6%,0.0%,0.0%,88.1%,11.9%,0.0%,0.0%,81.0%,19.0%,0.0%,0.0%,90.3%,9.7%,0.0%,0.0%,18.1%,69.6%,6.4%,5.8%,0.0%,0.0%,73.5%,20.4%,6.1%,0.0%,26.9%,50.1%,4.8%,10.0%,7.0%,1.2%,0.0%,12.3%,54.6%,28.4%,4.7%,0.0%,0.0%,79.7%,14.6%,5.7%,0.0%,59.1%,36.9%,4.0%,0.0%,72.1%,27.4%,0.4%,0.0%
,,Out of workforce,46.0%,3.1%,51.0%,33.8%,66.2%,0.0%,0.0%,92.6%,7.3%,0.1%,0.0%,76.3%,23.5%,0.2%,0.0%,93.1%,5.3%,1.6%,0.0%,16.0%,73.3%,8.4%,1.3%,1.0%,0.0%,89.4%,10.2%,0.4%,0.0%,37.9%,40.4%,15.1%,3.6%,1.1%,1.8%,0.1%,20.9%,54.4%,21.5%,1.6%,1.6%,0.0%,0.0%,0.0%,0.0%,0.0%,0.0%,0.0%,0.0%,0.0%,0.0%,0.0%,0.0%,0.0%
,Per Capita Income Quintiles,Poorest 20%,48.1%,6.7%,45.2%,26.6%,73.4%,0.0%,0.0%,93.5%,6.5%,0.0%,0.0%,76.1%,23.7%,0.2%,0.0%,92.8%,5.5%,1.7%,0.0%,13.7%,77.3%,7.6%,0.0%,1.4%,0.0%,83.4%,15.0%,1.6%,0.0%,28.1%,54.2%,10.5%,4.3%,2.3%,0.5%,0.1%,15.7%,54.8%,23.1%,6.4%,0.0%,0.0%,82.0%,12.1%,2.5%,3.4%,70.6%,27.6%,1.7%,0.0%,66.0%,34.0%,0.0%,0.0%
,,Second 20%,44.3%,2.5%,53.2%,24.8%,75.2%,0.0%,0.0%,85.2%,14.8%,0.0%,0.0%,74.4%,24.9%,0.6%,0.0%,92.0%,5.4%,2.5%,0.0%,15.3%,73.7%,7.8%,1.6%,1.6%,0.0%,83.7%,16.0%,0.3%,0.0%,33.7%,48.5%,8.3%,7.2%,0.8%,1.5%,0.0%,19.3%,58.1%,21.1%,0.0%,1.5%,0.0%,87.1%,9.0%,3.5%,0.5%,81.5%,17.7%,0.8%,0.0%,53.9%,41.6%,4.5%,0.0%
,,Middle 20%,44.4%,2.1%,53.6%,22.2%,77.8%,0.0%,0.0%,92.6%,6.9%,0.6%,0.0%,64.8%,34.9%,0.2%,0.0%,86.9%,10.0%,3.2%,0.0%,19.8%,72.0%,7.6%,0.4%,0.2%,0.0%,81.7%,13.3%,3.5%,1.6%,32.2%,46.3%,13.9%,5.0%,2.5%,0.0%,0.0%,20.1%,57.8%,18.5%,1.6%,1.9%,0.0%,83.1%,13.9%,3.0%,0.0%,76.8%,19.9%,0.5%,2.8%,69.0%,28.9%,2.1%,0.0%
,,Fourth 20%,39.3%,3.5%,57.2%,18.8%,81.2%,0.0%,0.0%,97.5%,2.3%,0.2%,0.0%,77.6%,22.4%,0.0%,0.0%,93.0%,5.1%,1.8%,0.0%,17.7%,74.0%,5.8%,2.4%,0.1%,0.0%,84.5%,14.6%,1.0%,0.0%,33.7%,45.7%,10.7%,4.8%,3.2%,1.8%,0.0%,18.5%,49.2%,30.2%,1.2%,0.8%,0.0%,87.4%,11.1%,0.0%,1.5%,68.0%,28.3%,3.7%,0.0%,69.0%,28.0%,2.1%,0.9%
,,Richest 20%,29.4%,0.0%,70.6%,16.8%,83.2%,0.0%,0.0%,92.9%,7.1%,0.0%,0.0%,67.6%,30.9%,0.3%,1.2%,93.4%,3.8%,2.8%,0.0%,19.1%,68.9%,11.4%,0.3%,0.3%,0.0%,84.5%,13.4%,2.1%,0.0%,44.3%,41.4%,12.2%,0.4%,1.6%,0.1%,0.0%,16.5%,51.8%,30.3%,1.3%,0.1%,0.0%,91.3%,8.7%,0.0%,0.0%,73.2%,19.5%,7.1%,0.2%,74.3%,25.3%,0.4%,0.0%
,Feelings About Household Income,Living comfortably on present income,31.1%,0.8%,68.2%,15.6%,84.4%,0.0%,0.0%,95.5%,4.1%,0.3%,0.0%,73.5%,25.7%,0.2%,0.7%,95.8%,2.1%,2.1%,0.0%,23.8%,66.4%,7.6%,1.1%,1.2%,0.0%,87.8%,10.7%,1.4%,0.0%,40.5%,39.9%,14.4%,2.9%,2.2%,0.1%,0.0%,18.1%,55.3%,25.2%,0.9%,0.6%,0.0%,91.9%,6.5%,0.0%,1.6%,81.6%,16.9%,1.5%,0.0%,63.6%,33.3%,2.5%,0.5%
,,Getting by on present income,40.5%,1.9%,57.6%,19.1%,80.9%,0.0%,0.0%,93.0%,7.0%,0.1%,0.0%,71.8%,27.9%,0.3%,0.0%,90.6%,6.6%,2.8%,0.0%,14.2%,76.1%,8.6%,1.1%,0.0%,0.0%,83.8%,13.8%,1.7%,0.6%,31.3%,53.8%,8.6%,4.0%,1.6%,0.7%,0.0%,17.9%,56.2%,23.2%,1.4%,1.3%,0.0%,85.4%,11.5%,2.3%,0.8%,70.2%,25.8%,3.9%,0.1%,72.7%,25.6%,1.7%,0.0%
,,Finding it difficult on present income,76.1%,9.6%,14.4%,49.7%,50.3%,0.0%,0.0%,91.0%,9.0%,0.0%,0.0%,67.4%,32.2%,0.4%,0.0%,88.0%,10.9%,1.1%,0.0%,10.0%,83.6%,6.4%,0.0%,0.0%,0.0%,75.9%,21.3%,2.8%,0.0%,31.5%,46.1%,11.8%,8.3%,2.1%,0.2%,0.0%,21.7%,43.9%,26.7%,7.6%,0.0%,0.0%,78.5%,15.2%,5.5%,0.8%,68.8%,22.3%,3.4%,5.5%,54.7%,45.3%,0.0%,0.0%
,,Finding it very difficult on present income,35.1%,19.1%,45.7%,31.2%,68.8%,0.0%,0.0%,53.9%,46.1%,0.0%,0.0%,77.2%,22.8%,0.0%,0.0%,77.8%,18.5%,3.8%,0.0%,15.6%,65.1%,11.1%,0.0%,8.3%,0.0%,60.8%,39.2%,0.0%,0.0%,29.7%,25.1%,13.6%,12.4%,8.3%,10.9%,0.0%,9.6%,50.0%,33.7%,6.7%,0.0%,0.0%,54.2%,45.8%,0.0%,0.0%,59.6%,40.4%,0.0%,0.0%,43.3%,56.7%,0.0%,0.0%
,Urban/Rural,A rural area or on a farm,43.2%,4.9%,51.9%,24.7%,75.3%,0.0%,0.0%,90.9%,8.4%,0.7%,0.0%,75.0%,25.0%,0.0%,0.0%,91.5%,3.7%,4.8%,0.0%,17.9%,72.5%,7.2%,1.0%,1.4%,0.0%,86.7%,10.9%,0.9%,1.4%,38.0%,44.1%,8.1%,6.1%,2.1%,1.5%,0.0%,20.9%,41.9%,31.8%,4.7%,0.6%,0.0%,86.8%,12.3%,0.0%,0.9%,82.9%,16.3%,0.8%,0.0%,64.0%,35.6%,0.4%,0.0%
,,A small town or villAge,45.4%,1.0%,53.6%,21.8%,78.2%,0.0%,0.0%,93.5%,6.5%,0.0%,0.0%,73.1%,25.8%,0.5%,0.7%,90.5%,7.8%,1.7%,0.0%,13.5%,77.4%,7.6%,1.3%,0.2%,0.0%,82.4%,15.1%,2.5%,0.0%,34.4%,43.7%,12.8%,4.6%,3.5%,1.0%,0.0%,20.3%,51.5%,25.2%,2.3%,0.7%,0.0%,85.1%,10.8%,2.5%,1.6%,73.9%,24.4%,0.1%,1.6%,69.0%,27.7%,2.8%,0.5%
,,A large city,32.9%,1.8%,65.4%,18.2%,81.8%,0.0%,0.0%,93.1%,6.9%,0.0%,0.0%,66.3%,33.4%,0.3%,0.0%,92.7%,5.2%,2.0%,0.0%,19.7%,70.6%,9.4%,0.2%,0.0%,0.0%,83.5%,14.9%,1.6%,0.0%,32.0%,52.7%,10.9%,3.4%,0.8%,0.2%,0.1%,12.0%,67.2%,19.0%,0.7%,1.1%,0.0%,87.3%,9.5%,2.4%,0.8%,71.8%,21.1%,7.2%,0.0%,64.5%,33.9%,1.6%,0.0%
,,A suburb of a large city,48.8%,10.8%,40.4%,27.7%,72.3%,0.0%,0.0%,88.3%,11.7%,0.0%,0.0%,82.9%,17.1%,0.0%,0.0%,92.4%,7.0%,0.6%,0.0%,20.2%,67.1%,7.1%,1.8%,3.9%,0.0%,80.3%,19.1%,0.6%,0.0%,34.9%,48.5%,12.9%,2.8%,0.9%,0.0%,0.0%,23.9%,49.5%,25.1%,0.4%,1.2%,0.0%,85.2%,14.8%,0.0%,0.0%,59.9%,37.3%,2.7%,0.0%,72.4%,26.5%,1.1%,0.0%
Bahrain,Age,15-24,56.3%,1.1%,42.7%,8.6%,90.8%,0.5%,0.0%,90.9%,9.1%,0.0%,0.0%,76.4%,22.7%,0.9%,0.0%,90.9%,8.6%,0.5%,0.0%,32.4%,64.2%,3.4%,0.0%,0.0%,0.0%,75.3%,22.5%,2.2%,0.0%,38.3%,30.7%,29.0%,0.0%,0.0%,2.0%,0.0%,61.0%,22.5%,15.2%,0.0%,1.2%,0.0%,82.4%,17.6%,0.0%,0.0%,74.3%,18.4%,3.5%,3.8%,75.2%,17.9%,3.5%,3.4%
,,25-34,62.3%,3.3%,34.4%,10.0%,90.0%,0.0%,0.0%,87.0%,12.6%,0.4%,0.0%,76.5%,21.5%,2.0%,0.0%,90.1%,8.9%,0.9%,0.1%,20.0%,74.8%,4.0%,0.5%,0.7%,0.0%,74.8%,22.9%,2.3%,0.0%,17.5%,51.5%,28.7%,0.1%,0.0%,2.2%,0.1%,47.1%,33.1%,19.0%,0.0%,0.7%,0.0%,86.7%,12.1%,0.2%,1.0%,78.3%,18.2%,3.4%,0.0%,75.9%,22.4%,1.7%,0.0%
,,35-44,60.3%,6.7%,33.1%,19.6%,80.4%,0.0%,0.0%,81.3%,17.0%,1.6%,0.0%,68.4%,29.2%,2.4%,0.0%,89.5%,9.4%,1.0%,0.1%,16.3%,76.4%,5.4%,0.0%,1.9%,0.0%,82.9%,15.8%,1.3%,0.0%,14.1%,59.9%,23.7%,0.7%,0.2%,1.4%,0.0%,47.6%,31.6%,20.0%,0.0%,0.8%,0.0%,89.3%,10.7%,0.0%,0.0%,74.9%,20.6%,4.5%,0.0%,64.4%,29.9%,5.7%,0.0%
,,45-64,56.2%,2.9%,40.9%,30.3%,69.7%,0.0%,0.0%,78.0%,20.3%,1.7%,0.0%,78.8%,19.0%,1.8%,0.4%,93.1%,6.7%,0.2%,0.0%,9.9%,82.0%,6.6%,0.0%,1.6%,0.0%,87.1%,9.4%,3.5%,0.0%,12.0%,64.5%,20.5%,1.0%,0.0%,1.8%,0.3%,50.4%,24.8%,22.3%,0.6%,1.8%,0.1%,95.9%,4.1%,0.0%,0.0%,89.9%,10.1%,0.0%,0.0%,76.5%,20.6%,2.7%,0.1%
,,65+,63.8%,0.0%,36.2%,39.7%,60.3%,0.0%,0.0%,81.8%,17.7%,0.5%,0.0%,76.4%,23.6%,0.0%,0.0%,99.3%,0.7%,0.0%,0.0%,10.0%,74.6%,15.4%,0.0%,0.0%,0.0%,72.8%,27.2%,0.0%,0.0%,28.6%,40.6%,15.2%,0.0%,0.0%,15.6%,0.0%,34.5%,45.1%,14.3%,0.0%,6.2%,0.0%,89.5%,10.5%,0.0%,0.0%,65.2%,20.9%,13.8%,0.0%,55.1%,44.9%,0.0%,0.0%
,Gender,Male,59.4%,5.4%,35.2%,16.2%,83.7%,0.1%,0.0%,82.8%,16.3%,0.9%,0.0%,76.1%,22.2%,1.7%,0.0%,90.7%,8.7%,0.5%,0.0%,18.5%,74.9%,5.1%,0.0%,1.4%,0.0%,80.6%,17.1%,2.3%,0.0%,17.5%,54.2%,24.5%,0.5%,0.1%,3.2%,0.1%,48.8%,30.8%,19.5%,0.0%,0.8%,0.0%,89.3%,10.7%,0.0%,0.0%,79.6%,16.8%,3.1%,0.5%,71.0%,25.5%,3.0%,0.5%
,,Female,58.7%,0.4%,40.9%,21.2%,78.8%,0.0%,0.0%,85.8%,13.1%,1.1%,0.0%,73.3%,24.5%,1.9%,0.3%,91.7%,7.3%,0.9%,0.1%,18.3%,75.5%,5.2%,0.4%,0.6%,0.0%,78.2%,19.4%,2.4%,0.0%,22.3%,50.3%,26.3%,0.5%,0.0%,0.6%,0.1%,52.4%,26.3%,18.9%,0.4%,2.0%,0.0%,88.4%,9.7%,0.2%,1.7%,77.8%,18.6%,3.6%,0.0%,76.4%,19.4%,4.2%,0.0%
,Employment Status,Employed full time for an employer,57.5%,4.6%,37.9%,17.0%,83.0%,0.0%,0.0%,85.2%,13.6%,1.3%,0.0%,74.9%,23.2%,1.9%,0.0%,89.1%,10.0%,0.9%,0.0%,20.3%,70.5%,7.2%,0.0%,1.9%,0.0%,80.2%,17.6%,2.2%,0.0%,15.8%,53.4%,27.4%,0.0%,0.1%,3.2%,0.0%,43.6%,32.9%,21.9%,0.4%,1.3%,0.0%,89.2%,10.2%,0.1%,0.5%,80.0%,16.4%,3.5%,0.0%,70.5%,25.9%,3.6%,0.0%
,,Employed full time for self,54.5%,4.1%,41.3%,18.1%,81.9%,0.0%,0.0%,64.0%,36.0%,0.0%,0.0%,64.6%,35.4%,0.0%,0.0%,85.0%,15.0%,0.0%,0.0%,13.5%,78.5%,8.0%,0.0%,0.0%,0.0%,85.0%,10.7%,4.4%,0.0%,10.8%,59.9%,29.3%,0.0%,0.0%,0.0%,0.0%,48.7%,46.9%,4.4%,0.0%,0.0%,0.0%,85.3%,14.7%,0.0%,0.0%,73.5%,18.7%,3.2%,4.5%,86.2%,9.4%,0.0%,4.4%
,,Employed part time do not want full time,50.6%,2.6%,46.8%,25.2%,74.8%,0.0%,0.0%,69.5%,30.5%,0.0%,0.0%,70.1%,29.9%,0.0%,0.0%,91.3%,8.7%,0.0%,0.0%,23.9%,76.1%,0.0%,0.0%,0.0%,0.0%,80.8%,18.5%,0.7%,0.0%,22.7%,43.7%,27.6%,0.0%,0.0%,6.0%,0.0%,65.8%,22.5%,8.8%,0.0%,2.9%,0.0%,95.1%,4.9%,0.0%,0.0%,72.8%,27.2%,0.0%,0.0%,67.1%,25.4%,7.5%,0.0%
,,Unemployed,71.5%,5.9%,22.6%,11.6%,88.4%,0.0%,0.0%,83.4%,14.7%,1.9%,0.0%,71.8%,27.8%,0.4%,0.0%,92.7%,6.7%,0.6%,0.0%,18.7%,75.5%,4.0%,1.7%,0.0%,0.0%,77.3%,18.5%,4.2%,0.0%,24.7%,55.1%,20.2%,0.0%,0.0%,0.0%,0.0%,58.3%,17.8%,23.9%,0.0%,0.0%,0.0%,0.0%,0.0%,0.0%,0.0%,0.0%,0.0%,0.0%,0.0%,0.0%,0.0%,0.0%,0.0%
,,Employed part time want full time,74.8%,0.4%,24.8%,14.4%,85.6%,0.0%,0.0%,97.5%,0.0%,2.5%,0.0%,71.0%,25.0%,4.0%,0.0%,95.5%,4.5%,0.0%,0.0%,9.9%,82.8%,7.2%,0.0%,0.0%,0.0%,64.3%,35.4%,0.3%,0.0%,20.2%,66.0%,10.9%,0.4%,0.0%,2.5%,0.0%,63.4%,22.6%,14.0%,0.0%,0.0%,0.0%,87.2%,12.8%,0.0%,0.0%,82.9%,14.5%,2.6%,0.0%,76.8%,22.9%,0.3%,0.0%
,,Out of workforce,57.5%,1.8%,40.8%,20.9%,78.8%,0.3%,0.0%,85.4%,14.3%,0.3%,0.0%,79.0%,18.6%,2.1%,0.3%,93.8%,5.6%,0.6%,0.1%,17.1%,79.6%,2.5%,0.0%,0.7%,0.0%,80.9%,16.9%,2.2%,0.0%,23.3%,49.2%,24.5%,1.5%,0.0%,1.3%,0.2%,53.5%,25.9%,18.8%,0.0%,1.8%,0.0%,0.0%,0.0%,0.0%,0.0%,0.0%,0.0%,0.0%,0.0%,0.0%,0.0%,0.0%,0.0%
,Per Capita Income Quintiles,Poorest 20%,62.0%,9.4%,28.6%,15.6%,84.4%,0.0%,0.0%,72.9%,25.0%,2.0%,0.0%,73.3%,25.5%,1.2%,0.0%,85.4%,12.1%,2.4%,0.0%,17.4%,75.1%,5.1%,0.0%,2.3%,0.0%,81.3%,17.9%,0.8%,0.0%,16.2%,53.7%,29.1%,0.0%,0.0%,0.6%,0.4%,43.3%,36.1%,20.1%,0.0%,0.5%,0.0%,92.5%,7.5%,0.0%,0.0%,72.3%,26.1%,1.6%,0.0%,81.3%,13.3%,3.7%,1.7%
,,Second 20%,67.7%,2.7%,29.5%,14.0%,86.0%,0.0%,0.0%,81.8%,17.5%,0.7%,0.0%,74.5%,23.4%,1.6%,0.5%,92.5%,7.5%,0.1%,0.0%,12.7%,81.0%,5.3%,0.0%,1.0%,0.0%,78.7%,19.8%,1.5%,0.0%,12.3%,59.3%,26.2%,0.0%,0.0%,2.2%,0.0%,52.6%,30.0%,15.6%,0.8%,0.9%,0.0%,93.2%,6.8%,0.0%,0.0%,70.5%,21.1%,6.0%,2.4%,64.9%,30.4%,4.7%,0.0%
,,Middle 20%,53.2%,2.9%,43.8%,21.2%,78.3%,0.4%,0.0%,91.9%,7.5%,0.6%,0.0%,68.4%,30.6%,1.0%,0.0%,93.7%,6.3%,0.0%,0.0%,20.7%,75.5%,3.8%,0.0%,0.0%,0.0%,77.4%,20.9%,1.7%,0.0%,13.2%,56.2%,26.2%,0.8%,0.3%,3.3%,0.0%,48.9%,31.5%,18.8%,0.0%,0.8%,0.0%,83.9%,14.3%,0.0%,1.9%,80.3%,17.8%,2.0%,0.0%,65.8%,33.2%,1.0%,0.0%
,,Fourth 20%,56.5%,1.9%,41.6%,15.2%,84.8%,0.0%,0.0%,87.1%,11.5%,1.4%,0.0%,81.9%,13.6%,4.4%,0.0%,90.6%,9.1%,0.3%,0.0%,19.2%,74.8%,3.8%,0.0%,2.2%,0.0%,83.1%,14.5%,2.3%,0.0%,25.4%,50.4%,20.0%,0.5%,0.0%,3.6%,0.0%,47.0%,23.3%,26.4%,0.0%,3.3%,0.0%,91.4%,8.3%,0.3%,0.0%,82.9%,13.1%,4.0%,0.0%,74.1%,20.4%,5.5%,0.0%
,,Richest 20%,56.6%,0.7%,42.7%,24.0%,76.0%,0.0%,0.0%,86.0%,13.9%,0.1%,0.0%,77.2%,22.1%,0.7%,0.0%,93.3%,6.0%,0.5%,0.2%,22.1%,69.3%,7.8%,0.8%,0.0%,0.0%,78.1%,16.6%,5.3%,0.0%,29.1%,44.0%,24.2%,1.2%,0.0%,1.4%,0.1%,59.1%,24.7%,15.5%,0.0%,0.7%,0.1%,85.1%,14.9%,0.0%,0.0%,88.3%,8.7%,3.0%,0.0%,72.8%,25.6%,1.5%,0.1%
,Feelings About Household Income,Living comfortably on present income,43.7%,2.3%,54.0%,15.3%,84.7%,0.0%,0.0%,87.8%,11.4%,0.8%,0.0%,79.8%,18.8%,1.3%,0.0%,94.1%,5.1%,0.8%,0.0%,19.6%,73.4%,5.7%,0.0%,1.3%,0.0%,85.3%,12.7%,2.0%,0.0%,24.3%,48.2%,23.9%,0.7%,0.0%,2.9%,0.0%,46.6%,32.3%,20.3%,0.0%,0.7%,0.0%,94.1%,4.8%,0.2%,1.0%,83.7%,12.1%,3.1%,1.1%,73.5%,23.0%,2.5%,1.0%
,,Getting by on present income,62.4%,2.0%,35.6%,15.8%,84.0%,0.3%,0.0%,85.6%,13.5%,0.9%,0.0%,73.4%,24.0%,2.3%,0.3%,92.6%,7.0%,0.3%,0.1%,17.1%,77.3%,5.0%,0.5%,0.1%,0.0%,84.7%,12.6%,2.7%,0.0%,19.9%,54.2%,25.4%,0.0%,0.2%,0.2%,0.1%,56.2%,26.2%,17.2%,0.0%,0.5%,0.0%,89.9%,10.1%,0.0%,0.0%,86.0%,13.6%,0.4%,0.0%,69.0%,27.7%,3.3%,0.0%
,,Finding it difficult on present income,70.4%,4.7%,24.9%,22.7%,77.3%,0.0%,0.0%,82.9%,16.6%,0.5%,0.0%,73.4%,25.4%,1.2%,0.0%,89.2%,10.4%,0.3%,0.1%,21.2%,73.0%,3.7%,0.0%,2.1%,0.0%,66.6%,33.0%,0.4%,0.0%,11.6%,56.0%,27.4%,1.0%,0.0%,4.0%,0.0%,49.7%,29.1%,20.0%,0.0%,1.2%,0.0%,88.3%,11.7%,0.0%,0.0%,75.0%,21.6%,3.4%,0.0%,79.8%,18.6%,1.6%,0.0%
,,Finding it very difficult on present income,79.6%,10.3%,10.1%,24.9%,75.1%,0.0%,0.0%,68.4%,30.2%,1.5%,0.0%,69.9%,28.7%,1.4%,0.0%,81.2%,16.8%,2.0%,0.0%,10.9%,81.9%,7.1%,0.0%,0.0%,0.0%,76.7%,19.5%,3.8%,0.0%,13.6%,59.8%,24.0%,0.0%,0.0%,1.9%,0.7%,46.7%,30.9%,17.3%,1.4%,3.7%,0.0%,71.4%,28.6%,0.0%,0.0%,62.2%,30.3%,7.5%,0.0%,62.1%,32.2%,5.7%,0.0%
,Urban/Rural,A rural area or on a farm,0.0%,0.0%,0.0%,0.0%,0.0%,0.0%,0.0%,0.0%,0.0%,0.0%,0.0%,0.0%,0.0%,0.0%,0.0%,0.0%,0.0%,0.0%,0.0%,0.0%,0.0%,0.0%,0.0%,0.0%,0.0%,0.0%,0.0%,0.0%,0.0%,0.0%,0.0%,0.0%,0.0%,0.0%,0.0%,0.0%,0.0%,0.0%,0.0%,0.0%,0.0%,0.0%,0.0%,0.0%,0.0%,0.0%,0.0%,0.0%,0.0%,0.0%,0.0%,0.0%,0.0%,0.0%
,,A small town or villAge,57.7%,4.3%,38.0%,21.0%,78.8%,0.2%,0.0%,85.2%,14.4%,0.4%,0.0%,75.5%,21.8%,2.4%,0.3%,90.7%,7.8%,1.4%,0.1%,18.2%,76.4%,3.9%,0.4%,1.0%,0.0%,79.7%,17.8%,2.5%,0.0%,20.5%,51.5%,25.7%,0.2%,0.0%,2.0%,0.1%,51.4%,32.2%,15.1%,0.4%,0.9%,0.0%,88.8%,11.1%,0.1%,0.0%,75.3%,20.6%,3.0%,1.1%,73.9%,21.8%,4.2%,0.1%
,,A large city,60.1%,2.5%,37.4%,16.3%,83.7%,0.0%,0.0%,83.5%,14.8%,1.7%,0.0%,74.3%,24.6%,1.1%,0.0%,91.1%,8.7%,0.2%,0.0%,16.7%,75.7%,6.7%,0.0%,0.9%,0.0%,80.1%,17.9%,2.0%,0.0%,16.6%,55.6%,24.4%,0.5%,0.1%,2.7%,0.0%,48.2%,27.3%,22.7%,0.0%,1.9%,0.0%,88.2%,11.0%,0.0%,0.8%,79.5%,17.2%,3.3%,0.0%,71.0%,25.1%,3.2%,0.7%
,,A suburb of a large city,59.9%,3.8%,36.4%,17.3%,82.7%,0.0%,0.0%,82.6%,17.4%,0.0%,0.0%,78.7%,19.2%,2.1%,0.0%,91.7%,8.3%,0.0%,0.0%,29.1%,65.4%,3.1%,0.0%,2.4%,0.0%,76.9%,19.4%,3.7%,0.0%,25.8%,46.8%,24.2%,1.5%,0.0%,1.0%,0.7%,57.0%,26.3%,16.7%,0.0%,0.0%,0.0%,93.1%,6.9%,0.0%,0.0%,89.1%,7.5%,3.3%,0.0%,71.5%,27.8%,0.7%,0.0%
Bolivia,Age,15-24,56.8%,4.6%,38.6%,9.1%,90.9%,0.0%,0.0%,93.1%,6.9%,0.0%,0.0%,83.3%,16.2%,0.3%,0.2%,82.8%,17.2%,0.0%,0.0%,25.2%,73.1%,1.7%,0.0%,0.0%,0.0%,73.8%,25.8%,0.4%,0.0%,35.2%,39.2%,23.0%,0.0%,0.0%,0.0%,2.6%,57.6%,25.7%,16.0%,0.0%,0.8%,0.0%,85.7%,14.3%,0.0%,0.0%,74.3%,25.0%,0.6%,0.0%,75.0%,25.0%,0.0%,0.0%
,,25-34,70.9%,2.2%,26.9%,9.4%,90.3%,0.3%,0.0%,79.8%,19.9%,0.3%,0.0%,77.4%,22.4%,0.2%,0.0%,84.0%,15.8%,0.0%,0.1%,15.4%,81.0%,3.5%,0.0%,0.2%,0.0%,76.3%,22.3%,0.9%,0.4%,32.4%,45.8%,21.1%,0.0%,0.3%,0.3%,0.2%,65.2%,16.6%,18.0%,0.0%,0.0%,0.2%,92.6%,7.4%,0.0%,0.0%,79.6%,19.6%,0.8%,0.0%,73.9%,26.0%,0.1%,0.0%
,,35-44,70.7%,11.4%,17.9%,23.4%,76.6%,0.0%,0.0%,66.0%,33.7%,0.2%,0.1%,83.4%,16.1%,0.0%,0.5%,87.7%,11.6%,0.2%,0.5%,10.2%,81.4%,8.0%,0.0%,0.4%,0.0%,79.9%,19.3%,0.8%,0.0%,36.5%,51.8%,10.3%,0.0%,0.7%,0.3%,0.5%,54.9%,26.7%,18.2%,0.0%,0.2%,0.0%,96.0%,3.7%,0.3%,0.0%,84.2%,15.8%,0.0%,0.0%,81.1%,18.6%,0.3%,0.0%
,,45-64,73.7%,7.2%,19.1%,34.1%,65.9%,0.0%,0.0%,78.3%,21.3%,0.4%,0.0%,82.7%,17.2%,0.0%,0.1%,90.1%,9.8%,0.1%,0.0%,8.2%,89.4%,2.0%,0.0%,0.0%,0.4%,81.5%,18.5%,0.0%,0.0%,32.6%,39.8%,23.9%,0.0%,1.6%,2.0%,0.0%,52.7%,20.7%,26.2%,0.0%,0.4%,0.0%,96.6%,3.4%,0.0%,0.0%,83.2%,12.8%,4.0%,0.0%,81.4%,18.2%,0.4%,0.0%
,,65+,64.3%,5.5%,30.2%,39.9%,60.1%,0.0%,0.0%,80.4%,19.6%,0.0%,0.0%,94.2%,5.8%,0.0%,0.0%,95.0%,0.0%,0.0%,5.0%,7.0%,86.4%,6.5%,0.0%,0.0%,0.0%,98.4%,1.6%,0.0%,0.0%,20.8%,54.4%,24.8%,0.0%,0.0%,0.0%,0.0%,57.1%,22.4%,20.6%,0.0%,0.0%,0.0%,100.0%,0.0%,0.0%,0.0%,92.4%,7.6%,0.0%,0.0%,96.2%,3.8%,0.0%,0.0%
,Gender,Male,68.3%,7.0%,24.7%,19.7%,80.1%,0.2%,0.0%,78.5%,21.2%,0.3%,0.0%,85.1%,14.5%,0.1%,0.2%,88.5%,11.0%,0.0%,0.5%,15.5%,79.6%,4.7%,0.0%,0.1%,0.0%,78.8%,21.0%,0.1%,0.1%,34.1%,44.5%,19.7%,0.0%,0.7%,0.9%,0.2%,56.8%,23.2%,19.2%,0.0%,0.7%,0.1%,93.4%,6.5%,0.1%,0.0%,80.8%,17.7%,1.5%,0.0%,79.8%,20.2%,0.0%,0.0%
,,Female,65.6%,4.5%,29.9%,18.0%,82.0%,0.0%,0.0%,82.4%,17.4%,0.1%,0.1%,78.6%,21.2%,0.1%,0.1%,83.6%,16.1%,0.1%,0.2%,14.5%,82.7%,2.5%,0.0%,0.1%,0.2%,77.9%,21.0%,0.9%,0.1%,32.8%,44.1%,20.8%,0.0%,0.5%,0.2%,1.6%,59.3%,21.1%,19.6%,0.0%,0.0%,0.0%,93.4%,6.6%,0.0%,0.0%,81.3%,17.5%,1.2%,0.0%,76.1%,23.3%,0.5%,0.0%
,Employment Status,Employed full time for an employer,60.5%,6.3%,33.2%,13.1%,86.6%,0.4%,0.0%,83.1%,16.3%,0.5%,0.1%,84.7%,14.7%,0.2%,0.4%,87.3%,12.6%,0.0%,0.2%,19.8%,75.5%,4.3%,0.0%,0.0%,0.4%,80.2%,19.8%,0.0%,0.0%,40.6%,45.0%,13.4%,0.0%,0.4%,0.6%,0.0%,61.8%,20.6%,16.0%,0.0%,1.6%,0.0%,89.2%,10.5%,0.2%,0.0%,87.9%,11.3%,0.8%,0.0%,76.9%,22.8%,0.2%,0.0%
,,Employed full time for self,72.8%,7.7%,19.6%,21.5%,78.5%,0.0%,0.0%,75.3%,24.6%,0.1%,0.0%,79.6%,20.4%,0.0%,0.0%,91.8%,8.0%,0.2%,0.0%,7.8%,87.4%,4.6%,0.0%,0.2%,0.0%,85.4%,14.3%,0.3%,0.0%,32.1%,45.9%,21.8%,0.0%,0.3%,0.0%,0.0%,59.3%,16.7%,24.0%,0.0%,0.0%,0.0%,95.2%,4.8%,0.0%,0.0%,75.7%,22.4%,1.9%,0.0%,82.7%,17.3%,0.0%,0.0%
,,Employed part time do not want full time,58.8%,3.0%,38.2%,18.8%,81.2%,0.0%,0.0%,80.6%,19.4%,0.0%,0.0%,88.8%,10.2%,0.0%,1.0%,89.7%,10.3%,0.0%,0.0%,17.8%,78.7%,3.5%,0.0%,0.0%,0.0%,77.0%,22.1%,0.0%,0.9%,28.1%,51.8%,17.5%,0.0%,1.3%,0.5%,0.9%,63.4%,25.2%,10.5%,0.0%,0.0%,0.9%,99.1%,0.9%,0.0%,0.0%,94.1%,5.9%,0.0%,0.0%,89.1%,10.5%,0.5%,0.0%
,,Unemployed,69.4%,12.5%,18.0%,27.4%,72.6%,0.0%,0.0%,70.2%,29.8%,0.0%,0.0%,75.2%,24.2%,0.6%,0.0%,75.7%,24.3%,0.0%,0.0%,13.1%,83.8%,2.5%,0.0%,0.6%,0.0%,62.4%,36.0%,1.6%,0.0%,35.9%,31.3%,28.6%,0.0%,0.7%,0.0%,3.5%,54.4%,28.6%,17.0%,0.0%,0.0%,0.0%,0.0%,0.0%,0.0%,0.0%,0.0%,0.0%,0.0%,0.0%,0.0%,0.0%,0.0%,0.0%
,,Employed part time want full time,75.6%,0.2%,24.2%,17.5%,82.5%,0.0%,0.0%,87.2%,12.5%,0.2%,0.0%,80.2%,19.6%,0.0%,0.2%,84.5%,15.5%,0.0%,0.0%,18.8%,76.8%,4.4%,0.0%,0.0%,0.0%,76.2%,23.8%,0.0%,0.0%,35.8%,40.3%,21.6%,0.0%,0.0%,0.9%,1.5%,49.7%,23.2%,27.1%,0.0%,0.0%,0.0%,94.2%,5.8%,0.0%,0.0%,75.8%,22.4%,1.8%,0.0%,67.6%,31.8%,0.5%,0.0%
,,Out of workforce,60.7%,2.8%,36.6%,17.8%,82.2%,0.0%,0.0%,86.1%,13.9%,0.0%,0.0%,87.4%,12.6%,0.0%,0.0%,83.2%,15.0%,0.0%,1.8%,18.4%,79.9%,1.7%,0.0%,0.0%,0.0%,77.5%,20.8%,1.4%,0.4%,24.6%,50.8%,20.2%,0.0%,1.6%,1.7%,1.1%,58.3%,27.5%,14.1%,0.0%,0.0%,0.0%,0.0%,0.0%,0.0%,0.0%,0.0%,0.0%,0.0%,0.0%,0.0%,0.0%,0.0%,0.0%
,Per Capita Income Quintiles,Poorest 20%,66.1%,11.7%,22.1%,25.0%,75.0%,0.0%,0.0%,74.9%,24.9%,0.2%,0.0%,73.6%,25.8%,0.7%,0.0%,79.5%,20.4%,0.1%,0.0%,17.0%,79.6%,3.4%,0.0%,0.0%,0.0%,70.6%,29.4%,0.0%,0.0%,29.7%,40.9%,24.8%,0.0%,0.7%,1.8%,2.1%,60.4%,23.8%,15.8%,0.0%,0.0%,0.0%,88.8%,10.7%,0.5%,0.0%,68.1%,31.1%,0.8%,0.0%,71.8%,28.2%,0.0%,0.0%
,,Second 20%,73.0%,7.0%,20.0%,26.8%,73.2%,0.0%,0.0%,75.7%,24.3%,0.0%,0.0%,81.9%,18.1%,0.0%,0.0%,81.1%,18.7%,0.0%,0.2%,13.6%,84.8%,1.6%,0.0%,0.0%,0.0%,77.7%,22.0%,0.0%,0.2%,25.1%,54.5%,17.8%,0.0%,0.5%,0.3%,1.7%,63.3%,18.2%,18.3%,0.0%,0.0%,0.2%,93.9%,6.1%,0.0%,0.0%,79.0%,20.5%,0.5%,0.0%,74.2%,25.5%,0.3%,0.0%
,,Middle 20%,69.2%,7.2%,23.6%,14.4%,85.6%,0.0%,0.0%,80.9%,19.1%,0.0%,0.0%,79.9%,19.5%,0.0%,0.6%,87.4%,12.1%,0.0%,0.5%,9.0%,85.2%,5.3%,0.0%,0.0%,0.4%,81.2%,17.1%,1.7%,0.0%,41.1%,42.2%,15.4%,0.0%,0.7%,0.1%,0.5%,55.3%,25.9%,18.3%,0.0%,0.5%,0.0%,93.6%,6.4%,0.0%,0.0%,85.9%,10.7%,3.3%,0.0%,83.7%,16.1%,0.2%,0.0%
,,Fourth 20%,63.6%,2.4%,34.0%,13.4%,86.6%,0.0%,0.0%,87.4%,12.3%,0.2%,0.1%,86.7%,13.3%,0.0%,0.0%,89.7%,9.3%,0.0%,1.0%,14.5%,79.9%,5.7%,0.0%,0.0%,0.0%,78.5%,21.3%,0.2%,0.0%,31.0%,47.9%,21.1%,0.0%,0.0%,0.0%,0.0%,62.3%,19.7%,17.8%,0.0%,0.2%,0.0%,96.1%,3.9%,0.0%,0.0%,82.0%,16.7%,1.3%,0.0%,80.9%,19.1%,0.0%,0.0%
,,Richest 20%,63.2%,1.6%,35.2%,15.1%,84.5%,0.4%,0.0%,82.5%,16.9%,0.6%,0.0%,88.4%,11.3%,0.0%,0.3%,93.4%,6.4%,0.2%,0.0%,21.2%,75.6%,2.6%,0.0%,0.6%,0.0%,83.8%,15.3%,0.6%,0.3%,40.6%,35.8%,21.9%,0.0%,1.0%,0.7%,0.0%,48.4%,23.7%,26.9%,0.0%,1.1%,0.0%,93.3%,6.7%,0.0%,0.0%,87.0%,12.2%,0.8%,0.0%,79.4%,20.1%,0.5%,0.0%
,Feelings About Household Income,Living comfortably on present income,44.9%,1.1%,54.0%,5.8%,93.6%,0.6%,0.0%,91.0%,9.0%,0.0%,0.0%,90.9%,8.7%,0.0%,0.4%,95.3%,3.1%,0.0%,1.5%,23.0%,72.1%,4.2%,0.0%,0.0%,0.7%,87.5%,12.5%,0.0%,0.0%,39.9%,38.8%,18.6%,0.0%,2.1%,0.6%,0.0%,59.9%,20.4%,19.7%,0.0%,0.0%,0.0%,97.2%,2.8%,0.0%,0.0%,85.3%,14.7%,0.0%,0.0%,82.1%,17.9%,0.0%,0.0%
,,Getting by on present income,70.9%,1.3%,27.8%,16.0%,84.0%,0.0%,0.0%,89.0%,10.5%,0.4%,0.0%,86.1%,13.6%,0.0%,0.3%,91.0%,8.9%,0.1%,0.0%,15.4%,77.3%,7.2%,0.0%,0.1%,0.0%,85.9%,13.9%,0.2%,0.0%,32.8%,48.7%,17.9%,0.0%,0.1%,0.5%,0.0%,53.5%,23.1%,22.9%,0.0%,0.4%,0.0%,94.4%,5.3%,0.2%,0.0%,84.6%,14.2%,1.2%,0.0%,77.7%,22.0%,0.3%,0.0%
,,Finding it difficult on present income,72.6%,8.4%,19.0%,18.1%,81.9%,0.0%,0.0%,76.2%,23.6%,0.1%,0.1%,76.7%,22.9%,0.4%,0.0%,83.6%,16.3%,0.1%,0.0%,15.3%,83.5%,1.0%,0.0%,0.2%,0.0%,73.5%,25.4%,0.9%,0.2%,34.4%,45.2%,18.3%,0.0%,0.2%,1.0%,0.9%,60.1%,19.1%,20.1%,0.0%,0.7%,0.0%,91.5%,8.5%,0.0%,0.0%,79.6%,18.4%,1.9%,0.0%,74.6%,25.1%,0.3%,0.0%
,,Finding it very difficult on present income,65.6%,16.9%,17.5%,36.7%,63.3%,0.0%,0.0%,58.6%,41.4%,0.0%,0.0%,75.8%,24.2%,0.0%,0.0%,76.2%,23.8%,0.0%,0.0%,7.6%,91.4%,1.0%,0.0%,0.0%,0.0%,65.1%,33.9%,0.7%,0.3%,28.8%,38.9%,28.2%,0.0%,1.2%,0.0%,2.9%,61.2%,28.5%,10.0%,0.0%,0.0%,0.3%,92.0%,8.0%,0.0%,0.0%,72.1%,26.3%,1.6%,0.0%,84.5%,15.5%,0.0%,0.0%
,Urban/Rural,A rural area or on a farm,69.6%,10.0%,20.4%,34.1%,65.9%,0.0%,0.0%,73.1%,26.6%,0.3%,0.0%,82.4%,17.6%,0.0%,0.0%,86.3%,13.5%,0.0%,0.2%,8.4%,85.2%,6.4%,0.0%,0.0%,0.0%,78.9%,19.2%,1.9%,0.0%,28.4%,46.9%,24.2%,0.0%,0.0%,0.6%,0.0%,57.9%,23.3%,18.5%,0.0%,0.3%,0.0%,93.4%,6.6%,0.0%,0.0%,84.1%,14.3%,1.5%,0.0%,78.9%,21.1%,0.0%,0.0%
,,A small town or villAge,69.4%,8.3%,22.2%,20.5%,79.3%,0.3%,0.0%,76.5%,23.3%,0.1%,0.1%,82.3%,17.2%,0.4%,0.2%,83.4%,16.6%,0.0%,0.0%,8.8%,87.2%,3.9%,0.0%,0.0%,0.0%,78.2%,21.3%,0.4%,0.2%,33.1%,40.8%,23.6%,0.0%,0.5%,0.0%,2.0%,58.4%,22.1%,19.5%,0.0%,0.0%,0.0%,95.5%,4.5%,0.0%,0.0%,74.2%,24.8%,0.9%,0.0%,80.0%,20.0%,0.0%,0.0%
,,A large city,65.7%,2.9%,31.4%,12.8%,87.2%,0.0%,0.0%,85.3%,14.5%,0.2%,0.0%,81.6%,18.1%,0.0%,0.2%,88.9%,10.4%,0.1%,0.6%,22.1%,74.5%,3.0%,0.0%,0.3%,0.2%,78.3%,21.4%,0.2%,0.1%,35.7%,44.8%,17.5%,0.0%,0.7%,0.8%,0.5%,56.9%,22.2%,20.6%,0.0%,0.2%,0.1%,92.9%,7.1%,0.0%,0.0%,85.0%,13.3%,1.7%,0.0%,78.2%,21.4%,0.4%,0.0%
,,A suburb of a large city,65.7%,8.0%,26.2%,17.4%,82.6%,0.0%,0.0%,75.1%,24.9%,0.0%,0.0%,82.4%,17.6%,0.0%,0.0%,75.1%,24.9%,0.0%,0.0%,6.5%,92.0%,1.4%,0.0%,0.0%,0.0%,79.8%,20.2%,0.0%,0.0%,32.8%,49.9%,14.2%,0.0%,1.2%,1.8%,0.0%,64.9%,22.6%,6.9%,0.0%,5.6%,0.0%,81.6%,18.4%,0.0%,0.0%,62.7%,37.3%,0.0%,0.0%,61.4%,38.6%,0.0%,0.0%
Colombia,Age,15-24,58.9%,4.1%,37.0%,4.3%,95.7%,0.0%,0.0%,86.6%,13.4%,0.0%,0.0%,77.5%,22.5%,0.0%,0.0%,87.8%,12.2%,0.0%,0.0%,19.1%,79.5%,1.4%,0.0%,0.0%,0.0%,76.2%,23.8%,0.0%,0.0%,36.1%,35.2%,28.6%,0.0%,0.0%,0.2%,0.0%,60.7%,30.2%,9.2%,0.0%,0.0%,0.0%,79.8%,20.2%,0.0%,0.0%,77.2%,22.8%,0.0%,0.0%,62.5%,37.5%,0.0%,0.0%
,,25-34,54.9%,7.8%,37.3%,8.7%,91.3%,0.0%,0.0%,78.2%,21.8%,0.0%,0.0%,75.1%,24.9%,0.0%,0.0%,87.5%,12.5%,0.0%,0.0%,11.8%,88.0%,0.2%,0.0%,0.0%,0.0%,68.8%,31.2%,0.0%,0.0%,36.9%,40.3%,22.8%,0.0%,0.0%,0.0%,0.0%,68.6%,25.0%,6.4%,0.0%,0.0%,0.0%,88.0%,12.0%,0.0%,0.0%,85.1%,14.5%,0.4%,0.0%,67.8%,32.2%,0.0%,0.0%
,,35-44,55.0%,12.1%,32.9%,16.4%,83.4%,0.2%,0.0%,73.4%,26.6%,0.0%,0.0%,77.0%,22.3%,0.7%,0.0%,87.4%,12.6%,0.0%,0.0%,12.7%,83.8%,3.5%,0.0%,0.0%,0.0%,70.6%,29.1%,0.3%,0.0%,24.4%,51.4%,22.7%,0.2%,0.0%,1.3%,0.0%,72.7%,21.2%,6.1%,0.0%,0.0%,0.0%,96.3%,3.7%,0.0%,0.0%,91.4%,8.6%,0.0%,0.0%,67.0%,33.0%,0.0%,0.0%
,,45-64,58.2%,8.5%,33.3%,30.7%,69.1%,0.0%,0.2%,77.7%,22.3%,0.0%,0.0%,80.2%,19.8%,0.0%,0.0%,93.2%,6.8%,0.0%,0.0%,7.0%,91.1%,2.0%,0.0%,0.0%,0.0%,74.4%,24.5%,1.1%,0.0%,25.8%,44.2%,26.5%,0.0%,0.0%,2.9%,0.7%,63.8%,25.0%,8.0%,0.0%,3.1%,0.0%,96.3%,3.7%,0.0%,0.0%,94.3%,5.7%,0.0%,0.0%,74.4%,25.6%,0.0%,0.0%
,,65+,47.4%,19.9%,32.6%,32.1%,67.9%,0.0%,0.0%,85.2%,14.8%,0.0%,0.0%,88.4%,11.6%,0.0%,0.0%,89.8%,10.2%,0.0%,0.0%,1.1%,98.9%,0.0%,0.0%,0.0%,0.0%,77.1%,22.9%,0.0%,0.0%,15.0%,24.7%,60.4%,0.0%,0.0%,0.0%,0.0%,50.6%,37.0%,12.4%,0.0%,0.0%,0.0%,100.0%,0.0%,0.0%,0.0%,82.9%,17.1%,0.0%,0.0%,68.1%,23.2%,8.7%,0.0%
,Gender,Male,56.0%,9.2%,34.7%,13.8%,86.1%,0.1%,0.0%,76.0%,24.0%,0.0%,0.0%,81.6%,18.4%,0.0%,0.0%,88.2%,11.8%,0.0%,0.0%,13.6%,84.6%,1.8%,0.0%,0.0%,0.0%,72.9%,27.1%,0.0%,0.0%,29.9%,42.2%,26.5%,0.1%,0.0%,0.9%,0.4%,62.8%,30.5%,6.3%,0.0%,0.4%,0.0%,91.5%,8.5%,0.0%,0.0%,87.9%,12.1%,0.0%,0.0%,73.7%,26.3%,0.0%,0.0%
,,Female,56.4%,8.5%,35.1%,20.4%,79.5%,0.0%,0.1%,83.1%,16.9%,0.0%,0.0%,75.7%,24.1%,0.2%,0.0%,90.4%,9.6%,0.0%,0.0%,9.5%,89.2%,1.3%,0.0%,0.0%,0.0%,73.3%,26.0%,0.7%,0.0%,29.1%,39.7%,29.8%,0.0%,0.0%,1.3%,0.0%,66.2%,23.0%,9.5%,0.0%,1.3%,0.0%,91.3%,8.7%,0.0%,0.0%,87.3%,12.5%,0.2%,0.0%,62.0%,36.8%,1.2%,0.0%
,Employment Status,Employed full time for an employer,53.8%,3.6%,42.6%,9.7%,90.3%,0.0%,0.0%,82.8%,17.2%,0.0%,0.0%,78.6%,21.4%,0.0%,0.0%,91.8%,8.2%,0.0%,0.0%,18.6%,81.2%,0.2%,0.0%,0.0%,0.0%,76.4%,23.6%,0.0%,0.0%,31.5%,44.8%,22.3%,0.1%,0.0%,1.3%,0.0%,68.5%,25.5%,5.9%,0.0%,0.0%,0.0%,91.1%,8.9%,0.0%,0.0%,92.1%,7.9%,0.0%,0.0%,71.7%,28.3%,0.0%,0.0%
,,Employed full time for self,52.3%,12.5%,35.2%,15.6%,84.1%,0.3%,0.0%,82.1%,17.9%,0.0%,0.0%,84.2%,15.8%,0.0%,0.0%,88.8%,11.2%,0.0%,0.0%,10.3%,86.7%,3.1%,0.0%,0.0%,0.0%,68.8%,31.2%,0.0%,0.0%,30.6%,37.6%,31.8%,0.0%,0.0%,0.0%,0.0%,61.1%,31.4%,6.9%,0.0%,0.6%,0.0%,90.1%,9.9%,0.0%,0.0%,83.6%,16.4%,0.0%,0.0%,71.8%,28.2%,0.0%,0.0%
,,Employed part time do not want full time,68.7%,10.9%,20.5%,37.4%,61.3%,0.0%,1.3%,78.1%,21.9%,0.0%,0.0%,69.2%,28.5%,2.3%,0.0%,91.8%,8.2%,0.0%,0.0%,3.3%,94.0%,2.8%,0.0%,0.0%,0.0%,81.4%,18.6%,0.0%,0.0%,14.4%,52.1%,33.4%,0.0%,0.0%,0.0%,0.0%,51.8%,31.1%,11.4%,0.0%,5.7%,0.0%,100.0%,0.0%,0.0%,0.0%,93.1%,5.7%,1.2%,0.0%,76.7%,17.2%,6.2%,0.0%
,,Unemployed,62.4%,10.8%,26.8%,14.4%,85.6%,0.0%,0.0%,68.2%,31.8%,0.0%,0.0%,65.2%,34.8%,0.0%,0.0%,86.5%,13.5%,0.0%,0.0%,7.6%,91.1%,1.3%,0.0%,0.0%,0.0%,70.9%,28.7%,0.4%,0.0%,33.9%,44.8%,18.6%,0.0%,0.0%,2.7%,0.0%,74.7%,19.0%,4.9%,0.0%,1.4%,0.0%,0.0%,0.0%,0.0%,0.0%,0.0%,0.0%,0.0%,0.0%,0.0%,0.0%,0.0%,0.0%
,,Employed part time want full time,59.9%,9.7%,30.4%,16.2%,83.8%,0.0%,0.0%,72.7%,27.3%,0.0%,0.0%,78.8%,21.2%,0.0%,0.0%,87.4%,12.6%,0.0%,0.0%,8.6%,88.9%,2.5%,0.0%,0.0%,0.0%,63.1%,36.9%,0.0%,0.0%,31.4%,36.4%,32.0%,0.0%,0.0%,0.3%,0.0%,65.4%,25.6%,9.0%,0.0%,0.0%,0.0%,90.4%,9.6%,0.0%,0.0%,83.6%,16.4%,0.0%,0.0%,59.1%,40.9%,0.0%,0.0%
,,Out of workforce,52.1%,9.5%,38.5%,24.2%,75.8%,0.0%,0.0%,87.5%,12.5%,0.0%,0.0%,84.4%,15.6%,0.0%,0.0%,89.8%,10.2%,0.0%,0.0%,11.0%,87.8%,1.2%,0.0%,0.0%,0.0%,79.9%,18.7%,1.3%,0.0%,26.1%,37.8%,33.7%,0.0%,0.0%,1.6%,0.8%,59.0%,28.7%,11.0%,0.0%,1.3%,0.0%,0.0%,0.0%,0.0%,0.0%,0.0%,0.0%,0.0%,0.0%,0.0%,0.0%,0.0%,0.0%
,Per Capita Income Quintiles,Poorest 20%,68.4%,15.1%,16.5%,16.8%,83.2%,0.0%,0.0%,80.4%,19.6%,0.0%,0.0%,79.1%,20.9%,0.0%,0.0%,87.8%,12.2%,0.0%,0.0%,4.0%,96.0%,0.0%,0.0%,0.0%,0.0%,65.5%,34.5%,0.0%,0.0%,25.6%,45.0%,27.6%,0.0%,0.0%,1.8%,0.0%,69.2%,26.7%,4.0%,0.0%,0.0%,0.0%,87.7%,12.3%,0.0%,0.0%,82.0%,18.0%,0.0%,0.0%,64.5%,35.5%,0.0%,0.0%
,,Second 20%,57.9%,9.9%,32.2%,22.6%,77.2%,0.2%,0.0%,74.2%,25.8%,0.0%,0.0%,74.3%,25.1%,0.6%,0.0%,90.6%,9.4%,0.0%,0.0%,8.9%,88.4%,2.8%,0.0%,0.0%,0.0%,73.7%,24.8%,1.6%,0.0%,25.6%,44.9%,27.0%,0.0%,0.0%,1.6%,1.0%,54.0%,35.6%,7.5%,0.0%,3.0%,0.0%,87.8%,12.2%,0.0%,0.0%,83.9%,16.1%,0.0%,0.0%,64.3%,33.0%,2.7%,0.0%
,,Middle 20%,55.4%,11.4%,33.2%,17.1%,82.6%,0.0%,0.3%,72.3%,27.7%,0.0%,0.0%,78.4%,21.6%,0.0%,0.0%,85.8%,14.2%,0.0%,0.0%,9.5%,89.3%,1.3%,0.0%,0.0%,0.0%,74.5%,25.2%,0.3%,0.0%,28.5%,41.1%,29.2%,0.0%,0.0%,1.2%,0.0%,71.1%,17.4%,11.4%,0.0%,0.0%,0.0%,94.6%,5.4%,0.0%,0.0%,90.2%,9.2%,0.6%,0.0%,64.1%,35.9%,0.0%,0.0%
,,Fourth 20%,54.6%,2.8%,42.6%,20.5%,79.5%,0.0%,0.0%,82.8%,17.2%,0.0%,0.0%,77.0%,23.0%,0.0%,0.0%,92.8%,7.2%,0.0%,0.0%,17.1%,80.6%,2.3%,0.0%,0.0%,0.0%,75.6%,24.4%,0.0%,0.0%,28.6%,40.5%,30.0%,0.0%,0.0%,1.0%,0.0%,67.4%,24.8%,6.8%,0.0%,1.0%,0.0%,93.3%,6.7%,0.0%,0.0%,89.9%,10.1%,0.0%,0.0%,68.7%,31.3%,0.0%,0.0%
,,Richest 20%,45.5%,5.4%,49.1%,9.3%,90.7%,0.0%,0.0%,88.8%,11.2%,0.0%,0.0%,83.7%,16.3%,0.0%,0.0%,89.7%,10.3%,0.0%,0.0%,17.7%,80.8%,1.5%,0.0%,0.0%,0.0%,76.4%,23.6%,0.0%,0.0%,39.4%,33.0%,27.4%,0.2%,0.0%,0.0%,0.0%,61.1%,28.3%,10.0%,0.0%,0.5%,0.0%,92.5%,7.5%,0.0%,0.0%,90.4%,9.6%,0.0%,0.0%,77.9%,22.1%,0.0%,0.0%
,Feelings About Household Income,Living comfortably on present income,36.2%,2.3%,61.5%,12.0%,87.5%,0.0%,0.5%,89.3%,10.7%,0.0%,0.0%,86.1%,13.9%,0.0%,0.0%,97.8%,2.2%,0.0%,0.0%,18.0%,77.9%,4.1%,0.0%,0.0%,0.0%,88.2%,11.8%,0.0%,0.0%,39.5%,31.8%,26.2%,0.2%,0.0%,2.3%,0.0%,59.8%,28.3%,11.9%,0.0%,0.0%,0.0%,96.5%,3.5%,0.0%,0.0%,91.8%,8.2%,0.0%,0.0%,85.0%,15.0%,0.0%,0.0%
,,Getting by on present income,51.1%,5.6%,43.4%,10.6%,89.4%,0.0%,0.0%,90.5%,9.5%,0.0%,0.0%,86.6%,13.4%,0.0%,0.0%,93.9%,6.1%,0.0%,0.0%,13.1%,85.1%,1.8%,0.0%,0.0%,0.0%,83.4%,16.6%,0.0%,0.0%,30.0%,47.1%,22.9%,0.0%,0.0%,0.0%,0.0%,66.5%,25.1%,8.1%,0.0%,0.4%,0.0%,92.7%,7.3%,0.0%,0.0%,90.0%,9.6%,0.4%,0.0%,66.7%,31.5%,1.8%,0.0%
,,Finding it difficult on present income,65.4%,7.9%,26.7%,21.9%,78.1%,0.0%,0.0%,77.1%,22.9%,0.0%,0.0%,76.8%,23.2%,0.0%,0.0%,86.0%,14.0%,0.0%,0.0%,10.4%,88.2%,1.4%,0.0%,0.0%,0.0%,65.1%,34.9%,0.0%,0.0%,31.6%,38.8%,28.7%,0.0%,0.0%,0.8%,0.0%,65.5%,27.2%,6.8%,0.0%,0.5%,0.0%,89.0%,11.0%,0.0%,0.0%,85.2%,14.8%,0.0%,0.0%,68.7%,31.3%,0.0%,0.0%
,,Finding it very difficult on present income,60.7%,16.8%,22.5%,20.5%,79.3%,0.2%,0.0%,65.9%,34.1%,0.0%,0.0%,68.2%,31.3%,0.5%,0.0%,83.7%,16.3%,0.0%,0.0%,7.9%,91.9%,0.3%,0.0%,0.0%,0.0%,65.2%,33.1%,1.6%,0.0%,22.0%,42.4%,33.4%,0.0%,0.0%,1.4%,0.9%,65.0%,25.7%,7.9%,0.0%,1.4%,0.0%,89.2%,10.8%,0.0%,0.0%,85.4%,14.6%,0.0%,0.0%,58.0%,42.0%,0.0%,0.0%
,Urban/Rural,A rural area or on a farm,61.1%,10.5%,28.5%,14.2%,85.6%,0.3%,0.0%,87.9%,12.1%,0.0%,0.0%,80.3%,19.7%,0.0%,0.0%,95.5%,4.5%,0.0%,0.0%,6.1%,91.5%,2.5%,0.0%,0.0%,0.0%,77.8%,22.2%,0.0%,0.0%,22.3%,45.5%,30.6%,0.0%,0.0%,1.5%,0.0%,69.6%,22.4%,6.1%,0.0%,1.9%,0.0%,92.4%,7.6%,0.0%,0.0%,85.0%,15.0%,0.0%,0.0%,68.3%,31.7%,0.0%,0.0%
,,A small town or villAge,61.4%,7.9%,30.7%,19.5%,80.3%,0.0%,0.2%,76.2%,23.8%,0.0%,0.0%,78.7%,21.3%,0.0%,0.0%,89.6%,10.4%,0.0%,0.0%,8.3%,90.4%,1.3%,0.0%,0.0%,0.0%,70.7%,29.2%,0.1%,0.0%,31.1%,40.7%,27.8%,0.0%,0.0%,0.5%,0.0%,67.1%,25.1%,7.3%,0.0%,0.5%,0.0%,92.5%,7.5%,0.0%,0.0%,85.8%,14.0%,0.3%,0.0%,67.4%,32.6%,0.0%,0.0%
,,A large city,49.6%,8.4%,42.0%,16.0%,84.0%,0.0%,0.0%,79.6%,20.4%,0.0%,0.0%,77.3%,22.4%,0.3%,0.0%,87.3%,12.7%,0.0%,0.0%,17.5%,81.1%,1.4%,0.0%,0.0%,0.0%,74.7%,25.3%,0.0%,0.0%,31.6%,40.0%,27.4%,0.1%,0.0%,0.9%,0.0%,60.5%,30.8%,8.4%,0.0%,0.3%,0.0%,90.8%,9.2%,0.0%,0.0%,91.1%,8.9%,0.0%,0.0%,71.1%,27.7%,1.2%,0.0%
,,A suburb of a large city,67.2%,0.0%,32.8%,3.3%,96.7%,0.0%,0.0%,89.1%,10.9%,0.0%,0.0%,74.8%,25.2%,0.0%,0.0%,72.6%,27.4%,0.0%,0.0%,8.1%,86.3%,5.6%,0.0%,0.0%,0.0%,71.9%,28.1%,0.0%,0.0%,33.0%,44.8%,22.3%,0.0%,0.0%,0.0%,0.0%,89.0%,5.4%,5.6%,0.0%,0.0%,0.0%,68.5%,31.5%,0.0%,0.0%,75.7%,24.3%,0.0%,0.0%,38.4%,61.6%,0.0%,0.0%
Croatia,Age,15-24,24.3%,0.9%,74.9%,3.6%,96.4%,0.0%,0.0%,96.2%,0.9%,0.0%,2.9%,88.4%,10.6%,1.0%,0.0%,95.1%,4.2%,0.7%,0.0%,54.3%,33.3%,12.4%,0.0%,0.0%,0.0%,87.1%,10.0%,2.9%,0.0%,32.5%,46.0%,16.8%,2.9%,0.0%,1.9%,0.0%,43.5%,35.7%,20.8%,0.0%,0.0%,0.0%,87.5%,10.2%,0.0%,2.3%,67.4%,31.8%,0.0%,0.8%,86.8%,12.3%,0.9%,0.0%
,,25-34,39.0%,2.9%,58.1%,5.6%,94.4%,0.0%,0.0%,94.8%,5.2%,0.0%,0.0%,86.5%,12.6%,0.9%,0.0%,92.1%,7.6%,0.3%,0.0%,25.5%,56.9%,17.4%,0.3%,0.0%,0.0%,74.9%,21.4%,3.7%,0.0%,21.1%,63.3%,6.8%,3.0%,2.2%,3.7%,0.0%,49.8%,26.6%,22.0%,0.0%,1.6%,0.0%,73.2%,21.2%,5.6%,0.0%,73.4%,25.0%,1.6%,0.0%,69.6%,29.4%,1.0%,0.0%
,,35-44,41.3%,3.4%,55.4%,12.0%,88.0%,0.0%,0.0%,89.5%,7.3%,3.2%,0.0%,85.5%,13.9%,0.6%,0.0%,91.4%,6.4%,1.8%,0.5%,18.1%,68.9%,11.6%,0.5%,0.9%,0.0%,84.1%,13.6%,2.3%,0.0%,11.6%,69.2%,6.0%,2.4%,2.0%,8.7%,0.0%,46.2%,31.0%,21.9%,0.0%,0.9%,0.0%,81.5%,13.9%,4.1%,0.6%,69.6%,28.2%,1.0%,1.2%,50.6%,42.2%,7.2%,0.0%
,,45-64,51.7%,20.4%,28.0%,33.9%,66.1%,0.0%,0.0%,86.0%,10.5%,3.5%,0.0%,83.0%,14.6%,2.4%,0.0%,80.2%,15.0%,4.6%,0.2%,11.0%,78.4%,7.9%,1.4%,1.2%,0.0%,71.5%,20.2%,7.9%,0.4%,11.6%,71.9%,8.1%,0.0%,0.4%,8.0%,0.0%,43.4%,28.5%,27.7%,0.0%,0.4%,0.0%,77.7%,17.5%,4.7%,0.0%,64.5%,27.6%,5.8%,2.1%,40.2%,54.6%,5.2%,0.0%
,,65+,58.5%,11.9%,29.7%,46.3%,53.7%,0.0%,0.0%,89.5%,9.2%,1.3%,0.0%,88.7%,9.9%,1.3%,0.0%,85.9%,9.1%,4.8%,0.1%,11.9%,83.1%,4.0%,0.0%,0.9%,0.0%,83.1%,10.7%,6.3%,0.0%,15.9%,57.4%,17.6%,0.2%,2.0%,6.7%,0.2%,47.4%,22.8%,27.6%,0.0%,2.2%,0.0%,70.2%,2.4%,27.4%,0.0%,57.8%,3.7%,38.6%,0.0%,35.1%,26.3%,38.6%,0.0%
,Gender,Male,43.2%,11.7%,45.1%,20.9%,79.1%,0.0%,0.0%,87.6%,9.0%,2.6%,0.8%,88.5%,10.0%,1.5%,0.0%,90.9%,7.2%,1.8%,0.2%,25.2%,63.4%,10.0%,0.8%,0.6%,0.0%,76.9%,17.6%,5.5%,0.0%,19.7%,59.8%,9.2%,2.6%,1.0%,7.7%,0.0%,44.0%,29.9%,25.1%,0.0%,0.7%,0.3%,77.2%,15.6%,6.6%,0.6%,67.6%,26.9%,4.1%,1.3%,58.4%,34.5%,6.6%,0.5%
,,Female,46.3%,8.0%,45.6%,26.8%,73.2%,0.0%,0.0%,92.8%,5.9%,1.2%,0.0%,83.0%,15.6%,1.4%,0.0%,83.3%,12.4%,4.1%,0.2%,15.8%,73.0%,9.9%,0.4%,0.9%,0.0%,80.0%,14.4%,5.3%,0.3%,13.7%,67.9%,11.9%,0.0%,1.5%,4.8%,0.1%,47.3%,27.0%,24.4%,0.0%,1.3%,0.0%,79.3%,17.1%,3.6%,0.0%,68.9%,25.7%,4.6%,0.9%,47.6%,47.8%,4.5%,0.0%
,Employment Status,Employed full time for an employer,47.6%,5.1%,47.3%,10.9%,89.1%,0.0%,0.0%,92.9%,4.6%,2.5%,0.0%,85.1%,14.2%,0.7%,0.0%,90.9%,6.9%,1.8%,0.4%,18.5%,67.9%,12.1%,0.2%,1.3%,0.0%,78.9%,16.4%,4.7%,0.0%,14.5%,70.9%,5.7%,2.2%,0.9%,5.7%,0.1%,49.3%,29.4%,20.2%,0.0%,1.0%,0.0%,77.1%,17.8%,4.7%,0.4%,68.6%,27.1%,3.0%,1.4%,52.2%,43.5%,4.3%,0.0%
,,Employed full time for self,47.1%,3.6%,49.3%,2.4%,97.6%,0.0%,0.0%,88.7%,11.3%,0.0%,0.0%,85.3%,14.7%,0.0%,0.0%,89.4%,9.3%,1.4%,0.0%,14.7%,63.7%,20.4%,0.0%,1.1%,0.0%,66.0%,34.0%,0.0%,0.0%,25.4%,45.2%,6.7%,9.1%,0.0%,13.7%,0.0%,58.0%,22.9%,19.1%,0.0%,0.0%,0.0%,81.7%,18.3%,0.0%,0.0%,60.2%,36.4%,3.4%,0.0%,70.0%,30.0%,0.0%,0.0%
,,Employed part time do not want full time,45.9%,6.9%,47.2%,14.4%,85.6%,0.0%,0.0%,91.5%,8.5%,0.0%,0.0%,83.8%,12.4%,3.8%,0.0%,94.9%,3.0%,2.0%,0.0%,10.5%,66.2%,19.2%,0.0%,4.1%,0.0%,75.1%,19.1%,5.8%,0.0%,28.1%,69.9%,1.9%,0.0%,0.0%,0.0%,0.0%,37.7%,28.1%,29.7%,0.0%,0.0%,4.5%,72.6%,9.7%,17.7%,0.0%,61.1%,16.8%,22.1%,0.0%,50.0%,20.6%,24.9%,4.5%
,,Unemployed,26.8%,9.0%,64.1%,23.0%,77.0%,0.0%,0.0%,88.4%,11.6%,0.0%,0.0%,83.1%,16.9%,0.0%,0.0%,81.7%,18.3%,0.0%,0.0%,33.6%,54.0%,12.4%,0.0%,0.0%,0.0%,78.4%,20.9%,0.8%,0.0%,16.3%,54.7%,11.6%,0.0%,2.5%,14.9%,0.0%,43.3%,22.5%,33.2%,0.0%,1.0%,0.0%,0.0%,0.0%,0.0%,0.0%,0.0%,0.0%,0.0%,0.0%,0.0%,0.0%,0.0%,0.0%
,,Employed part time want full time,34.0%,9.8%,56.2%,17.2%,82.8%,0.0%,0.0%,77.1%,1.6%,11.9%,9.5%,85.9%,7.4%,6.8%,0.0%,81.8%,9.5%,8.7%,0.0%,25.7%,65.5%,7.8%,1.0%,0.0%,0.0%,89.0%,4.4%,6.6%,0.0%,15.1%,71.7%,7.6%,0.0%,1.6%,4.0%,0.0%,45.5%,24.1%,30.4%,0.0%,0.0%,0.0%,89.1%,4.4%,6.6%,0.0%,78.4%,17.0%,3.8%,0.8%,55.0%,35.3%,9.7%,0.0%
,,Out of workforce,44.7%,15.9%,39.5%,39.0%,61.0%,0.0%,0.0%,89.0%,9.9%,1.1%,0.0%,87.0%,11.3%,1.7%,0.0%,84.1%,12.0%,3.8%,0.1%,22.1%,70.5%,6.2%,1.1%,0.1%,0.0%,78.5%,14.2%,6.9%,0.3%,17.4%,58.8%,16.1%,0.1%,1.6%,5.9%,0.0%,41.9%,29.2%,27.7%,0.0%,1.2%,0.0%,0.0%,0.0%,0.0%,0.0%,0.0%,0.0%,0.0%,0.0%,0.0%,0.0%,0.0%,0.0%
,Per Capita Income Quintiles,Poorest 20%,38.3%,15.9%,45.9%,36.2%,63.8%,0.0%,0.0%,88.3%,11.2%,0.5%,0.0%,86.2%,13.1%,0.7%,0.0%,84.6%,12.0%,3.4%,0.0%,21.7%,69.0%,7.4%,1.6%,0.2%,0.0%,76.0%,17.4%,5.9%,0.7%,14.9%,59.1%,14.0%,2.8%,3.7%,5.5%,0.0%,41.1%,25.0%,31.1%,0.0%,2.0%,0.8%,72.3%,17.7%,10.0%,0.0%,57.5%,21.5%,12.9%,8.2%,48.2%,36.7%,11.9%,3.1%
,,Second 20%,50.0%,12.6%,37.4%,28.4%,71.6%,0.0%,0.0%,86.2%,12.1%,1.6%,0.0%,87.1%,11.3%,1.6%,0.0%,84.5%,10.9%,4.5%,0.0%,14.1%,67.0%,16.6%,0.5%,1.8%,0.0%,76.9%,16.6%,6.4%,0.0%,16.3%,65.7%,10.2%,1.1%,1.2%,5.5%,0.0%,46.4%,28.6%,24.2%,0.0%,0.7%,0.0%,79.9%,13.6%,6.5%,0.0%,72.1%,21.9%,6.0%,0.0%,50.3%,41.2%,8.5%,0.0%
,,Middle 20%,43.5%,11.2%,45.3%,22.5%,77.5%,0.0%,0.0%,90.2%,5.5%,2.4%,1.9%,84.6%,12.8%,2.6%,0.0%,85.0%,11.9%,3.0%,0.1%,22.3%,70.0%,6.9%,0.0%,0.8%,0.0%,78.2%,12.7%,9.1%,0.0%,17.4%,62.1%,12.0%,0.0%,0.0%,8.6%,0.0%,45.2%,28.9%,25.4%,0.0%,0.5%,0.0%,74.1%,20.5%,5.4%,0.0%,68.9%,29.5%,1.3%,0.3%,50.3%,46.3%,3.4%,0.0%
,,Fourth 20%,49.7%,6.9%,43.4%,18.7%,81.3%,0.0%,0.0%,95.5%,2.0%,2.5%,0.0%,86.9%,11.5%,1.6%,0.0%,90.3%,6.9%,2.0%,0.8%,14.8%,76.1%,8.0%,0.4%,0.7%,0.0%,81.6%,16.7%,1.8%,0.0%,11.0%,72.9%,10.0%,1.2%,0.7%,4.1%,0.2%,50.9%,30.9%,17.9%,0.0%,0.3%,0.0%,75.3%,18.7%,4.7%,1.3%,60.7%,35.1%,3.0%,1.2%,48.8%,44.5%,6.6%,0.0%
,,Richest 20%,42.0%,3.7%,54.3%,13.2%,86.8%,0.0%,0.0%,90.4%,6.9%,2.7%,0.0%,84.6%,14.7%,0.8%,0.0%,91.5%,6.9%,1.6%,0.0%,30.2%,58.3%,10.7%,0.5%,0.2%,0.0%,79.3%,16.9%,3.8%,0.0%,24.4%,59.0%,6.4%,1.5%,0.7%,7.9%,0.0%,44.4%,28.8%,25.4%,0.0%,1.4%,0.0%,85.0%,11.6%,3.4%,0.0%,76.2%,20.0%,3.8%,0.0%,65.6%,31.8%,2.6%,0.0%
,Feelings About Household Income,Living comfortably on present income,21.5%,0.9%,77.6%,11.1%,88.9%,0.0%,0.0%,95.9%,3.0%,1.1%,0.0%,91.6%,7.4%,1.0%,0.0%,97.5%,0.8%,1.3%,0.4%,34.5%,53.8%,11.1%,0.4%,0.3%,0.0%,86.8%,8.6%,4.5%,0.0%,21.5%,59.7%,8.9%,2.6%,0.4%,6.8%,0.0%,45.1%,34.1%,20.4%,0.0%,0.4%,0.0%,88.9%,7.3%,2.3%,1.4%,74.4%,23.7%,1.8%,0.0%,76.6%,20.0%,3.4%,0.0%
,,Getting by on present income,52.6%,10.5%,36.9%,25.0%,75.0%,0.0%,0.0%,90.5%,6.3%,2.6%,0.6%,85.2%,13.4%,1.5%,0.0%,88.2%,9.0%,2.6%,0.2%,16.0%,73.2%,9.6%,0.2%,0.9%,0.0%,79.4%,16.1%,4.6%,0.0%,15.2%,64.9%,11.6%,0.9%,1.2%,6.2%,0.0%,47.8%,26.2%,24.9%,0.0%,1.0%,0.0%,77.1%,16.5%,6.4%,0.0%,66.9%,27.0%,5.5%,0.6%,48.4%,45.5%,6.2%,0.0%
,,Finding it difficult on present income,48.6%,19.1%,32.3%,34.7%,65.3%,0.0%,0.0%,82.8%,17.2%,0.0%,0.0%,81.1%,18.9%,0.0%,0.0%,68.9%,25.1%,6.1%,0.0%,22.1%,68.2%,9.7%,0.0%,0.0%,0.0%,71.2%,19.8%,7.7%,1.3%,19.1%,69.4%,4.7%,0.0%,3.9%,3.0%,0.0%,37.7%,32.8%,28.9%,0.0%,0.5%,0.0%,69.1%,30.9%,0.0%,0.0%,63.4%,26.4%,0.0%,10.2%,34.7%,64.1%,1.2%,0.0%
,,Finding it very difficult on present income,43.9%,48.6%,7.5%,54.4%,45.6%,0.0%,0.0%,67.3%,32.7%,0.0%,0.0%,70.1%,20.1%,9.8%,0.0%,46.3%,42.6%,11.1%,0.0%,11.5%,61.6%,11.2%,13.2%,2.6%,0.0%,30.8%,54.0%,15.1%,0.0%,13.3%,51.5%,21.7%,0.0%,0.0%,13.5%,0.0%,35.4%,31.5%,33.2%,0.0%,0.0%,0.0%,40.3%,36.5%,23.2%,0.0%,42.6%,46.5%,10.9%,0.0%,27.9%,42.5%,29.6%,0.0%
,Urban/Rural,A rural area or on a farm,49.5%,6.9%,43.6%,33.3%,66.7%,0.0%,0.0%,88.1%,9.5%,2.4%,0.0%,85.2%,13.4%,1.4%,0.0%,92.4%,2.0%,5.6%,0.0%,20.5%,70.7%,7.8%,0.9%,0.0%,0.0%,80.7%,14.4%,4.9%,0.0%,22.5%,54.6%,17.5%,3.3%,0.0%,2.1%,0.0%,45.4%,30.2%,18.9%,0.0%,5.5%,0.0%,80.3%,14.6%,5.1%,0.0%,79.5%,16.6%,3.9%,0.0%,59.7%,39.4%,0.9%,0.0%
,,A small town or villAge,43.9%,11.1%,44.9%,25.2%,74.8%,0.0%,0.0%,88.9%,8.3%,2.0%,0.8%,87.6%,11.3%,1.1%,0.0%,88.8%,8.9%,2.2%,0.1%,19.1%,70.6%,8.6%,0.6%,1.1%,0.0%,80.5%,13.1%,6.2%,0.3%,14.4%,65.5%,12.1%,0.4%,1.2%,6.3%,0.1%,42.1%,28.6%,29.0%,0.0%,0.2%,0.0%,81.2%,12.0%,6.4%,0.4%,68.3%,25.7%,5.3%,0.8%,53.1%,41.3%,5.6%,0.0%
,,A large city,41.9%,8.7%,49.5%,19.2%,80.8%,0.0%,0.0%,91.7%,6.4%,1.9%,0.0%,84.1%,14.5%,1.4%,0.0%,83.9%,13.6%,2.0%,0.5%,22.8%,62.8%,13.6%,0.3%,0.5%,0.0%,76.2%,19.6%,4.3%,0.0%,19.4%,60.0%,7.9%,2.3%,1.9%,8.4%,0.0%,48.9%,28.7%,21.6%,0.0%,0.3%,0.5%,75.3%,22.7%,1.6%,0.4%,64.0%,30.8%,3.0%,2.2%,52.9%,39.1%,7.2%,0.8%
,,A suburb of a large city,55.0%,11.8%,33.2%,19.9%,80.1%,0.0%,0.0%,94.8%,4.2%,1.0%,0.0%,82.1%,14.1%,3.8%,0.0%,82.4%,9.7%,7.9%,0.0%,22.3%,69.8%,6.5%,1.1%,0.3%,0.0%,70.8%,23.5%,5.7%,0.0%,14.0%,80.8%,1.1%,0.7%,0.0%,3.4%,0.0%,56.8%,23.7%,16.6%,0.0%,2.9%,0.0%,69.8%,15.7%,14.5%,0.0%,74.0%,21.8%,4.2%,0.0%,55.5%,39.4%,5.1%,0.0%
Cyprus,Age,15-24,46.5%,1.4%,52.1%,5.2%,94.8%,0.0%,0.0%,92.1%,7.9%,0.0%,0.0%,83.9%,16.1%,0.0%,0.0%,89.0%,9.4%,1.5%,0.0%,58.3%,35.9%,5.8%,0.0%,0.0%,0.0%,73.9%,25.3%,0.7%,0.0%,25.4%,49.4%,22.8%,0.0%,0.0%,2.3%,0.0%,40.0%,33.3%,26.7%,0.0%,0.0%,0.0%,84.7%,15.3%,0.0%,0.0%,79.9%,17.0%,3.0%,0.0%,70.9%,29.1%,0.0%,0.0%
,,25-34,49.6%,2.8%,47.6%,12.7%,87.3%,0.0%,0.0%,82.0%,17.2%,0.8%,0.0%,69.0%,29.3%,1.6%,0.0%,76.3%,14.1%,9.6%,0.0%,23.9%,62.2%,12.8%,0.0%,1.2%,0.0%,70.3%,28.0%,1.7%,0.0%,26.7%,54.9%,16.8%,0.0%,0.0%,1.7%,0.0%,38.9%,31.8%,29.4%,0.0%,0.0%,0.0%,79.2%,19.5%,1.3%,0.0%,70.2%,29.2%,0.7%,0.0%,58.0%,41.0%,1.1%,0.0%
,,35-44,57.6%,6.5%,35.9%,11.7%,88.3%,0.0%,0.0%,72.2%,27.4%,0.4%,0.0%,71.1%,27.9%,1.0%,0.0%,87.2%,11.9%,1.0%,0.0%,17.9%,70.9%,8.9%,0.4%,2.0%,0.0%,73.9%,23.7%,2.4%,0.0%,25.3%,65.4%,6.3%,0.0%,0.0%,3.0%,0.0%,40.4%,32.7%,25.8%,0.0%,1.1%,0.0%,80.8%,18.5%,0.7%,0.0%,73.6%,25.4%,1.0%,0.0%,50.8%,48.2%,1.0%,0.0%
,,45-64,60.9%,9.7%,29.5%,27.0%,73.0%,0.0%,0.0%,74.7%,25.1%,0.2%,0.0%,77.6%,21.7%,0.8%,0.0%,81.5%,14.7%,3.7%,0.0%,8.0%,86.8%,4.7%,0.2%,0.2%,0.0%,74.4%,23.3%,2.1%,0.1%,12.5%,77.1%,7.6%,0.6%,0.4%,1.8%,0.0%,39.3%,25.7%,34.6%,0.0%,0.4%,0.0%,88.5%,10.6%,0.9%,0.0%,79.6%,16.2%,3.0%,1.2%,33.4%,65.3%,1.3%,0.0%
,,65+,57.1%,12.5%,30.4%,46.9%,53.1%,0.0%,0.0%,84.3%,15.3%,0.3%,0.0%,85.6%,14.3%,0.2%,0.0%,86.1%,9.3%,4.6%,0.0%,2.0%,96.2%,1.5%,0.0%,0.3%,0.0%,81.5%,7.8%,10.7%,0.0%,13.6%,70.2%,13.6%,0.2%,0.0%,2.2%,0.2%,27.2%,25.2%,44.1%,0.0%,3.5%,0.0%,97.3%,1.3%,0.0%,1.3%,66.6%,33.4%,0.0%,0.0%,59.5%,40.5%,0.0%,0.0%
,Gender,Male,59.0%,6.6%,34.5%,15.9%,84.1%,0.0%,0.0%,78.7%,21.2%,0.1%,0.0%,80.2%,18.5%,1.2%,0.0%,84.2%,11.7%,4.1%,0.0%,22.5%,68.1%,7.7%,0.3%,1.4%,0.0%,77.6%,20.3%,2.2%,0.0%,19.8%,65.8%,11.8%,0.1%,0.0%,2.4%,0.1%,44.3%,28.3%,26.6%,0.0%,0.9%,0.0%,82.5%,17.0%,0.4%,0.1%,76.1%,22.7%,0.8%,0.3%,52.0%,46.9%,1.1%,0.0%
,,Female,50.0%,6.1%,43.9%,25.4%,74.6%,0.0%,0.0%,81.7%,17.7%,0.6%,0.0%,74.3%,25.4%,0.3%,0.0%,82.9%,12.9%,4.3%,0.0%,18.9%,75.2%,5.8%,0.0%,0.1%,0.0%,71.7%,24.1%,4.2%,0.1%,20.3%,63.6%,13.7%,0.4%,0.2%,1.9%,0.0%,31.5%,30.4%,37.3%,0.0%,0.9%,0.0%,86.0%,12.6%,1.3%,0.0%,74.2%,22.2%,3.0%,0.5%,46.3%,52.9%,0.8%,0.0%
,Employment Status,Employed full time for an employer,57.8%,5.0%,37.3%,9.6%,90.4%,0.0%,0.0%,78.9%,20.9%,0.2%,0.0%,75.1%,23.7%,1.1%,0.0%,84.7%,10.4%,4.9%,0.0%,18.5%,71.1%,8.6%,0.2%,1.6%,0.0%,76.8%,21.3%,1.9%,0.0%,18.9%,71.3%,7.0%,0.0%,0.3%,2.5%,0.1%,39.9%,27.1%,32.4%,0.0%,0.6%,0.0%,83.2%,16.2%,0.5%,0.0%,75.3%,23.1%,1.4%,0.2%,50.1%,48.9%,1.0%,0.0%
,,Employed full time for self,50.4%,4.7%,44.9%,12.7%,87.3%,0.0%,0.0%,77.4%,22.6%,0.0%,0.0%,80.6%,18.3%,1.1%,0.0%,85.9%,12.7%,1.4%,0.0%,18.0%,74.4%,6.9%,0.7%,0.0%,0.0%,70.1%,25.9%,4.0%,0.0%,25.0%,62.1%,9.5%,1.9%,0.0%,1.5%,0.0%,48.0%,29.7%,22.3%,0.0%,0.0%,0.0%,91.0%,7.6%,1.4%,0.0%,78.3%,18.7%,1.8%,1.2%,44.7%,54.6%,0.7%,0.0%
,,Employed part time do not want full time,53.3%,1.1%,45.6%,11.1%,88.9%,0.0%,0.0%,91.2%,8.8%,0.0%,0.0%,87.8%,12.2%,0.0%,0.0%,93.2%,4.4%,2.4%,0.0%,33.5%,54.6%,11.8%,0.0%,0.0%,0.0%,67.1%,29.2%,2.4%,1.3%,23.0%,54.6%,19.7%,0.0%,0.0%,2.7%,0.0%,45.8%,34.5%,19.7%,0.0%,0.0%,0.0%,80.6%,14.9%,3.6%,1.0%,66.4%,22.0%,10.3%,1.3%,60.4%,37.2%,2.5%,0.0%
,,Unemployed,66.5%,1.0%,32.5%,22.7%,77.3%,0.0%,0.0%,83.1%,15.1%,1.8%,0.0%,75.2%,23.0%,1.8%,0.0%,84.4%,9.2%,6.4%,0.0%,37.1%,51.3%,11.7%,0.0%,0.0%,0.0%,83.4%,16.6%,0.0%,0.0%,16.0%,55.7%,28.3%,0.0%,0.0%,0.0%,0.0%,48.5%,32.8%,18.7%,0.0%,0.0%,0.0%,0.0%,0.0%,0.0%,0.0%,0.0%,0.0%,0.0%,0.0%,0.0%,0.0%,0.0%,0.0%
,,Employed part time want full time,69.6%,5.2%,25.3%,22.8%,77.2%,0.0%,0.0%,84.3%,15.7%,0.0%,0.0%,65.7%,31.8%,2.5%,0.0%,76.6%,11.3%,12.2%,0.0%,34.3%,58.3%,7.4%,0.0%,0.0%,0.0%,66.3%,33.7%,0.0%,0.0%,23.6%,59.3%,8.8%,0.0%,0.0%,8.2%,0.0%,41.7%,33.6%,24.6%,0.0%,0.0%,0.0%,76.9%,23.1%,0.0%,0.0%,74.2%,25.8%,0.0%,0.0%,48.2%,51.8%,0.0%,0.0%
,,Out of workforce,48.8%,9.8%,41.4%,35.2%,64.8%,0.0%,0.0%,81.1%,18.4%,0.5%,0.0%,78.9%,21.0%,0.1%,0.0%,81.4%,15.2%,3.4%,0.0%,19.9%,76.3%,3.7%,0.0%,0.1%,0.0%,73.5%,21.5%,5.0%,0.0%,20.0%,60.2%,18.1%,0.1%,0.0%,1.6%,0.0%,30.7%,30.6%,37.1%,0.0%,1.6%,0.0%,0.0%,0.0%,0.0%,0.0%,0.0%,0.0%,0.0%,0.0%,0.0%,0.0%,0.0%,0.0%
,Per Capita Income Quintiles,Poorest 20%,61.1%,10.7%,28.2%,30.5%,69.5%,0.0%,0.0%,63.3%,35.5%,1.2%,0.0%,72.0%,26.4%,1.6%,0.0%,72.4%,23.3%,4.3%,0.0%,19.9%,73.1%,5.8%,0.3%,0.8%,0.0%,63.9%,32.0%,4.1%,0.0%,21.2%,64.8%,12.5%,0.0%,0.0%,1.5%,0.0%,41.6%,23.4%,34.6%,0.0%,0.4%,0.0%,70.6%,28.0%,1.4%,0.0%,70.0%,28.0%,2.1%,0.0%,33.3%,63.7%,3.0%,0.0%
,,Second 20%,67.2%,10.1%,22.7%,28.3%,71.7%,0.0%,0.0%,82.5%,17.5%,0.0%,0.0%,71.3%,27.9%,0.8%,0.0%,78.9%,14.8%,6.3%,0.0%,15.8%,81.0%,3.2%,0.0%,0.0%,0.0%,71.9%,24.0%,4.1%,0.0%,14.9%,70.7%,13.2%,0.0%,0.0%,1.2%,0.0%,39.4%,32.3%,25.2%,0.0%,3.1%,0.0%,78.2%,20.9%,0.9%,0.0%,68.4%,27.4%,4.2%,0.0%,37.3%,62.0%,0.7%,0.0%
,,Middle 20%,56.8%,6.9%,36.3%,21.7%,78.3%,0.0%,0.0%,78.0%,22.0%,0.0%,0.0%,81.2%,18.3%,0.5%,0.0%,83.1%,9.4%,7.5%,0.0%,15.1%,78.7%,6.2%,0.0%,0.0%,0.0%,76.0%,20.8%,3.2%,0.0%,18.1%,62.4%,16.0%,0.0%,0.0%,3.5%,0.0%,39.1%,21.9%,38.8%,0.0%,0.1%,0.0%,92.1%,7.9%,0.0%,0.0%,87.0%,12.0%,0.0%,1.0%,57.0%,43.0%,0.0%,0.0%
,,Fourth 20%,49.7%,2.1%,48.2%,13.8%,86.2%,0.0%,0.0%,85.2%,14.5%,0.3%,0.0%,80.9%,18.4%,0.7%,0.0%,91.4%,7.0%,1.6%,0.0%,21.8%,67.3%,8.4%,0.3%,2.1%,0.0%,78.1%,18.9%,3.0%,0.0%,18.3%,67.1%,10.5%,0.0%,0.6%,3.4%,0.1%,33.0%,32.5%,33.8%,0.0%,0.7%,0.0%,87.2%,12.5%,0.3%,0.0%,72.9%,26.3%,0.8%,0.0%,56.3%,42.7%,1.0%,0.0%
,,Richest 20%,39.7%,2.7%,57.7%,10.0%,90.0%,0.0%,0.0%,92.2%,7.5%,0.3%,0.0%,80.4%,19.5%,0.1%,0.0%,91.6%,7.0%,1.4%,0.0%,30.7%,58.9%,9.8%,0.0%,0.6%,0.0%,82.7%,15.4%,1.7%,0.2%,27.9%,58.1%,11.8%,1.1%,0.0%,1.1%,0.0%,35.2%,36.6%,28.2%,0.0%,0.0%,0.0%,88.0%,10.4%,1.4%,0.2%,77.1%,19.7%,2.2%,0.9%,57.3%,42.2%,0.5%,0.0%
,Feelings About Household Income,Living comfortably on present income,36.0%,0.1%,63.9%,7.3%,92.7%,0.0%,0.0%,92.8%,7.2%,0.0%,0.0%,86.3%,13.6%,0.1%,0.0%,95.6%,4.2%,0.3%,0.0%,26.0%,62.5%,11.2%,0.3%,0.1%,0.0%,85.3%,13.5%,1.0%,0.1%,27.6%,58.5%,12.2%,0.1%,0.5%,0.9%,0.1%,33.8%,33.3%,32.7%,0.0%,0.2%,0.0%,89.2%,9.3%,1.4%,0.2%,77.9%,18.7%,3.1%,0.3%,61.4%,37.2%,1.5%,0.0%
,,Getting by on present income,54.1%,3.5%,42.4%,16.2%,83.8%,0.0%,0.0%,83.0%,16.5%,0.5%,0.0%,78.4%,20.9%,0.7%,0.0%,90.0%,7.4%,2.5%,0.0%,21.9%,71.2%,5.8%,0.0%,1.2%,0.0%,79.3%,15.9%,4.8%,0.0%,20.1%,63.6%,11.9%,0.4%,0.0%,4.0%,0.0%,39.3%,27.1%,32.6%,0.0%,1.0%,0.0%,86.6%,12.9%,0.5%,0.0%,75.9%,21.5%,1.8%,0.8%,50.0%,49.3%,0.7%,0.0%
,,Finding it difficult on present income,71.0%,13.8%,15.2%,26.2%,73.8%,0.0%,0.0%,73.5%,26.5%,0.0%,0.0%,74.7%,24.5%,0.8%,0.0%,75.7%,15.9%,8.4%,0.0%,14.0%,78.0%,7.1%,0.0%,0.9%,0.0%,65.8%,32.1%,2.1%,0.0%,15.0%,71.3%,12.5%,0.0%,0.0%,1.1%,0.0%,39.3%,25.5%,34.0%,0.0%,1.3%,0.0%,79.5%,19.5%,1.0%,0.0%,71.0%,28.5%,0.5%,0.0%,42.4%,56.4%,1.3%,0.0%
,,Finding it very difficult on present income,66.3%,17.2%,16.4%,53.4%,46.6%,0.0%,0.0%,60.1%,38.8%,1.1%,0.0%,59.3%,38.8%,1.9%,0.0%,51.3%,38.4%,10.2%,0.0%,17.2%,81.3%,0.9%,0.6%,0.0%,0.0%,51.8%,44.2%,4.0%,0.0%,13.1%,68.6%,18.3%,0.0%,0.0%,0.0%,0.0%,38.1%,36.1%,24.7%,0.0%,1.1%,0.0%,68.7%,31.3%,0.0%,0.0%,75.9%,22.6%,1.5%,0.0%,33.9%,66.1%,0.0%,0.0%
,Urban/Rural,A rural area or on a farm,48.9%,5.8%,45.3%,41.8%,58.2%,0.0%,0.0%,89.1%,10.9%,0.0%,0.0%,66.4%,33.6%,0.0%,0.0%,60.6%,39.4%,0.0%,0.0%,29.7%,69.0%,1.2%,0.0%,0.0%,0.0%,47.3%,42.8%,9.9%,0.0%,42.0%,48.2%,9.9%,0.0%,0.0%,0.0%,0.0%,37.2%,31.9%,21.1%,0.0%,9.9%,0.0%,59.3%,40.7%,0.0%,0.0%,64.9%,35.1%,0.0%,0.0%,25.4%,74.6%,0.0%,0.0%
,,A small town or villAge,53.9%,10.2%,35.9%,24.0%,76.0%,0.0%,0.0%,78.1%,21.8%,0.1%,0.0%,75.2%,23.7%,1.1%,0.0%,77.9%,16.4%,5.7%,0.0%,18.1%,76.1%,4.9%,0.0%,0.9%,0.0%,72.3%,22.4%,5.3%,0.0%,21.7%,63.6%,12.4%,0.0%,0.0%,2.3%,0.0%,40.8%,25.8%,33.2%,0.0%,0.2%,0.0%,86.1%,12.8%,1.1%,0.0%,77.9%,20.4%,1.7%,0.0%,50.0%,49.0%,1.0%,0.0%
,,A large city,54.0%,2.6%,43.5%,16.0%,84.0%,0.0%,0.0%,81.6%,17.6%,0.8%,0.0%,77.4%,22.3%,0.3%,0.0%,87.0%,9.7%,3.3%,0.0%,23.3%,65.8%,9.9%,0.3%,0.7%,0.0%,76.0%,21.8%,2.0%,0.1%,19.9%,62.0%,15.1%,0.5%,0.0%,2.4%,0.0%,38.3%,31.8%,28.7%,0.0%,1.1%,0.0%,83.2%,16.4%,0.4%,0.0%,73.9%,22.9%,2.6%,0.6%,51.4%,47.1%,1.5%,0.0%
,,A suburb of a large city,57.5%,6.8%,35.7%,22.0%,78.0%,0.0%,0.0%,80.8%,19.0%,0.2%,0.0%,82.4%,16.6%,1.0%,0.0%,90.5%,5.9%,3.6%,0.0%,19.7%,75.3%,4.5%,0.0%,0.5%,0.0%,79.3%,20.0%,0.8%,0.0%,15.1%,73.3%,9.5%,0.0%,0.6%,1.4%,0.1%,30.6%,31.4%,37.3%,0.0%,0.8%,0.0%,85.2%,13.4%,1.2%,0.2%,75.4%,23.3%,0.6%,0.8%,48.3%,51.7%,0.0%,0.0%
Dominican Republic,Age,15-24,57.9%,2.2%,39.9%,8.3%,91.7%,0.0%,0.0%,84.8%,14.8%,0.0%,0.4%,83.2%,15.2%,0.0%,1.5%,87.7%,12.3%,0.0%,0.0%,20.7%,76.5%,2.5%,0.0%,0.4%,0.0%,73.2%,26.8%,0.0%,0.0%,36.1%,28.4%,35.5%,0.0%,0.0%,0.0%,0.0%,55.3%,32.6%,12.0%,0.0%,0.0%,0.0%,86.6%,12.7%,0.0%,0.7%,83.3%,15.1%,1.6%,0.0%,77.3%,22.7%,0.0%,0.0%
,,25-34,68.1%,7.7%,24.2%,9.9%,90.1%,0.0%,0.0%,80.8%,19.2%,0.0%,0.0%,78.8%,20.4%,0.7%,0.0%,90.6%,9.4%,0.0%,0.0%,11.1%,87.1%,1.8%,0.0%,0.0%,0.0%,67.4%,32.6%,0.0%,0.0%,25.8%,45.2%,28.5%,0.0%,0.0%,0.3%,0.1%,62.4%,27.4%,9.9%,0.4%,0.0%,0.0%,90.7%,9.0%,0.0%,0.4%,86.6%,13.1%,0.3%,0.0%,80.8%,19.2%,0.0%,0.0%
,,35-44,65.2%,13.0%,21.7%,21.8%,78.2%,0.0%,0.0%,79.7%,19.6%,0.4%,0.3%,83.0%,16.7%,0.0%,0.3%,86.5%,13.5%,0.0%,0.0%,3.5%,95.6%,0.9%,0.0%,0.0%,0.0%,65.3%,34.4%,0.3%,0.0%,22.6%,36.8%,40.3%,0.0%,0.0%,0.0%,0.3%,54.5%,33.7%,10.4%,0.0%,1.4%,0.0%,92.2%,7.8%,0.0%,0.0%,80.5%,18.0%,1.5%,0.0%,68.8%,29.7%,0.0%,1.5%
,,45-64,64.3%,16.9%,18.8%,31.4%,68.6%,0.0%,0.0%,76.5%,23.5%,0.0%,0.0%,84.5%,15.5%,0.0%,0.0%,91.5%,8.3%,0.1%,0.0%,5.0%,94.4%,0.5%,0.1%,0.0%,0.0%,72.9%,24.9%,2.2%,0.0%,16.5%,35.6%,45.7%,0.0%,0.0%,1.1%,1.1%,55.4%,27.0%,17.6%,0.0%,0.0%,0.0%,99.0%,1.0%,0.0%,0.0%,89.2%,10.8%,0.0%,0.0%,76.4%,23.6%,0.0%,0.0%
,,65+,64.8%,14.8%,20.5%,56.8%,43.2%,0.0%,0.0%,80.3%,19.7%,0.0%,0.0%,94.8%,5.2%,0.0%,0.0%,98.6%,1.4%,0.0%,0.0%,6.2%,93.1%,0.8%,0.0%,0.0%,0.0%,75.5%,24.5%,0.0%,0.0%,16.8%,22.9%,59.7%,0.0%,0.0%,0.0%,0.6%,65.5%,16.6%,12.6%,0.0%,0.0%,5.4%,97.7%,2.3%,0.0%,0.0%,90.5%,4.0%,5.5%,0.0%,82.1%,17.9%,0.0%,0.0%
,Gender,Male,63.9%,8.7%,27.4%,11.1%,88.9%,0.0%,0.0%,80.5%,19.4%,0.2%,0.0%,86.7%,13.3%,0.0%,0.0%,89.4%,10.6%,0.0%,0.0%,14.0%,83.8%,1.9%,0.1%,0.2%,0.0%,75.4%,24.6%,0.0%,0.0%,26.9%,34.1%,38.8%,0.0%,0.0%,0.0%,0.2%,55.0%,33.3%,11.8%,0.0%,0.0%,0.0%,92.5%,7.3%,0.0%,0.3%,87.2%,12.0%,0.8%,0.0%,79.7%,20.3%,0.0%,0.0%
,,Female,63.4%,11.5%,25.1%,29.5%,70.5%,0.0%,0.0%,80.4%,19.3%,0.0%,0.3%,79.3%,19.5%,0.4%,0.9%,90.1%,9.8%,0.1%,0.0%,6.1%,93.1%,0.8%,0.0%,0.0%,0.0%,65.0%,33.6%,1.4%,0.0%,22.6%,37.3%,38.7%,0.0%,0.0%,0.7%,0.6%,59.9%,25.0%,13.8%,0.2%,0.5%,0.6%,92.5%,7.2%,0.0%,0.3%,82.3%,16.7%,1.0%,0.0%,70.6%,28.6%,0.0%,0.8%
,Employment Status,Employed full time for an employer,64.6%,9.5%,25.8%,12.4%,87.6%,0.0%,0.0%,81.7%,18.1%,0.0%,0.2%,83.4%,16.3%,0.0%,0.2%,83.6%,16.2%,0.1%,0.0%,12.1%,85.2%,2.6%,0.2%,0.0%,0.0%,71.4%,28.5%,0.1%,0.0%,26.2%,40.7%,33.1%,0.0%,0.0%,0.0%,0.0%,51.7%,31.8%,16.5%,0.0%,0.0%,0.0%,91.4%,8.6%,0.0%,0.0%,82.8%,17.0%,0.2%,0.0%,78.0%,22.0%,0.0%,0.0%
,,Employed full time for self,57.8%,7.4%,34.8%,8.7%,91.3%,0.0%,0.0%,80.2%,19.4%,0.4%,0.0%,87.8%,12.2%,0.0%,0.0%,92.3%,7.7%,0.0%,0.0%,10.3%,88.3%,0.9%,0.0%,0.5%,0.0%,82.6%,17.4%,0.0%,0.0%,25.2%,35.8%,38.4%,0.0%,0.0%,0.0%,0.6%,54.3%,37.5%,8.2%,0.0%,0.0%,0.0%,93.3%,6.1%,0.0%,0.5%,84.4%,14.3%,1.3%,0.0%,81.3%,18.7%,0.0%,0.0%
,,Employed part time do not want full time,74.8%,0.9%,24.3%,20.8%,79.2%,0.0%,0.0%,90.1%,9.9%,0.0%,0.0%,78.8%,21.2%,0.0%,0.0%,92.7%,7.3%,0.0%,0.0%,0.7%,98.6%,0.6%,0.0%,0.0%,0.0%,53.8%,46.2%,0.0%,0.0%,24.2%,45.8%,30.0%,0.0%,0.0%,0.0%,0.0%,64.9%,29.7%,5.4%,0.0%,0.0%,0.0%,88.7%,11.3%,0.0%,0.0%,89.2%,10.8%,0.0%,0.0%,54.9%,45.1%,0.0%,0.0%
,,Unemployed,63.8%,9.2%,26.9%,16.3%,83.7%,0.0%,0.0%,83.6%,16.4%,0.0%,0.0%,78.0%,20.3%,0.0%,1.7%,93.4%,6.6%,0.0%,0.0%,12.1%,85.2%,2.6%,0.0%,0.0%,0.0%,65.7%,32.2%,2.1%,0.0%,24.9%,37.5%,35.9%,0.0%,0.0%,1.7%,0.0%,68.6%,25.3%,6.1%,0.0%,0.0%,0.0%,0.0%,0.0%,0.0%,0.0%,0.0%,0.0%,0.0%,0.0%,0.0%,0.0%,0.0%,0.0%
,,Employed part time want full time,68.8%,11.2%,20.0%,20.8%,79.2%,0.0%,0.0%,80.6%,19.4%,0.0%,0.0%,80.7%,19.3%,0.0%,0.0%,90.3%,9.7%,0.0%,0.0%,8.6%,90.8%,0.6%,0.0%,0.0%,0.0%,67.4%,30.6%,1.9%,0.0%,22.6%,27.3%,50.1%,0.0%,0.0%,0.0%,0.0%,55.7%,27.4%,16.9%,0.0%,0.0%,0.0%,94.3%,5.3%,0.0%,0.4%,89.7%,8.5%,1.7%,0.0%,73.8%,25.0%,0.0%,1.2%
,,Out of workforce,61.4%,14.8%,23.8%,39.9%,60.1%,0.0%,0.0%,75.0%,24.6%,0.0%,0.4%,85.3%,13.5%,0.8%,0.4%,90.6%,9.4%,0.0%,0.0%,9.4%,90.4%,0.1%,0.0%,0.0%,0.0%,67.7%,32.3%,0.0%,0.0%,24.5%,32.5%,41.3%,0.0%,0.0%,0.3%,1.3%,57.0%,23.8%,16.2%,0.4%,1.2%,1.3%,0.0%,0.0%,0.0%,0.0%,0.0%,0.0%,0.0%,0.0%,0.0%,0.0%,0.0%,0.0%
,Per Capita Income Quintiles,Poorest 20%,60.1%,19.4%,20.6%,26.7%,73.3%,0.0%,0.0%,75.0%,25.0%,0.0%,0.0%,84.1%,15.9%,0.0%,0.0%,88.2%,11.8%,0.0%,0.0%,4.9%,93.7%,1.4%,0.0%,0.0%,0.0%,69.2%,30.8%,0.0%,0.0%,24.4%,35.2%,38.5%,0.0%,0.0%,0.3%,1.4%,61.2%,28.1%,10.7%,0.0%,0.0%,0.0%,86.6%,13.4%,0.0%,0.0%,80.1%,16.3%,3.6%,0.0%,70.1%,27.8%,0.0%,2.1%
,,Second 20%,72.5%,13.2%,14.3%,25.0%,75.0%,0.0%,0.0%,84.4%,15.6%,0.0%,0.0%,81.2%,17.3%,0.0%,1.5%,89.0%,11.0%,0.0%,0.0%,7.6%,90.6%,1.3%,0.0%,0.5%,0.0%,63.0%,35.5%,1.5%,0.0%,16.3%,42.5%,41.1%,0.0%,0.0%,0.0%,0.0%,56.3%,26.2%,15.7%,0.4%,1.3%,0.0%,92.9%,7.1%,0.0%,0.0%,81.9%,18.1%,0.0%,0.0%,60.8%,39.2%,0.0%,0.0%
,,Middle 20%,62.2%,11.7%,26.2%,20.9%,79.1%,0.0%,0.0%,74.1%,25.4%,0.0%,0.5%,80.1%,18.5%,0.8%,0.5%,88.4%,11.4%,0.2%,0.0%,8.0%,90.2%,1.8%,0.0%,0.0%,0.0%,61.7%,36.6%,1.7%,0.0%,26.5%,27.0%,45.0%,0.0%,0.0%,1.4%,0.0%,53.1%,37.7%,9.2%,0.0%,0.0%,0.0%,89.2%,10.3%,0.0%,0.5%,83.3%,16.7%,0.0%,0.0%,79.9%,20.1%,0.0%,0.0%
,,Fourth 20%,62.6%,5.2%,32.1%,19.7%,80.3%,0.0%,0.0%,81.9%,17.4%,0.4%,0.3%,81.3%,18.4%,0.0%,0.3%,92.7%,7.3%,0.0%,0.0%,12.5%,86.3%,1.1%,0.0%,0.0%,0.0%,78.4%,21.6%,0.0%,0.0%,27.3%,32.8%,39.7%,0.0%,0.0%,0.0%,0.2%,57.7%,25.7%,15.1%,0.0%,0.0%,1.5%,96.8%,2.5%,0.0%,0.7%,89.8%,10.2%,0.0%,0.0%,83.7%,16.3%,0.0%,0.0%
,,Richest 20%,60.8%,1.5%,37.7%,8.1%,91.9%,0.0%,0.0%,86.8%,13.2%,0.0%,0.0%,88.8%,11.2%,0.0%,0.0%,90.5%,9.5%,0.0%,0.0%,17.9%,80.8%,1.2%,0.2%,0.0%,0.0%,79.5%,20.4%,0.1%,0.0%,29.3%,40.8%,29.5%,0.0%,0.0%,0.0%,0.4%,58.5%,28.4%,13.1%,0.0%,0.0%,0.0%,93.8%,6.2%,0.0%,0.0%,88.6%,9.8%,1.6%,0.0%,82.4%,17.6%,0.0%,0.0%
,Feelings About Household Income,Living comfortably on present income,50.9%,0.6%,48.4%,7.9%,92.1%,0.0%,0.0%,82.7%,16.4%,0.0%,0.8%,88.0%,11.2%,0.0%,0.8%,97.2%,2.8%,0.0%,0.0%,21.7%,74.4%,4.0%,0.0%,0.0%,0.0%,90.5%,9.5%,0.0%,0.0%,31.2%,26.3%,42.4%,0.0%,0.0%,0.0%,0.2%,60.8%,32.0%,7.2%,0.0%,0.0%,0.0%,98.8%,1.2%,0.0%,0.0%,93.1%,6.9%,0.0%,0.0%,85.6%,14.4%,0.0%,0.0%
,,Getting by on present income,63.3%,2.8%,33.9%,13.1%,86.9%,0.0%,0.0%,89.4%,10.3%,0.3%,0.0%,91.9%,8.1%,0.0%,0.0%,94.4%,5.4%,0.1%,0.0%,14.7%,83.2%,1.7%,0.1%,0.3%,0.0%,80.4%,19.6%,0.0%,0.0%,26.3%,39.4%,34.3%,0.0%,0.0%,0.0%,0.0%,57.1%,30.4%,12.2%,0.3%,0.0%,0.0%,93.8%,6.2%,0.0%,0.0%,85.5%,13.0%,1.5%,0.0%,81.4%,18.6%,0.0%,0.0%
,,Finding it difficult on present income,69.9%,12.3%,17.8%,22.4%,77.6%,0.0%,0.0%,80.1%,19.7%,0.0%,0.2%,80.3%,19.5%,0.0%,0.2%,88.4%,11.6%,0.0%,0.0%,7.5%,91.3%,1.2%,0.0%,0.0%,0.0%,68.9%,31.0%,0.1%,0.0%,29.4%,33.2%,37.3%,0.0%,0.0%,0.0%,0.1%,61.0%,22.2%,16.8%,0.0%,0.0%,0.0%,91.2%,8.0%,0.0%,0.9%,80.9%,18.9%,0.2%,0.0%,72.6%,27.4%,0.0%,0.0%
,,Finding it very difficult on present income,63.5%,18.6%,17.9%,27.3%,72.7%,0.0%,0.0%,71.2%,28.8%,0.0%,0.0%,74.8%,23.6%,0.6%,1.0%,83.3%,16.7%,0.0%,0.0%,5.0%,94.9%,0.1%,0.0%,0.0%,0.0%,57.3%,41.5%,1.2%,0.0%,15.9%,38.3%,44.6%,0.0%,0.0%,0.2%,1.0%,52.1%,34.9%,11.1%,0.0%,0.9%,1.0%,88.8%,11.2%,0.0%,0.0%,87.0%,11.7%,1.2%,0.0%,69.0%,29.7%,0.0%,1.2%
,Urban/Rural,A rural area or on a farm,73.6%,5.9%,20.5%,21.4%,78.6%,0.0%,0.0%,71.6%,27.6%,0.5%,0.3%,80.7%,17.3%,0.0%,2.0%,81.8%,18.2%,0.0%,0.0%,10.6%,87.5%,1.9%,0.0%,0.0%,0.0%,75.6%,24.4%,0.0%,0.0%,24.4%,44.9%,30.7%,0.0%,0.0%,0.0%,0.0%,58.6%,30.1%,11.2%,0.0%,0.0%,0.0%,88.3%,11.1%,0.0%,0.6%,85.5%,14.0%,0.5%,0.0%,76.6%,23.4%,0.0%,0.0%
,,A small town or villAge,63.0%,13.5%,23.6%,24.6%,75.4%,0.0%,0.0%,83.8%,16.0%,0.0%,0.2%,84.6%,14.8%,0.4%,0.2%,90.6%,9.4%,0.0%,0.0%,8.3%,90.5%,1.0%,0.0%,0.2%,0.0%,67.5%,32.3%,0.1%,0.0%,23.8%,31.7%,43.6%,0.0%,0.0%,0.2%,0.8%,56.8%,29.6%,13.4%,0.2%,0.0%,0.0%,92.6%,7.0%,0.0%,0.4%,84.5%,14.3%,1.2%,0.0%,76.2%,23.8%,0.0%,0.0%
,,A large city,57.7%,7.8%,34.5%,10.9%,89.1%,0.0%,0.0%,81.9%,18.1%,0.0%,0.0%,83.2%,16.8%,0.0%,0.0%,93.1%,6.9%,0.0%,0.0%,12.6%,85.7%,1.6%,0.1%,0.0%,0.0%,72.5%,26.4%,1.1%,0.0%,29.0%,35.6%,34.4%,0.0%,0.0%,1.0%,0.0%,57.9%,27.1%,14.1%,0.0%,0.9%,0.0%,94.2%,5.8%,0.0%,0.0%,85.3%,14.7%,0.0%,0.0%,80.2%,19.8%,0.0%,0.0%
,,A suburb of a large city,71.1%,8.7%,20.2%,21.2%,78.8%,0.0%,0.0%,75.7%,24.3%,0.0%,0.0%,80.5%,19.5%,0.0%,0.0%,90.2%,9.4%,0.4%,0.0%,8.6%,89.7%,1.7%,0.0%,0.0%,0.0%,66.8%,33.2%,0.0%,0.0%,20.2%,40.6%,39.2%,0.0%,0.0%,0.0%,0.0%,57.3%,36.6%,6.1%,0.0%,0.0%,0.0%,92.2%,7.8%,0.0%,0.0%,88.6%,8.5%,2.9%,0.0%,67.2%,29.9%,0.0%,2.9%
Ecuador,Age,15-24,56.1%,2.4%,41.5%,5.5%,94.5%,0.0%,0.0%,93.2%,6.3%,0.6%,0.0%,76.9%,22.8%,0.3%,0.0%,89.3%,10.5%,0.0%,0.3%,20.4%,76.7%,2.9%,0.0%,0.0%,0.0%,69.3%,28.3%,2.4%,0.0%,36.1%,40.5%,22.5%,0.0%,0.0%,0.7%,0.2%,61.8%,27.4%,10.3%,0.0%,0.2%,0.3%,91.9%,7.6%,0.5%,0.0%,77.7%,21.9%,0.4%,0.0%,69.9%,30.1%,0.0%,0.0%
,,25-34,61.5%,9.9%,28.6%,12.1%,87.9%,0.0%,0.0%,80.5%,18.8%,0.7%,0.0%,78.4%,19.3%,2.3%,0.0%,84.0%,16.0%,0.0%,0.0%,8.1%,87.1%,4.6%,0.2%,0.0%,0.0%,70.4%,28.0%,1.7%,0.0%,24.9%,56.5%,16.5%,0.3%,0.2%,1.3%,0.4%,58.5%,22.5%,18.1%,0.8%,0.1%,0.0%,91.7%,6.8%,1.5%,0.0%,82.7%,14.1%,1.1%,2.1%,74.3%,24.1%,0.3%,1.3%
,,35-44,64.9%,15.8%,19.3%,19.3%,80.7%,0.0%,0.0%,66.6%,30.1%,2.1%,1.1%,74.1%,25.6%,0.3%,0.0%,85.7%,13.6%,0.6%,0.0%,8.9%,87.2%,3.9%,0.0%,0.0%,0.0%,72.8%,23.8%,2.0%,1.4%,21.3%,61.0%,17.1%,0.0%,0.3%,0.3%,0.0%,69.0%,14.3%,15.4%,0.0%,1.3%,0.0%,95.6%,3.6%,0.9%,0.0%,80.0%,17.3%,2.7%,0.0%,72.1%,25.2%,2.3%,0.4%
,,45-64,69.3%,13.5%,17.2%,22.3%,76.6%,0.0%,1.1%,72.0%,27.2%,0.8%,0.0%,81.1%,18.5%,0.4%,0.0%,89.1%,9.6%,1.3%,0.0%,4.5%,91.7%,3.4%,0.0%,0.0%,0.4%,72.6%,27.4%,0.0%,0.0%,24.3%,57.3%,16.5%,0.0%,0.0%,1.0%,0.9%,55.6%,23.2%,17.6%,0.0%,3.6%,0.0%,96.0%,3.2%,0.8%,0.0%,88.5%,7.4%,3.7%,0.4%,71.2%,28.8%,0.0%,0.0%
,,65+,62.7%,8.8%,28.5%,57.3%,42.7%,0.0%,0.0%,77.8%,22.2%,0.0%,0.0%,90.3%,9.7%,0.0%,0.0%,94.0%,6.0%,0.0%,0.0%,1.5%,98.5%,0.0%,0.0%,0.0%,0.0%,77.0%,23.0%,0.0%,0.0%,13.4%,65.9%,14.4%,0.0%,0.0%,6.4%,0.0%,49.2%,23.5%,21.0%,0.0%,0.0%,6.4%,100.0%,0.0%,0.0%,0.0%,100.0%,0.0%,0.0%,0.0%,65.4%,34.6%,0.0%,0.0%
,Gender,Male,60.7%,8.5%,30.8%,14.8%,84.7%,0.0%,0.5%,81.8%,17.7%,0.5%,0.0%,81.2%,17.6%,1.1%,0.0%,89.0%,10.5%,0.5%,0.0%,13.9%,81.7%,4.1%,0.1%,0.0%,0.2%,71.5%,26.8%,1.2%,0.6%,25.3%,53.0%,20.0%,0.1%,0.1%,0.9%,0.4%,58.7%,25.2%,13.7%,0.0%,1.7%,0.7%,93.2%,6.3%,0.5%,0.0%,83.8%,15.2%,1.0%,0.0%,74.1%,25.5%,0.3%,0.0%
,,Female,63.4%,10.3%,26.3%,17.3%,82.7%,0.0%,0.0%,77.3%,20.9%,1.4%,0.4%,75.5%,24.0%,0.5%,0.0%,86.1%,13.5%,0.3%,0.1%,7.8%,89.2%,3.0%,0.0%,0.0%,0.0%,71.3%,26.9%,1.8%,0.0%,27.9%,53.7%,16.5%,0.0%,0.1%,1.3%,0.4%,62.0%,20.1%,16.8%,0.4%,0.6%,0.1%,94.4%,4.2%,1.4%,0.0%,81.0%,14.6%,2.9%,1.5%,68.8%,29.3%,0.9%,1.0%
,Employment Status,Employed full time for an employer,57.8%,6.7%,35.5%,10.0%,90.0%,0.0%,0.0%,84.4%,15.0%,0.6%,0.0%,83.3%,16.0%,0.8%,0.0%,89.4%,10.3%,0.4%,0.0%,15.4%,80.4%,4.2%,0.0%,0.0%,0.0%,74.7%,25.3%,0.0%,0.0%,24.7%,61.9%,11.8%,0.0%,0.4%,0.8%,0.3%,72.1%,17.1%,10.8%,0.0%,0.0%,0.0%,93.2%,6.4%,0.3%,0.0%,90.2%,9.8%,0.0%,0.0%,76.1%,23.2%,0.8%,0.0%
,,Employed full time for self,66.9%,10.8%,22.2%,16.3%,83.7%,0.0%,0.0%,75.8%,21.7%,2.5%,0.0%,78.3%,21.7%,0.0%,0.0%,87.9%,12.1%,0.0%,0.0%,6.9%,88.6%,4.5%,0.0%,0.0%,0.0%,67.8%,32.2%,0.0%,0.0%,29.0%,46.0%,23.9%,0.5%,0.0%,0.4%,0.3%,59.0%,21.0%,17.2%,1.3%,1.6%,0.0%,96.0%,4.0%,0.0%,0.0%,80.2%,15.1%,2.9%,1.8%,70.2%,26.4%,1.6%,1.8%
,,Employed part time do not want full time,62.0%,9.9%,28.2%,19.6%,76.8%,0.0%,3.6%,78.2%,21.8%,0.0%,0.0%,73.9%,25.2%,0.9%,0.0%,84.0%,14.8%,0.0%,1.2%,10.3%,89.7%,0.0%,0.0%,0.0%,0.0%,74.1%,25.2%,0.7%,0.0%,30.2%,52.5%,15.7%,0.0%,0.0%,1.7%,0.0%,69.3%,16.1%,13.5%,0.0%,0.0%,1.2%,89.3%,9.7%,1.0%,0.0%,78.4%,16.6%,4.9%,0.0%,65.2%,34.8%,0.0%,0.0%
,,Unemployed,60.1%,16.9%,22.9%,16.4%,83.6%,0.0%,0.0%,70.0%,29.7%,0.3%,0.0%,71.1%,28.9%,0.0%,0.0%,83.5%,14.6%,1.9%,0.0%,8.6%,89.2%,2.2%,0.0%,0.0%,0.0%,62.8%,32.2%,3.5%,1.6%,21.9%,57.6%,20.5%,0.0%,0.0%,0.0%,0.0%,56.3%,22.4%,21.4%,0.0%,0.0%,0.0%,0.0%,0.0%,0.0%,0.0%,0.0%,0.0%,0.0%,0.0%,0.0%,0.0%,0.0%,0.0%
,,Employed part time want full time,66.2%,8.7%,25.2%,14.6%,85.4%,0.0%,0.0%,77.0%,21.8%,1.2%,0.0%,79.3%,18.4%,2.3%,0.0%,87.4%,12.4%,0.2%,0.0%,13.6%,82.1%,4.4%,0.0%,0.0%,0.0%,77.7%,20.6%,1.7%,0.0%,29.2%,47.7%,22.6%,0.0%,0.0%,0.0%,0.4%,53.7%,25.3%,18.6%,0.0%,2.4%,0.0%,93.9%,4.4%,1.7%,0.0%,80.2%,17.6%,1.6%,0.5%,71.7%,28.3%,0.0%,0.0%
,,Out of workforce,58.4%,6.7%,35.0%,21.3%,78.7%,0.0%,0.0%,88.5%,9.7%,0.8%,1.0%,79.1%,20.9%,0.0%,0.0%,89.7%,10.3%,0.0%,0.0%,7.4%,88.6%,3.3%,0.2%,0.0%,0.4%,68.4%,29.0%,2.3%,0.2%,25.8%,56.5%,12.4%,0.0%,0.3%,3.9%,1.1%,61.2%,26.3%,9.7%,0.0%,1.2%,1.6%,0.0%,0.0%,0.0%,0.0%,0.0%,0.0%,0.0%,0.0%,0.0%,0.0%,0.0%,0.0%
,Per Capita Income Quintiles,Poorest 20%,62.0%,16.5%,21.4%,28.3%,70.5%,0.0%,1.2%,72.3%,27.4%,0.3%,0.0%,78.7%,21.0%,0.3%,0.0%,87.2%,12.8%,0.0%,0.0%,6.6%,89.0%,4.4%,0.0%,0.0%,0.0%,64.2%,34.1%,0.4%,1.2%,25.2%,51.6%,20.7%,0.0%,0.6%,1.3%,0.5%,50.9%,24.6%,21.3%,0.0%,1.5%,1.7%,91.5%,8.5%,0.0%,0.0%,76.0%,17.5%,6.5%,0.0%,64.2%,35.8%,0.0%,0.0%
,,Second 20%,68.6%,13.7%,17.7%,12.5%,87.5%,0.0%,0.0%,72.1%,27.1%,0.8%,0.0%,76.5%,22.2%,1.3%,0.0%,88.5%,11.5%,0.0%,0.0%,4.4%,89.5%,6.1%,0.0%,0.0%,0.0%,68.9%,29.9%,1.1%,0.0%,22.4%,60.5%,15.9%,0.0%,0.0%,0.5%,0.7%,67.6%,18.2%,13.3%,0.9%,0.0%,0.0%,94.0%,3.5%,2.5%,0.0%,74.3%,22.6%,1.4%,1.6%,72.0%,26.4%,0.0%,1.6%
,,Middle 20%,67.2%,8.9%,23.9%,15.2%,84.8%,0.0%,0.0%,83.4%,14.3%,1.3%,1.0%,76.5%,21.9%,1.6%,0.0%,87.0%,11.3%,1.7%,0.0%,9.1%,88.1%,2.4%,0.0%,0.0%,0.4%,75.9%,22.3%,1.6%,0.2%,23.5%,55.4%,17.7%,0.0%,0.0%,3.0%,0.4%,58.5%,23.7%,15.2%,0.0%,2.6%,0.0%,96.8%,2.4%,0.8%,0.0%,86.0%,13.0%,0.0%,1.0%,70.0%,29.5%,0.5%,0.0%
,,Fourth 20%,61.7%,4.3%,34.0%,9.3%,90.7%,0.0%,0.0%,86.7%,11.1%,2.2%,0.0%,81.1%,18.6%,0.3%,0.0%,85.7%,14.0%,0.3%,0.0%,11.2%,87.0%,1.8%,0.0%,0.0%,0.0%,71.2%,25.4%,3.4%,0.0%,32.6%,50.1%,17.0%,0.0%,0.0%,0.3%,0.0%,62.3%,20.5%,15.8%,0.0%,1.5%,0.0%,94.3%,5.7%,0.0%,0.0%,84.1%,13.6%,2.3%,0.0%,74.3%,23.4%,2.3%,0.0%
,,Richest 20%,51.2%,4.3%,44.5%,15.4%,84.6%,0.0%,0.0%,82.9%,16.7%,0.4%,0.0%,78.3%,21.2%,0.5%,0.0%,88.8%,10.8%,0.0%,0.4%,22.1%,74.8%,2.8%,0.2%,0.0%,0.0%,76.3%,22.7%,1.0%,0.0%,30.4%,48.8%,19.6%,0.4%,0.0%,0.3%,0.5%,62.9%,25.4%,11.3%,0.0%,0.0%,0.4%,91.4%,7.7%,0.9%,0.0%,89.8%,9.3%,0.5%,0.4%,76.4%,23.2%,0.0%,0.4%
,Feelings About Household Income,Living comfortably on present income,33.1%,1.4%,65.5%,3.7%,96.3%,0.0%,0.0%,100.0%,0.0%,0.0%,0.0%,89.4%,9.7%,1.0%,0.0%,92.3%,7.7%,0.0%,0.0%,23.1%,71.8%,4.3%,0.9%,0.0%,0.0%,90.7%,9.3%,0.0%,0.0%,36.1%,41.7%,21.1%,0.0%,0.0%,1.0%,0.0%,66.2%,23.4%,10.4%,0.0%,0.0%,0.0%,97.0%,3.0%,0.0%,0.0%,85.4%,14.6%,0.0%,0.0%,72.6%,23.4%,2.0%,2.0%
,,Getting by on present income,57.2%,0.6%,42.2%,9.3%,90.7%,0.0%,0.0%,91.7%,8.0%,0.3%,0.0%,83.7%,15.4%,0.9%,0.0%,91.9%,8.1%,0.0%,0.0%,15.7%,82.4%,1.8%,0.0%,0.0%,0.0%,77.9%,20.2%,1.9%,0.0%,29.1%,54.0%,15.8%,0.3%,0.0%,0.7%,0.2%,54.1%,30.0%,15.8%,0.0%,0.1%,0.0%,95.5%,4.5%,0.0%,0.0%,85.1%,14.2%,0.0%,0.8%,71.7%,27.9%,0.4%,0.0%
,,Finding it difficult on present income,66.0%,10.1%,24.0%,17.8%,82.2%,0.0%,0.0%,77.8%,19.7%,1.9%,0.6%,75.0%,23.8%,1.2%,0.0%,88.4%,11.1%,0.5%,0.0%,9.0%,85.9%,4.8%,0.0%,0.0%,0.3%,69.0%,28.7%,2.2%,0.1%,25.5%,56.3%,16.5%,0.0%,0.0%,0.9%,0.8%,69.6%,16.8%,12.9%,0.0%,0.7%,0.0%,91.2%,6.8%,2.0%,0.0%,83.0%,14.7%,2.0%,0.3%,75.9%,23.0%,1.1%,0.0%
,,Finding it very difficult on present income,69.0%,18.7%,12.3%,23.3%,75.9%,0.0%,0.8%,68.1%,31.0%,0.9%,0.0%,72.5%,27.3%,0.2%,0.0%,80.3%,18.9%,0.8%,0.0%,5.8%,91.8%,2.3%,0.0%,0.0%,0.0%,63.8%,34.7%,0.7%,0.8%,23.9%,51.5%,23.0%,0.0%,0.4%,1.1%,0.2%,54.6%,23.4%,18.2%,0.6%,2.1%,1.1%,93.8%,5.5%,0.7%,0.0%,80.6%,16.1%,2.3%,1.1%,66.3%,32.6%,0.0%,1.1%
,Urban/Rural,A rural area or on a farm,58.7%,17.2%,24.0%,15.6%,84.4%,0.0%,0.0%,77.1%,22.0%,0.9%,0.0%,73.0%,25.1%,2.0%,0.0%,90.7%,9.0%,0.0%,0.4%,9.6%,87.7%,2.7%,0.0%,0.0%,0.0%,71.5%,24.1%,4.2%,0.2%,30.1%,55.0%,14.1%,0.0%,0.3%,0.5%,0.0%,63.3%,18.3%,18.0%,0.0%,0.0%,0.4%,97.1%,2.2%,0.6%,0.0%,86.6%,13.4%,0.0%,0.0%,76.2%,23.8%,0.0%,0.0%
,,A small town or villAge,64.2%,9.2%,26.6%,17.9%,82.1%,0.0%,0.0%,77.3%,21.7%,0.5%,0.5%,82.6%,16.8%,0.6%,0.0%,88.5%,11.2%,0.3%,0.0%,7.9%,88.7%,3.4%,0.0%,0.0%,0.0%,70.3%,28.7%,0.5%,0.6%,25.7%,53.1%,19.7%,0.2%,0.0%,0.6%,0.7%,61.9%,20.7%,15.1%,0.0%,1.6%,0.8%,94.2%,4.5%,1.4%,0.0%,81.4%,15.1%,2.0%,1.5%,69.4%,29.7%,0.0%,1.0%
,,A large city,56.6%,7.2%,36.2%,11.0%,88.0%,0.0%,0.9%,86.7%,11.6%,1.7%,0.0%,76.6%,23.4%,0.0%,0.0%,84.4%,14.7%,0.9%,0.0%,16.0%,78.5%,4.9%,0.2%,0.0%,0.4%,72.5%,26.3%,1.2%,0.0%,28.0%,50.0%,19.5%,0.0%,0.2%,1.8%,0.5%,58.5%,27.7%,12.8%,0.0%,0.9%,0.0%,88.8%,10.5%,0.7%,0.0%,83.9%,14.0%,2.0%,0.0%,74.5%,24.1%,1.4%,0.0%
,,A suburb of a large city,71.4%,1.6%,27.0%,11.8%,88.2%,0.0%,0.0%,78.5%,20.2%,1.3%,0.0%,81.7%,18.3%,0.0%,0.0%,85.7%,13.7%,0.5%,0.0%,11.5%,85.8%,2.7%,0.0%,0.0%,0.0%,69.5%,29.2%,1.4%,0.0%,25.1%,59.7%,15.3%,0.0%,0.0%,0.0%,0.0%,55.5%,24.6%,19.8%,0.0%,0.0%,0.0%,98.3%,1.7%,0.0%,0.0%,79.5%,19.3%,1.2%,0.0%,67.8%,31.0%,1.2%,0.0%
Finland,Age,15-24,18.8%,0.0%,81.2%,13.4%,84.7%,1.9%,0.0%,100.0%,0.0%,0.0%,0.0%,92.1%,7.9%,0.0%,0.0%,93.9%,6.1%,0.0%,0.0%,46.6%,50.0%,3.4%,0.0%,0.0%,0.0%,86.3%,13.7%,0.0%,0.0%,42.2%,50.5%,7.4%,0.0%,0.0%,0.0%,0.0%,46.1%,48.6%,5.3%,0.0%,0.0%,0.0%,81.9%,18.1%,0.0%,0.0%,79.7%,20.3%,0.0%,0.0%,57.6%,37.1%,5.3%,0.0%
,,25-34,7.9%,0.9%,91.2%,9.1%,90.9%,0.0%,0.0%,100.0%,0.0%,0.0%,0.0%,81.8%,18.2%,0.0%,0.0%,94.1%,5.9%,0.0%,0.0%,28.1%,66.4%,4.3%,0.0%,1.2%,0.0%,88.1%,11.9%,0.0%,0.0%,32.0%,62.7%,5.4%,0.0%,0.0%,0.0%,0.0%,44.2%,47.2%,7.7%,0.0%,0.0%,0.8%,97.1%,2.9%,0.0%,0.0%,75.2%,24.8%,0.0%,0.0%,68.1%,31.9%,0.0%,0.0%
,,35-44,9.3%,1.1%,89.7%,12.0%,88.0%,0.0%,0.0%,97.5%,2.5%,0.0%,0.0%,80.4%,19.6%,0.0%,0.0%,97.0%,1.1%,2.0%,0.0%,16.2%,83.8%,0.0%,0.0%,0.0%,0.0%,87.3%,12.7%,0.0%,0.0%,22.2%,73.0%,3.6%,0.0%,0.0%,1.2%,0.0%,35.6%,59.1%,4.1%,0.0%,1.2%,0.0%,96.2%,2.5%,1.3%,0.0%,83.3%,16.7%,0.0%,0.0%,74.3%,25.7%,0.0%,0.0%
,,45-64,28.4%,1.7%,69.9%,20.4%,79.6%,0.0%,0.0%,95.0%,4.4%,0.6%,0.0%,89.6%,10.4%,0.0%,0.0%,92.7%,7.1%,0.2%,0.0%,8.5%,89.0%,2.5%,0.0%,0.0%,0.0%,89.3%,10.7%,0.0%,0.0%,35.6%,59.6%,3.8%,0.6%,0.0%,0.3%,0.0%,39.5%,50.2%,8.9%,0.0%,1.3%,0.2%,95.4%,4.3%,0.3%,0.0%,82.8%,15.0%,2.2%,0.0%,56.9%,42.4%,0.7%,0.0%
,,65+,44.2%,1.9%,53.8%,28.1%,71.9%,0.0%,0.0%,92.2%,7.6%,0.2%,0.0%,97.8%,1.7%,0.5%,0.0%,96.5%,3.5%,0.0%,0.0%,4.0%,93.9%,2.1%,0.0%,0.0%,0.0%,95.7%,3.7%,0.6%,0.0%,43.6%,49.5%,6.7%,0.1%,0.0%,0.1%,0.0%,48.1%,34.1%,15.7%,0.0%,2.0%,0.1%,98.3%,1.7%,0.0%,0.0%,74.6%,24.6%,0.8%,0.0%,68.6%,31.4%,0.0%,0.0%
,Gender,Male,29.3%,2.2%,68.6%,16.9%,83.1%,0.0%,0.0%,94.2%,5.4%,0.4%,0.0%,91.0%,8.8%,0.3%,0.0%,94.4%,5.6%,0.0%,0.0%,19.7%,77.7%,2.6%,0.0%,0.0%,0.0%,90.4%,9.6%,0.0%,0.0%,36.6%,57.1%,5.3%,0.5%,0.0%,0.6%,0.0%,45.3%,44.7%,8.4%,0.0%,1.3%,0.3%,93.9%,5.3%,0.8%,0.0%,75.8%,22.8%,1.4%,0.0%,64.8%,34.7%,0.5%,0.0%
,,Female,21.8%,0.5%,77.6%,20.5%,79.1%,0.4%,0.0%,97.6%,2.3%,0.1%,0.0%,88.2%,11.8%,0.0%,0.0%,95.1%,4.2%,0.7%,0.0%,11.8%,85.7%,2.2%,0.0%,0.4%,0.0%,90.0%,9.7%,0.3%,0.0%,35.3%,59.5%,5.1%,0.0%,0.0%,0.0%,0.0%,40.3%,48.2%,10.4%,0.0%,1.0%,0.1%,96.0%,4.0%,0.0%,0.0%,85.2%,14.5%,0.3%,0.0%,64.2%,34.7%,1.1%,0.0%
,Employment Status,Employed full time for an employer,13.9%,0.5%,85.6%,10.2%,89.8%,0.0%,0.0%,97.5%,2.1%,0.5%,0.0%,84.1%,15.9%,0.0%,0.0%,97.6%,2.4%,0.0%,0.0%,18.3%,79.0%,2.3%,0.0%,0.5%,0.0%,89.1%,10.9%,0.0%,0.0%,27.4%,67.4%,4.5%,0.0%,0.0%,0.6%,0.0%,38.8%,52.7%,7.2%,0.0%,1.3%,0.0%,95.9%,3.6%,0.4%,0.0%,80.8%,18.7%,0.5%,0.0%,62.2%,37.6%,0.2%,0.0%
,,Employed full time for self,16.9%,0.0%,83.1%,3.6%,96.4%,0.0%,0.0%,98.1%,1.9%,0.0%,0.0%,87.0%,13.0%,0.0%,0.0%,98.3%,1.7%,0.0%,0.0%,18.0%,79.4%,2.6%,0.0%,0.0%,0.0%,90.1%,9.9%,0.0%,0.0%,32.8%,65.7%,1.5%,0.0%,0.0%,0.0%,0.0%,34.4%,58.1%,5.4%,0.0%,0.0%,2.0%,98.5%,1.5%,0.0%,0.0%,83.0%,17.0%,0.0%,0.0%,81.4%,18.6%,0.0%,0.0%
,,Employed part time do not want full time,39.3%,1.3%,59.4%,17.0%,83.0%,0.0%,0.0%,96.2%,3.8%,0.0%,0.0%,90.8%,9.2%,0.0%,0.0%,93.7%,6.3%,0.0%,0.0%,8.4%,88.1%,3.5%,0.0%,0.0%,0.0%,86.7%,13.3%,0.0%,0.0%,32.4%,61.4%,6.2%,0.0%,0.0%,0.0%,0.0%,46.6%,41.6%,11.8%,0.0%,0.0%,0.0%,87.7%,11.5%,0.8%,0.0%,84.9%,15.1%,0.0%,0.0%,65.0%,30.0%,5.0%,0.0%
,,Unemployed,25.7%,8.6%,65.7%,16.2%,83.8%,0.0%,0.0%,87.8%,12.2%,0.0%,0.0%,82.0%,18.0%,0.0%,0.0%,81.1%,18.9%,0.0%,0.0%,24.7%,69.0%,6.3%,0.0%,0.0%,0.0%,75.0%,25.0%,0.0%,0.0%,20.6%,76.5%,2.8%,0.0%,0.0%,0.0%,0.0%,48.2%,44.3%,6.0%,0.0%,0.0%,1.5%,0.0%,0.0%,0.0%,0.0%,0.0%,0.0%,0.0%,0.0%,0.0%,0.0%,0.0%,0.0%
,,Employed part time want full time,34.6%,3.2%,62.2%,26.8%,73.2%,0.0%,0.0%,95.9%,4.1%,0.0%,0.0%,82.4%,17.6%,0.0%,0.0%,86.9%,11.7%,1.5%,0.0%,29.8%,69.3%,0.9%,0.0%,0.0%,0.0%,82.3%,17.7%,0.0%,0.0%,40.3%,47.3%,7.8%,4.7%,0.0%,0.0%,0.0%,29.3%,67.4%,3.2%,0.0%,0.0%,0.0%,91.4%,8.6%,0.0%,0.0%,63.4%,29.3%,7.3%,0.0%,60.5%,39.5%,0.0%,0.0%
,,Out of workforce,35.9%,1.5%,62.7%,30.0%,69.4%,0.6%,0.0%,94.8%,5.1%,0.1%,0.0%,97.1%,2.5%,0.4%,0.0%,93.6%,5.6%,0.8%,0.0%,11.3%,86.7%,2.0%,0.0%,0.0%,0.0%,94.6%,4.9%,0.5%,0.0%,47.4%,46.1%,6.4%,0.1%,0.0%,0.1%,0.0%,48.4%,36.8%,13.1%,0.0%,1.6%,0.1%,0.0%,0.0%,0.0%,0.0%,0.0%,0.0%,0.0%,0.0%,0.0%,0.0%,0.0%,0.0%
,Per Capita Income Quintiles,Poorest 20%,35.2%,3.9%,60.9%,26.7%,73.3%,0.0%,0.0%,95.0%,5.0%,0.0%,0.0%,88.2%,11.1%,0.7%,0.0%,87.5%,11.0%,1.5%,0.0%,14.9%,81.8%,3.4%,0.0%,0.0%,0.0%,85.8%,13.4%,0.9%,0.0%,40.4%,53.1%,5.6%,1.0%,0.0%,0.0%,0.0%,37.4%,50.6%,12.0%,0.0%,0.0%,0.0%,87.7%,12.3%,0.0%,0.0%,76.4%,21.2%,2.5%,0.0%,65.0%,35.0%,0.0%,0.0%
,,Second 20%,32.3%,1.7%,66.0%,24.5%,74.4%,1.1%,0.0%,95.7%,3.3%,1.0%,0.0%,91.2%,8.8%,0.0%,0.0%,95.4%,4.6%,0.0%,0.0%,10.4%,87.8%,1.8%,0.0%,0.0%,0.0%,92.8%,7.2%,0.0%,0.0%,32.8%,62.6%,3.7%,0.0%,0.0%,0.9%,0.0%,47.5%,39.7%,10.0%,0.0%,2.6%,0.2%,91.6%,6.7%,1.7%,0.0%,84.9%,13.2%,1.9%,0.0%,57.4%,39.7%,2.9%,0.0%
,,Middle 20%,22.9%,0.7%,76.4%,15.3%,84.7%,0.0%,0.0%,95.5%,4.5%,0.0%,0.0%,90.0%,10.0%,0.0%,0.0%,98.8%,1.2%,0.0%,0.0%,18.6%,79.6%,1.8%,0.0%,0.0%,0.0%,93.8%,6.2%,0.0%,0.0%,35.3%,59.8%,4.9%,0.0%,0.0%,0.0%,0.0%,44.0%,45.9%,8.3%,0.0%,1.5%,0.3%,98.3%,1.7%,0.0%,0.0%,79.8%,19.5%,0.6%,0.0%,63.8%,36.2%,0.0%,0.0%
,,Fourth 20%,25.6%,0.5%,73.9%,17.6%,82.4%,0.0%,0.0%,97.1%,2.6%,0.2%,0.0%,89.5%,10.5%,0.0%,0.0%,93.7%,6.0%,0.3%,0.0%,15.5%,81.2%,3.3%,0.0%,0.0%,0.0%,90.0%,10.0%,0.0%,0.0%,33.1%,59.0%,7.7%,0.0%,0.0%,0.2%,0.0%,45.1%,46.1%,8.6%,0.0%,0.2%,0.0%,96.1%,3.9%,0.0%,0.0%,83.3%,16.5%,0.3%,0.0%,62.0%,38.0%,0.0%,0.0%
,,Richest 20%,11.7%,0.0%,88.3%,9.6%,90.4%,0.0%,0.0%,96.2%,3.8%,0.0%,0.0%,88.9%,11.1%,0.0%,0.0%,98.2%,1.8%,0.0%,0.0%,18.8%,78.6%,1.7%,0.0%,0.9%,0.0%,88.8%,11.2%,0.0%,0.0%,38.1%,57.1%,4.1%,0.2%,0.0%,0.4%,0.0%,39.6%,50.0%,8.3%,0.0%,1.4%,0.6%,97.3%,2.3%,0.4%,0.0%,77.3%,22.7%,0.0%,0.0%,71.4%,27.7%,0.9%,0.0%
,Feelings About Household Income,Living comfortably on present income,15.4%,0.0%,84.6%,12.5%,87.5%,0.0%,0.0%,97.2%,2.6%,0.1%,0.0%,92.0%,8.0%,0.0%,0.0%,99.2%,0.8%,0.0%,0.0%,18.9%,78.8%,1.9%,0.0%,0.5%,0.0%,96.3%,3.3%,0.4%,0.0%,32.4%,61.5%,5.3%,0.1%,0.0%,0.7%,0.0%,41.6%,46.6%,9.9%,0.0%,1.6%,0.3%,96.4%,3.4%,0.2%,0.0%,78.6%,21.3%,0.1%,0.0%,70.0%,28.6%,1.4%,0.0%
,,Getting by on present income,31.0%,0.8%,68.2%,21.4%,78.2%,0.4%,0.0%,96.0%,3.6%,0.4%,0.0%,89.5%,10.3%,0.3%,0.0%,95.1%,4.2%,0.7%,0.0%,12.3%,84.7%,3.0%,0.0%,0.0%,0.0%,88.4%,11.6%,0.0%,0.0%,37.1%,58.0%,4.8%,0.0%,0.0%,0.0%,0.0%,43.6%,45.8%,9.4%,0.0%,0.9%,0.2%,93.8%,5.5%,0.7%,0.0%,82.6%,16.7%,0.7%,0.0%,59.5%,40.3%,0.2%,0.0%
,,Finding it difficult on present income,43.8%,10.7%,45.5%,25.3%,74.7%,0.0%,0.0%,86.9%,13.1%,0.0%,0.0%,79.8%,20.2%,0.0%,0.0%,69.7%,30.3%,0.0%,0.0%,18.3%,81.0%,0.7%,0.0%,0.0%,0.0%,76.1%,23.9%,0.0%,0.0%,38.9%,48.5%,9.3%,3.4%,0.0%,0.0%,0.0%,37.1%,58.2%,4.7%,0.0%,0.0%,0.0%,92.9%,7.1%,0.0%,0.0%,82.8%,7.4%,9.8%,0.0%,70.8%,29.2%,0.0%,0.0%
,,Finding it very difficult on present income,45.2%,19.6%,35.1%,71.5%,28.5%,0.0%,0.0%,91.1%,8.9%,0.0%,0.0%,64.2%,35.8%,0.0%,0.0%,55.9%,44.1%,0.0%,0.0%,27.7%,69.6%,2.6%,0.0%,0.0%,0.0%,42.0%,58.0%,0.0%,0.0%,80.8%,19.2%,0.0%,0.0%,0.0%,0.0%,0.0%,63.7%,21.5%,14.9%,0.0%,0.0%,0.0%,88.2%,11.8%,0.0%,0.0%,51.7%,48.3%,0.0%,0.0%,31.2%,68.8%,0.0%,0.0%
,Urban/Rural,A rural area or on a farm,29.7%,1.7%,68.6%,18.0%,82.0%,0.0%,0.0%,95.4%,4.6%,0.0%,0.0%,87.1%,12.4%,0.5%,0.0%,97.9%,2.1%,0.0%,0.0%,9.7%,88.7%,1.6%,0.0%,0.0%,0.0%,93.6%,5.8%,0.6%,0.0%,37.1%,58.6%,3.4%,0.0%,0.0%,1.0%,0.0%,48.7%,41.2%,7.5%,0.0%,2.1%,0.5%,98.0%,1.6%,0.3%,0.0%,76.2%,23.8%,0.0%,0.0%,63.8%,35.6%,0.5%,0.0%
,,A small town or villAge,31.2%,1.9%,66.9%,20.8%,79.2%,0.0%,0.0%,94.0%,5.3%,0.7%,0.0%,91.2%,8.8%,0.0%,0.0%,92.0%,7.1%,0.8%,0.0%,11.6%,86.3%,1.6%,0.0%,0.5%,0.0%,90.1%,9.9%,0.0%,0.0%,38.7%,54.0%,6.8%,0.6%,0.0%,0.0%,0.0%,41.4%,47.3%,9.9%,0.0%,1.2%,0.2%,89.7%,9.4%,0.9%,0.0%,80.6%,16.9%,2.5%,0.0%,58.5%,40.1%,1.5%,0.0%
,,A large city,15.1%,0.8%,84.1%,16.8%,82.4%,0.8%,0.0%,97.7%,2.3%,0.0%,0.0%,89.3%,10.7%,0.0%,0.0%,94.6%,5.2%,0.2%,0.0%,27.0%,68.8%,4.3%,0.0%,0.0%,0.0%,87.9%,12.1%,0.0%,0.0%,34.6%,59.9%,5.4%,0.1%,0.0%,0.0%,0.0%,40.9%,50.5%,8.3%,0.0%,0.2%,0.1%,97.4%,2.6%,0.0%,0.0%,81.8%,18.2%,0.0%,0.0%,72.2%,27.4%,0.4%,0.0%
,,A suburb of a large city,22.4%,0.0%,77.6%,18.6%,81.4%,0.0%,0.0%,99.2%,0.8%,0.0%,0.0%,91.4%,8.6%,0.0%,0.0%,95.5%,4.5%,0.0%,0.0%,15.4%,82.2%,2.4%,0.0%,0.0%,0.0%,88.1%,11.9%,0.0%,0.0%,27.8%,67.9%,4.3%,0.0%,0.0%,0.0%,0.0%,36.6%,47.1%,15.4%,0.0%,0.9%,0.0%,97.3%,2.7%,0.0%,0.0%,86.9%,13.1%,0.0%,0.0%,66.8%,33.2%,0.0%,0.0%
Iceland,Age,15-24,22.0%,0.0%,78.0%,5.8%,94.2%,0.0%,0.0%,100.0%,0.0%,0.0%,0.0%,89.4%,10.6%,0.0%,0.0%,100.0%,0.0%,0.0%,0.0%,68.8%,19.3%,10.3%,0.0%,1.6%,0.0%,84.9%,13.5%,1.6%,0.0%,45.3%,40.0%,11.0%,0.0%,0.0%,2.1%,1.6%,45.0%,31.9%,19.3%,0.0%,3.7%,0.0%,93.4%,6.6%,0.0%,0.0%,66.0%,31.2%,2.7%,0.0%,78.7%,18.5%,2.7%,0.0%
,,25-34,35.0%,0.0%,65.0%,11.8%,88.2%,0.0%,0.0%,100.0%,0.0%,0.0%,0.0%,58.5%,41.5%,0.0%,0.0%,96.6%,3.4%,0.0%,0.0%,47.4%,47.7%,0.0%,0.0%,3.4%,1.5%,67.9%,32.1%,0.0%,0.0%,23.0%,56.5%,20.5%,0.0%,0.0%,0.0%,0.0%,48.6%,32.1%,14.5%,0.0%,3.4%,1.5%,88.3%,9.6%,0.0%,2.1%,72.4%,27.6%,0.0%,0.0%,72.1%,25.8%,2.1%,0.0%
,,35-44,19.7%,0.0%,80.3%,23.0%,75.4%,1.7%,0.0%,96.0%,4.0%,0.0%,0.0%,73.1%,26.9%,0.0%,0.0%,96.7%,3.3%,0.0%,0.0%,26.6%,57.2%,12.3%,3.3%,0.7%,0.0%,84.1%,14.3%,1.7%,0.0%,16.1%,72.1%,10.2%,0.0%,0.0%,0.7%,0.9%,52.9%,21.0%,14.4%,0.0%,11.0%,0.7%,92.5%,5.2%,2.3%,0.0%,78.5%,17.6%,3.9%,0.0%,77.0%,17.9%,3.9%,1.1%
,,45-64,21.8%,3.7%,74.5%,28.2%,71.5%,0.0%,0.2%,96.8%,3.2%,0.0%,0.0%,78.5%,20.1%,0.2%,1.2%,96.0%,4.0%,0.0%,0.0%,26.4%,57.7%,13.8%,0.4%,1.6%,0.2%,89.0%,10.4%,0.5%,0.0%,35.5%,56.8%,4.2%,0.2%,0.0%,2.4%,0.8%,62.6%,18.0%,18.4%,0.0%,0.2%,0.8%,94.4%,5.2%,0.0%,0.4%,83.7%,16.3%,0.0%,0.0%,68.0%,30.4%,1.6%,0.0%
,,65+,45.1%,0.7%,54.2%,26.1%,71.2%,0.0%,2.8%,100.0%,0.0%,0.0%,0.0%,95.6%,4.4%,0.0%,0.0%,98.0%,2.0%,0.0%,0.0%,16.3%,74.2%,7.1%,0.0%,0.4%,2.0%,91.5%,4.7%,1.4%,2.4%,17.6%,70.8%,7.0%,0.0%,1.8%,0.0%,2.8%,56.7%,12.3%,25.5%,1.8%,3.1%,0.6%,100.0%,0.0%,0.0%,0.0%,84.3%,15.7%,0.0%,0.0%,63.6%,36.4%,0.0%,0.0%
,Gender,Male,36.6%,1.3%,62.0%,13.1%,85.3%,0.5%,1.0%,99.1%,0.9%,0.0%,0.0%,80.5%,18.6%,0.1%,0.8%,96.8%,3.2%,0.0%,0.0%,33.4%,52.3%,8.9%,1.3%,3.1%,1.0%,84.0%,14.0%,2.0%,0.0%,31.6%,56.7%,8.8%,0.0%,0.7%,1.0%,1.2%,58.7%,23.3%,12.6%,0.0%,4.1%,1.3%,91.7%,7.7%,0.0%,0.6%,79.2%,18.7%,2.1%,0.0%,75.7%,20.6%,3.7%,0.0%
,,Female,18.9%,1.3%,79.8%,27.3%,72.6%,0.0%,0.1%,97.6%,2.4%,0.0%,0.0%,78.8%,21.2%,0.0%,0.0%,97.7%,2.3%,0.0%,0.0%,37.8%,51.7%,10.2%,0.0%,0.0%,0.3%,85.3%,13.8%,0.0%,0.9%,26.4%,60.7%,9.9%,0.1%,0.0%,1.5%,1.2%,51.0%,20.9%,24.3%,0.7%,3.1%,0.1%,95.6%,3.1%,0.9%,0.4%,77.4%,22.6%,0.0%,0.0%,66.6%,32.7%,0.2%,0.5%
,Employment Status,Employed full time for an employer,22.7%,1.3%,76.0%,13.1%,86.7%,0.0%,0.2%,99.1%,0.9%,0.0%,0.0%,74.4%,25.5%,0.1%,0.0%,97.4%,2.6%,0.0%,0.0%,32.4%,53.3%,10.9%,1.3%,1.3%,0.8%,85.6%,14.3%,0.1%,0.0%,31.1%,61.1%,7.1%,0.0%,0.0%,0.6%,0.1%,57.3%,19.5%,17.4%,0.0%,4.0%,1.8%,91.5%,7.3%,0.4%,0.9%,79.0%,19.7%,1.3%,0.0%,69.1%,29.0%,1.9%,0.0%
,,Employed full time for self,40.9%,0.0%,59.1%,11.5%,88.5%,0.0%,0.0%,98.3%,1.7%,0.0%,0.0%,80.7%,14.0%,0.0%,5.3%,100.0%,0.0%,0.0%,0.0%,34.3%,53.0%,7.4%,0.0%,5.3%,0.0%,100.0%,0.0%,0.0%,0.0%,28.1%,69.7%,2.2%,0.0%,0.0%,0.0%,0.0%,70.5%,19.5%,10.1%,0.0%,0.0%,0.0%,96.2%,1.7%,2.1%,0.0%,93.7%,6.3%,0.0%,0.0%,66.6%,28.1%,5.3%,0.0%
,,Employed part time do not want full time,27.9%,1.3%,70.8%,17.5%,80.4%,2.1%,0.0%,100.0%,0.0%,0.0%,0.0%,90.7%,9.3%,0.0%,0.0%,97.3%,2.7%,0.0%,0.0%,48.6%,36.9%,12.9%,0.9%,0.6%,0.0%,87.1%,12.9%,0.0%,0.0%,31.1%,43.6%,18.4%,0.5%,0.0%,3.0%,3.3%,41.1%,31.6%,24.6%,0.0%,2.7%,0.0%,97.9%,2.1%,0.0%,0.0%,71.2%,26.6%,2.3%,0.0%,73.0%,23.0%,2.8%,1.2%
,,Unemployed,47.9%,0.0%,52.1%,24.7%,75.3%,0.0%,0.0%,97.7%,2.3%,0.0%,0.0%,71.0%,29.0%,0.0%,0.0%,97.5%,2.5%,0.0%,0.0%,57.0%,41.9%,1.1%,0.0%,0.0%,0.0%,57.6%,42.4%,0.0%,0.0%,27.3%,51.5%,21.2%,0.0%,0.0%,0.0%,0.0%,44.4%,47.8%,7.8%,0.0%,0.0%,0.0%,0.0%,0.0%,0.0%,0.0%,0.0%,0.0%,0.0%,0.0%,0.0%,0.0%,0.0%,0.0%
,,Employed part time want full time,19.5%,0.0%,80.5%,27.1%,72.9%,0.0%,0.0%,96.2%,3.8%,0.0%,0.0%,73.5%,26.5%,0.0%,0.0%,99.0%,1.0%,0.0%,0.0%,34.3%,51.9%,10.2%,0.0%,3.5%,0.0%,87.9%,12.1%,0.0%,0.0%,32.5%,52.3%,9.3%,0.0%,0.0%,3.4%,2.5%,68.0%,15.0%,14.8%,0.0%,2.2%,0.0%,94.0%,6.0%,0.0%,0.0%,74.8%,25.2%,0.0%,0.0%,81.1%,18.9%,0.0%,0.0%
,,Out of workforce,31.7%,2.8%,65.5%,32.3%,65.7%,0.0%,2.1%,97.4%,2.6%,0.0%,0.0%,86.8%,13.2%,0.0%,0.0%,95.5%,4.5%,0.0%,0.0%,30.8%,59.6%,7.7%,0.0%,0.5%,1.5%,81.4%,13.0%,3.8%,1.8%,23.2%,64.2%,8.1%,0.0%,1.4%,1.1%,1.9%,48.9%,20.3%,23.6%,1.4%,5.8%,0.0%,0.0%,0.0%,0.0%,0.0%,0.0%,0.0%,0.0%,0.0%,0.0%,0.0%,0.0%,0.0%
,Per Capita Income Quintiles,Poorest 20%,31.4%,4.1%,64.5%,23.7%,76.3%,0.0%,0.0%,96.8%,3.2%,0.0%,0.0%,77.9%,22.1%,0.0%,0.0%,92.2%,7.8%,0.0%,0.0%,43.0%,34.5%,19.0%,0.0%,3.6%,0.0%,80.9%,17.6%,1.4%,0.0%,22.3%,57.4%,17.4%,0.0%,0.0%,0.0%,2.8%,57.1%,16.3%,20.9%,0.0%,5.2%,0.6%,92.3%,5.8%,1.1%,0.8%,74.2%,23.7%,2.1%,0.0%,69.6%,28.7%,1.7%,0.0%
,,Second 20%,29.5%,2.0%,68.5%,25.0%,75.0%,0.0%,0.0%,98.0%,2.0%,0.0%,0.0%,74.6%,25.4%,0.0%,0.0%,98.8%,1.2%,0.0%,0.0%,35.8%,55.9%,7.7%,0.0%,0.6%,0.0%,84.2%,13.5%,0.6%,1.7%,28.1%,60.1%,8.6%,0.0%,0.0%,1.9%,1.3%,46.6%,32.5%,17.2%,1.7%,1.5%,0.4%,91.3%,8.7%,0.0%,0.0%,70.9%,29.1%,0.0%,0.0%,74.0%,22.7%,2.1%,1.1%
,,Middle 20%,40.5%,0.6%,58.9%,23.2%,74.2%,1.3%,1.3%,98.6%,1.4%,0.0%,0.0%,82.5%,17.5%,0.0%,0.0%,97.4%,2.6%,0.0%,0.0%,35.8%,53.3%,7.7%,2.6%,0.0%,0.5%,82.2%,15.2%,2.6%,0.0%,28.2%,61.8%,6.8%,0.0%,1.3%,1.4%,0.5%,53.7%,24.7%,15.4%,0.0%,4.3%,1.8%,91.2%,6.9%,0.0%,1.8%,86.6%,13.4%,0.0%,0.0%,64.0%,36.0%,0.0%,0.0%
,,Fourth 20%,13.6%,0.0%,86.4%,16.8%,82.0%,0.0%,1.3%,98.6%,1.4%,0.0%,0.0%,78.6%,21.4%,0.0%,0.0%,98.6%,1.4%,0.0%,0.0%,30.5%,59.0%,6.9%,0.6%,1.4%,1.5%,85.2%,14.8%,0.0%,0.0%,26.9%,68.4%,1.6%,0.0%,0.0%,3.1%,0.0%,57.2%,17.9%,17.8%,0.0%,6.7%,0.4%,100.0%,0.0%,0.0%,0.0%,78.0%,22.0%,0.0%,0.0%,71.2%,26.3%,2.5%,0.0%
,,Richest 20%,23.2%,0.0%,76.8%,13.3%,86.4%,0.0%,0.3%,99.6%,0.4%,0.0%,0.0%,84.6%,13.3%,0.3%,1.9%,99.5%,0.5%,0.0%,0.0%,33.1%,57.3%,6.5%,0.0%,1.9%,1.2%,90.8%,8.5%,0.3%,0.5%,39.1%,46.3%,12.4%,0.3%,0.4%,0.0%,1.5%,59.0%,19.0%,21.4%,0.0%,0.3%,0.3%,92.0%,7.0%,1.0%,0.0%,82.4%,14.2%,3.4%,0.0%,77.4%,18.7%,3.8%,0.0%
,Feelings About Household Income,Living comfortably on present income,23.6%,0.2%,76.2%,10.8%,88.6%,0.0%,0.6%,99.4%,0.6%,0.0%,0.0%,84.7%,14.5%,0.1%,0.7%,99.6%,0.4%,0.0%,0.0%,36.1%,52.8%,8.0%,0.9%,1.2%,1.0%,91.7%,7.4%,0.1%,0.8%,31.7%,57.9%,7.8%,0.1%,0.1%,0.9%,1.5%,56.5%,22.4%,17.7%,0.6%,2.3%,0.5%,95.5%,4.1%,0.4%,0.0%,79.9%,20.1%,0.0%,0.0%,76.7%,21.9%,1.4%,0.0%
,,Getting by on present income,29.3%,0.4%,70.3%,29.9%,69.3%,0.9%,0.0%,99.6%,0.4%,0.0%,0.0%,74.3%,25.7%,0.0%,0.0%,97.1%,2.9%,0.0%,0.0%,30.3%,57.0%,9.6%,0.4%,2.3%,0.3%,79.5%,19.6%,0.8%,0.0%,27.2%,64.6%,6.6%,0.0%,0.8%,0.4%,0.3%,53.5%,23.1%,16.8%,0.0%,5.4%,1.3%,89.5%,8.2%,0.7%,1.6%,76.7%,21.0%,2.4%,0.0%,67.9%,28.0%,4.1%,0.0%
,,Finding it difficult on present income,47.9%,14.0%,38.1%,42.7%,53.6%,0.0%,3.8%,94.2%,5.8%,0.0%,0.0%,72.9%,27.1%,0.0%,0.0%,91.1%,8.9%,0.0%,0.0%,38.7%,45.6%,15.7%,0.0%,0.0%,0.0%,66.4%,29.6%,4.0%,0.0%,14.9%,58.7%,22.6%,0.0%,0.0%,0.0%,3.8%,51.6%,13.2%,29.9%,0.0%,5.3%,0.0%,96.4%,3.6%,0.0%,0.0%,78.8%,21.2%,0.0%,0.0%,39.2%,57.2%,0.0%,3.6%
,,Finding it very difficult on present income,54.5%,5.9%,39.6%,51.3%,48.7%,0.0%,0.0%,76.9%,23.1%,0.0%,0.0%,44.3%,55.7%,0.0%,0.0%,76.0%,24.0%,0.0%,0.0%,60.3%,34.3%,5.5%,0.0%,0.0%,0.0%,50.5%,49.5%,0.0%,0.0%,4.0%,63.5%,23.1%,0.0%,0.0%,9.3%,0.0%,60.0%,32.2%,7.8%,0.0%,0.0%,0.0%,69.1%,30.9%,0.0%,0.0%,38.6%,61.4%,0.0%,0.0%,51.6%,48.4%,0.0%,0.0%
,Urban/Rural,A rural area or on a farm,29.3%,1.7%,69.0%,17.5%,79.9%,2.7%,0.0%,97.3%,2.7%,0.0%,0.0%,70.0%,26.2%,0.0%,3.9%,100.0%,0.0%,0.0%,0.0%,22.5%,55.8%,14.6%,0.0%,4.7%,2.5%,84.2%,15.8%,0.0%,0.0%,34.6%,46.8%,16.1%,0.0%,0.0%,0.0%,2.5%,67.4%,16.2%,12.9%,0.0%,3.4%,0.0%,92.5%,5.5%,1.9%,0.0%,82.5%,17.5%,0.0%,0.0%,80.6%,19.4%,0.0%,0.0%
,,A small town or villAge,28.5%,1.1%,70.4%,22.2%,77.1%,0.0%,0.7%,99.3%,0.7%,0.0%,0.0%,82.1%,17.9%,0.0%,0.0%,98.1%,1.9%,0.0%,0.0%,34.3%,57.1%,6.2%,0.3%,1.4%,0.8%,87.8%,10.6%,0.8%,0.9%,29.5%,63.9%,4.3%,0.2%,0.0%,1.0%,1.1%,56.0%,17.0%,21.7%,0.9%,3.9%,0.6%,95.2%,4.8%,0.0%,0.0%,78.9%,20.1%,1.1%,0.0%,68.3%,29.5%,2.2%,0.0%
,,A large city,30.6%,2.1%,67.3%,20.4%,78.7%,0.0%,0.9%,97.2%,2.8%,0.0%,0.0%,79.4%,20.6%,0.0%,0.0%,94.7%,5.3%,0.0%,0.0%,40.8%,45.9%,11.2%,1.4%,0.3%,0.3%,80.6%,18.1%,1.0%,0.3%,24.9%,56.2%,15.4%,0.0%,0.7%,1.4%,1.5%,47.2%,31.5%,17.4%,0.0%,3.1%,0.8%,93.1%,5.5%,0.0%,1.4%,77.7%,22.3%,0.0%,0.0%,70.2%,29.2%,0.0%,0.6%
,,A suburb of a large city,17.7%,0.0%,82.3%,18.2%,81.8%,0.0%,0.0%,99.4%,0.6%,0.0%,0.0%,79.8%,19.9%,0.3%,0.0%,99.7%,0.3%,0.0%,0.0%,36.3%,50.0%,11.0%,0.0%,2.7%,0.0%,86.7%,11.2%,2.1%,0.0%,34.6%,58.5%,3.8%,0.0%,0.5%,2.6%,0.0%,63.4%,13.5%,17.9%,0.0%,4.0%,1.2%,90.7%,7.7%,1.5%,0.0%,75.7%,19.1%,5.3%,0.0%,76.4%,14.4%,9.2%,0.0%
Ireland,Age,15-24,25.4%,6.0%,68.6%,5.0%,95.0%,0.0%,0.0%,98.0%,2.0%,0.0%,0.0%,72.5%,24.5%,2.9%,0.0%,87.3%,9.6%,3.0%,0.0%,32.6%,54.7%,10.2%,0.0%,2.5%,0.0%,73.0%,27.0%,0.0%,0.0%,31.2%,36.4%,25.7%,2.4%,4.3%,0.0%,0.0%,41.7%,35.3%,20.5%,0.0%,2.5%,0.0%,84.7%,15.3%,0.0%,0.0%,51.9%,40.6%,7.5%,0.0%,77.8%,22.2%,0.0%,0.0%
,,25-34,31.3%,1.6%,67.1%,1.9%,98.1%,0.0%,0.0%,96.5%,3.5%,0.0%,0.0%,67.0%,33.0%,0.0%,0.0%,89.5%,9.6%,1.0%,0.0%,22.4%,63.2%,10.6%,0.9%,3.0%,0.0%,73.2%,25.5%,0.5%,0.7%,34.4%,46.1%,14.5%,1.6%,3.5%,0.0%,0.0%,46.5%,30.5%,23.0%,0.0%,0.0%,0.0%,77.9%,20.2%,1.9%,0.0%,72.1%,27.1%,0.8%,0.0%,68.7%,29.3%,2.0%,0.0%
,,35-44,35.9%,0.4%,63.7%,8.0%,92.0%,0.0%,0.0%,98.1%,1.9%,0.0%,0.0%,69.3%,30.7%,0.0%,0.0%,88.1%,10.7%,1.2%,0.0%,22.1%,69.1%,8.2%,0.4%,0.3%,0.0%,77.8%,21.5%,0.7%,0.0%,30.7%,57.3%,8.3%,2.6%,0.9%,0.2%,0.0%,45.6%,41.9%,11.8%,0.7%,0.0%,0.0%,80.1%,19.9%,0.0%,0.0%,76.2%,19.8%,4.0%,0.0%,72.2%,25.3%,2.5%,0.0%
,,45-64,46.1%,1.6%,52.2%,13.3%,86.7%,0.0%,0.0%,95.3%,4.7%,0.0%,0.0%,72.7%,26.8%,0.3%,0.2%,86.4%,12.5%,1.1%,0.0%,14.6%,75.4%,7.8%,0.3%,1.8%,0.0%,80.3%,18.4%,1.3%,0.0%,17.7%,57.7%,16.9%,3.3%,3.2%,1.2%,0.0%,30.1%,40.1%,26.8%,2.4%,0.6%,0.0%,87.6%,11.9%,0.3%,0.2%,78.9%,19.8%,1.3%,0.0%,58.1%,41.6%,0.2%,0.0%
,,65+,49.3%,13.0%,37.7%,43.3%,56.7%,0.0%,0.0%,92.2%,7.8%,0.0%,0.0%,68.8%,26.5%,2.2%,2.5%,89.4%,10.6%,0.0%,0.0%,19.4%,73.4%,2.7%,4.4%,0.0%,0.0%,70.6%,23.0%,3.9%,2.5%,15.9%,50.0%,21.7%,10.8%,1.3%,0.2%,0.0%,39.9%,38.2%,13.0%,4.5%,4.4%,0.0%,82.0%,15.4%,2.6%,0.0%,74.0%,26.0%,0.0%,0.0%,71.3%,28.7%,0.0%,0.0%
,Gender,Male,39.7%,5.4%,54.9%,16.0%,84.0%,0.0%,0.0%,96.3%,3.7%,0.0%,0.0%,73.3%,24.1%,1.7%,0.9%,87.4%,11.7%,0.9%,0.0%,22.4%,68.2%,6.4%,0.2%,2.8%,0.0%,74.5%,24.3%,1.1%,0.1%,28.1%,50.0%,14.5%,4.6%,2.6%,0.2%,0.0%,40.2%,38.1%,18.1%,2.4%,1.3%,0.0%,81.5%,18.1%,0.4%,0.0%,75.6%,21.7%,2.7%,0.0%,69.7%,29.8%,0.4%,0.0%
,,Female,38.4%,2.3%,59.3%,11.7%,88.3%,0.0%,0.0%,95.8%,4.2%,0.0%,0.0%,67.0%,32.8%,0.2%,0.0%,88.2%,10.2%,1.5%,0.0%,18.9%,69.8%,9.3%,1.8%,0.2%,0.0%,77.0%,20.7%,1.4%,1.0%,21.5%,52.9%,18.8%,3.5%,2.6%,0.7%,0.0%,38.6%,38.2%,21.3%,0.8%,1.2%,0.0%,84.4%,14.6%,0.9%,0.1%,71.3%,26.5%,2.2%,0.0%,63.5%,34.5%,2.0%,0.0%
,Employment Status,Employed full time for an employer,32.2%,0.9%,66.9%,4.1%,95.9%,0.0%,0.0%,97.1%,2.9%,0.0%,0.0%,71.1%,28.8%,0.0%,0.2%,92.6%,6.7%,0.7%,0.0%,21.9%,68.0%,8.4%,0.2%,1.5%,0.0%,78.5%,20.6%,0.6%,0.3%,26.8%,57.5%,11.3%,1.8%,2.5%,0.1%,0.0%,40.8%,40.2%,18.9%,0.2%,0.0%,0.0%,81.6%,17.6%,0.7%,0.1%,76.0%,21.4%,2.6%,0.0%,68.7%,30.4%,0.8%,0.0%
,,Employed full time for self,32.8%,0.5%,66.7%,6.0%,94.0%,0.0%,0.0%,94.1%,5.9%,0.0%,0.0%,66.4%,32.3%,1.3%,0.0%,83.6%,16.4%,0.0%,0.0%,23.8%,69.3%,2.2%,0.0%,4.7%,0.0%,82.7%,17.3%,0.0%,0.0%,28.7%,56.6%,6.5%,6.2%,2.1%,0.0%,0.0%,40.4%,28.7%,25.2%,5.7%,0.0%,0.0%,90.4%,9.6%,0.0%,0.0%,70.1%,29.0%,0.9%,0.0%,62.4%,35.8%,1.8%,0.0%
,,Employed part time do not want full time,31.9%,0.0%,68.1%,7.8%,92.2%,0.0%,0.0%,98.9%,1.1%,0.0%,0.0%,72.7%,27.3%,0.0%,0.0%,92.8%,7.2%,0.0%,0.0%,9.8%,82.1%,6.5%,1.5%,0.0%,0.0%,81.7%,18.3%,0.0%,0.0%,25.6%,49.6%,14.9%,5.2%,4.7%,0.0%,0.0%,38.8%,33.9%,23.9%,1.2%,2.2%,0.0%,76.8%,23.2%,0.0%,0.0%,74.1%,22.5%,3.3%,0.0%,69.7%,26.7%,3.5%,0.0%
,,Unemployed,47.6%,8.7%,43.7%,8.1%,91.9%,0.0%,0.0%,96.2%,3.8%,0.0%,0.0%,63.8%,35.3%,0.9%,0.0%,84.8%,15.2%,0.0%,0.0%,32.3%,56.0%,9.6%,0.0%,2.1%,0.0%,73.7%,26.3%,0.0%,0.0%,24.2%,32.9%,42.3%,0.7%,0.0%,0.0%,0.0%,30.2%,31.7%,38.1%,0.0%,0.0%,0.0%,0.0%,0.0%,0.0%,0.0%,0.0%,0.0%,0.0%,0.0%,0.0%,0.0%,0.0%,0.0%
,,Employed part time want full time,39.5%,10.5%,50.0%,9.1%,90.9%,0.0%,0.0%,95.8%,4.2%,0.0%,0.0%,74.8%,25.2%,0.0%,0.0%,82.3%,17.1%,0.6%,0.0%,20.4%,65.3%,14.2%,0.0%,0.0%,0.0%,76.2%,23.8%,0.0%,0.0%,40.6%,33.8%,17.6%,3.7%,3.0%,1.3%,0.0%,40.1%,42.5%,15.2%,2.2%,0.0%,0.0%,88.0%,10.1%,1.9%,0.0%,61.3%,36.1%,2.6%,0.0%,56.1%,43.9%,0.0%,0.0%
,,Out of workforce,48.2%,6.6%,45.3%,30.8%,69.2%,0.0%,0.0%,94.6%,5.4%,0.0%,0.0%,69.9%,26.4%,2.4%,1.2%,83.7%,13.5%,2.8%,0.0%,17.7%,71.3%,7.3%,2.6%,1.1%,0.0%,69.9%,25.7%,3.2%,1.2%,18.6%,51.1%,19.6%,6.9%,2.9%,1.0%,0.0%,39.6%,39.3%,15.0%,2.7%,3.4%,0.0%,0.0%,0.0%,0.0%,0.0%,0.0%,0.0%,0.0%,0.0%,0.0%,0.0%,0.0%,0.0%
,Per Capita Income Quintiles,Poorest 20%,48.8%,11.2%,39.9%,18.8%,81.2%,0.0%,0.0%,92.9%,7.1%,0.0%,0.0%,61.9%,36.0%,2.1%,0.0%,87.5%,12.4%,0.2%,0.0%,22.9%,64.9%,10.0%,0.4%,1.8%,0.0%,73.0%,26.6%,0.4%,0.0%,26.0%,45.7%,18.4%,6.6%,1.7%,1.5%,0.0%,41.4%,35.1%,18.8%,4.1%,0.6%,0.0%,73.5%,26.5%,0.0%,0.0%,72.2%,24.5%,3.3%,0.0%,68.4%,30.5%,1.1%,0.0%
,,Second 20%,40.9%,0.4%,58.7%,10.2%,89.8%,0.0%,0.0%,98.4%,1.6%,0.0%,0.0%,70.9%,27.3%,1.7%,0.0%,86.9%,12.6%,0.5%,0.0%,24.9%,65.8%,3.8%,1.6%,3.9%,0.0%,74.1%,23.6%,2.3%,0.0%,25.0%,51.1%,17.6%,2.7%,3.3%,0.2%,0.0%,39.8%,39.5%,17.8%,0.0%,2.9%,0.0%,85.4%,13.4%,1.2%,0.0%,77.7%,21.5%,0.9%,0.0%,57.7%,40.7%,1.6%,0.0%
,,Middle 20%,38.0%,6.6%,55.4%,17.2%,82.8%,0.0%,0.0%,97.9%,2.1%,0.0%,0.0%,71.5%,28.3%,0.0%,0.2%,85.1%,10.7%,4.3%,0.0%,18.1%,68.0%,10.7%,2.0%,1.2%,0.0%,71.1%,26.9%,0.0%,2.0%,26.0%,52.6%,15.4%,3.0%,3.0%,0.0%,0.0%,43.2%,32.8%,19.8%,2.4%,1.8%,0.0%,82.1%,17.4%,0.5%,0.0%,76.6%,20.1%,3.3%,0.0%,67.2%,31.8%,1.0%,0.0%
,,Fourth 20%,35.9%,0.2%,63.8%,11.6%,88.4%,0.0%,0.0%,95.8%,4.2%,0.0%,0.0%,70.7%,26.7%,0.5%,2.1%,88.7%,11.3%,0.0%,0.0%,14.4%,78.0%,7.2%,0.4%,0.0%,0.0%,78.5%,18.1%,2.7%,0.6%,23.8%,54.4%,15.4%,3.5%,2.2%,0.6%,0.0%,38.1%,39.5%,20.5%,1.5%,0.4%,0.0%,88.0%,12.0%,0.0%,0.0%,77.3%,20.8%,1.8%,0.0%,66.6%,32.0%,1.4%,0.0%
,,Richest 20%,31.6%,0.8%,67.5%,11.5%,88.5%,0.0%,0.0%,95.0%,5.0%,0.0%,0.0%,75.4%,24.2%,0.4%,0.0%,90.9%,8.1%,1.1%,0.0%,22.8%,68.3%,7.8%,0.7%,0.4%,0.0%,81.9%,17.2%,0.9%,0.0%,23.2%,53.3%,16.3%,4.4%,2.7%,0.0%,0.0%,34.3%,43.5%,21.6%,0.0%,0.6%,0.0%,82.2%,16.1%,1.4%,0.3%,64.4%,32.5%,3.1%,0.0%,73.5%,25.7%,0.8%,0.0%
,Feelings About Household Income,Living comfortably on present income,24.4%,1.9%,73.7%,11.3%,88.7%,0.0%,0.0%,95.8%,4.2%,0.0%,0.0%,76.0%,23.4%,0.4%,0.1%,90.7%,7.2%,2.1%,0.0%,20.6%,71.3%,6.2%,0.5%,1.4%,0.0%,79.7%,19.3%,0.6%,0.4%,26.3%,53.2%,13.5%,5.2%,1.7%,0.1%,0.0%,40.0%,41.8%,16.5%,1.4%,0.3%,0.0%,83.4%,16.1%,0.5%,0.0%,73.5%,24.4%,2.2%,0.0%,68.9%,30.6%,0.5%,0.0%
,,Getting by on present income,42.4%,2.4%,55.2%,13.4%,86.6%,0.0%,0.0%,97.8%,2.2%,0.0%,0.0%,72.7%,25.3%,1.0%,1.1%,89.5%,9.8%,0.7%,0.0%,17.9%,69.3%,10.2%,1.7%,1.0%,0.0%,76.0%,21.1%,1.9%,1.0%,26.0%,51.5%,17.0%,1.4%,3.8%,0.2%,0.0%,39.6%,36.1%,21.5%,0.7%,2.1%,0.0%,82.9%,16.0%,1.1%,0.0%,74.1%,22.7%,3.2%,0.0%,69.1%,28.8%,2.1%,0.0%
,,Finding it difficult on present income,70.0%,12.5%,17.5%,23.7%,76.3%,0.0%,0.0%,91.3%,8.7%,0.0%,0.0%,50.6%,48.9%,0.5%,0.0%,77.3%,22.7%,0.0%,0.0%,27.0%,58.6%,9.8%,0.8%,3.8%,0.0%,65.0%,33.1%,1.9%,0.0%,18.3%,54.2%,19.7%,2.7%,2.5%,2.6%,0.0%,36.2%,29.1%,27.1%,5.4%,2.1%,0.0%,78.2%,21.1%,0.0%,0.7%,71.8%,27.0%,1.2%,0.0%,45.1%,53.3%,1.6%,0.0%
,,Finding it very difficult on present income,60.7%,9.6%,29.7%,15.4%,84.6%,0.0%,0.0%,96.6%,3.4%,0.0%,0.0%,52.9%,40.7%,6.4%,0.0%,78.3%,21.7%,0.0%,0.0%,24.7%,72.7%,2.6%,0.0%,0.0%,0.0%,65.5%,33.7%,0.8%,0.0%,23.3%,28.9%,31.7%,13.7%,2.4%,0.0%,0.0%,43.1%,39.7%,17.2%,0.0%,0.0%,0.0%,84.8%,15.2%,0.0%,0.0%,70.6%,26.7%,2.7%,0.0%,66.5%,33.5%,0.0%,0.0%
,Urban/Rural,A rural area or on a farm,46.2%,4.1%,49.7%,22.8%,77.2%,0.0%,0.0%,97.5%,2.5%,0.0%,0.0%,74.3%,25.2%,0.4%,0.0%,87.2%,11.1%,1.7%,0.0%,15.4%,76.1%,4.8%,1.3%,2.3%,0.0%,71.9%,24.2%,3.3%,0.6%,22.0%,48.3%,21.5%,5.9%,2.3%,0.0%,0.0%,39.8%,40.5%,16.8%,1.7%,1.1%,0.0%,87.6%,12.4%,0.0%,0.0%,74.3%,22.3%,3.4%,0.0%,66.6%,32.9%,0.4%,0.0%
,,A small town or villAge,37.0%,6.4%,56.6%,15.4%,84.6%,0.0%,0.0%,95.6%,4.4%,0.0%,0.0%,68.5%,29.3%,1.2%,1.0%,87.6%,11.9%,0.5%,0.0%,19.0%,73.5%,6.1%,1.0%,0.4%,0.0%,75.3%,23.3%,0.4%,1.0%,24.7%,53.3%,15.3%,4.0%,1.9%,0.6%,0.0%,37.2%,41.0%,19.1%,1.5%,1.3%,0.0%,83.1%,16.7%,0.0%,0.2%,79.1%,20.7%,0.2%,0.0%,63.7%,34.9%,1.5%,0.0%
,,A large city,31.5%,0.9%,67.6%,7.8%,92.2%,0.0%,0.0%,92.9%,7.1%,0.0%,0.0%,69.9%,28.4%,1.5%,0.2%,90.3%,7.5%,2.2%,0.0%,28.4%,58.1%,9.3%,0.9%,3.3%,0.0%,79.6%,19.8%,0.4%,0.2%,32.9%,48.5%,12.1%,2.1%,3.5%,0.8%,0.0%,45.5%,34.3%,16.1%,2.1%,2.0%,0.0%,82.6%,15.4%,2.0%,0.0%,68.5%,26.3%,5.3%,0.0%,71.3%,27.9%,0.8%,0.0%
,,A suburb of a large city,43.7%,2.6%,53.7%,9.5%,90.5%,0.0%,0.0%,99.0%,1.0%,0.0%,0.0%,71.0%,28.2%,0.4%,0.4%,84.4%,14.7%,0.9%,0.0%,21.3%,65.2%,11.9%,1.1%,0.5%,0.0%,73.6%,24.4%,2.0%,0.0%,19.5%,53.6%,21.4%,1.9%,3.4%,0.2%,0.0%,33.5%,33.8%,31.2%,1.1%,0.5%,0.0%,77.3%,22.0%,0.7%,0.0%,69.3%,29.2%,1.5%,0.0%,66.4%,31.6%,2.0%,0.0%
Malta,Age,15-24,47.4%,1.6%,51.0%,8.8%,91.2%,0.0%,0.0%,95.5%,4.5%,0.0%,0.0%,80.4%,19.6%,0.0%,0.0%,91.5%,7.3%,1.2%,0.0%,36.7%,58.1%,5.2%,0.0%,0.0%,0.0%,89.0%,11.0%,0.0%,0.0%,37.8%,51.1%,11.1%,0.0%,0.0%,0.0%,0.0%,62.6%,23.5%,13.9%,0.0%,0.0%,0.0%,100.0%,0.0%,0.0%,0.0%,76.7%,23.3%,0.0%,0.0%,70.0%,30.0%,0.0%,0.0%
,,25-34,60.2%,0.0%,39.8%,5.1%,94.9%,0.0%,0.0%,96.8%,3.2%,0.0%,0.0%,61.3%,38.7%,0.0%,0.0%,92.5%,7.5%,0.0%,0.0%,25.5%,67.3%,6.9%,0.0%,0.4%,0.0%,85.9%,13.2%,0.8%,0.0%,35.1%,53.4%,11.5%,0.0%,0.0%,0.0%,0.0%,57.9%,22.8%,18.9%,0.0%,0.4%,0.0%,92.8%,7.2%,0.0%,0.0%,76.4%,21.7%,1.8%,0.0%,66.1%,33.9%,0.0%,0.0%
,,35-44,64.7%,2.7%,32.6%,6.1%,93.9%,0.0%,0.0%,92.3%,7.7%,0.0%,0.0%,65.1%,34.9%,0.0%,0.0%,95.0%,5.0%,0.0%,0.0%,13.7%,81.9%,4.4%,0.0%,0.0%,0.0%,84.8%,13.5%,1.7%,0.0%,25.4%,62.7%,11.7%,0.0%,0.0%,0.2%,0.0%,61.7%,21.0%,17.1%,0.0%,0.0%,0.2%,97.3%,2.7%,0.0%,0.0%,85.1%,14.9%,0.0%,0.0%,70.5%,27.1%,2.4%,0.0%
,,45-64,64.9%,5.1%,30.0%,21.9%,77.9%,0.1%,0.0%,89.9%,10.1%,0.0%,0.0%,80.9%,19.1%,0.0%,0.0%,94.1%,5.9%,0.0%,0.0%,8.4%,87.2%,4.1%,0.3%,0.0%,0.0%,93.4%,6.6%,0.0%,0.0%,18.1%,70.4%,10.6%,0.0%,0.0%,0.7%,0.1%,56.6%,23.8%,19.1%,0.0%,0.5%,0.0%,94.4%,5.6%,0.0%,0.0%,87.3%,12.4%,0.4%,0.0%,52.8%,46.6%,0.4%,0.3%
,,65+,71.5%,3.2%,25.3%,34.8%,65.2%,0.0%,0.0%,95.8%,3.9%,0.4%,0.0%,86.0%,14.0%,0.0%,0.0%,97.3%,2.7%,0.0%,0.0%,9.6%,86.2%,4.1%,0.0%,0.0%,0.0%,92.2%,4.8%,3.0%,0.0%,18.1%,63.5%,15.9%,0.0%,0.0%,2.6%,0.0%,52.9%,27.2%,17.4%,0.0%,2.4%,0.0%,100.0%,0.0%,0.0%,0.0%,79.1%,20.9%,0.0%,0.0%,31.7%,68.3%,0.0%,0.0%
,Gender,Male,60.7%,2.7%,36.6%,14.4%,85.5%,0.1%,0.0%,93.4%,6.6%,0.0%,0.0%,80.2%,19.8%,0.0%,0.0%,94.1%,5.9%,0.0%,0.0%,16.8%,78.8%,4.1%,0.2%,0.2%,0.0%,89.9%,10.1%,0.0%,0.0%,26.8%,57.7%,15.1%,0.0%,0.0%,0.4%,0.0%,57.4%,25.4%,16.9%,0.0%,0.3%,0.0%,95.7%,4.3%,0.0%,0.0%,82.5%,16.5%,1.0%,0.0%,63.6%,35.6%,0.8%,0.0%
,,Female,64.0%,2.7%,33.3%,17.8%,82.2%,0.0%,0.0%,94.0%,5.8%,0.1%,0.0%,70.2%,29.8%,0.0%,0.0%,94.3%,5.3%,0.3%,0.0%,17.7%,76.7%,5.6%,0.0%,0.0%,0.0%,89.0%,9.0%,2.0%,0.0%,25.0%,64.6%,9.3%,0.0%,0.0%,1.1%,0.1%,58.5%,22.1%,18.4%,0.0%,1.0%,0.1%,95.3%,4.7%,0.0%,0.0%,81.0%,18.8%,0.2%,0.0%,61.5%,37.7%,0.7%,0.2%
,Employment Status,Employed full time for an employer,58.6%,2.7%,38.7%,8.5%,91.4%,0.1%,0.0%,93.8%,6.2%,0.0%,0.0%,68.3%,31.7%,0.0%,0.0%,92.5%,7.5%,0.0%,0.0%,21.1%,72.9%,5.6%,0.2%,0.2%,0.0%,85.8%,13.5%,0.8%,0.0%,32.4%,55.9%,11.5%,0.0%,0.0%,0.1%,0.1%,60.1%,22.3%,17.5%,0.0%,0.2%,0.0%,94.1%,5.9%,0.0%,0.0%,83.3%,16.5%,0.1%,0.0%,66.7%,32.3%,0.8%,0.1%
,,Employed full time for self,80.5%,0.0%,19.5%,14.5%,85.5%,0.0%,0.0%,97.1%,2.9%,0.0%,0.0%,71.3%,28.7%,0.0%,0.0%,93.6%,4.0%,2.4%,0.0%,7.6%,88.5%,3.8%,0.0%,0.0%,0.0%,94.9%,5.1%,0.0%,0.0%,16.2%,73.0%,10.8%,0.0%,0.0%,0.0%,0.0%,58.5%,19.9%,21.7%,0.0%,0.0%,0.0%,100.0%,0.0%,0.0%,0.0%,75.1%,20.5%,4.4%,0.0%,41.9%,58.1%,0.0%,0.0%
,,Employed part time do not want full time,65.2%,1.2%,33.6%,10.0%,90.0%,0.0%,0.0%,98.8%,1.2%,0.0%,0.0%,71.6%,28.4%,0.0%,0.0%,96.4%,3.6%,0.0%,0.0%,15.4%,80.4%,4.2%,0.0%,0.0%,0.0%,96.4%,3.6%,0.0%,0.0%,26.7%,64.9%,8.3%,0.0%,0.0%,0.0%,0.0%,65.3%,22.5%,10.9%,0.0%,0.0%,1.3%,100.0%,0.0%,0.0%,0.0%,76.3%,23.7%,0.0%,0.0%,53.0%,45.4%,1.7%,0.0%
,,Unemployed,31.9%,0.0%,68.1%,0.0%,100.0%,0.0%,0.0%,85.8%,14.2%,0.0%,0.0%,77.1%,22.9%,0.0%,0.0%,100.0%,0.0%,0.0%,0.0%,24.2%,75.8%,0.0%,0.0%,0.0%,0.0%,81.2%,18.8%,0.0%,0.0%,38.6%,32.1%,29.3%,0.0%,0.0%,0.0%,0.0%,46.5%,30.4%,23.0%,0.0%,0.0%,0.0%,0.0%,0.0%,0.0%,0.0%,0.0%,0.0%,0.0%,0.0%,0.0%,0.0%,0.0%,0.0%
,,Employed part time want full time,59.2%,14.6%,26.2%,14.6%,85.4%,0.0%,0.0%,83.9%,16.1%,0.0%,0.0%,90.3%,9.7%,0.0%,0.0%,100.0%,0.0%,0.0%,0.0%,24.3%,75.7%,0.0%,0.0%,0.0%,0.0%,100.0%,0.0%,0.0%,0.0%,28.0%,68.1%,3.9%,0.0%,0.0%,0.0%,0.0%,83.9%,3.0%,13.1%,0.0%,0.0%,0.0%,100.0%,0.0%,0.0%,0.0%,83.3%,16.7%,0.0%,0.0%,67.1%,32.9%,0.0%,0.0%
,,Out of workforce,64.5%,2.6%,32.9%,25.5%,74.5%,0.0%,0.0%,93.6%,6.2%,0.2%,0.0%,81.5%,18.5%,0.0%,0.0%,95.3%,4.7%,0.0%,0.0%,14.5%,80.6%,4.9%,0.0%,0.0%,0.0%,91.3%,7.0%,1.8%,0.0%,20.2%,65.2%,12.9%,0.0%,0.0%,1.7%,0.0%,53.9%,26.9%,17.8%,0.0%,1.5%,0.0%,0.0%,0.0%,0.0%,0.0%,0.0%,0.0%,0.0%,0.0%,0.0%,0.0%,0.0%,0.0%
,Per Capita Income Quintiles,Poorest 20%,64.6%,5.8%,29.6%,20.7%,79.1%,0.2%,0.0%,85.8%,13.8%,0.4%,0.0%,80.0%,20.0%,0.0%,0.0%,90.9%,8.2%,0.9%,0.0%,11.1%,83.7%,5.1%,0.0%,0.0%,0.0%,90.5%,9.5%,0.0%,0.0%,15.9%,69.9%,14.3%,0.0%,0.0%,0.0%,0.0%,56.9%,22.9%,20.2%,0.0%,0.0%,0.0%,96.2%,3.8%,0.0%,0.0%,87.8%,8.5%,3.7%,0.0%,52.5%,47.5%,0.0%,0.0%
,,Second 20%,64.8%,3.0%,32.2%,24.3%,75.7%,0.0%,0.0%,92.3%,7.7%,0.0%,0.0%,81.4%,18.6%,0.0%,0.0%,94.2%,5.8%,0.0%,0.0%,14.0%,81.5%,4.0%,0.4%,0.0%,0.0%,90.0%,7.3%,2.7%,0.0%,21.3%,65.0%,13.6%,0.0%,0.0%,0.2%,0.0%,59.1%,16.9%,21.6%,0.0%,2.4%,0.0%,100.0%,0.0%,0.0%,0.0%,88.8%,11.2%,0.0%,0.0%,58.2%,38.9%,2.9%,0.0%
,,Middle 20%,65.0%,2.4%,32.5%,11.8%,88.2%,0.0%,0.0%,95.8%,4.2%,0.0%,0.0%,73.3%,26.7%,0.0%,0.0%,95.5%,4.5%,0.0%,0.0%,16.9%,78.5%,4.7%,0.0%,0.0%,0.0%,87.2%,11.1%,1.6%,0.0%,24.3%,59.9%,12.8%,0.0%,0.0%,2.9%,0.2%,60.2%,24.0%,15.1%,0.0%,0.5%,0.2%,97.0%,3.0%,0.0%,0.0%,79.6%,20.4%,0.0%,0.0%,67.2%,31.4%,1.0%,0.4%
,,Fourth 20%,65.4%,2.0%,32.6%,16.3%,83.7%,0.0%,0.0%,96.0%,4.0%,0.0%,0.0%,68.0%,32.0%,0.0%,0.0%,94.2%,5.8%,0.0%,0.0%,20.7%,72.7%,6.6%,0.0%,0.0%,0.0%,91.0%,8.0%,1.0%,0.0%,32.5%,55.7%,11.8%,0.0%,0.0%,0.0%,0.0%,59.3%,27.1%,13.6%,0.0%,0.0%,0.0%,94.8%,5.2%,0.0%,0.0%,80.5%,19.0%,0.5%,0.0%,59.3%,40.7%,0.0%,0.0%
,,Richest 20%,52.3%,0.6%,47.1%,8.0%,92.0%,0.0%,0.0%,98.6%,1.4%,0.0%,0.0%,72.0%,28.0%,0.0%,0.0%,96.2%,3.8%,0.0%,0.0%,23.6%,72.1%,4.0%,0.0%,0.4%,0.0%,88.5%,11.5%,0.0%,0.0%,35.4%,56.0%,8.0%,0.0%,0.0%,0.7%,0.0%,54.2%,27.5%,17.7%,0.0%,0.6%,0.0%,92.3%,7.7%,0.0%,0.0%,77.6%,22.4%,0.0%,0.0%,70.1%,29.5%,0.4%,0.0%
,Feelings About Household Income,Living comfortably on present income,56.5%,1.5%,42.0%,11.8%,88.2%,0.0%,0.0%,97.1%,2.9%,0.0%,0.0%,76.1%,23.9%,0.0%,0.0%,96.5%,3.1%,0.5%,0.0%,21.6%,73.4%,4.9%,0.0%,0.0%,0.0%,88.8%,9.0%,2.2%,0.0%,31.5%,58.5%,9.9%,0.0%,0.0%,0.1%,0.0%,53.0%,29.1%,16.7%,0.0%,1.2%,0.0%,95.8%,4.2%,0.0%,0.0%,78.2%,21.8%,0.0%,0.0%,65.5%,33.7%,0.8%,0.0%
,,Getting by on present income,66.2%,0.7%,33.1%,15.2%,84.7%,0.1%,0.0%,94.1%,5.8%,0.2%,0.0%,75.9%,24.1%,0.0%,0.0%,95.1%,4.9%,0.0%,0.0%,14.6%,80.1%,5.0%,0.2%,0.2%,0.0%,92.4%,7.3%,0.3%,0.0%,23.5%,61.7%,13.6%,0.0%,0.0%,1.1%,0.1%,59.9%,20.7%,19.0%,0.0%,0.3%,0.1%,94.8%,5.2%,0.0%,0.0%,82.8%,15.8%,1.3%,0.0%,62.6%,36.4%,0.8%,0.1%
,,Finding it difficult on present income,59.8%,16.3%,23.9%,29.6%,70.4%,0.0%,0.0%,82.3%,17.7%,0.0%,0.0%,70.8%,29.2%,0.0%,0.0%,85.4%,14.6%,0.0%,0.0%,12.5%,82.3%,5.2%,0.0%,0.0%,0.0%,82.1%,17.9%,0.0%,0.0%,21.6%,68.4%,9.0%,0.0%,0.0%,1.0%,0.0%,61.4%,20.4%,17.2%,0.0%,1.0%,0.0%,100.0%,0.0%,0.0%,0.0%,89.8%,10.2%,0.0%,0.0%,59.9%,40.1%,0.0%,0.0%
,,Finding it very difficult on present income,95.5%,4.5%,0.0%,58.5%,41.5%,0.0%,0.0%,80.3%,19.7%,0.0%,0.0%,47.1%,52.9%,0.0%,0.0%,73.1%,26.9%,0.0%,0.0%,27.8%,72.2%,0.0%,0.0%,0.0%,0.0%,65.5%,34.5%,0.0%,0.0%,2.9%,60.9%,34.0%,0.0%,0.0%,2.2%,0.0%,87.0%,13.0%,0.0%,0.0%,0.0%,0.0%,81.5%,18.5%,0.0%,0.0%,100.0%,0.0%,0.0%,0.0%,0.0%,100.0%,0.0%,0.0%
,Urban/Rural,A rural area or on a farm,48.3%,0.0%,51.7%,6.2%,93.8%,0.0%,0.0%,97.9%,2.1%,0.0%,0.0%,81.3%,18.7%,0.0%,0.0%,96.9%,3.1%,0.0%,0.0%,15.3%,72.3%,12.5%,0.0%,0.0%,0.0%,95.5%,4.5%,0.0%,0.0%,23.3%,64.3%,12.4%,0.0%,0.0%,0.0%,0.0%,60.8%,19.3%,19.9%,0.0%,0.0%,0.0%,93.9%,6.1%,0.0%,0.0%,77.7%,22.3%,0.0%,0.0%,61.5%,38.5%,0.0%,0.0%
,,A small town or villAge,63.2%,3.2%,33.5%,17.5%,82.5%,0.0%,0.0%,93.4%,6.6%,0.0%,0.0%,74.8%,25.2%,0.0%,0.0%,92.3%,7.4%,0.3%,0.0%,19.6%,74.8%,5.5%,0.2%,0.0%,0.0%,87.8%,10.6%,1.6%,0.0%,25.5%,60.9%,12.1%,0.0%,0.0%,1.4%,0.1%,58.1%,24.2%,16.5%,0.0%,1.1%,0.1%,95.6%,4.4%,0.0%,0.0%,85.0%,13.6%,1.4%,0.0%,60.9%,37.9%,1.1%,0.1%
,,A large city,62.6%,2.6%,34.9%,15.8%,84.1%,0.1%,0.0%,93.8%,6.0%,0.2%,0.0%,73.9%,26.1%,0.0%,0.0%,96.5%,3.5%,0.0%,0.0%,14.7%,82.8%,2.4%,0.0%,0.2%,0.0%,90.7%,8.8%,0.4%,0.0%,26.5%,61.4%,12.0%,0.0%,0.0%,0.1%,0.0%,57.1%,24.1%,18.6%,0.0%,0.2%,0.0%,95.3%,4.7%,0.0%,0.0%,78.0%,22.0%,0.0%,0.0%,64.5%,35.0%,0.5%,0.0%
,,A suburb of a large city,68.8%,0.0%,31.2%,11.9%,88.1%,0.0%,0.0%,91.2%,8.8%,0.0%,0.0%,83.4%,16.6%,0.0%,0.0%,89.8%,10.2%,0.0%,0.0%,15.3%,69.3%,15.4%,0.0%,0.0%,0.0%,90.0%,10.0%,0.0%,0.0%,30.1%,59.3%,10.7%,0.0%,0.0%,0.0%,0.0%,60.6%,20.6%,17.4%,0.0%,1.5%,0.0%,100.0%,0.0%,0.0%,0.0%,95.6%,4.4%,0.0%,0.0%,70.2%,29.8%,0.0%,0.0%
Mauritius,Age,15-24,68.3%,1.9%,29.8%,6.9%,93.1%,0.0%,0.0%,95.5%,4.5%,0.0%,0.0%,64.0%,36.0%,0.0%,0.0%,84.4%,15.1%,0.5%,0.0%,10.0%,88.3%,1.8%,0.0%,0.0%,0.0%,79.2%,19.9%,0.9%,0.0%,12.3%,66.4%,21.3%,0.0%,0.0%,0.0%,0.0%,77.6%,14.1%,7.4%,0.0%,0.9%,0.0%,91.2%,8.8%,0.0%,0.0%,68.1%,31.9%,0.0%,0.0%,85.7%,14.3%,0.0%,0.0%
,,25-34,62.1%,6.1%,31.8%,5.5%,91.5%,3.0%,0.0%,89.7%,8.1%,2.2%,0.0%,65.3%,34.7%,0.0%,0.0%,84.2%,15.4%,0.4%,0.0%,15.3%,82.7%,2.0%,0.0%,0.0%,0.0%,60.7%,39.3%,0.0%,0.0%,14.0%,66.7%,14.6%,0.0%,0.4%,4.3%,0.0%,77.3%,13.6%,8.1%,0.0%,0.9%,0.0%,89.7%,10.1%,0.2%,0.0%,77.9%,21.1%,1.0%,0.0%,66.9%,31.4%,1.7%,0.0%
,,35-44,66.2%,6.2%,27.6%,20.0%,80.0%,0.0%,0.0%,82.4%,16.2%,1.5%,0.0%,66.9%,31.5%,1.6%,0.0%,82.8%,17.2%,0.0%,0.0%,14.2%,84.4%,1.4%,0.0%,0.0%,0.0%,69.3%,29.6%,1.1%,0.0%,14.0%,68.5%,15.4%,0.0%,0.0%,2.1%,0.0%,73.5%,20.9%,3.9%,0.0%,1.6%,0.0%,93.6%,6.4%,0.0%,0.0%,84.0%,13.0%,3.1%,0.0%,62.0%,36.4%,1.7%,0.0%
,,45-64,66.1%,8.0%,25.8%,23.4%,72.0%,4.5%,0.0%,87.3%,11.6%,1.1%,0.0%,76.1%,22.2%,1.8%,0.0%,83.9%,14.9%,1.2%,0.0%,7.5%,91.4%,0.8%,0.1%,0.1%,0.0%,77.2%,22.5%,0.3%,0.0%,9.8%,62.2%,20.0%,1.4%,0.0%,6.6%,0.0%,81.2%,11.6%,6.8%,0.0%,0.3%,0.0%,98.4%,1.6%,0.0%,0.0%,83.0%,12.8%,4.2%,0.0%,77.4%,20.9%,1.7%,0.0%
,,65+,56.6%,9.3%,34.1%,22.8%,70.3%,6.9%,0.0%,85.3%,14.3%,0.4%,0.0%,86.9%,10.0%,3.1%,0.0%,91.2%,8.8%,0.0%,0.0%,6.5%,93.2%,0.3%,0.0%,0.0%,0.0%,81.0%,16.9%,2.1%,0.0%,13.9%,45.6%,29.4%,0.0%,0.0%,11.1%,0.0%,66.6%,16.6%,14.8%,0.0%,2.0%,0.0%,100.0%,0.0%,0.0%,0.0%,96.0%,2.1%,1.9%,0.0%,76.7%,23.3%,0.0%,0.0%
,Gender,Male,65.7%,8.7%,25.5%,13.9%,82.9%,3.2%,0.0%,86.0%,12.6%,1.4%,0.0%,74.5%,23.9%,1.6%,0.0%,87.1%,12.6%,0.4%,0.0%,13.0%,85.4%,1.5%,0.1%,0.1%,0.0%,71.1%,28.2%,0.7%,0.0%,13.4%,62.8%,18.6%,0.2%,0.1%,4.9%,0.0%,76.7%,14.5%,7.3%,0.0%,1.6%,0.0%,94.1%,5.9%,0.0%,0.0%,77.8%,19.9%,2.3%,0.0%,72.5%,25.7%,1.8%,0.0%
,,Female,64.0%,3.8%,32.2%,18.3%,79.3%,2.5%,0.0%,90.4%,8.9%,0.8%,0.0%,68.4%,30.7%,0.9%,0.0%,82.6%,16.7%,0.7%,0.0%,8.2%,90.8%,1.0%,0.0%,0.0%,0.0%,76.1%,23.1%,0.8%,0.0%,11.2%,63.3%,20.5%,0.7%,0.0%,4.3%,0.0%,76.8%,14.9%,7.8%,0.0%,0.5%,0.0%,94.7%,5.2%,0.1%,0.0%,84.1%,13.2%,2.7%,0.0%,72.7%,26.5%,0.8%,0.0%
,Employment Status,Employed full time for an employer,69.6%,5.2%,25.1%,10.2%,88.0%,1.8%,0.0%,86.6%,12.6%,0.8%,0.0%,69.8%,30.0%,0.2%,0.0%,83.5%,16.3%,0.2%,0.0%,11.4%,87.4%,1.1%,0.1%,0.0%,0.0%,66.6%,32.7%,0.7%,0.0%,14.4%,66.4%,17.3%,0.0%,0.2%,1.7%,0.0%,78.8%,13.9%,6.9%,0.0%,0.4%,0.0%,93.1%,6.9%,0.1%,0.0%,78.5%,19.5%,2.0%,0.0%,69.9%,29.2%,0.9%,0.0%
,,Employed full time for self,65.0%,2.0%,33.1%,8.4%,90.0%,1.6%,0.0%,92.6%,6.3%,1.0%,0.0%,73.4%,23.6%,2.9%,0.0%,87.7%,12.3%,0.0%,0.0%,12.5%,82.6%,4.9%,0.0%,0.0%,0.0%,82.7%,17.3%,0.0%,0.0%,16.5%,48.7%,26.8%,4.0%,0.0%,4.1%,0.0%,76.6%,15.1%,5.1%,0.0%,3.1%,0.0%,94.9%,5.1%,0.0%,0.0%,89.5%,10.5%,0.0%,0.0%,74.8%,22.1%,3.1%,0.0%
,,Employed part time do not want full time,61.1%,0.0%,38.9%,17.6%,80.6%,1.7%,0.0%,98.2%,1.8%,0.0%,0.0%,80.8%,18.3%,0.9%,0.0%,94.7%,5.3%,0.0%,0.0%,11.7%,87.7%,0.0%,0.0%,0.6%,0.0%,89.5%,10.5%,0.0%,0.0%,4.3%,73.7%,17.2%,0.0%,0.0%,4.8%,0.0%,69.1%,19.0%,11.9%,0.0%,0.0%,0.0%,98.7%,1.3%,0.0%,0.0%,74.3%,15.4%,10.3%,0.0%,72.8%,24.4%,2.8%,0.0%
,,Unemployed,73.6%,12.2%,14.2%,7.3%,89.4%,3.2%,0.0%,83.4%,10.2%,6.4%,0.0%,57.8%,35.9%,6.3%,0.0%,72.8%,27.2%,0.0%,0.0%,5.7%,93.8%,0.5%,0.0%,0.0%,0.0%,55.4%,44.6%,0.0%,0.0%,4.2%,71.7%,12.9%,0.0%,0.0%,11.3%,0.0%,74.0%,15.8%,10.2%,0.0%,0.0%,0.0%,0.0%,0.0%,0.0%,0.0%,0.0%,0.0%,0.0%,0.0%,0.0%,0.0%,0.0%,0.0%
,,Employed part time want full time,49.2%,21.0%,29.8%,20.5%,77.4%,2.1%,0.0%,80.4%,19.6%,0.0%,0.0%,77.6%,20.1%,2.3%,0.0%,85.5%,14.5%,0.0%,0.0%,15.3%,84.1%,0.5%,0.0%,0.0%,0.0%,70.2%,29.8%,0.0%,0.0%,6.5%,76.9%,16.6%,0.0%,0.0%,0.0%,0.0%,75.9%,20.1%,4.0%,0.0%,0.0%,0.0%,95.9%,4.1%,0.0%,0.0%,85.8%,14.2%,0.0%,0.0%,83.6%,16.4%,0.0%,0.0%
,,Out of workforce,62.1%,5.4%,32.5%,25.5%,69.8%,4.6%,0.0%,89.4%,9.8%,0.8%,0.0%,71.1%,28.0%,0.9%,0.0%,85.0%,13.6%,1.5%,0.0%,8.3%,90.8%,0.9%,0.0%,0.0%,0.0%,79.7%,18.8%,1.5%,0.0%,13.1%,56.5%,22.5%,0.3%,0.0%,7.7%,0.0%,76.9%,13.2%,8.3%,0.0%,1.6%,0.0%,0.0%,0.0%,0.0%,0.0%,0.0%,0.0%,0.0%,0.0%,0.0%,0.0%,0.0%,0.0%
,Per Capita Income Quintiles,Poorest 20%,65.7%,9.5%,24.8%,22.3%,77.7%,0.0%,0.0%,80.7%,18.8%,0.5%,0.0%,68.8%,30.4%,0.8%,0.0%,80.7%,17.4%,1.9%,0.0%,9.2%,90.2%,0.6%,0.0%,0.0%,0.0%,72.5%,27.5%,0.0%,0.0%,6.3%,63.4%,24.1%,0.4%,0.0%,5.7%,0.0%,74.2%,22.6%,2.6%,0.0%,0.5%,0.0%,95.1%,4.9%,0.0%,0.0%,80.7%,12.7%,6.6%,0.0%,87.8%,12.2%,0.0%,0.0%
,,Second 20%,66.9%,7.4%,25.7%,20.0%,74.6%,5.4%,0.0%,88.6%,8.5%,2.9%,0.0%,75.1%,23.0%,1.8%,0.0%,85.4%,14.0%,0.5%,0.0%,6.9%,92.4%,0.7%,0.0%,0.0%,0.0%,70.4%,28.8%,0.8%,0.0%,8.5%,63.9%,20.0%,1.9%,0.0%,5.7%,0.0%,81.6%,10.3%,7.1%,0.0%,1.0%,0.0%,94.7%,5.3%,0.0%,0.0%,82.9%,14.2%,2.9%,0.0%,71.3%,28.7%,0.0%,0.0%
,,Middle 20%,64.8%,5.9%,29.3%,13.6%,82.8%,3.5%,0.0%,88.3%,10.6%,1.1%,0.0%,65.5%,33.4%,1.2%,0.0%,85.0%,15.0%,0.0%,0.0%,8.7%,89.6%,1.5%,0.0%,0.2%,0.0%,73.7%,25.0%,1.2%,0.0%,10.6%,68.7%,18.2%,0.0%,0.0%,2.4%,0.0%,79.9%,10.9%,8.4%,0.0%,0.8%,0.0%,95.2%,4.8%,0.0%,0.0%,77.3%,19.8%,2.9%,0.0%,72.3%,26.3%,1.4%,0.0%
,,Fourth 20%,64.2%,5.9%,29.9%,16.9%,79.3%,3.8%,0.0%,89.6%,9.6%,0.8%,0.0%,72.5%,25.6%,1.9%,0.0%,89.7%,10.0%,0.3%,0.0%,10.4%,88.8%,0.8%,0.0%,0.0%,0.0%,76.9%,22.3%,0.8%,0.0%,12.5%,60.9%,20.2%,0.0%,0.3%,6.1%,0.0%,75.6%,11.0%,12.5%,0.0%,0.9%,0.0%,97.9%,2.1%,0.0%,0.0%,78.6%,20.4%,0.9%,0.0%,74.3%,23.3%,2.4%,0.0%
,,Richest 20%,62.5%,2.5%,35.0%,8.3%,90.5%,1.3%,0.0%,94.4%,5.6%,0.0%,0.0%,74.4%,25.2%,0.4%,0.0%,82.7%,17.3%,0.0%,0.0%,17.1%,80.1%,2.6%,0.2%,0.0%,0.0%,75.1%,24.1%,0.8%,0.0%,23.4%,58.5%,15.4%,0.0%,0.0%,2.7%,0.0%,72.4%,18.8%,7.1%,0.0%,1.7%,0.0%,88.9%,10.9%,0.2%,0.0%,83.6%,16.4%,0.0%,0.0%,59.7%,37.9%,2.4%,0.0%
,Feelings About Household Income,Living comfortably on present income,56.3%,2.6%,41.1%,9.8%,87.6%,2.6%,0.0%,94.9%,5.0%,0.2%,0.0%,73.0%,26.3%,0.8%,0.0%,90.5%,9.2%,0.3%,0.0%,9.9%,88.4%,1.7%,0.0%,0.0%,0.0%,85.1%,14.2%,0.7%,0.0%,15.4%,58.5%,21.0%,1.1%,0.0%,4.1%,0.0%,77.9%,13.8%,6.4%,0.0%,1.9%,0.0%,96.9%,3.1%,0.0%,0.0%,76.3%,18.7%,5.0%,0.0%,75.5%,23.5%,0.9%,0.0%
,,Getting by on present income,71.3%,3.2%,25.4%,9.9%,90.1%,0.0%,0.0%,91.7%,8.2%,0.1%,0.0%,72.5%,27.5%,0.0%,0.0%,90.2%,9.8%,0.0%,0.0%,14.0%,85.0%,0.8%,0.2%,0.0%,0.0%,79.7%,19.4%,0.9%,0.0%,18.3%,63.8%,16.4%,0.0%,0.0%,1.4%,0.0%,73.0%,16.0%,10.4%,0.0%,0.6%,0.0%,93.8%,6.0%,0.2%,0.0%,84.0%,15.2%,0.8%,0.0%,66.8%,33.0%,0.2%,0.0%
,,Finding it difficult on present income,69.5%,8.0%,22.5%,23.1%,72.6%,4.3%,0.0%,86.2%,12.5%,1.3%,0.0%,68.3%,28.4%,3.3%,0.0%,83.3%,16.4%,0.3%,0.0%,8.0%,91.1%,0.9%,0.0%,0.0%,0.0%,64.7%,34.1%,1.2%,0.0%,7.3%,72.7%,18.2%,0.0%,0.3%,1.5%,0.0%,75.2%,16.9%,7.2%,0.0%,0.6%,0.0%,93.5%,6.5%,0.0%,0.0%,81.5%,18.1%,0.5%,0.0%,72.6%,24.4%,2.9%,0.0%
,,Finding it very difficult on present income,67.3%,17.9%,14.8%,27.1%,71.2%,1.7%,0.0%,72.3%,24.2%,3.5%,0.0%,67.3%,31.2%,1.5%,0.0%,63.5%,34.1%,2.4%,0.0%,10.6%,88.2%,1.3%,0.0%,0.0%,0.0%,43.7%,56.1%,0.2%,0.0%,6.0%,60.7%,25.3%,0.0%,0.0%,7.9%,0.0%,76.5%,15.3%,7.8%,0.0%,0.3%,0.0%,90.8%,9.2%,0.0%,0.0%,81.6%,16.0%,2.4%,0.0%,78.9%,21.1%,0.0%,0.0%
,Urban/Rural,A rural area or on a farm,72.6%,0.0%,27.4%,14.2%,83.8%,1.9%,0.0%,88.7%,11.3%,0.0%,0.0%,69.6%,30.4%,0.0%,0.0%,80.3%,19.7%,0.0%,0.0%,17.7%,77.9%,4.4%,0.0%,0.0%,0.0%,73.9%,25.3%,0.8%,0.0%,27.2%,52.9%,19.9%,0.0%,0.0%,0.0%,0.0%,75.0%,21.4%,3.5%,0.0%,0.0%,0.0%,95.3%,3.6%,1.1%,0.0%,76.0%,24.0%,0.0%,0.0%,59.1%,40.9%,0.0%,0.0%
,,A small town or villAge,65.8%,5.7%,28.5%,15.6%,81.7%,2.7%,0.0%,87.2%,11.5%,1.3%,0.0%,72.6%,25.9%,1.4%,0.0%,86.3%,13.0%,0.7%,0.0%,8.3%,91.1%,0.6%,0.0%,0.0%,0.0%,75.5%,24.1%,0.4%,0.0%,11.1%,62.5%,20.9%,0.7%,0.0%,4.8%,0.0%,78.0%,13.3%,7.7%,0.0%,1.0%,0.0%,95.0%,5.0%,0.0%,0.0%,78.9%,17.6%,3.4%,0.0%,75.3%,23.3%,1.4%,0.0%
,,A large city,56.6%,7.7%,35.7%,17.4%,79.2%,3.4%,0.0%,89.5%,10.3%,0.2%,0.0%,70.0%,28.8%,1.2%,0.0%,82.8%,17.2%,0.0%,0.0%,11.1%,86.4%,2.3%,0.2%,0.0%,0.0%,73.4%,24.4%,2.2%,0.0%,12.6%,63.1%,18.8%,0.0%,0.0%,5.5%,0.0%,80.4%,11.8%,7.1%,0.0%,0.6%,0.0%,90.6%,9.4%,0.0%,0.0%,83.8%,16.2%,0.0%,0.0%,70.4%,27.5%,2.1%,0.0%
,,A suburb of a large city,73.0%,9.8%,17.2%,19.7%,78.2%,2.2%,0.0%,95.0%,3.4%,1.5%,0.0%,64.1%,35.9%,0.0%,0.0%,78.5%,20.7%,0.8%,0.0%,23.1%,74.0%,2.3%,0.0%,0.6%,0.0%,59.4%,40.6%,0.0%,0.0%,13.6%,72.8%,10.6%,0.0%,0.8%,2.2%,0.0%,57.4%,31.0%,9.6%,0.0%,2.0%,0.0%,97.8%,2.2%,0.0%,0.0%,87.4%,10.2%,2.3%,0.0%,64.6%,35.4%,0.0%,0.0%
Norway,Age,15-24,39.3%,0.8%,59.9%,19.9%,80.1%,0.0%,0.0%,99.0%,1.0%,0.0%,0.0%,80.1%,19.9%,0.0%,0.0%,94.3%,5.7%,0.0%,0.0%,67.0%,29.2%,3.8%,0.0%,0.0%,0.0%,89.9%,10.1%,0.0%,0.0%,24.8%,53.5%,21.6%,0.0%,0.0%,0.0%,0.0%,42.8%,52.9%,4.3%,0.0%,0.0%,0.0%,86.9%,13.1%,0.0%,0.0%,76.5%,23.5%,0.0%,0.0%,90.1%,8.2%,1.8%,0.0%
,,25-34,36.1%,0.7%,63.1%,19.8%,80.2%,0.0%,0.0%,96.3%,3.7%,0.0%,0.0%,86.4%,13.6%,0.0%,0.0%,90.4%,9.6%,0.0%,0.0%,41.3%,52.5%,5.5%,0.0%,0.8%,0.0%,76.3%,23.7%,0.0%,0.0%,25.2%,65.0%,9.8%,0.0%,0.0%,0.0%,0.0%,38.3%,58.2%,2.7%,0.0%,0.7%,0.0%,89.9%,10.1%,0.0%,0.0%,74.6%,25.4%,0.0%,0.0%,74.7%,25.3%,0.0%,0.0%
,,35-44,32.5%,1.0%,66.5%,14.2%,85.8%,0.0%,0.0%,97.5%,2.5%,0.0%,0.0%,80.8%,19.2%,0.0%,0.0%,93.2%,6.8%,0.0%,0.0%,30.4%,63.2%,6.4%,0.0%,0.0%,0.0%,82.3%,17.7%,0.0%,0.0%,11.7%,79.7%,8.1%,0.0%,0.0%,0.0%,0.5%,25.3%,66.7%,8.0%,0.0%,0.0%,0.0%,89.2%,10.8%,0.0%,0.0%,77.5%,22.5%,0.0%,0.0%,73.1%,25.7%,1.2%,0.0%
,,45-64,36.8%,0.9%,62.2%,26.0%,73.4%,0.6%,0.0%,95.8%,4.2%,0.0%,0.0%,86.2%,13.6%,0.2%,0.0%,96.2%,3.8%,0.0%,0.0%,26.9%,66.3%,6.5%,0.0%,0.3%,0.0%,89.1%,10.6%,0.4%,0.0%,18.6%,73.5%,7.4%,0.2%,0.0%,0.4%,0.0%,23.1%,67.2%,8.5%,0.0%,1.2%,0.0%,92.0%,7.3%,0.7%,0.0%,79.9%,18.7%,1.3%,0.0%,66.6%,32.7%,0.8%,0.0%
,,65+,49.9%,2.8%,47.4%,30.0%,69.1%,0.9%,0.0%,91.4%,8.6%,0.0%,0.0%,92.5%,7.2%,0.3%,0.0%,98.1%,1.9%,0.0%,0.0%,18.4%,73.6%,7.0%,0.2%,0.9%,0.0%,95.4%,4.6%,0.0%,0.0%,12.7%,75.3%,9.0%,0.0%,0.2%,1.9%,0.8%,31.5%,56.7%,11.4%,0.0%,0.3%,0.0%,92.0%,8.0%,0.0%,0.0%,73.8%,20.9%,5.3%,0.0%,56.9%,43.1%,0.0%,0.0%
,Gender,Male,38.6%,1.3%,60.1%,18.9%,80.5%,0.6%,0.0%,95.6%,4.4%,0.0%,0.0%,87.3%,12.7%,0.0%,0.0%,93.8%,6.2%,0.0%,0.0%,40.8%,52.5%,6.0%,0.1%,0.6%,0.0%,87.0%,12.8%,0.2%,0.0%,22.7%,65.7%,10.5%,0.1%,0.1%,0.9%,0.0%,30.2%,62.9%,6.1%,0.0%,0.7%,0.0%,89.9%,9.6%,0.5%,0.0%,76.4%,22.7%,0.9%,0.0%,72.3%,27.3%,0.4%,0.0%
,,Female,39.9%,1.2%,58.9%,27.6%,72.3%,0.1%,0.0%,95.6%,4.4%,0.0%,0.0%,84.7%,15.1%,0.3%,0.0%,96.1%,3.9%,0.0%,0.0%,25.7%,68.0%,6.1%,0.0%,0.3%,0.0%,87.8%,12.2%,0.0%,0.0%,13.5%,76.0%,9.8%,0.0%,0.0%,0.2%,0.5%,30.6%,59.9%,9.0%,0.0%,0.5%,0.0%,91.0%,9.0%,0.0%,0.0%,78.9%,20.3%,0.8%,0.0%,71.4%,27.4%,1.2%,0.0%
,Employment Status,Employed full time for an employer,33.6%,0.4%,66.0%,11.9%,87.6%,0.4%,0.0%,96.9%,3.1%,0.0%,0.0%,84.7%,15.0%,0.3%,0.0%,96.1%,3.9%,0.0%,0.0%,36.5%,56.8%,6.3%,0.0%,0.4%,0.0%,89.9%,9.9%,0.3%,0.0%,19.5%,69.9%,10.1%,0.1%,0.0%,0.4%,0.0%,27.8%,65.3%,6.1%,0.0%,0.8%,0.0%,91.8%,7.9%,0.4%,0.0%,78.5%,20.8%,0.7%,0.0%,73.9%,25.4%,0.7%,0.0%
,,Employed full time for self,14.2%,0.0%,85.8%,3.1%,90.7%,6.2%,0.0%,100.0%,0.0%,0.0%,0.0%,84.0%,16.0%,0.0%,0.0%,100.0%,0.0%,0.0%,0.0%,45.3%,44.7%,3.8%,0.0%,6.2%,0.0%,88.0%,12.0%,0.0%,0.0%,27.7%,70.3%,1.9%,0.0%,0.0%,0.0%,0.0%,27.0%,68.7%,1.2%,0.0%,3.1%,0.0%,88.6%,11.4%,0.0%,0.0%,83.1%,10.7%,6.2%,0.0%,77.9%,22.1%,0.0%,0.0%
,,Employed part time do not want full time,37.2%,0.0%,62.8%,22.6%,77.4%,0.0%,0.0%,95.9%,4.1%,0.0%,0.0%,83.2%,16.8%,0.0%,0.0%,97.2%,2.8%,0.0%,0.0%,37.8%,58.7%,3.5%,0.0%,0.0%,0.0%,94.9%,5.1%,0.0%,0.0%,17.7%,69.3%,12.5%,0.0%,0.0%,0.5%,0.0%,24.7%,67.3%,8.0%,0.0%,0.0%,0.0%,90.3%,9.7%,0.0%,0.0%,68.5%,31.5%,0.0%,0.0%,59.0%,39.2%,1.9%,0.0%
,,Unemployed,45.8%,0.0%,54.2%,16.1%,83.9%,0.0%,0.0%,100.0%,0.0%,0.0%,0.0%,82.2%,17.8%,0.0%,0.0%,91.3%,8.7%,0.0%,0.0%,60.1%,34.4%,5.5%,0.0%,0.0%,0.0%,81.1%,18.9%,0.0%,0.0%,35.1%,54.4%,10.5%,0.0%,0.0%,0.0%,0.0%,48.5%,51.5%,0.0%,0.0%,0.0%,0.0%,0.0%,0.0%,0.0%,0.0%,0.0%,0.0%,0.0%,0.0%,0.0%,0.0%,0.0%,0.0%
,,Employed part time want full time,37.9%,3.3%,58.9%,22.4%,77.6%,0.0%,0.0%,96.7%,3.3%,0.0%,0.0%,83.5%,16.5%,0.0%,0.0%,85.5%,14.5%,0.0%,0.0%,28.1%,59.0%,12.9%,0.0%,0.0%,0.0%,69.7%,30.3%,0.0%,0.0%,18.1%,66.9%,14.9%,0.0%,0.0%,0.0%,0.0%,26.7%,68.6%,4.6%,0.0%,0.0%,0.0%,77.4%,22.6%,0.0%,0.0%,77.0%,23.0%,0.0%,0.0%,67.4%,32.6%,0.0%,0.0%
,,Out of workforce,48.7%,2.7%,48.6%,40.9%,59.1%,0.0%,0.0%,92.6%,7.4%,0.0%,0.0%,89.2%,10.8%,0.0%,0.0%,94.2%,5.8%,0.0%,0.0%,24.2%,69.9%,5.7%,0.1%,0.2%,0.0%,85.7%,14.3%,0.0%,0.0%,13.4%,75.0%,9.8%,0.0%,0.1%,1.0%,0.8%,33.4%,54.9%,11.4%,0.0%,0.4%,0.0%,0.0%,0.0%,0.0%,0.0%,0.0%,0.0%,0.0%,0.0%,0.0%,0.0%,0.0%,0.0%
,Per Capita Income Quintiles,Poorest 20%,42.9%,2.0%,55.1%,22.3%,77.7%,0.0%,0.0%,95.5%,4.5%,0.0%,0.0%,80.6%,19.4%,0.0%,0.0%,94.0%,6.0%,0.0%,0.0%,34.2%,58.1%,7.7%,0.0%,0.0%,0.0%,84.4%,15.6%,0.0%,0.0%,19.3%,69.4%,10.9%,0.0%,0.0%,0.0%,0.4%,32.1%,61.4%,6.5%,0.0%,0.0%,0.0%,89.9%,10.1%,0.0%,0.0%,82.7%,17.3%,0.0%,0.0%,69.7%,27.9%,2.4%,0.0%
,,Second 20%,38.8%,3.4%,57.8%,36.1%,63.2%,0.7%,0.0%,94.8%,5.2%,0.0%,0.0%,84.2%,15.8%,0.0%,0.0%,95.3%,4.7%,0.0%,0.0%,31.1%,63.4%,5.5%,0.0%,0.0%,0.0%,85.4%,14.6%,0.0%,0.0%,10.3%,77.3%,11.9%,0.0%,0.0%,0.5%,0.0%,25.8%,68.0%,5.4%,0.0%,0.8%,0.0%,92.6%,7.4%,0.0%,0.0%,78.8%,21.2%,0.0%,0.0%,75.4%,23.5%,1.1%,0.0%
,,Middle 20%,45.0%,0.4%,54.6%,23.3%,76.4%,0.4%,0.0%,94.3%,5.7%,0.0%,0.0%,90.9%,8.8%,0.4%,0.0%,92.8%,7.2%,0.0%,0.0%,23.8%,69.5%,6.0%,0.0%,0.6%,0.0%,86.2%,13.8%,0.0%,0.0%,15.5%,73.2%,9.2%,0.0%,0.2%,1.0%,0.9%,33.5%,53.5%,11.9%,0.0%,1.1%,0.0%,88.2%,11.8%,0.0%,0.0%,89.5%,9.7%,0.8%,0.0%,80.7%,18.5%,0.8%,0.0%
,,Fourth 20%,32.4%,0.6%,66.9%,24.2%,75.8%,0.0%,0.0%,97.0%,3.0%,0.0%,0.0%,86.6%,13.2%,0.3%,0.0%,96.3%,3.7%,0.0%,0.0%,35.1%,59.7%,4.8%,0.2%,0.3%,0.0%,90.5%,8.9%,0.6%,0.0%,25.9%,62.8%,10.3%,0.0%,0.0%,0.9%,0.0%,31.2%,61.2%,6.8%,0.0%,0.8%,0.0%,91.5%,7.6%,0.9%,0.0%,71.2%,27.2%,1.6%,0.0%,68.3%,31.7%,0.0%,0.0%
,,Richest 20%,36.9%,0.0%,63.1%,10.2%,88.9%,1.0%,0.0%,96.3%,3.7%,0.0%,0.0%,87.7%,12.3%,0.0%,0.0%,96.3%,3.7%,0.0%,0.0%,42.1%,50.2%,6.4%,0.0%,1.2%,0.0%,90.6%,9.4%,0.0%,0.0%,19.6%,71.3%,8.5%,0.2%,0.0%,0.4%,0.0%,29.5%,63.0%,7.2%,0.0%,0.2%,0.0%,89.5%,10.2%,0.3%,0.0%,71.2%,27.3%,1.5%,0.0%,69.0%,31.0%,0.0%,0.0%
,Feelings About Household Income,Living comfortably on present income,34.1%,1.1%,64.8%,19.9%,79.5%,0.6%,0.0%,96.4%,3.6%,0.0%,0.0%,87.0%,12.8%,0.2%,0.0%,98.3%,1.7%,0.0%,0.0%,34.0%,59.4%,6.0%,0.1%,0.5%,0.0%,92.5%,7.3%,0.2%,0.0%,19.4%,69.2%,10.3%,0.0%,0.1%,0.8%,0.3%,28.5%,63.1%,7.6%,0.0%,0.7%,0.0%,92.1%,7.6%,0.3%,0.0%,77.9%,21.1%,1.0%,0.0%,75.5%,24.3%,0.2%,0.0%
,,Getting by on present income,47.9%,0.0%,52.1%,28.6%,71.4%,0.0%,0.0%,96.2%,3.8%,0.0%,0.0%,84.6%,15.4%,0.0%,0.0%,91.9%,8.1%,0.0%,0.0%,30.1%,63.2%,6.5%,0.0%,0.2%,0.0%,83.3%,16.7%,0.0%,0.0%,13.7%,76.7%,9.3%,0.2%,0.0%,0.0%,0.0%,31.0%,60.6%,7.9%,0.0%,0.4%,0.0%,86.4%,13.3%,0.3%,0.0%,76.9%,22.5%,0.6%,0.0%,62.2%,35.9%,1.9%,0.0%
,,Finding it difficult on present income,67.4%,8.2%,24.4%,48.8%,51.2%,0.0%,0.0%,84.9%,15.1%,0.0%,0.0%,77.7%,22.3%,0.0%,0.0%,65.9%,34.1%,0.0%,0.0%,43.0%,52.3%,4.7%,0.0%,0.0%,0.0%,49.7%,50.3%,0.0%,0.0%,18.2%,65.6%,16.2%,0.0%,0.0%,0.0%,0.0%,40.7%,56.8%,2.4%,0.0%,0.0%,0.0%,88.5%,11.5%,0.0%,0.0%,71.1%,28.9%,0.0%,0.0%,62.2%,29.3%,8.5%,0.0%
,,Finding it very difficult on present income,56.0%,6.3%,37.6%,13.5%,86.5%,0.0%,0.0%,86.9%,13.1%,0.0%,0.0%,85.2%,14.8%,0.0%,0.0%,76.9%,23.1%,0.0%,0.0%,14.3%,77.7%,8.1%,0.0%,0.0%,0.0%,30.9%,69.1%,0.0%,0.0%,27.3%,72.7%,0.0%,0.0%,0.0%,0.0%,0.0%,79.1%,12.8%,8.1%,0.0%,0.0%,0.0%,61.6%,38.4%,0.0%,0.0%,76.2%,23.8%,0.0%,0.0%,62.2%,37.8%,0.0%,0.0%
,Urban/Rural,A rural area or on a farm,35.6%,1.5%,62.9%,27.5%,71.7%,0.7%,0.0%,95.9%,4.1%,0.0%,0.0%,91.3%,8.4%,0.2%,0.0%,96.7%,3.3%,0.0%,0.0%,31.9%,62.8%,4.5%,0.0%,0.7%,0.0%,92.8%,6.8%,0.5%,0.0%,14.0%,75.8%,8.8%,0.0%,0.0%,1.0%,0.3%,25.1%,65.2%,9.2%,0.0%,0.5%,0.0%,91.5%,7.7%,0.8%,0.0%,80.3%,17.7%,2.0%,0.0%,73.7%,24.5%,1.7%,0.0%
,,A small town or villAge,42.9%,0.9%,56.3%,24.5%,75.3%,0.2%,0.0%,95.6%,4.4%,0.0%,0.0%,82.7%,17.1%,0.2%,0.0%,93.2%,6.8%,0.0%,0.0%,29.1%,64.2%,6.7%,0.0%,0.0%,0.0%,87.7%,12.3%,0.0%,0.0%,20.1%,69.4%,10.0%,0.0%,0.1%,0.5%,0.0%,36.9%,56.4%,6.6%,0.0%,0.2%,0.0%,91.0%,9.0%,0.0%,0.0%,79.1%,20.2%,0.7%,0.0%,64.4%,35.3%,0.3%,0.0%
,,A large city,37.6%,0.5%,61.8%,15.9%,84.1%,0.0%,0.0%,97.2%,2.8%,0.0%,0.0%,86.7%,13.3%,0.0%,0.0%,95.8%,4.2%,0.0%,0.0%,44.4%,49.3%,5.0%,0.0%,1.3%,0.0%,82.1%,17.9%,0.0%,0.0%,19.7%,66.7%,13.3%,0.3%,0.0%,0.0%,0.0%,25.7%,68.1%,5.7%,0.0%,0.5%,0.0%,88.9%,10.7%,0.4%,0.0%,71.4%,28.3%,0.4%,0.0%,80.4%,18.8%,0.9%,0.0%
,,A suburb of a large city,37.0%,2.9%,60.1%,21.3%,77.8%,0.9%,0.0%,94.5%,5.5%,0.0%,0.0%,84.1%,15.9%,0.0%,0.0%,96.8%,3.2%,0.0%,0.0%,33.3%,57.9%,8.5%,0.2%,0.0%,0.0%,84.8%,15.2%,0.0%,0.0%,17.3%,71.7%,9.3%,0.0%,0.0%,0.5%,1.2%,27.6%,60.6%,9.9%,0.0%,2.0%,0.0%,90.7%,9.3%,0.0%,0.0%,76.6%,23.4%,0.0%,0.0%,75.2%,24.8%,0.0%,0.0%
Portugal,Age,15-24,53.8%,0.3%,45.8%,4.7%,95.3%,0.0%,0.0%,96.9%,3.1%,0.0%,0.0%,92.4%,7.6%,0.0%,0.0%,83.4%,14.1%,2.5%,0.0%,39.5%,57.1%,2.7%,0.7%,0.0%,0.0%,86.9%,12.8%,0.0%,0.3%,38.1%,42.0%,18.1%,0.0%,0.0%,1.8%,0.0%,51.9%,23.2%,24.3%,0.0%,0.0%,0.6%,91.0%,9.0%,0.0%,0.0%,85.2%,14.8%,0.0%,0.0%,76.3%,23.7%,0.0%,0.0%
,,25-34,53.2%,2.2%,44.5%,8.4%,91.6%,0.0%,0.0%,88.2%,9.8%,2.1%,0.0%,86.6%,13.2%,0.3%,0.0%,92.3%,7.7%,0.0%,0.0%,21.6%,70.5%,5.4%,0.0%,2.5%,0.0%,82.2%,15.8%,0.0%,2.1%,40.9%,41.1%,16.2%,0.0%,0.8%,0.9%,0.0%,46.4%,23.9%,27.6%,0.0%,2.1%,0.0%,90.4%,9.6%,0.0%,0.0%,85.5%,13.7%,0.7%,0.0%,76.5%,22.8%,0.7%,0.0%
,,35-44,60.1%,1.8%,38.1%,3.7%,96.3%,0.0%,0.0%,88.7%,10.7%,0.5%,0.0%,85.2%,14.8%,0.0%,0.0%,90.8%,9.0%,0.2%,0.0%,16.6%,66.6%,15.6%,1.2%,0.0%,0.0%,88.4%,8.8%,0.0%,2.8%,38.0%,46.7%,12.0%,0.2%,1.9%,1.3%,0.0%,42.1%,32.9%,24.2%,0.2%,0.7%,0.0%,97.9%,1.7%,0.4%,0.0%,89.3%,10.3%,0.4%,0.0%,70.6%,27.1%,2.3%,0.0%
,,45-64,72.9%,8.3%,18.8%,20.9%,79.1%,0.0%,0.0%,81.5%,18.5%,0.0%,0.0%,90.4%,9.4%,0.2%,0.0%,92.6%,7.1%,0.3%,0.0%,9.1%,81.8%,8.9%,0.2%,0.0%,0.0%,84.2%,14.0%,0.0%,1.8%,44.2%,37.2%,17.9%,0.3%,0.3%,0.0%,0.1%,37.5%,34.4%,27.9%,0.0%,0.1%,0.0%,97.0%,3.0%,0.0%,0.0%,89.8%,9.2%,1.0%,0.0%,60.2%,38.6%,1.2%,0.0%
,,65+,61.5%,18.1%,20.4%,44.1%,55.9%,0.0%,0.0%,87.8%,12.2%,0.0%,0.0%,87.2%,12.8%,0.0%,0.0%,89.1%,10.1%,0.8%,0.0%,3.7%,93.6%,2.0%,0.0%,0.8%,0.0%,89.7%,6.9%,0.0%,3.4%,19.5%,32.3%,39.3%,2.6%,3.5%,2.9%,0.0%,20.0%,33.8%,45.2%,0.2%,0.8%,0.0%,100.0%,0.0%,0.0%,0.0%,100.0%,0.0%,0.0%,0.0%,65.4%,34.6%,0.0%,0.0%
,Gender,Male,65.1%,5.5%,29.3%,14.3%,85.7%,0.0%,0.0%,88.4%,10.9%,0.7%,0.0%,92.3%,7.7%,0.0%,0.0%,91.7%,7.7%,0.7%,0.0%,18.5%,72.2%,8.2%,0.4%,0.7%,0.0%,87.7%,10.9%,0.0%,1.3%,37.4%,44.5%,15.8%,0.3%,1.0%,1.0%,0.1%,45.9%,28.9%,24.3%,0.1%,0.7%,0.2%,95.8%,4.0%,0.2%,0.0%,90.7%,8.7%,0.7%,0.0%,75.7%,23.0%,1.3%,0.0%
,,Female,59.8%,8.7%,31.5%,23.4%,76.6%,0.0%,0.0%,86.0%,13.8%,0.2%,0.0%,84.5%,15.3%,0.2%,0.0%,89.3%,10.2%,0.5%,0.0%,11.7%,81.0%,6.5%,0.3%,0.5%,0.0%,85.0%,12.1%,0.0%,2.9%,35.4%,34.2%,26.0%,1.5%,1.6%,1.4%,0.0%,30.6%,32.8%,35.8%,0.1%,0.6%,0.0%,95.2%,4.8%,0.0%,0.0%,86.5%,12.9%,0.6%,0.0%,59.7%,39.0%,1.2%,0.0%
,Employment Status,Employed full time for an employer,62.5%,4.4%,33.2%,5.5%,94.5%,0.0%,0.0%,83.9%,15.0%,1.0%,0.0%,88.4%,11.5%,0.1%,0.0%,90.7%,9.2%,0.1%,0.0%,19.1%,68.3%,12.2%,0.4%,0.0%,0.0%,84.5%,13.6%,0.0%,1.8%,41.8%,42.7%,14.6%,0.3%,0.0%,0.6%,0.0%,39.6%,34.7%,25.3%,0.1%,0.1%,0.2%,95.7%,4.3%,0.0%,0.0%,88.1%,11.2%,0.8%,0.0%,65.6%,32.8%,1.6%,0.0%
,,Employed full time for self,61.5%,5.4%,33.0%,17.1%,82.9%,0.0%,0.0%,93.5%,6.5%,0.0%,0.0%,87.0%,13.0%,0.0%,0.0%,95.2%,4.8%,0.0%,0.0%,15.3%,76.9%,6.9%,0.9%,0.0%,0.0%,85.3%,11.5%,0.0%,3.2%,48.7%,45.4%,5.4%,0.0%,0.5%,0.0%,0.0%,41.6%,25.3%,33.1%,0.0%,0.0%,0.0%,96.1%,3.9%,0.0%,0.0%,91.1%,8.4%,0.5%,0.0%,77.6%,22.4%,0.0%,0.0%
,,Employed part time do not want full time,66.7%,0.0%,33.3%,2.8%,97.2%,0.0%,0.0%,75.8%,24.2%,0.0%,0.0%,91.5%,8.5%,0.0%,0.0%,80.2%,19.8%,0.0%,0.0%,14.9%,82.0%,3.1%,0.0%,0.0%,0.0%,77.1%,22.9%,0.0%,0.0%,29.0%,30.8%,30.1%,0.0%,10.1%,0.0%,0.0%,25.2%,33.2%,41.6%,0.0%,0.0%,0.0%,100.0%,0.0%,0.0%,0.0%,95.8%,4.2%,0.0%,0.0%,73.1%,26.9%,0.0%,0.0%
,,Unemployed,69.5%,5.9%,24.6%,18.9%,81.1%,0.0%,0.0%,87.7%,12.3%,0.0%,0.0%,95.5%,4.5%,0.0%,0.0%,74.1%,25.9%,0.0%,0.0%,15.9%,71.6%,4.8%,0.0%,7.7%,0.0%,82.4%,9.9%,0.0%,7.7%,31.0%,41.4%,24.3%,0.0%,0.0%,3.3%,0.0%,54.2%,15.3%,22.8%,0.0%,7.7%,0.0%,0.0%,0.0%,0.0%,0.0%,0.0%,0.0%,0.0%,0.0%,0.0%,0.0%,0.0%,0.0%
,,Employed part time want full time,70.8%,4.4%,24.7%,21.7%,78.3%,0.0%,0.0%,86.4%,13.6%,0.0%,0.0%,92.8%,7.2%,0.0%,0.0%,82.7%,15.7%,1.6%,0.0%,20.0%,80.0%,0.0%,0.0%,0.0%,0.0%,79.1%,20.9%,0.0%,0.0%,22.7%,47.6%,21.3%,0.0%,3.2%,5.2%,0.0%,28.9%,25.3%,45.8%,0.0%,0.0%,0.0%,90.5%,7.9%,1.6%,0.0%,85.9%,14.1%,0.0%,0.0%,64.7%,33.7%,1.6%,0.0%
,,Out of workforce,60.8%,11.3%,27.9%,33.1%,66.9%,0.0%,0.0%,89.0%,11.0%,0.0%,0.0%,87.0%,12.8%,0.2%,0.0%,91.4%,7.4%,1.2%,0.0%,10.2%,85.3%,3.6%,0.3%,0.6%,0.0%,89.4%,8.6%,0.0%,2.0%,29.9%,33.1%,30.9%,2.0%,2.5%,1.6%,0.1%,34.4%,30.7%,34.0%,0.1%,0.7%,0.0%,0.0%,0.0%,0.0%,0.0%,0.0%,0.0%,0.0%,0.0%,0.0%,0.0%,0.0%,0.0%
,Per Capita Income Quintiles,Poorest 20%,75.3%,7.8%,16.9%,20.0%,80.0%,0.0%,0.0%,81.3%,18.2%,0.5%,0.0%,89.4%,10.6%,0.0%,0.0%,93.4%,6.4%,0.2%,0.0%,8.6%,83.7%,5.7%,0.2%,1.9%,0.0%,83.4%,12.5%,0.0%,4.1%,29.7%,43.0%,23.5%,1.5%,0.6%,1.7%,0.2%,43.5%,23.6%,31.4%,0.0%,1.5%,0.0%,95.5%,3.8%,0.7%,0.0%,93.6%,6.4%,0.0%,0.0%,63.2%,36.1%,0.7%,0.0%
,,Second 20%,58.2%,9.5%,32.4%,23.8%,76.2%,0.0%,0.0%,85.4%,14.6%,0.0%,0.0%,83.2%,16.8%,0.0%,0.0%,88.1%,11.0%,0.9%,0.0%,15.3%,76.7%,6.5%,0.6%,0.9%,0.0%,84.3%,14.2%,0.0%,1.5%,37.9%,40.2%,17.7%,0.2%,1.5%,2.5%,0.0%,39.3%,33.8%,25.5%,0.0%,1.5%,0.0%,96.0%,4.0%,0.0%,0.0%,81.1%,18.0%,0.8%,0.0%,58.8%,41.2%,0.0%,0.0%
,,Middle 20%,66.6%,7.5%,25.9%,15.7%,84.3%,0.0%,0.0%,89.3%,9.2%,1.5%,0.0%,88.0%,11.5%,0.5%,0.0%,90.8%,7.6%,1.5%,0.0%,11.5%,83.1%,5.3%,0.2%,0.0%,0.0%,90.6%,7.0%,0.0%,2.4%,42.3%,35.6%,17.2%,1.1%,3.4%,0.5%,0.0%,38.2%,34.0%,27.8%,0.0%,0.0%,0.0%,97.5%,2.5%,0.0%,0.0%,94.6%,5.4%,0.0%,0.0%,73.2%,24.8%,2.0%,0.0%
,,Fourth 20%,63.0%,8.0%,29.0%,22.0%,78.0%,0.0%,0.0%,89.2%,10.8%,0.0%,0.0%,92.3%,7.7%,0.0%,0.0%,87.6%,12.1%,0.3%,0.0%,17.7%,73.0%,9.0%,0.3%,0.0%,0.0%,86.0%,13.3%,0.0%,0.7%,30.5%,35.2%,31.5%,1.6%,0.3%,0.9%,0.0%,33.0%,30.2%,36.8%,0.0%,0.0%,0.0%,95.7%,4.3%,0.0%,0.0%,89.5%,10.5%,0.0%,0.0%,72.2%,27.1%,0.7%,0.0%
,,Richest 20%,49.6%,3.2%,47.2%,14.4%,85.6%,0.0%,0.0%,90.5%,9.5%,0.0%,0.0%,87.9%,12.1%,0.0%,0.0%,91.9%,7.9%,0.2%,0.0%,21.2%,68.2%,10.0%,0.6%,0.0%,0.0%,87.0%,10.8%,0.0%,2.2%,41.0%,41.0%,16.4%,0.3%,0.8%,0.5%,0.0%,34.8%,33.2%,31.0%,0.4%,0.2%,0.4%,93.1%,6.9%,0.0%,0.0%,85.5%,12.5%,2.0%,0.0%,69.2%,28.3%,2.5%,0.0%
,Feelings About Household Income,Living comfortably on present income,45.0%,0.9%,54.1%,14.0%,86.0%,0.0%,0.0%,95.5%,4.5%,0.0%,0.0%,90.9%,9.0%,0.2%,0.0%,96.6%,3.4%,0.0%,0.0%,23.2%,68.3%,8.0%,0.5%,0.0%,0.0%,93.3%,6.7%,0.0%,0.0%,40.7%,41.6%,15.2%,0.2%,1.9%,0.4%,0.0%,36.3%,32.5%,30.6%,0.1%,0.2%,0.3%,96.9%,3.1%,0.0%,0.0%,87.2%,12.6%,0.2%,0.0%,79.3%,19.8%,0.9%,0.0%
,,Getting by on present income,68.5%,7.9%,23.6%,18.8%,81.2%,0.0%,0.0%,88.0%,11.8%,0.2%,0.0%,88.9%,11.0%,0.1%,0.0%,90.8%,8.5%,0.7%,0.0%,13.3%,77.8%,8.5%,0.5%,0.0%,0.0%,88.5%,9.8%,0.0%,1.7%,34.6%,39.3%,22.4%,1.4%,0.8%,1.5%,0.1%,38.4%,30.5%,30.7%,0.1%,0.2%,0.0%,95.6%,4.2%,0.2%,0.0%,88.3%,10.8%,0.8%,0.0%,64.4%,34.5%,1.1%,0.0%
,,Finding it difficult on present income,68.3%,9.1%,22.6%,17.6%,82.4%,0.0%,0.0%,80.4%,19.6%,0.0%,0.0%,83.9%,16.1%,0.0%,0.0%,83.3%,16.3%,0.4%,0.0%,11.5%,85.1%,2.8%,0.0%,0.5%,0.0%,78.4%,19.1%,0.0%,2.5%,31.4%,39.5%,27.3%,0.0%,1.3%,0.5%,0.0%,37.8%,29.0%,33.2%,0.0%,0.0%,0.0%,92.3%,7.7%,0.0%,0.0%,89.9%,9.0%,1.1%,0.0%,65.8%,34.2%,0.0%,0.0%
,,Finding it very difficult on present income,62.5%,20.8%,16.7%,39.0%,61.0%,0.0%,0.0%,65.6%,30.2%,4.2%,0.0%,79.2%,20.8%,0.0%,0.0%,79.7%,20.3%,0.0%,0.0%,8.7%,82.2%,4.9%,0.0%,4.2%,0.0%,65.2%,28.9%,0.0%,5.9%,40.7%,32.4%,23.4%,0.0%,3.4%,0.0%,0.0%,37.9%,31.4%,26.4%,0.0%,4.2%,0.0%,96.3%,3.7%,0.0%,0.0%,92.2%,7.8%,0.0%,0.0%,66.2%,33.8%,0.0%,0.0%
,Urban/Rural,A rural area or on a farm,67.8%,10.8%,21.4%,30.9%,69.1%,0.0%,0.0%,86.5%,13.5%,0.0%,0.0%,88.0%,12.0%,0.0%,0.0%,92.7%,7.3%,0.0%,0.0%,7.6%,88.2%,3.0%,1.3%,0.0%,0.0%,87.5%,12.5%,0.0%,0.0%,35.9%,41.6%,21.4%,0.0%,0.0%,1.1%,0.0%,37.5%,29.5%,32.1%,0.0%,1.0%,0.0%,95.5%,4.5%,0.0%,0.0%,91.9%,8.1%,0.0%,0.0%,81.7%,17.8%,0.5%,0.0%
,,A small town or villAge,62.9%,8.4%,28.7%,20.0%,80.0%,0.0%,0.0%,85.2%,14.0%,0.8%,0.0%,88.3%,11.5%,0.2%,0.0%,91.0%,8.0%,1.0%,0.0%,13.5%,78.3%,7.4%,0.2%,0.5%,0.0%,86.8%,10.8%,0.0%,2.5%,33.4%,39.8%,22.6%,0.9%,1.7%,1.7%,0.1%,39.2%,27.9%,32.4%,0.2%,0.3%,0.0%,95.8%,4.2%,0.0%,0.0%,89.5%,9.6%,0.9%,0.0%,64.8%,34.3%,0.9%,0.0%
,,A large city,60.6%,4.7%,34.7%,12.5%,87.5%,0.0%,0.0%,89.0%,11.0%,0.0%,0.0%,89.7%,10.3%,0.0%,0.0%,88.0%,11.8%,0.2%,0.0%,17.8%,70.8%,10.0%,0.0%,1.3%,0.0%,83.2%,13.5%,0.0%,3.3%,36.5%,42.4%,17.3%,0.9%,2.0%,0.9%,0.0%,36.4%,34.5%,27.4%,0.0%,1.3%,0.3%,93.2%,6.4%,0.5%,0.0%,85.1%,14.0%,0.9%,0.0%,70.4%,28.2%,1.4%,0.0%
,,A suburb of a large city,60.8%,1.2%,38.0%,15.8%,84.2%,0.0%,0.0%,92.0%,8.0%,0.0%,0.0%,85.6%,14.4%,0.0%,0.0%,89.3%,10.7%,0.0%,0.0%,22.9%,70.2%,6.2%,0.7%,0.0%,0.0%,87.9%,11.1%,0.0%,1.0%,47.5%,28.1%,24.0%,0.4%,0.0%,0.0%,0.0%,34.4%,38.7%,26.6%,0.0%,0.3%,0.0%,98.2%,1.8%,0.0%,0.0%,87.8%,12.2%,0.0%,0.0%,65.4%,34.6%,0.0%,0.0%
Serbia,Age,15-24,37.2%,2.3%,60.5%,6.8%,93.2%,0.0%,0.0%,96.8%,3.2%,0.0%,0.0%,82.8%,16.8%,0.4%,0.0%,86.2%,12.3%,1.5%,0.0%,38.9%,45.7%,12.8%,2.3%,0.3%,0.0%,63.9%,30.2%,5.9%,0.0%,23.4%,57.0%,13.2%,1.6%,1.1%,3.8%,0.0%,57.1%,18.3%,24.6%,0.0%,0.0%,0.0%,79.8%,18.2%,2.0%,0.0%,61.9%,34.2%,3.9%,0.0%,67.4%,32.6%,0.0%,0.0%
,,25-34,51.2%,5.6%,43.2%,4.0%,95.7%,0.3%,0.0%,92.4%,7.6%,0.0%,0.0%,80.4%,15.9%,3.8%,0.0%,79.4%,16.1%,4.1%,0.4%,17.4%,71.0%,10.8%,0.0%,0.8%,0.0%,61.8%,29.7%,8.5%,0.0%,19.3%,69.9%,9.3%,0.3%,0.0%,1.2%,0.0%,62.6%,18.2%,18.9%,0.0%,0.3%,0.0%,79.6%,16.4%,3.9%,0.0%,75.5%,20.7%,3.8%,0.0%,60.5%,34.6%,5.0%,0.0%
,,35-44,43.9%,9.0%,47.0%,21.3%,78.7%,0.0%,0.0%,81.2%,16.6%,2.3%,0.0%,82.4%,17.1%,0.4%,0.0%,80.4%,16.9%,2.7%,0.0%,15.2%,71.3%,11.7%,0.4%,1.4%,0.0%,69.6%,25.6%,4.7%,0.0%,14.7%,70.6%,6.9%,0.0%,0.4%,7.0%,0.3%,60.0%,19.0%,20.6%,0.0%,0.4%,0.0%,69.4%,22.8%,4.8%,2.9%,79.9%,16.0%,0.6%,3.5%,49.5%,46.1%,1.5%,2.9%
,,45-64,58.6%,13.0%,28.5%,39.3%,60.4%,0.3%,0.0%,78.5%,18.9%,2.6%,0.0%,77.7%,20.3%,2.1%,0.0%,73.0%,23.3%,3.7%,0.0%,9.3%,83.0%,4.4%,1.9%,1.4%,0.0%,67.9%,25.3%,6.8%,0.0%,16.9%,71.2%,7.1%,1.2%,0.3%,2.9%,0.4%,50.4%,22.8%,25.7%,0.0%,1.1%,0.0%,76.5%,16.4%,7.1%,0.0%,80.2%,14.9%,4.9%,0.0%,37.8%,58.9%,3.4%,0.0%
,,65+,60.2%,12.3%,27.5%,51.4%,48.6%,0.0%,0.0%,80.1%,19.5%,0.3%,0.0%,76.7%,16.0%,7.3%,0.0%,78.7%,19.1%,2.2%,0.0%,5.0%,90.2%,1.7%,0.0%,3.0%,0.0%,72.3%,15.5%,10.2%,2.0%,10.2%,70.3%,11.6%,5.3%,0.8%,1.8%,0.0%,48.5%,26.0%,22.6%,0.5%,2.3%,0.0%,86.3%,13.7%,0.0%,0.0%,97.1%,2.9%,0.0%,0.0%,34.0%,66.0%,0.0%,0.0%
,Gender,Male,52.6%,10.5%,36.9%,22.1%,77.7%,0.2%,0.0%,85.1%,13.5%,1.4%,0.0%,83.2%,15.1%,1.7%,0.0%,77.0%,19.4%,3.5%,0.1%,18.1%,69.7%,8.3%,1.6%,2.3%,0.0%,65.9%,25.3%,8.0%,0.8%,18.9%,68.2%,7.5%,1.9%,0.2%,3.0%,0.4%,55.6%,21.3%,21.8%,0.2%,1.1%,0.0%,73.7%,20.7%,5.6%,0.0%,74.8%,21.1%,4.1%,0.0%,48.7%,48.9%,2.4%,0.0%
,,Female,51.0%,8.1%,41.0%,34.0%,65.9%,0.1%,0.0%,83.2%,15.6%,1.2%,0.0%,76.0%,20.0%,4.0%,0.0%,79.6%,17.9%,2.5%,0.0%,11.7%,80.7%,6.5%,0.5%,0.7%,0.0%,69.2%,24.2%,6.6%,0.0%,14.1%,69.5%,10.7%,1.5%,0.8%,3.5%,0.0%,54.0%,21.4%,23.8%,0.0%,0.8%,0.0%,80.1%,14.1%,4.0%,1.9%,82.5%,13.3%,2.0%,2.2%,48.3%,46.7%,3.1%,1.9%
,Employment Status,Employed full time for an employer,45.0%,8.8%,46.2%,14.3%,85.3%,0.4%,0.0%,86.8%,12.8%,0.4%,0.0%,84.4%,14.7%,0.9%,0.0%,82.8%,15.1%,1.9%,0.2%,18.7%,70.3%,9.5%,0.5%,1.0%,0.0%,70.0%,25.1%,5.0%,0.0%,20.6%,69.2%,8.5%,0.0%,0.3%,1.4%,0.0%,57.1%,19.9%,22.8%,0.0%,0.2%,0.0%,75.1%,20.9%,2.9%,1.1%,79.8%,17.3%,1.8%,1.1%,49.0%,47.0%,2.8%,1.1%
,,Employed full time for self,45.0%,16.3%,38.6%,17.0%,83.0%,0.0%,0.0%,87.0%,11.6%,1.5%,0.0%,66.6%,31.2%,2.2%,0.0%,78.2%,20.1%,1.7%,0.0%,17.5%,67.6%,10.1%,4.8%,0.0%,0.0%,68.2%,27.7%,4.1%,0.0%,17.6%,64.9%,8.8%,3.1%,1.2%,4.4%,0.0%,67.8%,18.4%,13.8%,0.0%,0.0%,0.0%,74.6%,19.3%,6.1%,0.0%,80.7%,14.5%,4.8%,0.0%,52.1%,46.9%,1.0%,0.0%
,,Employed part time do not want full time,39.0%,3.0%,58.0%,9.9%,90.1%,0.0%,0.0%,91.9%,8.1%,0.0%,0.0%,94.6%,5.4%,0.0%,0.0%,88.7%,4.0%,7.3%,0.0%,15.8%,73.2%,4.9%,6.1%,0.0%,0.0%,77.5%,13.3%,9.1%,0.0%,14.9%,76.3%,3.4%,0.0%,0.0%,4.3%,1.2%,43.9%,29.2%,26.9%,0.0%,0.0%,0.0%,92.0%,0.8%,7.3%,0.0%,58.7%,33.2%,8.1%,0.0%,42.5%,50.5%,7.0%,0.0%
,,Unemployed,58.1%,8.6%,33.3%,9.6%,90.4%,0.0%,0.0%,83.2%,16.0%,0.8%,0.0%,71.9%,23.3%,4.8%,0.0%,62.0%,31.8%,6.2%,0.0%,14.6%,75.1%,9.2%,1.2%,0.0%,0.0%,63.5%,19.0%,17.5%,0.0%,9.9%,73.2%,12.8%,0.0%,0.0%,1.9%,2.1%,58.0%,24.0%,15.6%,0.0%,2.5%,0.0%,0.0%,0.0%,0.0%,0.0%,0.0%,0.0%,0.0%,0.0%,0.0%,0.0%,0.0%,0.0%
,,Employed part time want full time,43.3%,18.0%,38.7%,24.7%,75.3%,0.0%,0.0%,80.5%,13.6%,5.9%,0.0%,87.7%,12.3%,0.0%,0.0%,84.5%,14.6%,0.9%,0.0%,15.5%,73.8%,8.7%,0.0%,2.1%,0.0%,66.0%,24.5%,9.5%,0.0%,19.5%,56.3%,11.5%,0.8%,1.4%,10.5%,0.0%,58.8%,16.1%,25.1%,0.0%,0.0%,0.0%,70.7%,14.5%,14.8%,0.0%,80.0%,13.2%,5.3%,1.4%,45.8%,54.2%,0.0%,0.0%
,,Out of workforce,61.1%,7.9%,31.0%,47.0%,53.0%,0.0%,0.0%,80.9%,17.4%,1.7%,0.0%,76.3%,18.8%,5.0%,0.0%,74.9%,21.7%,3.4%,0.0%,11.0%,81.5%,4.9%,0.2%,2.4%,0.0%,65.1%,26.1%,7.9%,0.9%,13.4%,69.3%,9.7%,3.4%,0.5%,3.7%,0.0%,50.6%,22.4%,24.9%,0.3%,1.7%,0.0%,0.0%,0.0%,0.0%,0.0%,0.0%,0.0%,0.0%,0.0%,0.0%,0.0%,0.0%,0.0%
,Per Capita Income Quintiles,Poorest 20%,57.4%,8.6%,34.0%,35.0%,65.0%,0.0%,0.0%,81.4%,16.3%,2.3%,0.0%,75.5%,21.9%,2.6%,0.0%,72.4%,23.4%,4.1%,0.0%,11.7%,79.5%,7.0%,0.4%,1.4%,0.0%,58.4%,31.6%,10.0%,0.0%,11.2%,76.4%,7.6%,1.5%,0.3%,3.0%,0.0%,57.8%,12.9%,28.3%,0.0%,1.0%,0.0%,69.2%,19.4%,5.9%,5.5%,78.4%,12.7%,2.3%,6.6%,39.1%,55.4%,0.0%,5.5%
,,Second 20%,50.3%,17.4%,32.3%,34.5%,65.5%,0.0%,0.0%,72.0%,26.7%,1.2%,0.0%,76.0%,21.3%,2.7%,0.0%,71.3%,23.7%,5.0%,0.0%,9.7%,84.3%,4.8%,0.0%,1.2%,0.0%,70.2%,23.0%,6.9%,0.0%,12.7%,73.2%,7.4%,1.9%,1.2%,3.5%,0.0%,55.5%,24.6%,18.3%,0.0%,1.5%,0.0%,64.7%,23.0%,12.3%,0.0%,77.2%,21.5%,1.3%,0.0%,42.9%,54.8%,2.3%,0.0%
,,Middle 20%,54.7%,10.9%,34.4%,23.3%,76.7%,0.0%,0.0%,89.0%,10.5%,0.5%,0.0%,80.9%,16.1%,3.0%,0.0%,80.1%,16.4%,3.3%,0.3%,11.4%,74.6%,9.4%,2.3%,2.3%,0.0%,69.9%,23.5%,6.7%,0.0%,16.1%,73.5%,7.3%,1.5%,0.0%,1.4%,0.3%,49.3%,23.4%,27.3%,0.0%,0.0%,0.0%,77.6%,18.7%,3.8%,0.0%,80.8%,13.1%,6.1%,0.0%,46.5%,52.3%,1.2%,0.0%
,,Fourth 20%,48.3%,5.7%,46.0%,23.8%,75.9%,0.2%,0.0%,88.8%,9.6%,1.5%,0.0%,78.2%,17.3%,4.5%,0.0%,82.0%,15.6%,2.3%,0.0%,19.3%,68.9%,8.1%,1.9%,1.8%,0.0%,73.8%,21.0%,5.2%,0.0%,15.1%,67.6%,9.5%,3.6%,0.5%,3.2%,0.6%,53.7%,24.2%,20.8%,0.0%,1.3%,0.0%,80.5%,17.2%,2.3%,0.0%,79.9%,18.5%,1.6%,0.0%,45.5%,51.7%,2.8%,0.0%
,,Richest 20%,48.4%,4.3%,47.3%,24.4%,75.2%,0.5%,0.0%,89.3%,9.8%,1.0%,0.0%,86.8%,11.6%,1.6%,0.0%,85.9%,13.8%,0.3%,0.0%,21.9%,69.5%,7.5%,0.5%,0.7%,0.0%,65.8%,24.7%,7.5%,1.9%,26.9%,53.6%,13.9%,0.0%,0.4%,5.2%,0.0%,57.4%,21.6%,19.7%,0.5%,0.8%,0.0%,82.4%,14.3%,3.3%,0.0%,73.2%,22.7%,4.0%,0.0%,62.6%,31.7%,5.7%,0.0%
,Feelings About Household Income,Living comfortably on present income,36.1%,0.9%,63.0%,18.0%,82.0%,0.0%,0.0%,91.0%,8.1%,0.9%,0.0%,87.2%,11.6%,1.2%,0.0%,95.5%,4.0%,0.5%,0.0%,21.9%,62.8%,11.1%,2.0%,2.2%,0.0%,76.8%,16.6%,6.6%,0.0%,21.9%,58.7%,12.5%,0.3%,0.5%,6.0%,0.0%,55.0%,18.2%,25.3%,0.4%,1.0%,0.0%,91.1%,6.6%,2.3%,0.0%,82.4%,16.6%,0.9%,0.0%,68.9%,27.1%,4.0%,0.0%
,,Getting by on present income,54.7%,9.2%,36.0%,27.2%,72.7%,0.2%,0.0%,89.5%,9.1%,1.5%,0.0%,78.9%,17.9%,3.2%,0.0%,80.3%,17.9%,1.8%,0.0%,13.9%,76.9%,7.5%,0.1%,1.6%,0.0%,67.7%,24.2%,7.4%,0.7%,15.5%,73.0%,6.5%,2.4%,0.2%,2.5%,0.0%,55.0%,20.7%,23.7%,0.0%,0.6%,0.0%,73.0%,21.0%,4.6%,1.3%,76.6%,18.9%,2.9%,1.6%,44.4%,51.6%,2.7%,1.3%
,,Finding it difficult on present income,63.5%,21.2%,15.3%,41.1%,58.9%,0.0%,0.0%,66.8%,32.5%,0.7%,0.0%,75.1%,20.8%,4.1%,0.0%,59.8%,34.3%,5.8%,0.0%,8.1%,88.3%,3.1%,0.5%,0.0%,0.0%,61.1%,34.6%,4.3%,0.0%,10.4%,71.8%,12.9%,2.6%,0.0%,2.4%,0.0%,54.2%,30.4%,14.7%,0.0%,0.7%,0.0%,67.6%,32.4%,0.0%,0.0%,79.9%,17.4%,2.6%,0.0%,34.7%,63.6%,1.7%,0.0%
,,Finding it very difficult on present income,64.6%,20.0%,15.4%,35.0%,64.3%,0.7%,0.0%,59.6%,37.2%,3.2%,0.0%,64.6%,31.0%,4.4%,0.0%,44.8%,46.7%,8.5%,0.0%,9.5%,81.6%,3.2%,5.7%,0.0%,0.0%,49.9%,36.1%,14.0%,0.0%,16.3%,68.3%,7.9%,0.0%,3.5%,2.2%,1.8%,50.8%,22.0%,22.9%,0.0%,4.3%,0.0%,57.7%,22.1%,20.1%,0.0%,66.2%,20.0%,13.8%,0.0%,22.2%,77.8%,0.0%,0.0%
,Urban/Rural,A rural area or on a farm,50.3%,11.5%,38.3%,38.2%,61.8%,0.0%,0.0%,86.2%,12.5%,1.3%,0.0%,80.9%,16.5%,2.6%,0.0%,79.4%,19.4%,0.9%,0.3%,9.2%,86.5%,2.1%,1.5%,0.7%,0.0%,64.8%,21.3%,12.1%,1.9%,15.5%,73.0%,3.6%,2.2%,0.7%,5.0%,0.0%,59.5%,21.1%,17.5%,0.0%,1.9%,0.0%,80.5%,13.8%,5.7%,0.0%,77.8%,18.3%,3.9%,0.0%,56.7%,37.3%,6.1%,0.0%
,,A small town or villAge,53.0%,12.1%,34.9%,28.1%,71.6%,0.3%,0.0%,80.0%,19.5%,0.6%,0.0%,82.2%,13.7%,4.1%,0.0%,74.0%,19.9%,6.1%,0.0%,13.1%,76.6%,6.9%,1.3%,2.0%,0.0%,67.8%,25.0%,7.3%,0.0%,14.1%,69.3%,10.6%,2.3%,0.3%,3.0%,0.4%,52.6%,21.0%,25.9%,0.0%,0.6%,0.0%,75.0%,18.3%,6.7%,0.0%,79.6%,15.7%,4.7%,0.0%,38.0%,59.5%,2.4%,0.0%
,,A large city,48.1%,6.7%,45.2%,21.3%,78.6%,0.1%,0.0%,87.0%,11.1%,1.9%,0.0%,77.2%,20.3%,2.5%,0.0%,83.5%,14.4%,2.1%,0.0%,20.5%,67.1%,10.2%,0.7%,1.5%,0.0%,70.7%,24.5%,4.7%,0.0%,20.7%,65.3%,11.2%,0.0%,0.7%,2.0%,0.2%,54.9%,19.4%,24.7%,0.0%,1.0%,0.0%,76.7%,18.6%,2.8%,1.9%,77.6%,18.2%,1.9%,2.3%,54.0%,42.0%,2.1%,1.9%
,,A suburb of a large city,62.9%,4.3%,32.8%,31.0%,69.0%,0.0%,0.0%,84.1%,14.2%,1.7%,0.0%,75.5%,24.0%,0.5%,0.0%,73.6%,26.4%,0.0%,0.0%,12.5%,76.4%,9.9%,0.0%,1.2%,0.0%,62.4%,31.6%,6.0%,0.0%,11.5%,71.2%,8.5%,4.0%,0.0%,4.8%,0.0%,51.8%,29.3%,17.9%,1.0%,0.0%,0.0%,70.8%,22.8%,6.3%,0.0%,73.1%,24.8%,2.1%,0.0%,49.3%,50.7%,0.0%,0.0%
Slovakia,Age,15-24,46.2%,0.0%,53.8%,8.5%,91.3%,0.2%,0.0%,99.7%,0.3%,0.0%,0.0%,87.9%,8.7%,3.4%,0.0%,82.3%,17.7%,0.0%,0.0%,41.9%,50.5%,7.3%,0.3%,0.0%,0.0%,59.7%,40.3%,0.0%,0.0%,40.9%,41.9%,14.2%,3.0%,0.0%,0.0%,0.0%,24.5%,59.6%,16.0%,0.0%,0.0%,0.0%,85.4%,14.6%,0.0%,0.0%,63.6%,35.2%,1.2%,0.0%,70.7%,29.3%,0.0%,0.0%
,,25-34,38.3%,0.3%,61.4%,10.9%,88.9%,0.0%,0.2%,96.9%,3.1%,0.0%,0.0%,88.3%,11.7%,0.0%,0.0%,91.1%,8.9%,0.0%,0.0%,19.8%,68.5%,10.2%,0.0%,1.5%,0.0%,80.9%,19.1%,0.0%,0.0%,33.0%,62.4%,4.3%,0.2%,0.0%,0.0%,0.0%,45.2%,42.5%,12.1%,0.2%,0.0%,0.0%,79.3%,20.7%,0.0%,0.0%,71.5%,28.5%,0.0%,0.0%,84.4%,15.1%,0.6%,0.0%
,,35-44,49.3%,5.1%,45.6%,16.7%,83.3%,0.0%,0.0%,96.7%,3.3%,0.0%,0.0%,85.1%,14.9%,0.0%,0.0%,90.2%,9.8%,0.0%,0.0%,7.9%,80.5%,9.6%,0.3%,1.1%,0.7%,78.3%,21.7%,0.0%,0.0%,25.4%,68.8%,4.2%,0.9%,0.2%,0.6%,0.0%,34.1%,51.9%,13.1%,0.4%,0.4%,0.0%,89.4%,9.9%,0.6%,0.0%,70.9%,26.5%,2.6%,0.0%,67.5%,32.5%,0.0%,0.0%
,,45-64,61.0%,11.8%,27.2%,28.5%,70.7%,0.8%,0.0%,90.2%,8.4%,1.3%,0.0%,81.9%,17.4%,0.6%,0.1%,86.9%,11.9%,1.3%,0.0%,12.7%,82.7%,3.8%,0.3%,0.6%,0.0%,75.6%,22.3%,2.1%,0.0%,28.6%,62.7%,6.4%,0.7%,0.0%,0.9%,0.8%,30.5%,43.9%,23.7%,0.0%,1.5%,0.3%,86.1%,11.8%,0.9%,1.2%,74.9%,24.2%,0.8%,0.0%,62.6%,35.4%,2.0%,0.0%
,,65+,56.2%,20.6%,23.2%,40.0%,60.0%,0.0%,0.0%,95.9%,3.2%,0.8%,0.0%,92.5%,7.4%,0.0%,0.1%,90.7%,8.7%,0.6%,0.0%,2.9%,90.6%,6.5%,0.0%,0.0%,0.0%,80.1%,18.3%,1.6%,0.0%,17.5%,72.3%,8.8%,0.6%,0.8%,0.0%,0.0%,28.0%,43.6%,27.5%,0.0%,0.7%,0.2%,92.1%,7.9%,0.0%,0.0%,73.6%,26.4%,0.0%,0.0%,52.1%,47.9%,0.0%,0.0%
,Gender,Male,52.0%,7.5%,40.6%,18.4%,80.9%,0.6%,0.1%,94.3%,4.4%,1.2%,0.0%,86.5%,12.2%,1.2%,0.1%,88.3%,11.3%,0.4%,0.0%,17.7%,73.4%,7.6%,0.3%,1.0%,0.0%,71.9%,26.9%,1.2%,0.0%,33.2%,57.1%,6.6%,1.8%,0.0%,0.8%,0.6%,35.8%,45.4%,17.5%,0.2%,0.9%,0.3%,82.8%,16.2%,0.3%,0.7%,72.8%,26.8%,0.3%,0.0%,75.7%,23.6%,0.8%,0.0%
,,Female,52.4%,9.2%,38.3%,26.2%,73.8%,0.0%,0.0%,95.3%,4.7%,0.0%,0.0%,86.0%,13.8%,0.0%,0.1%,88.5%,10.7%,0.7%,0.0%,12.0%,80.5%,6.4%,0.1%,0.4%,0.6%,79.7%,19.5%,0.8%,0.0%,23.8%,68.4%,7.2%,0.2%,0.3%,0.1%,0.0%,29.8%,48.4%,21.1%,0.1%,0.5%,0.1%,89.5%,9.7%,0.8%,0.0%,70.3%,27.6%,2.1%,0.0%,60.6%,38.5%,0.9%,0.0%
,Employment Status,Employed full time for an employer,45.9%,6.3%,47.8%,12.5%,87.1%,0.3%,0.1%,96.4%,3.6%,0.0%,0.0%,87.1%,12.7%,0.2%,0.0%,91.4%,8.4%,0.2%,0.0%,12.5%,78.4%,7.5%,0.2%,1.1%,0.3%,78.5%,21.0%,0.5%,0.0%,34.8%,60.7%,2.4%,1.5%,0.0%,0.3%,0.2%,34.8%,49.3%,14.6%,0.1%,0.9%,0.2%,87.1%,12.2%,0.2%,0.6%,68.9%,30.0%,1.1%,0.0%,66.6%,32.9%,0.5%,0.0%
,,Employed full time for self,49.9%,0.3%,49.7%,17.3%,82.4%,0.3%,0.0%,86.3%,13.3%,0.5%,0.0%,81.5%,16.0%,2.5%,0.0%,89.3%,10.3%,0.3%,0.0%,23.3%,68.7%,7.4%,0.0%,0.6%,0.0%,67.4%,30.5%,2.2%,0.0%,35.7%,52.4%,9.0%,0.0%,0.0%,2.5%,0.3%,31.8%,47.8%,19.8%,0.0%,0.3%,0.3%,85.8%,13.9%,0.3%,0.0%,88.2%,11.8%,0.0%,0.0%,81.6%,16.3%,2.2%,0.0%
,,Employed part time do not want full time,57.3%,11.3%,31.3%,19.5%,80.5%,0.0%,0.0%,99.1%,0.9%,0.0%,0.0%,80.9%,17.5%,1.6%,0.0%,84.0%,16.0%,0.0%,0.0%,24.8%,63.1%,11.0%,1.0%,0.0%,0.0%,83.4%,14.8%,1.9%,0.0%,33.0%,53.8%,12.3%,0.0%,0.0%,0.9%,0.0%,31.1%,46.4%,22.5%,0.0%,0.0%,0.0%,84.9%,12.3%,2.8%,0.0%,76.7%,22.4%,0.9%,0.0%,62.4%,35.5%,2.1%,0.0%
,,Unemployed,74.6%,5.0%,20.4%,48.2%,49.9%,1.9%,0.0%,88.2%,9.4%,2.4%,0.0%,78.1%,18.6%,3.3%,0.0%,69.8%,27.8%,2.4%,0.0%,19.9%,68.1%,9.6%,0.0%,2.4%,0.0%,52.8%,44.4%,2.8%,0.0%,20.8%,60.1%,16.7%,0.0%,0.0%,0.0%,2.4%,22.9%,48.1%,26.7%,0.0%,2.4%,0.0%,0.0%,0.0%,0.0%,0.0%,0.0%,0.0%,0.0%,0.0%,0.0%,0.0%,0.0%,0.0%
,,Employed part time want full time,62.6%,10.7%,26.7%,11.7%,88.3%,0.0%,0.0%,93.5%,6.5%,0.0%,0.0%,82.3%,17.7%,0.0%,0.0%,82.5%,17.5%,0.0%,0.0%,30.2%,48.8%,14.8%,1.2%,0.0%,5.1%,61.4%,38.6%,0.0%,0.0%,9.6%,75.0%,11.3%,4.1%,0.0%,0.0%,0.0%,29.8%,34.6%,34.1%,1.5%,0.0%,0.0%,69.9%,28.8%,1.3%,0.0%,61.3%,33.4%,5.3%,0.0%,81.6%,18.4%,0.0%,0.0%
,,Out of workforce,55.9%,13.4%,30.7%,35.5%,64.5%,0.0%,0.0%,95.5%,3.2%,1.3%,0.0%,89.3%,10.5%,0.0%,0.2%,89.0%,10.1%,0.9%,0.0%,11.0%,84.9%,4.1%,0.0%,0.0%,0.0%,79.5%,19.5%,1.0%,0.0%,19.1%,70.4%,9.5%,0.3%,0.5%,0.1%,0.0%,32.1%,44.7%,22.8%,0.0%,0.4%,0.1%,0.0%,0.0%,0.0%,0.0%,0.0%,0.0%,0.0%,0.0%,0.0%,0.0%,0.0%,0.0%
,Per Capita Income Quintiles,Poorest 20%,55.3%,12.6%,32.1%,35.3%,64.1%,0.6%,0.0%,91.6%,7.7%,0.7%,0.0%,82.6%,17.4%,0.0%,0.0%,75.0%,22.8%,2.1%,0.0%,16.1%,78.1%,5.1%,0.0%,0.7%,0.0%,64.7%,32.5%,2.9%,0.0%,20.3%,66.4%,11.5%,0.7%,0.0%,0.3%,0.7%,27.3%,45.3%,26.0%,0.0%,1.3%,0.0%,81.4%,15.5%,0.5%,2.6%,65.3%,31.4%,3.3%,0.0%,65.9%,34.1%,0.0%,0.0%
,,Second 20%,58.7%,8.8%,32.5%,22.9%,77.1%,0.0%,0.0%,94.8%,3.5%,1.6%,0.0%,87.9%,12.1%,0.0%,0.0%,91.1%,8.3%,0.6%,0.0%,11.0%,80.3%,7.5%,0.5%,0.0%,0.7%,78.6%,20.0%,1.4%,0.0%,17.2%,74.5%,7.0%,0.0%,0.0%,1.3%,0.0%,31.5%,46.7%,21.5%,0.2%,0.0%,0.2%,89.3%,9.7%,1.0%,0.0%,75.3%,21.6%,3.1%,0.0%,63.4%,34.1%,2.5%,0.0%
,,Middle 20%,55.9%,10.1%,34.0%,28.8%,71.2%,0.0%,0.0%,93.6%,6.4%,0.0%,0.0%,84.9%,14.4%,0.6%,0.1%,88.9%,11.0%,0.1%,0.0%,9.6%,86.0%,4.3%,0.0%,0.0%,0.0%,75.0%,25.0%,0.0%,0.0%,23.2%,66.5%,7.9%,1.2%,0.8%,0.1%,0.1%,29.6%,50.5%,19.1%,0.2%,0.4%,0.1%,80.2%,19.1%,0.6%,0.0%,67.8%,32.2%,0.0%,0.0%,62.9%,35.1%,2.0%,0.0%
,,Fourth 20%,48.0%,8.8%,43.1%,14.5%,85.5%,0.0%,0.0%,96.8%,3.2%,0.0%,0.0%,86.8%,11.2%,2.0%,0.0%,94.7%,5.3%,0.0%,0.0%,10.9%,77.1%,10.6%,0.3%,1.1%,0.0%,84.4%,15.5%,0.1%,0.0%,39.6%,55.9%,4.2%,0.0%,0.0%,0.3%,0.0%,39.6%,42.0%,17.4%,0.1%,0.9%,0.0%,90.0%,9.9%,0.2%,0.0%,79.3%,20.7%,0.0%,0.0%,68.7%,31.3%,0.0%,0.0%
,,Richest 20%,43.7%,1.9%,54.4%,11.4%,87.6%,0.8%,0.1%,97.5%,1.9%,0.6%,0.0%,89.1%,10.4%,0.3%,0.2%,92.4%,7.6%,0.0%,0.0%,25.5%,64.4%,7.5%,0.2%,1.6%,0.9%,77.7%,21.8%,0.5%,0.0%,40.5%,52.5%,3.8%,2.6%,0.0%,0.0%,0.5%,35.1%,50.4%,13.1%,0.0%,0.9%,0.5%,86.0%,13.6%,0.3%,0.0%,69.1%,30.5%,0.4%,0.0%,78.4%,21.4%,0.3%,0.0%
,Feelings About Household Income,Living comfortably on present income,39.4%,2.4%,58.2%,14.0%,85.8%,0.1%,0.0%,96.6%,3.3%,0.1%,0.0%,90.1%,8.2%,1.6%,0.1%,94.2%,5.8%,0.0%,0.0%,19.2%,71.9%,7.5%,0.0%,1.5%,0.0%,82.4%,16.9%,0.7%,0.0%,34.8%,58.0%,6.1%,0.5%,0.5%,0.1%,0.0%,34.1%,51.5%,13.4%,0.2%,0.8%,0.0%,87.7%,11.8%,0.5%,0.0%,72.5%,27.2%,0.3%,0.0%,76.7%,23.0%,0.4%,0.0%
,,Getting by on present income,58.3%,6.3%,35.3%,22.7%,77.3%,0.0%,0.1%,96.1%,3.6%,0.2%,0.0%,86.3%,13.6%,0.1%,0.1%,89.9%,9.7%,0.4%,0.0%,12.8%,79.2%,6.9%,0.4%,0.1%,0.6%,77.9%,21.5%,0.6%,0.0%,27.5%,63.2%,7.4%,1.3%,0.0%,0.4%,0.3%,34.3%,46.0%,19.0%,0.1%,0.4%,0.3%,86.2%,13.2%,0.6%,0.0%,73.0%,25.4%,1.6%,0.0%,67.1%,32.0%,0.9%,0.0%
,,Finding it difficult on present income,63.0%,21.2%,15.7%,37.7%,60.1%,2.2%,0.0%,87.1%,10.2%,2.7%,0.0%,81.0%,19.0%,0.0%,0.0%,72.8%,25.0%,2.2%,0.0%,10.4%,82.0%,7.7%,0.0%,0.0%,0.0%,61.2%,37.7%,1.1%,0.0%,17.1%,73.3%,8.4%,1.1%,0.0%,0.0%,0.0%,23.2%,42.5%,34.3%,0.0%,0.0%,0.0%,80.8%,14.3%,0.0%,5.0%,62.1%,37.9%,0.0%,0.0%,45.8%,54.2%,0.0%,0.0%
,,Finding it very difficult on present income,62.6%,35.4%,2.0%,42.1%,57.9%,0.0%,0.0%,91.2%,8.8%,0.0%,0.0%,75.7%,24.3%,0.0%,0.0%,74.2%,25.8%,0.0%,0.0%,13.0%,82.6%,4.4%,0.0%,0.0%,0.0%,55.9%,43.7%,0.4%,0.0%,19.3%,74.4%,5.5%,0.4%,0.0%,0.4%,0.0%,24.4%,41.6%,31.7%,0.0%,1.8%,0.6%,70.5%,29.5%,0.0%,0.0%,63.9%,29.5%,6.5%,0.0%,61.8%,38.2%,0.0%,0.0%
,Urban/Rural,A rural area or on a farm,49.9%,9.6%,40.5%,24.5%,75.3%,0.2%,0.0%,94.3%,4.4%,1.3%,0.0%,87.1%,12.9%,0.0%,0.0%,91.1%,7.9%,1.0%,0.0%,5.2%,88.5%,6.4%,0.0%,0.0%,0.0%,76.5%,23.5%,0.0%,0.0%,30.9%,61.7%,5.3%,1.3%,0.0%,0.7%,0.0%,32.1%,40.7%,26.5%,0.8%,0.0%,0.0%,82.7%,16.0%,1.3%,0.0%,77.9%,21.4%,0.7%,0.0%,66.0%,34.0%,0.0%,0.0%
,,A small town or villAge,55.3%,8.4%,36.3%,23.3%,76.4%,0.2%,0.0%,94.1%,5.2%,0.7%,0.0%,85.2%,14.7%,0.0%,0.0%,86.0%,13.3%,0.7%,0.0%,14.7%,78.3%,5.6%,0.2%,0.7%,0.5%,75.7%,23.1%,1.2%,0.0%,26.3%,64.7%,7.7%,0.2%,0.2%,0.4%,0.4%,31.1%,48.6%,19.0%,0.0%,1.1%,0.2%,86.5%,12.6%,0.3%,0.7%,73.8%,24.6%,1.6%,0.0%,66.4%,33.0%,0.7%,0.0%
,,A large city,46.6%,7.7%,45.7%,21.9%,77.4%,0.6%,0.1%,96.1%,3.9%,0.0%,0.0%,88.6%,9.1%,2.1%,0.2%,92.5%,7.4%,0.1%,0.0%,18.7%,69.4%,10.6%,0.3%,1.1%,0.0%,77.2%,21.6%,1.1%,0.0%,32.5%,57.7%,7.1%,2.1%,0.1%,0.2%,0.1%,35.6%,47.1%,16.8%,0.1%,0.1%,0.3%,86.9%,12.4%,0.7%,0.0%,65.5%,34.0%,0.5%,0.0%,72.4%,25.7%,1.9%,0.0%
,,A suburb of a large city,43.8%,9.2%,47.0%,11.9%,88.1%,0.0%,0.0%,99.1%,0.9%,0.0%,0.0%,87.0%,11.4%,1.6%,0.0%,94.7%,5.3%,0.0%,0.0%,16.6%,74.0%,9.5%,0.0%,0.0%,0.0%,76.3%,23.7%,0.0%,0.0%,27.2%,69.1%,0.0%,3.7%,0.0%,0.0%,0.0%,39.6%,41.5%,18.8%,0.0%,0.0%,0.0%,79.9%,20.1%,0.0%,0.0%,62.4%,37.6%,0.0%,0.0%,87.8%,12.2%,0.0%,0.0%
Slovenia,Age,15-24,35.6%,0.0%,64.4%,6.4%,93.6%,0.0%,0.0%,100.0%,0.0%,0.0%,0.0%,95.2%,4.8%,0.0%,0.0%,87.1%,12.9%,0.0%,0.0%,38.3%,61.7%,0.0%,0.0%,0.0%,0.0%,86.0%,14.0%,0.0%,0.0%,42.4%,32.8%,24.8%,0.0%,0.0%,0.0%,0.0%,34.2%,53.1%,12.7%,0.0%,0.0%,0.0%,86.7%,13.3%,0.0%,0.0%,77.4%,22.6%,0.0%,0.0%,64.0%,36.0%,0.0%,0.0%
,,25-34,34.8%,0.8%,64.4%,3.8%,96.2%,0.0%,0.0%,95.9%,4.1%,0.0%,0.0%,81.6%,18.4%,0.0%,0.0%,88.9%,11.1%,0.0%,0.0%,18.8%,74.2%,6.9%,0.0%,0.0%,0.0%,84.3%,15.7%,0.0%,0.0%,29.9%,58.6%,10.1%,1.4%,0.0%,0.0%,0.0%,53.1%,29.2%,17.0%,0.7%,0.0%,0.0%,87.3%,12.7%,0.0%,0.0%,69.1%,30.9%,0.0%,0.0%,69.3%,29.5%,1.2%,0.0%
,,35-44,53.4%,5.1%,41.6%,10.3%,89.7%,0.0%,0.0%,94.0%,6.0%,0.0%,0.0%,79.4%,20.6%,0.0%,0.0%,90.9%,9.1%,0.0%,0.0%,9.5%,82.6%,7.8%,0.0%,0.0%,0.0%,90.2%,9.8%,0.0%,0.0%,21.5%,67.2%,9.7%,0.0%,0.0%,0.0%,1.5%,52.7%,25.9%,21.3%,0.2%,0.0%,0.0%,89.5%,10.2%,0.2%,0.0%,75.6%,23.1%,1.3%,0.0%,66.6%,33.4%,0.0%,0.0%
,,45-64,62.2%,9.3%,28.5%,26.3%,73.7%,0.0%,0.0%,94.4%,4.6%,1.0%,0.0%,84.8%,15.2%,0.0%,0.0%,93.1%,6.5%,0.4%,0.0%,7.3%,90.8%,1.9%,0.1%,0.0%,0.0%,83.8%,14.4%,1.3%,0.5%,28.8%,62.5%,5.2%,1.5%,0.0%,1.2%,0.8%,59.2%,21.5%,18.9%,0.3%,0.1%,0.0%,88.9%,10.5%,0.1%,0.5%,81.6%,17.0%,1.4%,0.0%,55.1%,43.4%,1.5%,0.0%
,,65+,75.0%,8.0%,17.0%,41.1%,58.8%,0.2%,0.0%,95.4%,4.6%,0.0%,0.0%,89.0%,10.2%,0.8%,0.0%,94.9%,4.5%,0.6%,0.0%,4.0%,93.7%,1.2%,0.6%,0.4%,0.0%,85.4%,12.2%,1.8%,0.5%,19.6%,66.7%,11.7%,0.8%,0.0%,1.3%,0.1%,60.2%,18.9%,19.5%,0.5%,0.9%,0.0%,100.0%,0.0%,0.0%,0.0%,83.9%,10.3%,5.8%,0.0%,78.0%,22.0%,0.0%,0.0%
,Gender,Male,54.9%,5.3%,39.8%,17.3%,82.5%,0.0%,0.2%,94.9%,4.9%,0.3%,0.0%,85.1%,14.9%,0.0%,0.0%,94.2%,5.8%,0.0%,0.0%,10.3%,84.7%,4.7%,0.2%,0.2%,0.0%,85.5%,13.8%,0.4%,0.3%,28.2%,61.7%,7.5%,1.1%,0.0%,0.6%,0.9%,57.3%,24.0%,18.4%,0.2%,0.1%,0.0%,92.6%,6.9%,0.2%,0.3%,74.2%,24.3%,1.5%,0.0%,72.3%,27.2%,0.6%,0.0%
,,Female,59.4%,7.5%,33.1%,24.1%,75.9%,0.1%,0.0%,95.2%,4.4%,0.4%,0.0%,83.3%,16.4%,0.3%,0.0%,89.8%,9.8%,0.5%,0.0%,10.4%,86.3%,3.2%,0.1%,0.0%,0.0%,87.2%,11.5%,1.1%,0.2%,23.4%,63.3%,11.6%,0.4%,0.0%,0.6%,0.6%,53.2%,26.4%,19.7%,0.4%,0.3%,0.0%,83.7%,16.3%,0.1%,0.0%,79.1%,20.2%,0.7%,0.0%,51.2%,47.9%,0.9%,0.1%
,Employment Status,Employed full time for an employer,50.4%,5.3%,44.3%,9.6%,90.4%,0.0%,0.0%,96.2%,3.8%,0.0%,0.0%,82.4%,17.6%,0.0%,0.0%,91.1%,8.6%,0.3%,0.0%,10.8%,82.7%,6.5%,0.0%,0.0%,0.0%,86.2%,13.6%,0.2%,0.0%,22.0%,66.8%,10.3%,0.3%,0.0%,0.5%,0.1%,52.9%,27.9%,18.9%,0.4%,0.0%,0.0%,87.2%,12.4%,0.2%,0.3%,74.2%,25.8%,0.0%,0.0%,59.4%,40.0%,0.5%,0.0%
,,Employed full time for self,55.0%,1.7%,43.3%,10.3%,89.0%,0.0%,0.6%,96.2%,3.8%,0.0%,0.0%,81.0%,19.0%,0.0%,0.0%,93.5%,6.5%,0.0%,0.0%,16.3%,80.9%,2.6%,0.1%,0.0%,0.0%,89.7%,9.1%,0.0%,1.2%,39.0%,55.9%,2.9%,0.7%,0.0%,0.0%,1.6%,57.5%,17.0%,25.1%,0.4%,0.0%,0.0%,95.6%,4.4%,0.0%,0.0%,80.4%,15.3%,4.3%,0.0%,75.4%,23.7%,0.9%,0.0%
,,Employed part time do not want full time,59.2%,9.2%,31.7%,27.9%,72.1%,0.0%,0.0%,92.0%,7.2%,0.8%,0.0%,91.8%,8.2%,0.0%,0.0%,90.3%,9.7%,0.0%,0.0%,14.1%,84.4%,1.5%,0.0%,0.0%,0.0%,90.5%,9.5%,0.0%,0.0%,41.9%,40.9%,16.5%,0.0%,0.0%,0.7%,0.0%,50.8%,27.4%,21.8%,0.0%,0.0%,0.0%,85.5%,14.5%,0.0%,0.0%,72.4%,25.5%,2.1%,0.0%,47.6%,49.3%,3.1%,0.0%
,,Unemployed,68.9%,23.7%,7.4%,32.9%,67.1%,0.0%,0.0%,92.0%,8.0%,0.0%,0.0%,70.4%,29.6%,0.0%,0.0%,31.8%,68.2%,0.0%,0.0%,0.0%,100.0%,0.0%,0.0%,0.0%,0.0%,37.5%,49.0%,13.5%,0.0%,32.0%,35.0%,32.9%,0.0%,0.0%,0.0%,0.0%,30.3%,66.8%,2.9%,0.0%,0.0%,0.0%,0.0%,0.0%,0.0%,0.0%,0.0%,0.0%,0.0%,0.0%,0.0%,0.0%,0.0%,0.0%
,,Employed part time want full time,42.9%,2.6%,54.5%,30.3%,69.7%,0.0%,0.0%,91.2%,8.8%,0.0%,0.0%,97.0%,3.0%,0.0%,0.0%,100.0%,0.0%,0.0%,0.0%,13.0%,87.0%,0.0%,0.0%,0.0%,0.0%,98.0%,2.0%,0.0%,0.0%,34.1%,50.6%,0.0%,0.0%,0.0%,4.3%,11.0%,79.7%,15.3%,5.0%,0.0%,0.0%,0.0%,85.1%,14.9%,0.0%,0.0%,88.2%,9.8%,1.9%,0.0%,77.6%,22.4%,0.0%,0.0%
,,Out of workforce,68.4%,9.6%,22.1%,38.3%,61.7%,0.1%,0.0%,93.7%,5.4%,0.9%,0.0%,86.7%,12.9%,0.4%,0.0%,94.3%,5.4%,0.3%,0.0%,6.7%,90.8%,1.9%,0.3%,0.2%,0.0%,85.0%,13.1%,1.6%,0.3%,22.6%,63.9%,10.8%,1.7%,0.0%,0.7%,0.3%,56.3%,24.5%,18.3%,0.3%,0.6%,0.0%,0.0%,0.0%,0.0%,0.0%,0.0%,0.0%,0.0%,0.0%,0.0%,0.0%,0.0%,0.0%
,Per Capita Income Quintiles,Poorest 20%,65.5%,12.9%,21.7%,26.7%,73.2%,0.1%,0.0%,94.3%,4.2%,1.5%,0.0%,87.9%,12.1%,0.0%,0.0%,91.8%,8.2%,0.0%,0.0%,9.0%,90.3%,0.7%,0.0%,0.0%,0.0%,86.1%,12.8%,0.6%,0.5%,20.7%,66.3%,10.0%,2.0%,0.0%,0.7%,0.3%,57.8%,18.8%,22.8%,0.0%,0.6%,0.0%,90.5%,9.5%,0.0%,0.0%,82.5%,15.4%,2.1%,0.0%,68.9%,28.8%,2.3%,0.0%
,,Second 20%,66.4%,3.2%,30.5%,24.4%,75.6%,0.0%,0.0%,94.7%,5.3%,0.0%,0.0%,85.2%,14.1%,0.7%,0.0%,89.1%,10.9%,0.0%,0.0%,6.8%,87.6%,5.5%,0.0%,0.1%,0.0%,85.1%,13.7%,1.2%,0.0%,24.3%,68.5%,7.3%,0.0%,0.0%,0.0%,0.0%,57.0%,26.6%,15.9%,0.3%,0.1%,0.0%,86.0%,14.0%,0.0%,0.0%,75.4%,24.6%,0.0%,0.0%,64.8%,35.2%,0.0%,0.0%
,,Middle 20%,56.7%,8.9%,34.4%,21.9%,78.1%,0.0%,0.0%,97.1%,2.9%,0.0%,0.0%,84.6%,15.4%,0.0%,0.0%,91.0%,8.5%,0.5%,0.0%,10.5%,85.7%,3.6%,0.0%,0.3%,0.0%,83.4%,15.7%,0.9%,0.0%,23.6%,63.7%,10.6%,1.1%,0.0%,0.4%,0.6%,53.4%,26.0%,20.2%,0.4%,0.0%,0.0%,85.1%,14.9%,0.0%,0.0%,77.6%,21.9%,0.5%,0.0%,56.1%,43.9%,0.0%,0.0%
,,Fourth 20%,51.5%,1.8%,46.7%,16.7%,83.3%,0.0%,0.0%,94.4%,5.5%,0.1%,0.0%,84.7%,15.3%,0.0%,0.0%,96.1%,3.3%,0.6%,0.0%,13.6%,80.9%,5.1%,0.5%,0.0%,0.0%,91.2%,7.8%,0.6%,0.5%,24.9%,61.4%,10.4%,0.3%,0.0%,1.0%,2.0%,53.5%,26.3%,19.4%,0.5%,0.3%,0.0%,89.5%,10.5%,0.0%,0.0%,71.5%,26.4%,2.1%,0.0%,62.3%,36.9%,0.8%,0.0%
,,Richest 20%,45.3%,5.1%,49.7%,13.2%,86.4%,0.0%,0.4%,94.7%,5.3%,0.0%,0.0%,78.9%,21.1%,0.0%,0.0%,92.3%,7.7%,0.0%,0.0%,11.9%,82.9%,5.1%,0.2%,0.0%,0.0%,85.8%,13.3%,0.5%,0.4%,35.9%,52.6%,9.1%,0.5%,0.0%,1.0%,0.9%,54.8%,28.0%,16.8%,0.3%,0.0%,0.0%,93.1%,5.5%,0.6%,0.8%,76.4%,22.3%,1.4%,0.0%,65.4%,33.6%,0.8%,0.1%
,Feelings About Household Income,Living comfortably on present income,43.6%,2.2%,54.2%,12.4%,87.4%,0.0%,0.2%,98.8%,1.2%,0.0%,0.0%,83.1%,16.5%,0.4%,0.0%,97.8%,1.9%,0.3%,0.0%,12.4%,81.8%,5.3%,0.3%,0.2%,0.0%,93.5%,6.3%,0.1%,0.2%,29.4%,60.0%,9.2%,0.3%,0.0%,0.6%,0.5%,56.5%,26.3%,16.8%,0.2%,0.2%,0.0%,92.9%,7.0%,0.1%,0.0%,80.6%,18.1%,1.3%,0.0%,72.1%,27.4%,0.4%,0.1%
,,Getting by on present income,64.1%,7.2%,28.6%,22.3%,77.7%,0.1%,0.0%,94.8%,5.2%,0.0%,0.0%,87.9%,12.1%,0.0%,0.0%,91.4%,8.3%,0.2%,0.0%,8.0%,88.4%,3.5%,0.0%,0.0%,0.0%,83.6%,15.4%,0.8%,0.2%,21.8%,66.1%,8.9%,1.3%,0.0%,0.8%,1.1%,54.5%,22.0%,22.8%,0.5%,0.2%,0.0%,86.5%,13.0%,0.2%,0.3%,72.8%,26.0%,1.2%,0.0%,58.3%,40.7%,1.0%,0.0%
,,Finding it difficult on present income,71.7%,12.7%,15.6%,44.0%,56.0%,0.0%,0.0%,86.1%,11.5%,2.4%,0.0%,79.4%,20.6%,0.0%,0.0%,78.2%,21.8%,0.0%,0.0%,14.6%,84.6%,0.9%,0.0%,0.0%,0.0%,77.8%,22.2%,0.0%,0.0%,30.2%,55.8%,14.0%,0.0%,0.0%,0.0%,0.0%,54.7%,36.4%,8.9%,0.0%,0.0%,0.0%,86.0%,14.0%,0.0%,0.0%,74.2%,25.8%,0.0%,0.0%,43.3%,56.7%,0.0%,0.0%
,,Finding it very difficult on present income,74.4%,22.1%,3.5%,36.0%,64.0%,0.0%,0.0%,71.2%,24.8%,4.1%,0.0%,48.1%,51.9%,0.0%,0.0%,66.3%,33.7%,0.0%,0.0%,14.8%,81.1%,4.1%,0.0%,0.0%,0.0%,65.6%,26.7%,4.1%,3.6%,35.4%,54.3%,10.3%,0.0%,0.0%,0.0%,0.0%,58.1%,31.8%,10.1%,0.0%,0.0%,0.0%,62.5%,37.5%,0.0%,0.0%,80.3%,19.7%,0.0%,0.0%,82.3%,17.7%,0.0%,0.0%
,Urban/Rural,A rural area or on a farm,56.5%,8.3%,35.2%,20.5%,79.5%,0.0%,0.0%,95.3%,4.7%,0.0%,0.0%,89.0%,11.0%,0.0%,0.0%,94.2%,5.8%,0.0%,0.0%,5.6%,94.2%,0.2%,0.0%,0.0%,0.0%,88.5%,11.3%,0.2%,0.0%,34.3%,53.7%,7.7%,3.1%,0.0%,0.0%,1.2%,55.2%,28.6%,16.2%,0.0%,0.0%,0.0%,95.7%,4.3%,0.0%,0.0%,81.0%,17.5%,1.5%,0.0%,64.2%,34.3%,1.5%,0.0%
,,A small town or villAge,59.4%,5.8%,34.8%,20.9%,78.9%,0.0%,0.1%,95.7%,4.0%,0.2%,0.0%,87.1%,12.7%,0.2%,0.0%,91.7%,8.3%,0.0%,0.0%,10.3%,84.3%,5.1%,0.2%,0.1%,0.0%,84.2%,14.6%,1.0%,0.1%,22.9%,65.4%,9.8%,0.4%,0.0%,0.4%,1.0%,54.7%,23.1%,21.6%,0.2%,0.3%,0.0%,89.2%,10.3%,0.2%,0.3%,76.4%,22.8%,0.8%,0.0%,61.3%,37.9%,0.8%,0.0%
,,A large city,48.4%,3.5%,48.1%,16.8%,83.2%,0.0%,0.0%,95.4%,4.6%,0.0%,0.0%,74.7%,25.3%,0.0%,0.0%,93.6%,6.4%,0.0%,0.0%,7.7%,86.2%,5.9%,0.2%,0.0%,0.0%,91.2%,8.0%,0.0%,0.8%,33.7%,53.9%,11.1%,0.0%,0.0%,1.3%,0.0%,53.7%,28.1%,17.5%,0.5%,0.2%,0.0%,87.8%,12.2%,0.0%,0.0%,71.8%,24.7%,3.5%,0.0%,72.5%,27.5%,0.0%,0.0%
,,A suburb of a large city,54.6%,9.6%,35.8%,22.3%,77.7%,0.0%,0.0%,90.7%,7.8%,1.5%,0.0%,75.1%,24.9%,0.0%,0.0%,89.9%,8.2%,1.9%,0.0%,18.7%,81.1%,0.2%,0.0%,0.0%,0.0%,90.7%,7.9%,0.8%,0.6%,24.1%,66.1%,7.3%,0.8%,0.0%,1.7%,0.0%,58.9%,29.7%,10.5%,0.9%,0.0%,0.0%,81.3%,18.7%,0.0%,0.0%,75.0%,25.0%,0.0%,0.0%,63.1%,36.7%,0.0%,0.2%
Switzerland,Age,15-24,42.5%,0.0%,57.5%,2.5%,97.5%,0.0%,0.0%,100.0%,0.0%,0.0%,0.0%,64.7%,34.3%,0.0%,1.0%,95.8%,3.6%,0.7%,0.0%,36.8%,48.9%,11.8%,0.0%,2.5%,0.0%,86.5%,10.7%,0.0%,2.8%,40.5%,37.9%,19.6%,2.0%,0.0%,0.0%,0.0%,33.3%,53.0%,12.7%,1.0%,0.0%,0.0%,87.6%,12.4%,0.0%,0.0%,47.9%,52.1%,0.0%,0.0%,67.3%,30.2%,2.5%,0.0%
,,25-34,43.8%,0.7%,55.5%,2.7%,97.3%,0.0%,0.0%,92.7%,7.3%,0.0%,0.0%,73.9%,24.3%,1.8%,0.0%,95.2%,2.2%,2.6%,0.0%,44.8%,35.9%,18.9%,0.0%,0.3%,0.1%,95.1%,4.5%,0.4%,0.0%,50.5%,37.8%,6.6%,4.3%,0.9%,0.0%,0.0%,36.6%,45.6%,17.4%,0.5%,0.0%,0.0%,97.5%,2.5%,0.0%,0.0%,65.6%,34.4%,0.0%,0.0%,81.7%,18.3%,0.0%,0.0%
,,35-44,45.3%,1.7%,53.0%,8.7%,91.3%,0.0%,0.0%,94.9%,3.9%,1.3%,0.0%,68.5%,31.0%,0.1%,0.4%,92.3%,5.8%,1.9%,0.0%,23.1%,69.0%,5.9%,0.0%,0.8%,1.3%,88.2%,11.8%,0.0%,0.0%,27.4%,57.3%,4.5%,6.0%,4.3%,0.4%,0.0%,32.4%,54.5%,12.9%,0.1%,0.1%,0.0%,89.6%,10.4%,0.0%,0.0%,81.2%,18.5%,0.3%,0.0%,61.6%,38.1%,0.3%,0.0%
,,45-64,37.4%,1.0%,61.7%,23.7%,76.3%,0.0%,0.0%,95.8%,4.2%,0.0%,0.0%,81.2%,18.8%,0.0%,0.0%,84.2%,15.6%,0.2%,0.0%,19.0%,71.7%,8.1%,0.6%,0.5%,0.0%,80.7%,18.8%,0.5%,0.0%,25.1%,57.7%,12.0%,1.8%,2.2%,1.3%,0.0%,30.4%,52.3%,14.4%,2.9%,0.0%,0.0%,91.9%,6.2%,0.4%,1.6%,80.2%,19.0%,0.0%,0.8%,62.0%,38.0%,0.0%,0.0%
,,65+,43.0%,3.3%,53.7%,41.4%,58.6%,0.0%,0.0%,90.2%,9.6%,0.2%,0.0%,91.0%,8.7%,0.3%,0.0%,95.9%,4.0%,0.1%,0.0%,11.7%,80.1%,6.7%,0.7%,0.3%,0.4%,94.5%,4.6%,0.9%,0.0%,31.7%,40.4%,18.7%,6.6%,0.4%,2.2%,0.0%,32.3%,46.3%,19.3%,1.7%,0.3%,0.0%,89.1%,10.9%,0.0%,0.0%,78.2%,21.0%,0.0%,0.8%,62.6%,37.4%,0.0%,0.0%
,Gender,Male,42.3%,1.6%,56.1%,22.3%,77.7%,0.0%,0.0%,93.4%,6.5%,0.1%,0.0%,78.3%,21.5%,0.1%,0.1%,91.4%,8.1%,0.5%,0.0%,23.2%,68.3%,6.6%,0.5%,1.3%,0.2%,88.3%,10.6%,0.4%,0.7%,33.5%,44.0%,15.2%,3.9%,2.3%,1.3%,0.0%,38.8%,46.0%,13.7%,1.5%,0.0%,0.0%,90.1%,8.7%,0.0%,1.1%,80.3%,19.3%,0.1%,0.2%,66.3%,33.5%,0.2%,0.0%
,,Female,40.7%,1.3%,58.1%,15.9%,84.1%,0.0%,0.0%,95.3%,4.3%,0.4%,0.0%,77.8%,21.3%,0.6%,0.2%,91.2%,7.5%,1.3%,0.0%,25.7%,61.1%,12.4%,0.2%,0.2%,0.5%,87.9%,11.7%,0.4%,0.0%,32.8%,52.1%,9.2%,4.1%,1.2%,0.7%,0.0%,27.1%,54.1%,17.1%,1.6%,0.1%,0.0%,93.6%,6.1%,0.3%,0.1%,67.1%,32.4%,0.0%,0.4%,67.4%,32.0%,0.6%,0.0%
,Employment Status,Employed full time for an employer,36.1%,0.0%,63.9%,6.8%,93.2%,0.0%,0.0%,97.1%,2.2%,0.7%,0.0%,73.5%,26.3%,0.0%,0.2%,93.3%,5.4%,1.3%,0.0%,32.6%,54.7%,10.3%,0.5%,1.3%,0.7%,92.5%,7.0%,0.4%,0.0%,35.2%,51.6%,8.1%,3.5%,1.5%,0.2%,0.0%,31.7%,54.3%,13.1%,0.9%,0.0%,0.0%,93.7%,6.1%,0.2%,0.0%,74.0%,25.6%,0.1%,0.2%,67.1%,32.2%,0.7%,0.0%
,,Employed full time for self,44.8%,0.0%,55.2%,17.4%,82.6%,0.0%,0.0%,89.5%,10.5%,0.0%,0.0%,77.9%,22.1%,0.0%,0.0%,82.8%,17.2%,0.0%,0.0%,26.9%,64.2%,8.9%,0.0%,0.0%,0.0%,76.5%,23.5%,0.0%,0.0%,26.9%,49.0%,12.3%,5.0%,3.8%,3.0%,0.0%,37.8%,52.1%,10.1%,0.0%,0.0%,0.0%,88.5%,11.5%,0.0%,0.0%,75.3%,24.7%,0.0%,0.0%,59.4%,40.6%,0.0%,0.0%
,,Employed part time do not want full time,34.9%,1.2%,63.8%,9.5%,90.5%,0.0%,0.0%,97.5%,2.1%,0.4%,0.0%,81.8%,18.2%,0.0%,0.0%,92.7%,7.3%,0.0%,0.0%,19.2%,67.2%,12.9%,0.3%,0.4%,0.0%,94.3%,5.7%,0.0%,0.0%,30.6%,46.8%,18.0%,2.6%,0.4%,1.5%,0.0%,24.6%,50.1%,24.2%,0.9%,0.2%,0.0%,90.2%,6.8%,0.0%,3.0%,74.1%,24.8%,0.0%,1.1%,72.8%,27.2%,0.0%,0.0%
,,Unemployed,48.4%,0.0%,51.6%,5.9%,94.1%,0.0%,0.0%,85.1%,14.9%,0.0%,0.0%,77.1%,22.9%,0.0%,0.0%,78.2%,21.8%,0.0%,0.0%,22.7%,68.0%,6.1%,1.9%,1.4%,0.0%,68.5%,31.5%,0.0%,0.0%,40.3%,48.8%,9.8%,1.0%,0.0%,0.0%,0.0%,28.7%,52.1%,19.2%,0.0%,0.0%,0.0%,0.0%,0.0%,0.0%,0.0%,0.0%,0.0%,0.0%,0.0%,0.0%,0.0%,0.0%,0.0%
,,Employed part time want full time,52.9%,0.0%,47.1%,18.9%,81.1%,0.0%,0.0%,90.6%,9.4%,0.0%,0.0%,70.9%,29.1%,0.0%,0.0%,89.4%,10.6%,0.0%,0.0%,24.1%,66.9%,9.1%,0.0%,0.0%,0.0%,86.0%,12.7%,1.3%,0.0%,45.4%,42.5%,5.8%,0.0%,6.3%,0.0%,0.0%,39.1%,41.0%,19.9%,0.0%,0.0%,0.0%,89.7%,10.3%,0.0%,0.0%,65.9%,34.1%,0.0%,0.0%,64.2%,35.8%,0.0%,0.0%
,,Out of workforce,44.6%,3.1%,52.3%,31.7%,68.3%,0.0%,0.0%,93.7%,6.3%,0.0%,0.0%,81.4%,17.4%,0.9%,0.3%,92.3%,6.5%,1.2%,0.0%,19.6%,70.6%,8.8%,0.3%,0.5%,0.3%,87.2%,11.6%,0.5%,0.7%,31.3%,46.6%,14.2%,5.2%,1.4%,1.2%,0.0%,34.0%,47.9%,15.2%,2.7%,0.2%,0.0%,0.0%,0.0%,0.0%,0.0%,0.0%,0.0%,0.0%,0.0%,0.0%,0.0%,0.0%,0.0%
,Per Capita Income Quintiles,Poorest 20%,51.8%,2.5%,45.7%,19.5%,80.5%,0.0%,0.0%,94.7%,5.3%,0.0%,0.0%,65.8%,34.2%,0.0%,0.0%,85.5%,14.4%,0.1%,0.0%,32.3%,60.0%,6.7%,0.7%,0.2%,0.0%,80.9%,17.4%,0.2%,1.6%,35.9%,39.9%,17.2%,4.7%,2.2%,0.0%,0.0%,34.3%,52.7%,12.4%,0.6%,0.0%,0.0%,95.6%,4.4%,0.0%,0.0%,72.6%,27.4%,0.0%,0.0%,62.4%,37.6%,0.0%,0.0%
,,Second 20%,41.3%,0.0%,58.7%,18.2%,81.8%,0.0%,0.0%,93.1%,6.9%,0.0%,0.0%,77.5%,22.5%,0.0%,0.0%,92.8%,5.2%,2.0%,0.0%,25.4%,64.2%,8.6%,0.0%,0.2%,1.6%,89.8%,9.9%,0.3%,0.0%,25.3%,56.9%,13.2%,3.1%,0.9%,0.7%,0.0%,33.9%,47.4%,16.9%,1.8%,0.0%,0.0%,95.7%,4.3%,0.0%,0.0%,75.0%,24.2%,0.0%,0.8%,75.2%,24.4%,0.4%,0.0%
,,Middle 20%,45.7%,1.9%,52.4%,20.2%,79.8%,0.0%,0.0%,96.0%,2.9%,1.1%,0.0%,79.1%,20.3%,0.0%,0.6%,90.9%,9.1%,0.0%,0.0%,21.1%,66.4%,10.5%,0.6%,1.4%,0.0%,87.4%,12.5%,0.1%,0.0%,35.9%,48.4%,10.3%,3.0%,0.4%,2.1%,0.0%,33.7%,47.5%,16.1%,2.6%,0.1%,0.0%,83.4%,13.9%,0.0%,2.7%,73.0%,27.0%,0.0%,0.0%,69.2%,30.8%,0.0%,0.0%
,,Fourth 20%,35.0%,2.5%,62.5%,21.2%,78.8%,0.0%,0.0%,94.2%,5.6%,0.2%,0.0%,84.1%,15.8%,0.1%,0.0%,92.3%,6.7%,0.9%,0.0%,21.6%,69.2%,8.1%,0.4%,0.6%,0.1%,89.2%,10.1%,0.7%,0.0%,32.7%,50.0%,9.8%,4.1%,2.7%,0.8%,0.0%,32.3%,52.7%,12.8%,2.0%,0.2%,0.0%,90.6%,8.7%,0.7%,0.0%,75.2%,24.8%,0.0%,0.0%,49.5%,49.0%,1.5%,0.0%
,,Richest 20%,33.6%,0.2%,66.2%,15.5%,84.5%,0.0%,0.0%,93.9%,6.1%,0.0%,0.0%,83.6%,14.3%,1.8%,0.3%,94.8%,3.5%,1.7%,0.0%,22.1%,62.7%,14.2%,0.0%,1.0%,0.0%,93.3%,6.0%,0.7%,0.0%,35.7%,46.0%,9.8%,5.0%,2.3%,1.3%,0.0%,29.1%,50.9%,19.1%,0.8%,0.1%,0.0%,94.1%,5.8%,0.0%,0.2%,71.7%,27.2%,0.3%,0.7%,76.2%,23.8%,0.0%,0.0%
,Feelings About Household Income,Living comfortably on present income,33.2%,1.1%,65.7%,10.2%,89.8%,0.0%,0.0%,96.5%,3.4%,0.1%,0.0%,77.0%,22.4%,0.2%,0.4%,95.2%,3.9%,0.9%,0.0%,26.0%,60.9%,11.7%,0.3%,0.6%,0.5%,90.6%,8.3%,0.4%,0.7%,30.4%,51.2%,12.5%,3.7%,1.6%,0.5%,0.0%,25.9%,56.3%,15.7%,2.0%,0.1%,0.0%,93.1%,6.6%,0.3%,0.0%,73.4%,25.9%,0.1%,0.6%,68.7%,30.7%,0.6%,0.0%
,,Getting by on present income,46.4%,1.2%,52.4%,22.8%,77.2%,0.0%,0.0%,93.4%,6.1%,0.5%,0.0%,82.6%,16.7%,0.7%,0.0%,91.4%,7.5%,1.2%,0.0%,24.5%,65.4%,8.3%,0.6%,1.0%,0.2%,90.9%,9.0%,0.2%,0.0%,36.3%,43.0%,12.5%,4.4%,2.1%,1.7%,0.0%,36.8%,44.5%,17.2%,1.4%,0.2%,0.0%,90.2%,8.5%,0.0%,1.3%,72.4%,27.5%,0.0%,0.1%,67.3%,32.5%,0.2%,0.0%
,,Finding it difficult on present income,63.3%,3.2%,33.5%,47.4%,52.6%,0.0%,0.0%,92.6%,7.4%,0.0%,0.0%,65.9%,34.1%,0.0%,0.0%,72.8%,26.8%,0.3%,0.0%,21.9%,75.5%,2.6%,0.0%,0.0%,0.0%,59.7%,38.0%,2.3%,0.0%,31.7%,62.7%,0.6%,4.2%,0.8%,0.0%,0.0%,55.2%,36.5%,8.3%,0.0%,0.0%,0.0%,96.4%,3.6%,0.0%,0.0%,82.5%,17.5%,0.0%,0.0%,47.8%,52.2%,0.0%,0.0%
,,Finding it very difficult on present income,48.4%,12.1%,39.6%,84.9%,15.1%,0.0%,0.0%,64.0%,36.0%,0.0%,0.0%,46.6%,53.4%,0.0%,0.0%,30.4%,69.6%,0.0%,0.0%,1.8%,98.2%,0.0%,0.0%,0.0%,0.0%,42.0%,58.0%,0.0%,0.0%,48.5%,47.8%,3.7%,0.0%,0.0%,0.0%,0.0%,49.1%,42.0%,8.9%,0.0%,0.0%,0.0%,100.0%,0.0%,0.0%,0.0%,26.3%,73.7%,0.0%,0.0%,0.0%,100.0%,0.0%,0.0%
,Urban/Rural,A rural area or on a farm,35.4%,0.0%,64.6%,15.5%,84.5%,0.0%,0.0%,96.6%,3.4%,0.0%,0.0%,73.5%,26.5%,0.0%,0.0%,94.0%,5.4%,0.6%,0.0%,24.6%,64.1%,10.7%,0.3%,0.2%,0.0%,86.9%,10.4%,1.1%,1.6%,33.5%,38.7%,18.5%,4.4%,2.7%,2.2%,0.0%,32.6%,42.2%,21.6%,3.5%,0.0%,0.0%,87.0%,9.5%,0.0%,3.5%,72.6%,26.1%,0.0%,1.3%,71.5%,28.0%,0.5%,0.0%
,,A small town or villAge,41.2%,1.3%,57.6%,19.0%,81.0%,0.0%,0.0%,95.6%,3.9%,0.5%,0.0%,83.8%,15.8%,0.0%,0.3%,93.5%,5.9%,0.6%,0.0%,25.6%,63.4%,10.0%,0.4%,0.5%,0.2%,91.3%,8.6%,0.1%,0.0%,31.6%,54.5%,9.1%,3.6%,0.8%,0.4%,0.0%,30.7%,53.1%,15.2%,0.8%,0.1%,0.0%,93.1%,6.7%,0.3%,0.0%,74.1%,25.7%,0.0%,0.2%,66.4%,33.6%,0.0%,0.0%
,,A large city,47.5%,2.5%,50.0%,21.7%,78.3%,0.0%,0.0%,91.5%,8.5%,0.0%,0.0%,66.2%,31.5%,2.3%,0.0%,80.3%,16.6%,3.1%,0.0%,19.2%,71.5%,7.0%,0.1%,0.7%,1.4%,80.0%,19.8%,0.3%,0.0%,35.5%,45.2%,8.9%,6.3%,2.7%,1.5%,0.0%,34.7%,51.2%,11.4%,2.4%,0.3%,0.0%,92.9%,7.1%,0.0%,0.0%,69.9%,29.8%,0.4%,0.0%,59.7%,38.6%,1.7%,0.0%
,,A suburb of a large city,44.5%,3.1%,52.4%,21.0%,79.0%,0.0%,0.0%,88.9%,11.1%,0.0%,0.0%,75.4%,24.6%,0.0%,0.0%,92.3%,7.7%,0.0%,0.0%,27.4%,60.0%,9.9%,0.0%,2.7%,0.0%,87.1%,11.9%,1.0%,0.0%,35.9%,38.4%,20.2%,1.6%,3.1%,0.7%,0.0%,39.9%,48.2%,11.9%,0.0%,0.0%,0.0%,91.8%,8.2%,0.0%,0.0%,78.3%,21.7%,0.0%,0.0%,74.4%,25.6%,0.0%,0.0%
Tunisia,Age,15-24,61.1%,12.7%,26.2%,7.2%,92.8%,0.0%,0.0%,77.1%,22.6%,0.4%,0.0%,69.4%,28.9%,1.6%,0.0%,58.6%,41.4%,0.0%,0.0%,32.2%,62.2%,2.7%,0.0%,3.0%,0.0%,53.5%,45.1%,1.4%,0.0%,45.8%,29.7%,18.7%,2.7%,0.0%,3.1%,0.0%,74.3%,15.1%,9.6%,0.0%,1.1%,0.0%,67.6%,31.2%,1.2%,0.0%,70.0%,29.8%,0.2%,0.0%,57.7%,42.3%,0.0%,0.0%
,,25-34,68.0%,17.6%,14.4%,11.3%,88.7%,0.0%,0.0%,68.6%,30.2%,1.2%,0.0%,72.8%,26.5%,0.7%,0.0%,57.1%,42.6%,0.3%,0.0%,16.2%,79.0%,4.3%,0.4%,0.0%,0.1%,49.9%,48.9%,1.2%,0.0%,26.1%,54.0%,18.6%,0.1%,0.0%,1.2%,0.0%,74.3%,15.0%,9.0%,0.0%,1.7%,0.0%,74.5%,24.9%,0.6%,0.0%,71.0%,26.5%,2.5%,0.0%,56.7%,40.5%,2.8%,0.0%
,,35-44,63.3%,20.3%,16.4%,17.2%,82.8%,0.0%,0.0%,61.6%,38.4%,0.0%,0.0%,63.8%,33.9%,2.4%,0.0%,65.9%,32.7%,1.3%,0.0%,6.9%,89.3%,0.9%,1.6%,1.4%,0.0%,48.4%,48.3%,1.7%,1.7%,21.0%,58.4%,17.7%,1.3%,0.0%,1.7%,0.0%,76.9%,12.2%,8.1%,1.3%,1.6%,0.0%,77.2%,22.8%,0.0%,0.0%,75.9%,18.3%,5.8%,0.0%,56.4%,40.7%,2.9%,0.0%
,,45-64,58.8%,21.2%,20.1%,37.1%,62.9%,0.0%,0.0%,74.9%,23.0%,2.1%,0.0%,74.5%,24.0%,1.4%,0.0%,79.4%,15.8%,3.5%,1.3%,3.3%,95.4%,0.6%,0.0%,0.7%,0.0%,62.8%,33.5%,3.7%,0.0%,23.8%,47.7%,25.3%,0.0%,0.4%,2.8%,0.0%,65.8%,16.4%,15.2%,0.0%,2.6%,0.0%,80.3%,19.7%,0.0%,0.0%,64.5%,31.0%,4.4%,0.0%,52.4%,44.8%,2.8%,0.0%
,,65+,66.5%,20.9%,12.7%,48.0%,48.6%,3.4%,0.0%,69.2%,27.4%,3.4%,0.0%,85.9%,14.1%,0.0%,0.0%,74.2%,20.1%,5.7%,0.0%,0.8%,98.3%,1.0%,0.0%,0.0%,0.0%,77.2%,20.5%,2.3%,0.0%,18.4%,47.5%,28.6%,4.0%,0.0%,1.5%,0.0%,43.1%,25.1%,22.7%,0.0%,9.2%,0.0%,86.3%,13.7%,0.0%,0.0%,40.9%,43.8%,15.3%,0.0%,50.2%,49.8%,0.0%,0.0%
,Gender,Male,60.1%,21.8%,18.1%,15.5%,84.5%,0.0%,0.0%,69.1%,29.7%,1.2%,0.0%,69.8%,29.2%,1.0%,0.0%,62.5%,35.4%,1.9%,0.1%,17.1%,78.5%,2.4%,0.7%,1.3%,0.0%,55.7%,43.4%,0.9%,0.0%,26.4%,49.6%,21.5%,1.7%,0.2%,0.7%,0.0%,76.1%,14.0%,8.4%,0.4%,1.0%,0.0%,73.7%,25.8%,0.5%,0.0%,72.8%,23.4%,3.9%,0.0%,56.1%,41.3%,2.6%,0.0%
,,Female,66.6%,13.5%,19.9%,27.7%,71.6%,0.6%,0.0%,73.1%,25.7%,1.3%,0.0%,74.3%,24.0%,1.7%,0.0%,70.6%,27.3%,1.5%,0.6%,9.6%,87.7%,1.6%,0.0%,1.0%,0.1%,56.8%,39.2%,3.4%,0.6%,30.8%,44.1%,20.7%,0.7%,0.0%,3.7%,0.0%,63.0%,17.7%,15.4%,0.0%,3.9%,0.0%,79.6%,20.2%,0.2%,0.0%,62.6%,34.3%,3.1%,0.0%,54.2%,44.3%,1.4%,0.0%
,Employment Status,Employed full time for an employer,60.3%,19.8%,19.9%,15.2%,84.8%,0.0%,0.0%,73.4%,25.3%,1.3%,0.0%,68.8%,31.1%,0.1%,0.0%,64.2%,32.7%,3.1%,0.0%,15.2%,79.7%,2.6%,1.1%,1.3%,0.1%,59.3%,39.1%,1.6%,0.0%,28.3%,44.9%,24.2%,1.0%,0.4%,1.3%,0.0%,75.7%,12.6%,10.6%,0.0%,1.1%,0.0%,70.7%,29.0%,0.3%,0.0%,68.6%,28.9%,2.5%,0.0%,50.6%,46.9%,2.6%,0.0%
,,Employed full time for self,69.2%,12.8%,18.0%,19.1%,80.9%,0.0%,0.0%,74.1%,25.7%,0.3%,0.0%,65.7%,32.6%,1.7%,0.0%,65.9%,32.8%,0.9%,0.5%,9.5%,88.5%,1.3%,0.8%,0.0%,0.0%,61.2%,35.0%,3.8%,0.0%,22.5%,50.3%,23.1%,0.7%,0.0%,3.4%,0.0%,68.2%,18.2%,11.2%,0.0%,2.4%,0.0%,80.7%,19.0%,0.3%,0.0%,74.1%,22.0%,3.9%,0.0%,67.0%,33.0%,0.0%,0.0%
,,Employed part time do not want full time,61.0%,10.0%,29.0%,12.7%,87.3%,0.0%,0.0%,81.9%,11.4%,6.8%,0.0%,77.9%,19.5%,2.6%,0.0%,80.7%,18.5%,0.8%,0.0%,13.3%,84.4%,0.0%,0.0%,2.3%,0.0%,60.7%,39.3%,0.0%,0.0%,23.8%,59.0%,17.3%,0.0%,0.0%,0.0%,0.0%,72.0%,8.5%,11.2%,0.0%,8.3%,0.0%,88.1%,11.9%,0.0%,0.0%,69.6%,26.8%,3.5%,0.0%,46.0%,46.4%,7.6%,0.0%
,,Unemployed,60.4%,26.5%,13.2%,20.9%,79.1%,0.0%,0.0%,51.9%,48.1%,0.0%,0.0%,70.0%,22.6%,7.4%,0.0%,54.0%,41.8%,1.8%,2.4%,11.7%,85.9%,1.6%,0.0%,0.8%,0.0%,37.0%,58.2%,2.4%,2.4%,22.0%,50.8%,19.9%,2.4%,0.0%,4.9%,0.0%,71.2%,18.9%,8.4%,0.0%,1.6%,0.0%,0.0%,0.0%,0.0%,0.0%,0.0%,0.0%,0.0%,0.0%,0.0%,0.0%,0.0%,0.0%
,,Employed part time want full time,66.5%,22.5%,11.0%,25.0%,75.0%,0.0%,0.0%,65.4%,34.6%,0.0%,0.0%,63.2%,36.8%,0.0%,0.0%,58.7%,41.3%,0.0%,0.0%,24.8%,65.3%,9.9%,0.0%,0.0%,0.0%,41.7%,58.3%,0.0%,0.0%,30.8%,42.1%,22.7%,0.0%,0.0%,4.4%,0.0%,77.0%,10.9%,11.8%,0.0%,0.3%,0.0%,76.9%,21.9%,1.2%,0.0%,62.3%,29.7%,8.0%,0.0%,59.1%,39.5%,1.3%,0.0%
,,Out of workforce,63.6%,15.9%,20.6%,26.5%,72.7%,0.7%,0.0%,74.2%,24.4%,1.4%,0.0%,77.1%,22.8%,0.2%,0.0%,71.3%,27.2%,1.5%,0.0%,12.7%,84.7%,1.2%,0.0%,1.5%,0.0%,60.3%,37.4%,2.3%,0.0%,32.6%,45.3%,19.2%,1.5%,0.0%,1.4%,0.0%,65.0%,17.4%,13.8%,0.6%,3.2%,0.0%,0.0%,0.0%,0.0%,0.0%,0.0%,0.0%,0.0%,0.0%,0.0%,0.0%,0.0%,0.0%
,Per Capita Income Quintiles,Poorest 20%,60.4%,23.3%,16.3%,28.7%,69.8%,1.5%,0.0%,56.1%,40.5%,3.3%,0.0%,68.5%,31.5%,0.0%,0.0%,64.1%,33.4%,0.7%,1.8%,5.4%,90.9%,2.9%,0.0%,0.8%,0.0%,43.7%,52.9%,1.9%,1.5%,20.1%,46.2%,29.5%,2.6%,0.0%,1.5%,0.0%,64.0%,18.8%,8.7%,1.1%,7.4%,0.0%,71.2%,28.8%,0.0%,0.0%,52.1%,44.6%,3.3%,0.0%,32.3%,63.2%,4.4%,0.0%
,,Second 20%,64.7%,26.5%,8.9%,23.0%,77.0%,0.0%,0.0%,61.2%,38.7%,0.1%,0.0%,66.9%,30.1%,3.0%,0.0%,64.7%,32.5%,2.8%,0.0%,9.1%,89.5%,0.5%,0.5%,0.5%,0.0%,45.0%,49.7%,5.2%,0.0%,20.9%,57.0%,18.9%,0.1%,0.0%,3.1%,0.0%,73.7%,14.3%,11.0%,0.0%,1.0%,0.0%,72.2%,27.1%,0.7%,0.0%,67.3%,27.7%,5.0%,0.0%,68.2%,29.3%,2.5%,0.0%
,,Middle 20%,62.3%,15.3%,22.4%,17.4%,82.6%,0.0%,0.0%,75.3%,24.3%,0.4%,0.0%,72.9%,25.4%,1.7%,0.0%,64.3%,32.6%,3.0%,0.0%,12.9%,83.7%,1.8%,0.1%,1.5%,0.0%,62.5%,35.7%,1.9%,0.0%,28.7%,47.5%,22.4%,0.0%,0.0%,1.5%,0.0%,70.3%,19.0%,9.7%,0.0%,1.1%,0.0%,77.2%,22.0%,0.8%,0.0%,73.2%,25.8%,1.0%,0.0%,59.2%,40.8%,0.0%,0.0%
,,Fourth 20%,66.6%,15.2%,18.2%,24.6%,75.4%,0.0%,0.0%,77.4%,21.7%,1.0%,0.0%,73.3%,25.2%,1.5%,0.0%,70.3%,29.3%,0.5%,0.0%,13.2%,83.8%,1.5%,0.0%,1.4%,0.0%,64.3%,34.3%,1.4%,0.0%,31.0%,47.1%,16.1%,1.8%,0.5%,3.5%,0.0%,74.4%,12.7%,10.8%,0.0%,2.1%,0.0%,79.4%,20.4%,0.2%,0.0%,72.0%,20.5%,7.5%,0.0%,50.2%,46.2%,3.6%,0.0%
,,Richest 20%,61.5%,10.3%,28.3%,13.4%,86.6%,0.0%,0.0%,85.0%,13.7%,1.3%,0.0%,78.3%,21.2%,0.6%,0.0%,68.7%,29.7%,1.6%,0.0%,26.8%,66.8%,3.5%,1.3%,1.5%,0.2%,65.7%,34.3%,0.0%,0.0%,41.6%,36.9%,18.6%,1.5%,0.0%,1.4%,0.0%,66.7%,14.0%,18.7%,0.0%,0.5%,0.0%,76.0%,23.7%,0.3%,0.0%,75.8%,23.6%,0.5%,0.0%,62.2%,36.9%,0.9%,0.0%
,Feelings About Household Income,Living comfortably on present income,57.3%,2.9%,39.8%,13.2%,86.8%,0.0%,0.0%,80.0%,20.0%,0.0%,0.0%,86.5%,12.8%,0.7%,0.0%,76.1%,22.2%,1.6%,0.0%,17.6%,77.4%,3.7%,1.3%,0.0%,0.0%,77.2%,20.7%,2.1%,0.0%,33.4%,46.6%,17.9%,0.1%,0.0%,2.0%,0.0%,73.0%,12.8%,11.3%,0.0%,2.9%,0.0%,88.2%,11.5%,0.3%,0.0%,80.9%,14.2%,4.9%,0.0%,65.9%,30.2%,4.0%,0.0%
,,Getting by on present income,68.7%,12.8%,18.5%,16.4%,83.6%,0.0%,0.0%,79.8%,18.4%,1.8%,0.0%,76.8%,21.1%,2.1%,0.0%,68.6%,30.1%,1.3%,0.0%,17.3%,79.9%,1.9%,0.0%,0.7%,0.1%,61.5%,37.3%,1.2%,0.0%,36.3%,45.2%,16.5%,0.0%,0.3%,1.7%,0.0%,71.3%,13.4%,13.8%,0.0%,1.5%,0.0%,79.7%,19.1%,1.2%,0.0%,75.8%,20.2%,4.0%,0.0%,53.4%,46.1%,0.6%,0.0%
,,Finding it difficult on present income,66.6%,20.0%,13.4%,19.4%,80.6%,0.0%,0.0%,70.9%,28.6%,0.6%,0.0%,65.9%,32.9%,1.2%,0.0%,66.9%,32.2%,0.9%,0.0%,12.1%,84.8%,1.4%,0.1%,1.6%,0.0%,56.0%,41.3%,2.7%,0.0%,23.8%,51.3%,20.9%,2.4%,0.0%,1.6%,0.0%,71.8%,17.5%,10.3%,0.0%,0.4%,0.0%,66.9%,33.1%,0.0%,0.0%,65.9%,30.3%,3.8%,0.0%,51.5%,45.6%,2.9%,0.0%
,,Finding it very difficult on present income,57.3%,34.6%,8.2%,31.5%,67.0%,1.4%,0.0%,50.9%,46.9%,2.2%,0.0%,58.5%,40.0%,1.4%,0.0%,51.6%,42.9%,3.7%,1.7%,7.4%,88.2%,1.8%,0.5%,2.1%,0.0%,32.1%,63.5%,2.9%,1.4%,22.0%,44.5%,28.1%,1.1%,0.0%,4.3%,0.0%,66.5%,18.0%,8.3%,1.1%,6.2%,0.0%,70.8%,29.2%,0.0%,0.0%,54.9%,42.9%,2.2%,0.0%,54.3%,43.4%,2.3%,0.0%
,Urban/Rural,A rural area or on a farm,51.7%,31.7%,16.7%,24.9%,73.3%,1.8%,0.0%,65.8%,32.5%,1.8%,0.0%,67.7%,32.3%,0.0%,0.0%,71.5%,27.9%,0.6%,0.0%,6.1%,93.3%,0.0%,0.0%,0.6%,0.0%,48.1%,48.0%,3.8%,0.0%,19.9%,48.7%,27.6%,1.3%,0.0%,2.5%,0.0%,68.1%,16.7%,7.1%,1.3%,6.8%,0.0%,74.2%,25.8%,0.0%,0.0%,68.1%,24.7%,7.2%,0.0%,63.9%,32.1%,4.0%,0.0%
,,A small town or villAge,66.9%,22.8%,10.2%,31.9%,68.1%,0.0%,0.0%,62.2%,37.3%,0.5%,0.0%,75.9%,19.6%,4.5%,0.0%,64.5%,31.6%,1.5%,2.4%,12.5%,84.7%,1.8%,0.0%,1.0%,0.0%,51.6%,46.6%,1.8%,0.0%,31.6%,48.4%,16.7%,0.1%,0.0%,3.1%,0.0%,80.0%,13.9%,4.6%,0.0%,1.6%,0.0%,80.5%,17.6%,1.8%,0.0%,74.3%,24.2%,1.5%,0.0%,47.5%,47.3%,5.2%,0.0%
,,A large city,68.5%,11.3%,20.2%,16.9%,83.1%,0.0%,0.0%,76.3%,22.8%,1.0%,0.0%,71.9%,27.9%,0.2%,0.0%,68.1%,31.5%,0.4%,0.0%,15.6%,77.6%,3.4%,1.0%,2.3%,0.1%,59.6%,37.3%,3.1%,0.0%,30.8%,44.9%,19.9%,1.8%,0.2%,2.3%,0.0%,70.1%,15.2%,13.8%,0.0%,0.9%,0.0%,76.4%,23.5%,0.2%,0.0%,68.2%,26.7%,5.1%,0.0%,59.0%,40.2%,0.8%,0.0%
,,A suburb of a large city,60.4%,16.1%,23.6%,18.3%,81.7%,0.0%,0.0%,71.9%,26.4%,1.6%,0.0%,73.5%,24.4%,2.1%,0.0%,62.0%,33.8%,4.2%,0.0%,16.0%,82.4%,1.6%,0.0%,0.0%,0.0%,59.7%,39.3%,0.0%,1.0%,28.3%,49.3%,20.0%,1.0%,0.0%,1.5%,0.0%,65.4%,16.5%,15.8%,0.0%,2.4%,0.0%,73.4%,26.3%,0.3%,0.0%,69.0%,30.3%,0.8%,0.0%,49.1%,48.8%,2.1%,0.0%
United Arab Emirates,Age,15-24,51.0%,6.9%,42.1%,10.3%,89.7%,0.0%,0.0%,81.0%,18.2%,0.7%,0.0%,69.6%,28.8%,1.6%,0.0%,93.1%,5.6%,1.3%,0.0%,46.3%,48.0%,5.7%,0.0%,0.0%,0.0%,75.7%,22.8%,1.4%,0.0%,22.0%,43.4%,31.1%,0.0%,0.0%,1.7%,1.9%,45.3%,33.5%,20.6%,0.0%,0.6%,0.0%,80.1%,10.9%,9.0%,0.0%,77.7%,18.8%,3.5%,0.0%,80.1%,18.5%,1.3%,0.0%
,,25-34,55.8%,3.0%,41.2%,9.6%,90.2%,0.2%,0.0%,81.2%,18.6%,0.3%,0.0%,67.7%,31.3%,1.0%,0.0%,84.7%,14.3%,1.0%,0.0%,37.6%,53.1%,8.2%,0.3%,0.8%,0.0%,71.2%,26.7%,1.9%,0.3%,14.9%,48.3%,33.9%,0.2%,0.3%,2.2%,0.2%,44.3%,34.9%,20.1%,0.0%,0.7%,0.0%,87.4%,12.1%,0.5%,0.0%,83.4%,16.1%,0.5%,0.0%,80.0%,19.8%,0.3%,0.0%
,,35-44,50.0%,2.5%,47.5%,7.4%,92.6%,0.0%,0.0%,78.1%,20.9%,1.1%,0.0%,71.3%,28.2%,0.5%,0.0%,89.8%,8.4%,1.6%,0.2%,22.9%,67.1%,6.8%,0.0%,2.8%,0.3%,76.3%,22.6%,1.1%,0.0%,18.6%,55.1%,22.7%,1.0%,0.0%,2.3%,0.3%,45.3%,32.1%,20.1%,0.0%,1.9%,0.7%,86.6%,11.0%,2.4%,0.0%,84.9%,12.2%,2.9%,0.0%,72.9%,26.2%,0.8%,0.0%
,,45-64,42.6%,2.0%,55.3%,13.0%,85.3%,1.7%,0.0%,81.5%,16.7%,1.8%,0.0%,82.4%,16.6%,1.1%,0.0%,95.0%,5.0%,0.0%,0.0%,26.2%,61.3%,12.5%,0.0%,0.0%,0.0%,81.4%,16.8%,1.8%,0.0%,13.6%,58.6%,24.2%,0.9%,0.6%,2.2%,0.0%,49.2%,21.0%,28.8%,0.0%,0.9%,0.0%,96.2%,1.0%,0.0%,2.8%,92.7%,7.3%,0.0%,0.0%,72.7%,22.1%,5.2%,0.0%
,,65+,56.9%,0.0%,43.1%,54.2%,45.8%,0.0%,0.0%,85.4%,14.6%,0.0%,0.0%,79.9%,20.1%,0.0%,0.0%,100.0%,0.0%,0.0%,0.0%,0.0%,100.0%,0.0%,0.0%,0.0%,0.0%,100.0%,0.0%,0.0%,0.0%,0.0%,39.6%,45.8%,14.6%,0.0%,0.0%,0.0%,34.7%,39.6%,25.7%,0.0%,0.0%,0.0%,0.0%,0.0%,0.0%,0.0%,0.0%,0.0%,0.0%,0.0%,0.0%,0.0%,0.0%,0.0%
,Gender,Male,54.9%,4.3%,40.8%,9.5%,90.2%,0.2%,0.0%,78.6%,20.6%,0.9%,0.0%,69.7%,29.3%,1.0%,0.0%,88.1%,10.9%,1.0%,0.0%,32.2%,59.9%,6.6%,0.2%,1.1%,0.1%,73.4%,24.8%,1.8%,0.1%,13.2%,50.1%,32.7%,0.8%,0.3%,2.5%,0.5%,44.1%,32.2%,22.4%,0.0%,1.1%,0.2%,86.6%,10.8%,2.1%,0.5%,84.9%,13.7%,1.4%,0.0%,77.4%,21.3%,1.3%,0.0%
,,Female,43.7%,1.0%,55.2%,11.2%,88.2%,0.5%,0.0%,84.8%,14.7%,0.4%,0.0%,75.6%,23.6%,0.8%,0.0%,91.0%,7.5%,1.3%,0.2%,36.0%,51.3%,11.6%,0.0%,1.1%,0.0%,78.5%,20.2%,1.0%,0.3%,26.4%,52.4%,19.7%,0.0%,0.0%,1.2%,0.3%,49.6%,31.3%,18.4%,0.0%,0.7%,0.0%,92.8%,6.8%,0.4%,0.0%,83.8%,14.8%,1.4%,0.0%,75.3%,23.8%,0.9%,0.0%
,Employment Status,Employed full time for an employer,51.6%,3.4%,45.0%,9.3%,90.5%,0.2%,0.0%,84.2%,15.2%,0.6%,0.0%,70.2%,28.8%,1.0%,0.0%,87.8%,11.0%,1.0%,0.1%,32.9%,58.3%,7.5%,0.1%,1.0%,0.2%,75.3%,23.0%,1.7%,0.1%,14.3%,53.3%,28.7%,0.4%,0.1%,2.5%,0.7%,44.3%,32.8%,21.2%,0.0%,1.4%,0.3%,87.9%,10.6%,1.1%,0.5%,85.1%,13.9%,1.0%,0.0%,77.8%,20.7%,1.5%,0.0%
,,Employed full time for self,56.6%,1.8%,41.6%,4.6%,92.9%,2.4%,0.0%,68.6%,30.3%,1.1%,0.0%,69.6%,25.7%,4.7%,0.0%,97.3%,1.6%,1.2%,0.0%,27.1%,60.2%,11.6%,0.0%,1.1%,0.0%,76.4%,23.6%,0.0%,0.0%,11.1%,43.6%,39.5%,0.0%,1.2%,4.6%,0.0%,55.0%,23.9%,21.2%,0.0%,0.0%,0.0%,93.5%,4.2%,2.3%,0.0%,79.9%,19.0%,1.1%,0.0%,69.3%,30.7%,0.0%,0.0%
,,Employed part time do not want full time,33.3%,12.2%,54.6%,17.4%,82.6%,0.0%,0.0%,81.4%,18.6%,0.0%,0.0%,80.4%,19.6%,0.0%,0.0%,81.6%,14.2%,4.1%,0.0%,37.1%,62.9%,0.0%,0.0%,0.0%,0.0%,78.0%,18.2%,3.8%,0.0%,22.8%,54.8%,18.8%,0.0%,0.0%,3.6%,0.0%,44.3%,33.0%,17.9%,0.0%,4.8%,0.0%,91.1%,5.1%,3.8%,0.0%,78.2%,13.8%,8.0%,0.0%,74.8%,25.2%,0.0%,0.0%
,,Unemployed,46.3%,11.9%,41.8%,11.2%,87.5%,1.3%,0.0%,51.3%,48.7%,0.0%,0.0%,61.1%,38.9%,0.0%,0.0%,83.9%,13.3%,2.8%,0.0%,41.0%,58.6%,0.4%,0.0%,0.0%,0.0%,64.4%,31.9%,2.6%,1.1%,21.6%,43.6%,30.9%,0.0%,0.0%,2.8%,1.1%,37.2%,46.4%,16.3%,0.0%,0.0%,0.0%,0.0%,0.0%,0.0%,0.0%,0.0%,0.0%,0.0%,0.0%,0.0%,0.0%,0.0%,0.0%
,,Employed part time want full time,57.4%,0.0%,42.6%,12.6%,87.4%,0.0%,0.0%,76.4%,23.6%,0.0%,0.0%,79.2%,20.8%,0.0%,0.0%,86.7%,13.3%,0.0%,0.0%,24.7%,51.9%,17.1%,0.0%,6.3%,0.0%,74.0%,20.6%,5.4%,0.0%,24.9%,49.6%,24.0%,0.0%,0.0%,1.5%,0.0%,48.5%,20.5%,29.6%,0.0%,1.5%,0.0%,78.0%,12.7%,9.3%,0.0%,89.5%,7.4%,3.1%,0.0%,78.4%,21.6%,0.0%,0.0%
,,Out of workforce,53.2%,1.0%,45.8%,11.4%,88.6%,0.0%,0.0%,82.5%,15.9%,1.6%,0.0%,74.9%,24.6%,0.4%,0.0%,92.0%,7.5%,0.5%,0.0%,34.5%,55.4%,9.2%,0.3%,0.5%,0.0%,75.9%,23.7%,0.3%,0.0%,21.0%,47.6%,29.4%,1.5%,0.2%,0.2%,0.0%,48.5%,29.7%,21.8%,0.0%,0.0%,0.0%,0.0%,0.0%,0.0%,0.0%,0.0%,0.0%,0.0%,0.0%,0.0%,0.0%,0.0%,0.0%
,Per Capita Income Quintiles,Poorest 20%,61.9%,7.1%,31.0%,16.6%,83.0%,0.4%,0.0%,67.8%,30.1%,2.1%,0.0%,69.1%,29.8%,1.1%,0.0%,81.1%,17.7%,1.2%,0.0%,32.2%,61.2%,5.9%,0.3%,0.5%,0.0%,62.8%,35.2%,2.0%,0.0%,11.3%,49.5%,35.9%,1.1%,0.0%,2.2%,0.0%,51.6%,28.7%,17.6%,0.0%,2.1%,0.0%,86.4%,12.3%,1.3%,0.0%,76.9%,21.7%,1.5%,0.0%,81.5%,15.2%,3.3%,0.0%
,,Second 20%,59.6%,5.9%,34.5%,8.5%,91.0%,0.5%,0.0%,79.6%,20.4%,0.0%,0.0%,66.9%,31.2%,2.0%,0.0%,90.2%,9.3%,0.6%,0.0%,31.5%,61.7%,4.7%,0.0%,2.1%,0.0%,75.3%,21.7%,3.0%,0.0%,16.7%,50.9%,30.0%,1.0%,0.3%,1.2%,0.0%,38.3%,39.7%,20.6%,0.0%,1.0%,0.4%,88.2%,7.3%,2.6%,1.9%,86.1%,11.9%,2.1%,0.0%,74.6%,24.9%,0.5%,0.0%
,,Middle 20%,53.3%,1.3%,45.4%,8.6%,90.6%,0.7%,0.0%,85.4%,14.6%,0.0%,0.0%,68.8%,29.6%,1.7%,0.0%,87.8%,11.6%,0.6%,0.0%,31.7%,55.5%,10.9%,0.0%,1.8%,0.0%,74.8%,24.3%,0.6%,0.4%,15.3%,52.9%,26.5%,0.4%,0.3%,2.7%,1.8%,45.7%,30.2%,23.2%,0.0%,0.9%,0.0%,87.3%,11.9%,0.9%,0.0%,87.4%,11.9%,0.7%,0.0%,76.0%,24.0%,0.0%,0.0%
,,Fourth 20%,42.4%,1.5%,56.1%,8.4%,91.6%,0.0%,0.0%,84.8%,14.1%,1.0%,0.0%,69.0%,31.0%,0.0%,0.0%,90.1%,7.0%,2.7%,0.3%,37.9%,53.4%,8.4%,0.3%,0.0%,0.0%,78.0%,21.0%,1.0%,0.0%,20.6%,51.7%,25.1%,0.3%,0.4%,1.8%,0.0%,46.4%,32.4%,20.5%,0.0%,0.6%,0.0%,86.9%,10.8%,2.3%,0.0%,83.0%,14.1%,2.9%,0.0%,76.6%,21.7%,1.7%,0.0%
,,Richest 20%,42.7%,1.2%,56.1%,7.8%,92.2%,0.0%,0.0%,83.6%,15.8%,0.6%,0.0%,82.5%,17.3%,0.1%,0.0%,95.1%,4.5%,0.4%,0.0%,32.7%,56.1%,9.8%,0.0%,0.9%,0.4%,82.8%,15.7%,1.2%,0.3%,19.9%,48.5%,28.5%,0.0%,0.0%,2.7%,0.4%,45.8%,28.7%,24.6%,0.0%,0.4%,0.4%,90.1%,7.8%,2.1%,0.0%,90.1%,9.9%,0.0%,0.0%,76.4%,23.0%,0.7%,0.0%
,Feelings About Household Income,Living comfortably on present income,37.0%,2.5%,60.5%,8.9%,90.6%,0.5%,0.0%,86.2%,13.0%,0.8%,0.0%,78.0%,20.7%,1.4%,0.0%,95.1%,4.3%,0.5%,0.1%,31.2%,58.3%,8.7%,0.0%,1.7%,0.2%,80.0%,18.1%,1.7%,0.1%,16.1%,53.4%,25.3%,0.6%,0.0%,3.6%,1.0%,44.7%,30.2%,23.1%,0.0%,1.6%,0.5%,93.3%,5.0%,0.7%,1.0%,90.7%,8.7%,0.6%,0.0%,78.6%,20.1%,1.3%,0.0%
,,Getting by on present income,52.0%,3.8%,44.2%,9.2%,90.8%,0.0%,0.0%,84.1%,15.1%,0.8%,0.0%,72.2%,27.6%,0.3%,0.0%,92.7%,6.5%,0.7%,0.0%,33.7%,53.7%,11.4%,0.2%,1.0%,0.0%,78.8%,19.2%,2.0%,0.0%,21.8%,53.9%,22.3%,0.9%,0.3%,0.8%,0.0%,45.8%,26.8%,26.2%,0.0%,1.2%,0.0%,91.3%,6.6%,2.1%,0.0%,85.6%,12.9%,1.4%,0.0%,76.0%,23.5%,0.5%,0.0%
,,Finding it difficult on present income,65.4%,2.3%,32.3%,10.2%,89.8%,0.0%,0.0%,76.9%,22.0%,1.1%,0.0%,67.9%,31.1%,1.0%,0.0%,80.8%,16.6%,2.6%,0.0%,34.3%,59.3%,5.3%,0.3%,0.7%,0.0%,71.4%,26.9%,1.4%,0.3%,15.9%,46.6%,34.3%,0.5%,0.3%,2.1%,0.3%,45.8%,37.7%,16.5%,0.0%,0.0%,0.0%,78.1%,18.0%,3.9%,0.0%,78.1%,18.4%,3.5%,0.0%,78.4%,21.0%,0.6%,0.0%
,,Finding it very difficult on present income,73.7%,7.5%,18.9%,15.5%,83.2%,1.3%,0.0%,57.5%,42.5%,0.0%,0.0%,55.6%,43.1%,1.3%,0.0%,75.4%,24.0%,0.6%,0.0%,38.1%,59.3%,2.6%,0.0%,0.0%,0.0%,52.7%,46.8%,0.5%,0.0%,10.3%,40.8%,48.2%,0.0%,0.0%,0.6%,0.0%,46.3%,40.3%,12.8%,0.0%,0.6%,0.0%,79.6%,20.4%,0.0%,0.0%,73.2%,26.8%,0.0%,0.0%,74.8%,21.4%,3.8%,0.0%
,Urban/Rural,A rural area or on a farm,43.2%,14.9%,41.9%,11.2%,88.8%,0.0%,0.0%,79.8%,20.2%,0.0%,0.0%,76.8%,23.2%,0.0%,0.0%,95.5%,4.5%,0.0%,0.0%,19.5%,78.9%,1.6%,0.0%,0.0%,0.0%,73.0%,25.0%,2.0%,0.0%,4.1%,49.2%,38.0%,2.8%,1.6%,4.3%,0.0%,32.7%,43.2%,24.1%,0.0%,0.0%,0.0%,91.6%,4.7%,3.7%,0.0%,88.9%,11.1%,0.0%,0.0%,74.4%,16.7%,8.9%,0.0%
,,A small town or villAge,61.8%,5.4%,32.8%,12.3%,87.1%,0.6%,0.0%,70.8%,27.6%,1.6%,0.0%,63.1%,36.4%,0.5%,0.0%,82.1%,14.9%,3.0%,0.0%,31.0%,65.6%,2.0%,0.0%,1.4%,0.0%,67.6%,31.4%,1.1%,0.0%,14.9%,43.6%,39.6%,0.0%,0.0%,1.9%,0.0%,43.1%,40.0%,16.3%,0.0%,0.0%,0.6%,85.1%,13.4%,1.5%,0.0%,82.9%,14.4%,2.7%,0.0%,81.1%,17.6%,1.3%,0.0%
,,A large city,51.9%,2.3%,45.8%,9.0%,90.7%,0.4%,0.0%,83.6%,15.7%,0.7%,0.0%,71.3%,27.4%,1.3%,0.0%,89.1%,9.9%,0.9%,0.1%,35.1%,54.6%,9.2%,0.1%,0.8%,0.1%,77.6%,20.7%,1.6%,0.1%,18.6%,53.6%,24.1%,0.6%,0.2%,2.2%,0.6%,46.3%,28.5%,23.9%,0.0%,1.1%,0.1%,87.0%,10.9%,1.4%,0.6%,85.3%,14.0%,0.7%,0.0%,76.5%,23.0%,0.5%,0.0%
,,A suburb of a large city,43.7%,2.9%,53.4%,12.4%,87.6%,0.0%,0.0%,76.5%,23.5%,0.0%,0.0%,77.2%,22.8%,0.0%,0.0%,92.8%,6.8%,0.5%,0.0%,32.4%,55.3%,11.6%,0.4%,0.4%,0.0%,70.7%,27.3%,1.5%,0.5%,14.8%,46.4%,36.5%,0.7%,0.0%,1.2%,0.5%,48.5%,32.2%,18.1%,0.0%,1.2%,0.0%,91.2%,5.6%,3.2%,0.0%,81.2%,15.6%,3.2%,0.0%,73.4%,24.5%,2.1%,0.0%
